{"type":"FeatureCollection","features":[{"type":"Feature","properties":{"routeName":"The Blue Train","osmRelationIds":[10671046,950176],"contributingFeatureIds":[5579,3970,3975,3999,4006,4009,4011,3905,3896,3894,3907,4388,4389,4246,4245,4444,4186,4185,4125,4506,4505,4512,5055,5053,4999,4984,4909,4905,3188,3197,3190,3189,3318,3319,3314,951326145,1279918166,157935281,3325,2626,2625,2614,2523,2591,2640,1777,1761,1774,1773,1769,1157249332,205652802,1157249334,1157249337,1157249344,1058415744,1057872623,1057872630,1057872629,1058415725,1058415727,761665291,759462361,1311491718,1311491710,1311491716,89173859,200453793,200453796,200455997,21723568,1233978949,518100717,518100715,1234174813,201818777,518100723,108192593,170824445,366692179,1238302075,659123903,1283294157,659123912,1234170360,659123914,1234170362,875384729,207015086,1234170346,207327804,107952299,1236242178,108192556,207016717,207014020,1236242184,207327803,1236242186,199479668,1152662925,1236242188,244514455,91957700,765604212,1236239496,1236239491,198694420,1236239504,169667531,655104780,91980001,91980006,1234194638,1234194637,1234194640,1234194642,1234194644,363814366,108192585,1234194635,91980015,258239940,1156645098,1234194631,1236264541,1236264598,262624847,1236264546,1236264552,1236264558,1236264591,262624849,22662080,1235352000,22770601,22770604,22770606,771537496,1243796764,28890350,1245421348,61302516,1245421343,366210721,1233540026,1339178818,22328860,771348593,771348580,1233181998,364020781,137480822,864046446,1229003620,775788856,240804505,240804507,766854672,22328685,766854678,791687513,13848661,791687507,137621655,791687501,137614579,791687495,137612998,283935875,790312161],"preparedConnectorCount":1,"maximumPreparedConnectorKm":2,"maximumStopSnapKm":0.886,"source":"South African National Geo-spatial Information railway layer","sourceUrl":"https://dpmegis.dpme.gov.za/arcgis/rest/services/Infrastructure/MapServer/2","orientation":"Pretoria to Cape Town","coordinateCount":11145,"calculatedDistanceKm":1626.9},"geometry":{"type":"LineString","coordinates":[[28.197366379000073,-25.803390066999945],[28.19758678100004,-25.803999412999936],[28.19792386500006,-25.804816195999933],[28.198390598000064,-25.805788555999918],[28.199103662000084,-25.807175788999935],[28.199596325000076,-25.808200008999908],[28.199881550000043,-25.808861212999947],[28.200101952000068,-25.80950945299992],[28.20034828300004,-25.810274376999928],[28.201189674000094,-25.813531280999936],[28.201413141000046,-25.81439628799995],[28.201676440000085,-25.81532740399996],[28.201943265000068,-25.81608079299991],[28.202535722000054,-25.817726705999906],[28.203230304000044,-25.81955736799995],[28.203528520000077,-25.820263669999918],[28.204556582000066,-25.822311945999957],[28.20571348100009,-25.824621116999932],[28.20651853200008,-25.82622799799993],[28.207669039000052,-25.82855928799995],[28.207711398000068,-25.828645119999923],[28.20772489300009,-25.828671994999915],[28.211074482000072,-25.835342194999956],[28.211718160000085,-25.836623984999907],[28.212234587000065,-25.837652370999933],[28.21334611800006,-25.83982823399993],[28.213605095000048,-25.840314797999948],[28.213903311000077,-25.840809208999936],[28.21420937600004,-25.841225142999928],[28.21455467900006,-25.84163322799992],[28.21479796100004,-25.84189220599996],[28.215166807000056,-25.84225320399992],[28.21566121900008,-25.84271622499995],[28.218580600000053,-25.845423714999928],[28.218980838000046,-25.845808257999924],[28.219349684000065,-25.846184951999938],[28.21971853100007,-25.84661658099993],[28.22000105200004,-25.84699327499994],[28.22026787700008,-25.847417056999916],[28.220542550000058,-25.847872228999904],[28.220762288000056,-25.848319552999957],[28.220966331000056,-25.848790420999936],[28.221162526000057,-25.849284832999956],[28.221397960000047,-25.849904808999955],[28.222520960000054,-25.85278444599993],[28.22271080300004,-25.853396159999928],[28.222805724000068,-25.85378639099991],[28.22290064500004,-25.854282090999956],[28.222953379000046,-25.854777789999957],[28.22296392600009,-25.855262941999914],[28.222953379000042,-25.85574809399992],[28.22290020500009,-25.856877012999917],[28.222890137000036,-25.85709075199992],[28.22286819800007,-25.857533159999942],[28.222594788000038,-25.863046472999933],[28.222542054000083,-25.863858575999924],[28.222531507000042,-25.864407008999937],[28.222563148000063,-25.864881614999952],[28.222605335000086,-25.865314032999947],[28.222689709000065,-25.865862465999946],[28.22315376800009,-25.86819330699996],[28.22388149600005,-25.872053431999912],[28.22415571300007,-25.873529982999912],[28.22430336800005,-25.874479193999946],[28.224398289000078,-25.8753229369999],[28.224445692000078,-25.87579104199995],[28.22448266300006,-25.876156132999945],[28.22449321000005,-25.876461989999942],[28.224463265000058,-25.876929142999938],[28.224440476000044,-25.877284639999914],[28.224405970000078,-25.877679542999946],[28.224345555000074,-25.878370958999938],[28.223913137000064,-25.88262131599994],[28.223913137000068,-25.883085374999954],[28.223944777000046,-25.88378146299993],[28.224071339000087,-25.885584963999918],[28.224367465000054,-25.888842348999958],[28.224398289000078,-25.889181418999954],[28.224416011000073,-25.889376360999897],[28.22446157000007,-25.88987750799992],[28.22447009600006,-25.889958079999932],[28.224672506000047,-25.891870850999908],[28.225210392000065,-25.89791416199995],[28.22542132800004,-25.899823130999952],[28.225516249000066,-25.900603592999914],[28.22559448800007,-25.90116939999996],[28.225681621000035,-25.90157337899996],[28.22603807400009,-25.90291997799994],[28.22672721500004,-25.90557356899996],[28.22692524500007,-25.90632607999992],[28.22732922400007,-25.907878629999917],[28.228105499000037,-25.91088075299995],[28.22858869000004,-25.91276599099997],[28.22885801000007,-25.913748215999934],[28.229166935000084,-25.914944311999935],[28.230394716000035,-25.9196970129999],[28.230455115000037,-25.919925183999904],[28.23049199900004,-25.920064524999923],[28.23058397900007,-25.920412005999943],[28.230715281000073,-25.920926507999923],[28.23162249800004,-25.924481398999948],[28.231939344000068,-25.925661652999903],[28.232747304000046,-25.928774672999907],[28.233483972000048,-25.931650056999956],[28.233594869000058,-25.932228301999942],[28.233745371000055,-25.93325805399991],[28.233800819000066,-25.933947195999917],[28.233816661000052,-25.934620494999937],[28.233800819000063,-25.936965160999932],[28.233807704000075,-25.93870713199993],[28.233808740000082,-25.938969216999904],[28.233794970000073,-25.940821338999903],[28.23379289800005,-25.941100010999953],[28.233796858000066,-25.941329724999953],[28.233800819000066,-25.94155943899995],[28.233798842000052,-25.941777922999908],[28.233784977000084,-25.94331001699993],[28.233784977000084,-25.94669235699991],[28.233753292000074,-25.948704332999903],[28.233721607000067,-25.949139997999914],[28.23368200100009,-25.949496449999916],[28.23364239600005,-25.949837060999926],[28.23356166200006,-25.950362654999935],[28.233334567000046,-25.951525381999943],[28.23223568300006,-25.956779814999955],[28.231957804000047,-25.958156577999944],[28.231894650000072,-25.958586026999917],[28.231856757000056,-25.95909126099991],[28.231869388000064,-25.959356507999928],[28.231919912000077,-25.95971017199992],[28.23200832800006,-25.960114358999935],[28.23215989800008,-25.96061959299993],[28.232374622000066,-25.961112196999913],[28.232639870000067,-25.96157953799991],[28.232892487000075,-25.96193320199996],[28.23327141200008,-25.962299495999957],[28.234458712000045,-25.963183655999952],[28.234476159000053,-25.963196164999943],[28.235769788000084,-25.964123671999907],[28.23579758200009,-25.964143599999936],[28.23595320600009,-25.96425574099992],[28.238374276000055,-25.966000334999936],[28.23869004700009,-25.96624032099993],[28.238967926000043,-25.96650556899994],[28.239195281000033,-25.96678344799994],[28.23941000500008,-25.967111849999924],[28.23973840700006,-25.967705499999912],[28.241544619000084,-25.971393707999937],[28.242998183000054,-25.974338650999933],[28.243173757000076,-25.974802250999918],[28.252168056000073,-25.988510376999958],[28.265320087000074,-25.992318486999928],[28.276335779000075,-25.999999999999943],[28.277495079000065,-26.0010477049999],[28.279351844000075,-26.002715965999926],[28.283338705000062,-26.00632581899993],[28.289801377000057,-26.012079404999948],[28.292245523000076,-26.01430896699992],[28.29529662200008,-26.01704632799993],[28.295911927000077,-26.017598362999934],[28.29914880700005,-26.02046582199994],[28.30025580000006,-26.021407491999927],[28.301029812000085,-26.022065908999934],[28.301623600000084,-26.022480617999914],[28.302547270000044,-26.022895326999954],[28.303282436000067,-26.02315923299994],[28.30343947500006,-26.023205420999933],[28.303923350000048,-26.02334773699994],[28.30420842100006,-26.02338653099991],[28.30425597200008,-26.023393001999924],[28.304827574000058,-26.023470788999923],[28.30539869000006,-26.023528047999946],[28.307006254000044,-26.023470162999946],[28.310919394000056,-26.023258368999905],[28.312505468000044,-26.02314195099996],[28.31432486500006,-26.0230084069999],[28.318490975000092,-26.022730722999945],[28.32183381300007,-26.022507911999927],[28.32824281400008,-26.02206500399996],[28.33710540700008,-26.02154400799992],[28.34461425300009,-26.021099909999915],[28.345506167000057,-26.021046648999906],[28.347739093000083,-26.02091330999991],[28.349068954000078,-26.02072674199991],[28.35053280700004,-26.020627344999916],[28.35167135900008,-26.02056409199992],[28.35265629700006,-26.02056409199992],[28.353776777000064,-26.020609272999938],[28.355737617000045,-26.020826139999944],[28.357123103000045,-26.020960539999916],[28.35953279100005,-26.021223728999924],[28.363608085000067,-26.021630354999964],[28.371225541000058,-26.022362281999914],[28.37525565500005,-26.02276890699995],[28.381391186000087,-26.023365291999927],[28.38471648200004,-26.02369059299991],[28.387833946000057,-26.023997820999917],[28.38794482400004,-26.024008426999952],[28.39302972000007,-26.024494807999925],[28.39658091900009,-26.024838180999943],[28.399207655000055,-26.025101848999952],[28.40044512700007,-26.025226064999913],[28.40135199500008,-26.025317095999924],[28.403733366000036,-26.025567023999933],[28.40558868700009,-26.025775746999958],[28.407513582000032,-26.025961279999944],[28.408858689000056,-26.026077236999928],[28.409705179000074,-26.02611202399993],[28.41043571200004,-26.02605404599996],[28.411456138000062,-26.02588010899995],[28.412395394000043,-26.025590214999912],[28.413786885000036,-26.025137980999947],[28.415363907000085,-26.024616171999924],[28.416465041000034,-26.02423540599995],[28.425776061000075,-26.03948866399992],[28.426929295000036,-26.040781267999932],[28.427924565000072,-26.04188162899994],[28.42843765500004,-26.042524536999906],[28.42883947300004,-26.04325398999991],[28.429142381000073,-26.04402671599989],[28.42932783500004,-26.04487980499993],[28.42931923400005,-26.04549912499993],[28.42930929000005,-26.046215074999903],[28.429228926000068,-26.046814709999925],[28.42919801700009,-26.047426708999918],[28.42922274500006,-26.047834707999932],[28.429278381000074,-26.048304525999924],[28.42964310700006,-26.04946052299994],[28.430075834000036,-26.050264157999948],[28.43065074200007,-26.050919428999922],[28.430953650000053,-26.051216155999953],[28.43149764900005,-26.051685972999902],[28.432598010000053,-26.052594698999943],[28.43329832200004,-26.05321560099993],[28.433540280000045,-26.053391740999928],[28.43400243500008,-26.05377491099995],[28.43517686900009,-26.05472283199993],[28.435547302000085,-26.055030327999923],[28.43668667500009,-26.055976117999933],[28.437976606000063,-26.057090148999922],[28.439163929000074,-26.058042939999947],[28.44084230600004,-26.05939883299992],[28.441861058000086,-26.06021969899996],[28.443275585000038,-26.061399692999945],[28.443759309000086,-26.06180279599994],[28.444697441000073,-26.062565027999945],[28.445738181000078,-26.063385893999907],[28.44666037400009,-26.06407646499991],[28.446925501000067,-26.06427500199994],[28.449153568000042,-26.06423607599993],[28.449443047000045,-26.064145967999934],[28.449918621000055,-26.064097689999922],[28.45023889900006,-26.063999142999943],[28.450690574000078,-26.06388417099993],[28.45108476200005,-26.06384310999994],[28.451421465000067,-26.063933444999915],[28.451897777000056,-26.064146963999917],[28.452833975000093,-26.064902491999934],[28.454328607000036,-26.06615896799991],[28.45537977700008,-26.06697198199993],[28.455669515000068,-26.06722221099994],[28.456283126000073,-26.067752147999943],[28.45807449100005,-26.069189953999924],[28.458155522000084,-26.069254991999905],[28.459748701000077,-26.070585378999894],[28.46231914000009,-26.072695930999938],[28.46591611200006,-26.075619496999945],[28.467591414000083,-26.077023793999953],[28.469307777000044,-26.078387029999927],[28.470416432000032,-26.07929037899992],[28.471087689000054,-26.07992977899994],[28.470207659000042,-26.085886520999896],[28.47256544600009,-26.100087832999915],[28.47229447400008,-26.10031197199993],[28.471815724000063,-26.100599221999918],[28.470973123000082,-26.10120244799993],[28.47027414800004,-26.10182482299995],[28.469626720000065,-26.102523847999915],[28.469421972000074,-26.102839773999914],[28.469029397000043,-26.103577048999906],[28.46851234700006,-26.10480264999996],[28.46838787200005,-26.10531969999994],[28.468253822000065,-26.1063729509999],[28.46823467200005,-26.10713895099991],[28.46831127200005,-26.108240076999948],[28.468426172000083,-26.10949440299992],[28.468474047000086,-26.110337003999923],[28.468588947000054,-26.111658353999925],[28.468732572000082,-26.11254882999993],[28.46884747200005,-26.11334355599991],[28.469019822000064,-26.11430105599994],[28.469249622000063,-26.11550750699991],[28.469431547000056,-26.116694807999927],[28.46965789100006,-26.117871798999946],[28.469785823000056,-26.118858758999913],[28.470197548000044,-26.121185485999945],[28.470609273000036,-26.123387736999923],[28.471107174000053,-26.1259346889999],[28.47136569900005,-26.127543289999956],[28.47171039900007,-26.129678515999963],[28.47174780700004,-26.129887844999928],[28.472160424000037,-26.132196742999948],[28.472284899000044,-26.133690443999903],[28.47249995200008,-26.135048717999965],[28.472577655000066,-26.135552065999942],[28.473159482000085,-26.138908980999926],[28.47368548400004,-26.14474932099995],[28.474662912000042,-26.15602216999992],[28.475499377000062,-26.16468740199991],[28.475606206000066,-26.165839153999904],[28.475835879000048,-26.167206544999946],[28.475854373000058,-26.168001801999942],[28.475784878000074,-26.16872281699995],[28.475741443000057,-26.169374336999905],[28.475515583000064,-26.170277778999957],[28.475349544000032,-26.170716955999914],[28.474847392000076,-26.173107453999936],[28.47481951000009,-26.17324018899995],[28.474019228000085,-26.17704993799993],[28.47361879400006,-26.178696736999935],[28.473565988000075,-26.17895285699995],[28.473458819000083,-26.179472649999926],[28.473429300000078,-26.179615823999935],[28.47332349800007,-26.18004560199995],[28.47307103500009,-26.181071136999947],[28.472958507000047,-26.181771786999946],[28.472944959000074,-26.181856142999944],[28.47132252700004,-26.188826210999938],[28.471227732000045,-26.18924345699992],[28.47119378500008,-26.189392868999906],[28.471169510000042,-26.189499708999904],[28.471064286000058,-26.18996283199993],[28.46936352100004,-26.197806679999932],[28.469229392000045,-26.198416129999945],[28.469212200000072,-26.19849424599994],[28.468173800000045,-26.199120528999913],[28.467295146000083,-26.199572408999927],[28.46521984900005,-26.200534743999913],[28.46486458800006,-26.20067580299991],[28.46468469100006,-26.20073568399994],[28.464458281000073,-26.20081104599996],[28.46435207000008,-26.20084639899994],[28.46418220000004,-26.200902941999914],[28.463278441000053,-26.20115398599996],[28.462106903000063,-26.201338084999918],[28.459353786000065,-26.20159749699991],[28.455303609000055,-26.201982430999912],[28.452157191000083,-26.202308788999925],[28.44859236600007,-26.20266024999995],[28.447420827000087,-26.202769035999946],[28.446249288000047,-26.20287782199995],[28.44572763800005,-26.202939002999926],[28.44489365000004,-26.203036815999948],[28.442550573000066,-26.203279491999922],[28.44119493500006,-26.20340501399995],[28.440186669000074,-26.20346139599991],[28.438428993000063,-26.203597991999917],[28.43727717500008,-26.203808274999915],[28.437010868000076,-26.203856892999912],[28.43639162600004,-26.20394894299993],[28.435211719000055,-26.204216722999945],[28.434634317000075,-26.204434294999935],[28.430374937000064,-26.20600750399996],[28.426550700000067,-26.207329668999936],[28.423554907000035,-26.208459366999936],[28.42324714700004,-26.20857223999991],[28.42173505900007,-26.209126804999922],[28.420383385000033,-26.209622537999902],[28.41971393400007,-26.209840109999963],[28.418885488000058,-26.210024207999936],[28.41830808700007,-26.210124625999924],[28.417488010000056,-26.210158098999944],[28.416584252000064,-26.210116257999914],[28.416107268000076,-26.210032576999946],[28.41531723000008,-26.209806575999945],[28.41354661900004,-26.209036768999898],[28.412057091000065,-26.208275267999905],[28.41132906300004,-26.208091168999946],[28.410910656000052,-26.20796564699993],[28.410659612000075,-26.207898701999905],[28.409529914000075,-26.207689498999912],[28.408680549000056,-26.20757652899994],[28.407831183000045,-26.207463558999898],[28.40573078100004,-26.207220882999934],[28.404182676000065,-26.206969838999964],[28.40343791200007,-26.206760635999963],[28.40250904900006,-26.206384069999956],[28.40125382900004,-26.205722986999948],[28.400199444000066,-26.20507864099995],[28.399529994000087,-26.20470207499994],[28.39872106500007,-26.204300582999906],[28.39798188900005,-26.20399078399993],[28.396718300000092,-26.20363095399995],[28.396278137000078,-26.203512179999905],[28.39513672300006,-26.203204178999954],[28.393864767000085,-26.20286945399994],[28.392760173000053,-26.20257656899992],[28.391781101000046,-26.20232552499994],[28.391544080000074,-26.202264912999905],[28.389588650000064,-26.2017648599999],[28.387807003000034,-26.20127010699991],[28.38589830300009,-26.200752315999924],[28.383130478000055,-26.19995140099991],[28.38158091300005,-26.199510997999937],[28.380396615000052,-26.199104730999924],[28.379881614000055,-26.198928061999933],[28.378935985000055,-26.19854998799992],[28.37780631700008,-26.19805777599992],[28.37685234900005,-26.19765610599994],[28.37615779400005,-26.19737995699995],[28.375781228000054,-26.197287907999907],[28.375212195000074,-26.197187489999912],[28.37459295300004,-26.19716238599995],[28.37353020000006,-26.197254434999937],[28.37258460100008,-26.19738832599995],[28.371563688000034,-26.19753895199994],[28.37095281500007,-26.19757242499992],[28.370040688000074,-26.197639369999933],[28.369095089000037,-26.197564055999916],[28.368057440000083,-26.197430165999947],[28.367354517000074,-26.19725443499993],[28.366434022000075,-26.197095440999934],[28.365873357000055,-26.197020127999906],[28.36544658200006,-26.196995022999943],[28.364668346000087,-26.197087072999917],[28.36396542200003,-26.197220962999946],[28.363103505000083,-26.19753895199994],[28.36116200300006,-26.198472710999894],[28.359496892000042,-26.199347444999947],[28.35937131700007,-26.19941341399993],[28.357680954000045,-26.200300435999903],[28.353747930000054,-26.203011711999924],[28.350116160000084,-26.205463574999953],[28.34730010200008,-26.207358422999917],[28.346969741000066,-26.207580712999913],[28.346608054000058,-26.207834629999912],[28.34524745100003,-26.208789821999915],[28.344581929000075,-26.209210797999955],[28.342080707000036,-26.210882120999937],[28.339593971000056,-26.212707512999945],[28.338953069000073,-26.213137153999924],[28.33646773300006,-26.214626681999906],[28.335142167000072,-26.215476945999903],[28.330399168000046,-26.218451167999945],[28.329187456000053,-26.219187315999932],[28.328601686000066,-26.219488567999917],[28.32773140100005,-26.219781452999943],[28.326986637000058,-26.219906974999958],[28.32572304800004,-26.22003249699992],[28.324325570000042,-26.219999024999936],[28.318702500000086,-26.219919516999934],[28.31673567200005,-26.219906974999958],[28.315347601000042,-26.21984500799993],[28.314861210000064,-26.219823293999927],[28.31421686300007,-26.21973124399994],[28.313212687000092,-26.219488567999917],[28.312091357000043,-26.21909526599995],[28.31111228600009,-26.21873543599993],[28.310275472000058,-26.218409078999912],[28.30979848900006,-26.218258452999923],[28.309279135000054,-26.218227538999948],[28.309095565000067,-26.21821661199993],[28.308626950000075,-26.21828355699995],[28.30817507000006,-26.21839234299994],[28.307547460000084,-26.21860154599995],[28.306368930000076,-26.219405006999917],[28.305053756000067,-26.22033374999995],[28.30437593700009,-26.220685211999914],[28.304027510000083,-26.220770977999905],[28.303832009000075,-26.220819101999957],[28.302852937000065,-26.220886046999897],[28.302066332000038,-26.22071031599995],[28.300836217000043,-26.219906974999947],[28.298811128000068,-26.218116193999947],[28.296811144000063,-26.2163588859999],[28.29442622600004,-26.214116225999923],[28.29146394500009,-26.21149695599991],[28.29099443900009,-26.211158752999946],[28.289698230000056,-26.210225043999916],[28.289196142000034,-26.210024207999936],[28.28761123100009,-26.20975556399992],[28.279235969000066,-26.21197068099991],[28.264124320000064,-26.217046138999926],[28.250000000000057,-26.218963933999927],[28.248212236000086,-26.218955075999943],[28.243662792000066,-26.219019172999936],[28.243507621000045,-26.219021358999942],[28.243367911000064,-26.219020825999912],[28.241249251000056,-26.21901274599992],[28.240507677000043,-26.219044802999917],[28.23989548700007,-26.219035112999908],[28.23796664100007,-26.21900458399994],[28.23747041500007,-26.218993492999914],[28.235543897000067,-26.21894854299995],[28.23536219600004,-26.21894468799991],[28.235246580000076,-26.218932846999905],[28.234346739000046,-26.21884068599991],[28.233416609000077,-26.218680062999912],[28.23225570500006,-26.21832641999992],[28.23132354400008,-26.217980738999927],[28.230628459000055,-26.21762900899995],[28.22983288100005,-26.21716003599994],[28.227690196000083,-26.215518139999926],[28.227527240000086,-26.215401179999947],[28.227123471000084,-26.215111375999925],[28.22313741700009,-26.21226374799994],[28.21970641800004,-26.209812649999943],[28.21892582100008,-26.209256806999925],[28.214804235000084,-26.20632193099994],[28.213581844000093,-26.20545149699996],[28.212792597000085,-26.20491751599992],[28.21252893700006,-26.20477640199993],[28.211943200000068,-26.20446290899992],[28.211309143000047,-26.20433131299995],[28.21059134300009,-26.204307385999925],[28.209953374000065,-26.204395976999937],[28.209887983000044,-26.20440938399991],[28.209649157000058,-26.20445835399995],[28.209410330000082,-26.204507323999913],[28.209049335000092,-26.204599779999924],[28.208779793000076,-26.20465812199996],[28.207945454000086,-26.204838712999962],[28.20624707500008,-26.205456788999932],[28.204616927000075,-26.205920152999912],[28.203701365000086,-26.206154625999943],[28.20326504300004,-26.206258212999963],[28.183436200000074,-26.20806663699995],[28.166625554000063,-26.208955014999944],[28.153194907000056,-26.209346278999934],[28.13722697700007,-26.207739274999938],[28.13713817000007,-26.207727232999947],[28.136784710000082,-26.207679305999935],[28.136626076000088,-26.207684104999952],[28.136431505000076,-26.20766379899994],[28.136314076000076,-26.207655040999953],[28.135744057000064,-26.2076125289999],[28.134571663000088,-26.207688576999942],[28.13360839800003,-26.20785968299992],[28.132214200000075,-26.208347651999933],[28.130864362000068,-26.20908277499996],[28.12998059400007,-26.209608238999916],[28.129832992000047,-26.20967030499992],[28.12913218500006,-26.209836006999925],[28.128144516000077,-26.209925078999966],[28.126535538000045,-26.20981499099991],[28.122816623000066,-26.209450684999922],[28.122232558000068,-26.20940438699994],[28.12041063900005,-26.20917960499992],[28.119239405000087,-26.208966652999948],[28.118268215000057,-26.208637435999943],[28.11784338900009,-26.208493427999954],[28.117169043000047,-26.208173999999925],[28.116222591000053,-26.207535144999955],[28.11565472000007,-26.20706191999994],[28.11469643800007,-26.206210112999944],[28.113939277000043,-26.205642241999957],[28.113229438000072,-26.20525183099994],[28.112570472000076,-26.20495895699992],[28.11216468000004,-26.20477860499994],[28.110639094000078,-26.20426329499992],[28.110248488000078,-26.204173598999944],[28.109403415000088,-26.204012740999932],[28.108389457000044,-26.203812050999947],[28.107438289000076,-26.203669313999914],[28.10665536400006,-26.203623763999932],[28.105702578000034,-26.203614868999928],[28.10451551900007,-26.203718537999915],[28.102986760000082,-26.204048507999914],[28.101115749000087,-26.204662153999944],[28.098948324000048,-26.205280824999928],[28.09676147100003,-26.205994498999925],[28.09569423400006,-26.2063480619999],[28.09438474000007,-26.20676709999993],[28.09376079900005,-26.20692660999993],[28.09336333600004,-26.20698316599993],[28.09276096900004,-26.20698316599993],[28.091968725000072,-26.206858763999954],[28.090377691000068,-26.206446273999912],[28.090327301000055,-26.206432874999905],[28.089244979000057,-26.206145089999946],[28.088226223000046,-26.205841630999945],[28.087585570000044,-26.20574498699994],[28.08681828200008,-26.20570008499993],[28.086154856000064,-26.205740910999918],[28.08571597400004,-26.20580215099994],[28.085236265000052,-26.205924628999917],[28.084763302000052,-26.206076356999915],[28.083390806000065,-26.206664483999926],[28.08330514700009,-26.206701188999947],[28.078174797000084,-26.208528581999932],[28.076516636000065,-26.209135616999955],[28.075836644000045,-26.209320450999943],[28.075142389000064,-26.20941819299992],[28.073713059000056,-26.2094560989999],[28.073110872000086,-26.209364239999957],[28.072345380000055,-26.209190728999946],[28.07132472400008,-26.208853911999928],[28.07062047100004,-26.208557921999954],[28.06954878300007,-26.207976147999936],[28.06774215600007,-26.206912974999906],[28.067573606000053,-26.20682049899994],[28.06659998100008,-26.20628631099993],[28.06523421500009,-26.20545058799991],[28.065200135000055,-26.205422900999917],[28.064285161000047,-26.20479117499992],[28.063670543000057,-26.204186011999933],[28.06323595200007,-26.203758106999945],[28.062264921000065,-26.202802014999925],[28.061715409000044,-26.202204659999946],[28.060892887000076,-26.201134254999943],[28.059743610000055,-26.19970329199992],[28.059245316000048,-26.19908601199995],[28.058898553000063,-26.198745560999953],[28.05858986800007,-26.198480124999953],[28.05823365300006,-26.198189688999946],[28.05788448500004,-26.19796810899993],[28.057604879000053,-26.197810757999946],[28.057348372000032,-26.197706635999904],[28.057298579000076,-26.19768642399993],[28.057140835000038,-26.197630086999922],[28.056769010000043,-26.197506144999927],[28.05641646400005,-26.197420157999936],[28.05630704500004,-26.19739347099995],[28.055811279000064,-26.19728079599991],[28.055371849000043,-26.197224458999923],[28.05460566400006,-26.19720192399995],[28.054118179000056,-26.197201923999955],[28.05337751500008,-26.197201923999955],[28.05194164800008,-26.19725896299991],[28.05111276300005,-26.19726952899991],[28.05016645000006,-26.197322919999912],[28.049242371000044,-26.19740473799994],[28.04838815200009,-26.197472058999956],[28.04816922000009,-26.197485301999905],[28.043997730000058,-26.197094219999936],[28.043779785000083,-26.197003079999945],[28.042630974000076,-26.197128294999917],[28.04124867100006,-26.197267300999954],[28.04084712800005,-26.19730768099993],[28.039413452000076,-26.197404861999928],[28.038572436000038,-26.19746186999993],[28.03779711200008,-26.197409473999937],[28.03757813900006,-26.197394675999927],[28.03739567200006,-26.197329443999926],[28.037135552000052,-26.19723723699991],[28.03705436300004,-26.19720149499995],[28.03633555500005,-26.196884929999953],[28.036296010000058,-26.19686657899996],[28.03565987500008,-26.19657111599992],[28.035367447000056,-26.19643528199993],[28.034882275000083,-26.196296548999957],[28.03373979300005,-26.196227855999947],[28.032829948000085,-26.196180609999946],[28.032088217000076,-26.196230679999925],[28.03172001600006,-26.19636252299994],[28.031620193000037,-26.19639826699995],[28.031251309000083,-26.196570629999947],[28.03093846200005,-26.19671680999995],[28.030886844000065,-26.196753952999924],[28.03060060200005,-26.19695990899993],[28.030361309000057,-26.19713208299993],[28.030134973000088,-26.197178407999957],[28.02991546000004,-26.1972233429999],[28.029215341000057,-26.197240604999926],[28.028792886000076,-26.19725050099993],[28.026353676000042,-26.197570756999934],[28.025509503000084,-26.197666254999945],[28.02473851700006,-26.19775347099995],[28.024487579000038,-26.197781857999928],[28.024330245000048,-26.197805225999954],[28.022917635000063,-26.198015028999922],[28.02184146900004,-26.19814305099993],[28.021537720000087,-26.19816839599992],[28.020721857000066,-26.19817312699991],[28.020223803000082,-26.198278773999906],[28.019808757000074,-26.198437245999912],[28.019514452000067,-26.19861081099992],[28.01931070300009,-26.198799467999955],[28.01914468500007,-26.199010763999922],[28.019047710000052,-26.199239531999922],[28.018984346000085,-26.19978999699992],[28.018941469000087,-26.20016248299993],[28.018913357000088,-26.200837646999954],[28.00000000000006,-26.201533945999927],[27.988762935000068,-26.201724223999925],[27.98070024400005,-26.200456910999943],[27.97931262600008,-26.198995635999953],[27.976899116000084,-26.196439086999938],[27.97546422400006,-26.19490265599995],[27.973593738000087,-26.192896761999915],[27.972714012000043,-26.19199197499995],[27.97195275100006,-26.19132708099994],[27.969272265000082,-26.189320161999945],[27.969049352000066,-26.189167312999928],[27.968784181000046,-26.18895841999995],[27.96808774000004,-26.188466195999922],[27.967691328000054,-26.188177169999896],[27.967144703000084,-26.187895490999946],[27.965667104000094,-26.18729798999993],[27.96450552300007,-26.186837060999952],[27.963480600000082,-26.186452952999954],[27.962942515000066,-26.186324917999922],[27.962464679000046,-26.186231091999954],[27.96196929900009,-26.1861969489999],[27.96146537900006,-26.186205484999903],[27.96091021200004,-26.186239627999953],[27.960107355000048,-26.18635059199994],[27.959415532000037,-26.18643594999992],[27.958407691000048,-26.186444484999928],[27.957724408000047,-26.186342056999933],[27.957058208000035,-26.18615427099991],[27.956365878000046,-26.18587226699993],[27.955067640000042,-26.185283301999906],[27.952940924000075,-26.18427608699995],[27.952282857000053,-26.183955076999947],[27.94981841300006,-26.182753450999943],[27.948272646000078,-26.18200935499994],[27.947324857000066,-26.181599755999915],[27.94591598300008,-26.18105362299991],[27.945738895000087,-26.18099704099995],[27.94507846600004,-26.18078602599991],[27.944874378000062,-26.180720816999944],[27.94411241800009,-26.180522950999954],[27.943789972000047,-26.180439217999947],[27.94348887000007,-26.18036775099995],[27.943106882000052,-26.180277084999936],[27.942566491000036,-26.18016968699993],[27.941604083000072,-26.1799784179999],[27.941135562000056,-26.17982898399992],[27.94070246900009,-26.179687317999935],[27.939031688000057,-26.17897128799996],[27.938513100000076,-26.1787496199999],[27.938176187000064,-26.178600413999952],[27.93785643500007,-26.178458807999906],[27.93700257200004,-26.17810040799991],[27.93653294800004,-26.177938274999917],[27.93586693500004,-26.177810274999956],[27.935640231000036,-26.177792652999933],[27.935258632000053,-26.177762991999927],[27.935098458000084,-26.177750541999952],[27.93449221600008,-26.177724941999944],[27.933962821000083,-26.17778467499995],[27.933271192000063,-26.177921207999923],[27.92972691900007,-26.178731572999933],[27.928516809000087,-26.178998538999906],[27.92585892000005,-26.179584904999956],[27.92319468700003,-26.180173945999908],[27.92254575200008,-26.180259278999934],[27.92181996800008,-26.18028487899994],[27.921410114000082,-26.180267812999944],[27.920607483000083,-26.18013981299992],[27.919984164000084,-26.1799691459999],[27.919266918000062,-26.1796875459999],[27.918942451000078,-26.1795083469999],[27.91825082100007,-26.179090213999935],[27.917320111000038,-26.17852701499993],[27.916620030000047,-26.178143764999955],[27.916224560000042,-26.177908114999923],[27.912324075000072,-26.175501708999946],[27.911506032000087,-26.17498711099995],[27.910447933000057,-26.174343762999914],[27.90961899500007,-26.173809512999924],[27.907808806000048,-26.17270018099993],[27.906681707000075,-26.172026048999957],[27.90578436800007,-26.171539892999927],[27.904887812000084,-26.17109615999993],[27.90394856300009,-26.17071216099992],[27.902855619000032,-26.170319627999962],[27.902087142000084,-26.170072161999936],[27.898499419000075,-26.168981234999936],[27.897654871000043,-26.16872443099993],[27.89579975500004,-26.16818725699994],[27.89507666200007,-26.1679778749999],[27.894672030000034,-26.16786070799992],[27.892352384000052,-26.167205498999913],[27.88936219900006,-26.166518085999936],[27.88465741500005,-26.16540875399994],[27.88358154900005,-26.165178353999917],[27.88289845800006,-26.165058886999923],[27.881976199000064,-26.16493009999994],[27.881479843000083,-26.164871154999954],[27.87885334100008,-26.16455924099995],[27.87730557000009,-26.164375433999908],[27.87583692600009,-26.16417063499995],[27.875069166000056,-26.16401668999993],[27.874539770000073,-26.163863089999946],[27.873916450000078,-26.163564423999958],[27.873361439000064,-26.16328282399991],[27.872755197000057,-26.162873224999945],[27.872394070000045,-26.162583486999953],[27.872148955000053,-26.16238682599993],[27.87161102100004,-26.16186629299995],[27.87124386000005,-26.161473759999918],[27.870876699000064,-26.161004426999902],[27.870735066000066,-26.1607277729999],[27.87055371800005,-26.160348863999953],[27.87031576200007,-26.15970602799991],[27.869912510000063,-26.15830790199993],[27.869687628000065,-26.157580825999954],[27.869049622000087,-26.155518058999917],[27.868819079000048,-26.15469885999994],[27.868614152000077,-26.154071660999936],[27.86840922500005,-26.153444461999932],[27.86796833700004,-26.152445211999922],[27.86793106200008,-26.152360729999938],[27.867688312000038,-26.15192286799993],[27.867580978000035,-26.151729263999925],[27.86702596800006,-26.150850331999944],[27.866333502000085,-26.14987778799991],[27.864614694000064,-26.147576031999897],[27.86304315500007,-26.145461686999912],[27.862133519000057,-26.14420402499991],[27.860904302000048,-26.14248930999992],[27.86029823000007,-26.141687403999924],[27.859905563000044,-26.141124362999914],[27.859538506000035,-26.140510136999918],[27.859094861000074,-26.139657614999916],[27.859000247000044,-26.139371247999925],[27.85879609300008,-26.138753336999905],[27.858522934000064,-26.137831997999918],[27.85823270200007,-26.136757101999947],[27.858028645000044,-26.136254137999913],[27.857661587000052,-26.13559725699992],[27.857260384000085,-26.135025684999896],[27.856696994000057,-26.1344285209999],[27.856201893000048,-26.134010505999928],[27.855510457000037,-26.13354983599993],[27.85484463300008,-26.13321712999994],[27.85469516100005,-26.133154261999938],[27.85428584100003,-26.13297587399995],[27.852382179000074,-26.132180855999934],[27.85225053700009,-26.132125404999957],[27.851243262000082,-26.131698858999922],[27.85038110300008,-26.13133202999995],[27.849629914000047,-26.13105050899991],[27.848784829000067,-26.130760457999937],[27.848178757000085,-26.130564246999942],[27.84749585900005,-26.13041068999991],[27.846702439000065,-26.130249185999965],[27.84164481600004,-26.129344907999943],[27.83918807600008,-26.12889568899993],[27.838938832000053,-26.128850114999924],[27.835643849000064,-26.128261480999925],[27.833372911000083,-26.127792043999936],[27.832359463000046,-26.127548967999928],[27.829690355000086,-26.126826933999954],[27.829087726000072,-26.126614775999947],[27.828515799000055,-26.126367379999923],[27.827739002000044,-26.125974956999922],[27.826807655000042,-26.125492876999946],[27.824750426000033,-26.124435042999945],[27.82329926700004,-26.123675790999922],[27.82270173200004,-26.123402800999948],[27.820329471000036,-26.12241330599994],[27.818605154000064,-26.12167111599996],[27.817563735000082,-26.121236038999935],[27.817042143000034,-26.121006493999914],[27.81664947700006,-26.120844406999947],[27.815889752000093,-26.12060554099992],[27.815223927000094,-26.12044345399995],[27.814131290000034,-26.12022164899992],[27.81283581700006,-26.119975493999895],[27.809274391000088,-26.119303147999915],[27.806444450000072,-26.118782166999953],[27.803379620000044,-26.118184459999956],[27.801791882000085,-26.117902938999933],[27.80114313000007,-26.11777497599991],[27.799478565000076,-26.117476392999944],[27.797933509000075,-26.117143687999945],[27.797421809000074,-26.11699089299993],[27.796713303000047,-26.11673496499992],[27.795910899000038,-26.116376665999958],[27.794690217000042,-26.1157112539999],[27.79449777100007,-26.115604263999952],[27.79210314200009,-26.11427039799991],[27.792009843000077,-26.114218342999944],[27.790276988000077,-26.11326287999992],[27.789473866000037,-26.112819602999934],[27.788184896000075,-26.11209447399994],[27.786964216000058,-26.11151437199993],[27.78615327500006,-26.111181665999933],[27.78517160800004,-26.110806304999933],[27.784625473000062,-26.1106269789999],[27.782870579000075,-26.110141550999913],[27.780220780000036,-26.109458242999942],[27.780101467000065,-26.10944308499995],[27.779298868000065,-26.109244969999903],[27.778756771000076,-26.109177616999936],[27.77818498100004,-26.10910847499991],[27.777828757000066,-26.109089151999918],[27.777467938000086,-26.109074350999943],[27.777177706000092,-26.109057288999914],[27.775863127000036,-26.108912263999912],[27.775476627000042,-26.10889055199993],[27.775257056000044,-26.10887813999995],[27.774702200000032,-26.108775768999923],[27.77402801700003,-26.10860569199991],[27.77382297000008,-26.10855396499995],[27.77324250600009,-26.108502778999938],[27.772337666000055,-26.108519840999914],[27.77135600000008,-26.10869045999993],[27.771046750000036,-26.108774222999948],[27.770019948000083,-26.109069897999923],[27.769213806000035,-26.109321731999962],[27.768767378000064,-26.10944521999994],[27.767552355000078,-26.109781311999942],[27.767301692000046,-26.109850648999952],[27.76668708300008,-26.110029798999904],[27.764416447000087,-26.110558715999957],[27.763794223000048,-26.11061926599997],[27.76276987600005,-26.110610735999963],[27.761813818000068,-26.11045717899992],[27.760960195000052,-26.11037186999995],[27.759893168000076,-26.11035480799996],[27.758552980000044,-26.11045717899992],[27.757531539000073,-26.11055354499996],[27.75629955700009,-26.110669772999927],[27.753909414000073,-26.11091716999993],[27.75223631300008,-26.11116456699994],[27.75000000000006,-26.111582461999944],[27.749438036000075,-26.111667770999926],[27.74911801800005,-26.11176161099991],[27.748358294000074,-26.11198341499994],[27.747846121000066,-26.112239342999942],[27.74712907700007,-26.112674418999916],[27.74637789000008,-26.11323745999993],[27.746070935000034,-26.113530186999927],[27.745934006000084,-26.11365547499991],[27.745805963000063,-26.113799475999944],[27.745379151000066,-26.114294269999895],[27.74499502100008,-26.11489143399996],[27.744738935000047,-26.115454474999922],[27.743987746000077,-26.11720331399994],[27.74304022500007,-26.119454451999964],[27.741930516000078,-26.122047851999923],[27.740407850000054,-26.125695704999934],[27.74027448800007,-26.125962519999916],[27.739132806000043,-26.12868100599991],[27.738913051000054,-26.129204269999942],[27.738298442000087,-26.130627908999944],[27.737427748000076,-26.13270945399995],[27.73660827000009,-26.1346630349999],[27.73592537200005,-26.136189044999927],[27.735361980000047,-26.137528398999912],[27.734576648000083,-26.139405201999924],[27.733552301000085,-26.141878143999907],[27.73306650900008,-26.14304092299994],[27.732860867000056,-26.143533142999953],[27.73262185200008,-26.143993811999902],[27.732195041000068,-26.144633630999916],[27.731802375000086,-26.145043115999965],[27.731285321000087,-26.14548602999991],[27.731085332000077,-26.145657341999925],[27.730722118000074,-26.14594254699995],[27.73048779600009,-26.14612654299993],[27.728951275000043,-26.147320871999902],[27.727956896000084,-26.148104691999954],[27.726608172000052,-26.149162525999948],[27.722724189000076,-26.15225924999994],[27.72073524900009,-26.153819383999924],[27.717892685000034,-26.156063015999894],[27.71755705500004,-26.15629389399993],[27.71707187400006,-26.156627643999915],[27.71683855200007,-26.156788143999908],[27.716623066000068,-26.156921155999957],[27.716331801000084,-26.15710094299994],[27.715831150000042,-26.157414117999902],[27.71538972800005,-26.157730783999906],[27.714906662000093,-26.158114114999936],[27.714640143000057,-26.15834744799991],[27.714235003000052,-26.158749230999945],[27.713859409000065,-26.159133122999943],[27.71350942400005,-26.15963644699991],[27.71239971500006,-26.161299976999942],[27.710257122000087,-26.164267711999916],[27.709062050000053,-26.165948303999926],[27.70755597200008,-26.16802278799992],[27.706232382000056,-26.169845910999925],[27.70554094800008,-26.170792841999923],[27.704535783000036,-26.172221521999916],[27.704388558000062,-26.172430778999914],[27.703142269000068,-26.17415402499995],[27.70204963100008,-26.17571415899994],[27.700598473000063,-26.17768480099994],[27.69946279800007,-26.179258439999955],[27.699207068000074,-26.1796127899999],[27.698800987000084,-26.180189940999924],[27.698382114000083,-26.18078527199992],[27.696801453000035,-26.182991351999927],[27.696630000000084,-26.183229679999954],[27.69621938900008,-26.183800446999946],[27.69537866100006,-26.18498624499995],[27.69416519500004,-26.18677265399993],[27.69346654700007,-26.187655397999947],[27.692971446000055,-26.188252562999935],[27.69252714600009,-26.188691424999945],[27.692237331000058,-26.18897769199992],[27.691400779000045,-26.189651633999915],[27.690555694000068,-26.19017201999992],[27.68976182400007,-26.190598566999938],[27.689155753000076,-26.19085449399995],[27.688396029000046,-26.19109335999992],[27.68738875400004,-26.191383410999947],[27.686466841000083,-26.191596683999933],[27.685681509000062,-26.191869673999914],[27.684990075000087,-26.192168255999945],[27.68432860800004,-26.192499936999916],[27.682211623000057,-26.193574832999957],[27.681178740000068,-26.194078156999915],[27.680487307000078,-26.194513234999935],[27.679915379000082,-26.194905656999943],[27.679258089000086,-26.195460165999908],[27.67721793100009,-26.19731990699995],[27.675971643000086,-26.198462025999955],[27.67373097400008,-26.20044119999995],[27.67291149700009,-26.201029832999954],[27.672459076000056,-26.201268698999918],[27.671613989000036,-26.201550218999955],[27.670094541000086,-26.20193411099996],[27.66924091900006,-26.202104728999924],[27.668626311000082,-26.202104728999924],[27.668165355000045,-26.20201088899994],[27.667311732000087,-26.20182320899994],[27.66661176100007,-26.20168671399994],[27.666056907000044,-26.20169524499993],[27.66549351600008,-26.20178055399992],[27.665302246000067,-26.201854283999925],[27.66489598000004,-26.20201088899994],[27.664349662000067,-26.202352125999948],[27.66389724200008,-26.202778671999912],[27.66362408300006,-26.20319668699994],[27.663478967000064,-26.20356351699991],[27.66335946000004,-26.20389519699995],[27.663325314000076,-26.204398521999902],[27.663393604000074,-26.204970093999925],[27.66346459400006,-26.205176175999952],[27.66357286500005,-26.205490479999924],[27.664016749000037,-26.206266793999927],[27.66463989300007,-26.20732462799992],[27.665365472000076,-26.20856161199993],[27.665638632000082,-26.2091577509999],[27.665971545000044,-26.210036435999946],[27.666193487000044,-26.210915120999907],[27.66627884800005,-26.21166584199995],[27.666304457000074,-26.21309050599995],[27.666304457000077,-26.214761540999906],[27.666287385000086,-26.215648756999936],[27.66618495000006,-26.21630563799994],[27.666031298000064,-26.21681749399995],[27.66536547200008,-26.21820803399992],[27.664776473000074,-26.219393831999927],[27.664110647000086,-26.22071509899991],[27.663367996000094,-26.22212270199992],[27.662979688000064,-26.222941669999948],[27.662458979000068,-26.223939787999942],[27.662057776000044,-26.224656384999943],[27.661648037000077,-26.225185301999936],[27.66136634200006,-26.22549241499991],[27.660888313000044,-26.22595206099993],[27.66021395100006,-26.22643832299991],[27.65943715400005,-26.226856337999948],[27.658557923000043,-26.22720610599991],[27.65787038700006,-26.227423803999965],[27.65769576500009,-26.227479094999925],[27.65719212700009,-26.2275558739999],[27.656500692000062,-26.227632650999904],[27.654059332000084,-26.227820331999904],[27.652108896000072,-26.228008011999922],[27.65078578100008,-26.22813597599992],[27.650384577000068,-26.22821275399991],[27.64973582500005,-26.228349248999905],[27.649052926000085,-26.228579583999927],[27.648702941000064,-26.228741671999963],[27.648276130000056,-26.229014660999947],[27.647755420000067,-26.22937295999992],[27.645902255000067,-26.230839796999923],[27.64326863000008,-26.232892021999934],[27.64309383700004,-26.23305783699993],[27.641965343000038,-26.233944944999898],[27.640890582000058,-26.2347898129999],[27.638891856000043,-26.236376291999935],[27.63881628000007,-26.23643627999991],[27.637834613000052,-26.237178469999947],[27.63713464300008,-26.23779269699992],[27.635964895000086,-26.238952927999954],[27.635145416000057,-26.239746303999944],[27.63433447600005,-26.240522617999957],[27.633719867000085,-26.241008880999914],[27.63286624400007,-26.24157192099994],[27.632566570000048,-26.241737352999905],[27.63196994100008,-26.242066714999915],[27.63160432000007,-26.242211554999926],[27.631022419000093,-26.242442074999936],[27.630871553000073,-26.242476401999912],[27.63021090600006,-26.242689827999914],[27.629135342000044,-26.24299694099995],[27.62859756000006,-26.24318462099995],[27.627906125000035,-26.243508795999954],[27.62723176400004,-26.243986527999933],[27.625387466000063,-26.245316677999934],[27.624789929000084,-26.245674976999908],[27.62442287200008,-26.24586265699992],[27.623808264000047,-26.246058868999917],[27.623057076000066,-26.246280671999955],[27.622135163000053,-26.24651100699992],[27.621452266000063,-26.246775464999928],[27.620820585000047,-26.247099640999924],[27.62031694800004,-26.247432346999926],[27.619767408000083,-26.247881822999943],[27.619616977000074,-26.248038041999916],[27.61913041200006,-26.248481649999913],[27.618396297000057,-26.249121468999935],[27.61780729700007,-26.249582138999926],[27.617152039000082,-26.249999999999947],[27.61283076600006,-26.25286238599995],[27.609270519000063,-26.25523440799991],[27.608614093000085,-26.25567175299994],[27.607473517000074,-26.256374094999956],[27.607357839000084,-26.256424190999947],[27.606782260000042,-26.256673454999948],[27.60627533800005,-26.256788592999957],[27.605699290000075,-26.256915244999956],[27.605054116000073,-26.25698432699994],[27.603947543000057,-26.256984187999937],[27.603677012000052,-26.256976804999912],[27.60243119000006,-26.256942806999913],[27.602257009000084,-26.25694658799995],[27.601585749000034,-26.256961159999946],[27.60083688800006,-26.25705326999991],[27.599961295000075,-26.25732960099993],[27.598947453000054,-26.257801666999917],[27.598141703000067,-26.258198775999915],[27.597468771000084,-26.25853042699992],[27.59726539400009,-26.25863065999994],[27.596929226000043,-26.258784407999936],[27.596643262000047,-26.258976072999932],[27.59599527100005,-26.25941629199992],[27.595525661000067,-26.259735325999944],[27.59498423100007,-26.26028793099994],[27.594615598000075,-26.260782971999962],[27.59444280300005,-26.261105324999907],[27.594270007000095,-26.26154280399993],[27.593985144000044,-26.2625939049999],[27.593666351000078,-26.263857154999926],[27.593290381000088,-26.265350382999948],[27.59299114600009,-26.266538846999936],[27.592889899000053,-26.26694920499995],[27.592783834000045,-26.267379089999917],[27.59245009600005,-26.268469315999944],[27.592392243000063,-26.268691253999922],[27.59166636300006,-26.271183920999928],[27.590676191000057,-26.274584166999944],[27.590181359000038,-26.276225548999943],[27.589178737000047,-26.279478712999953],[27.588809630000075,-26.280775642999917],[27.587400707000086,-26.285455104999922],[27.587059355000065,-26.286539247999947],[27.58647209300005,-26.288380495999952],[27.586115129000063,-26.28915151899991],[27.585677561000068,-26.289738416999906],[27.585078784000075,-26.29031380599992],[27.584433946000047,-26.29076260999995],[27.584340068000074,-26.290810722999936],[27.58398486200008,-26.290992766999917],[27.58331699600006,-26.291245937999914],[27.582962057000092,-26.291338839999927],[27.582833367000035,-26.291372523999947],[27.582395798000046,-26.291441570999943],[27.582284684000058,-26.291448835999915],[27.58116369800007,-26.29152212499992],[27.580498372000076,-26.291551369999922],[27.580203707000067,-26.291564322999935],[27.578687141000046,-26.291630985999916],[27.577566294000064,-26.291691276999924],[27.574623209000038,-26.291849588999927],[27.57304598900004,-26.291941632999908],[27.572171035000054,-26.29204518099994],[27.568267735000067,-26.29279254099993],[27.56783365700005,-26.292875358999936],[27.56320221100009,-26.293758994999905],[27.561901292000073,-26.294012113999937],[27.561187514000036,-26.29426523299993],[27.56049676100008,-26.29463340599994],[27.55956607900004,-26.29525627099991],[27.559482979000048,-26.295311885999915],[27.55590332100007,-26.29766999999992],[27.55315239400005,-26.299464468999933],[27.552983045000083,-26.299552008999907],[27.552484806000052,-26.29980955899992],[27.55204741900008,-26.29998210299993],[27.551656075000036,-26.300085630999938],[27.551057972000084,-26.300143433999953],[27.54607407700007,-26.300511529999934],[27.54531440500006,-26.30060355399991],[27.544623797000042,-26.30086812299992],[27.54416339000005,-26.301121188999957],[27.543092346000037,-26.301776436999948],[27.54031897800007,-26.30352452699992],[27.539524944000046,-26.303984550999928],[27.53870789300004,-26.30435256999994],[27.538155520000092,-26.304548080999957],[27.537522594000052,-26.304743590999927],[27.536924192000072,-26.30482409499995],[27.536268249000045,-26.304893097999923],[27.53508295100005,-26.304996603999943],[27.534564685000078,-26.30500520999993],[27.534231378000072,-26.305019605999924],[27.533000049000066,-26.30508860899993],[27.528426487000047,-26.305353121999925],[27.527609438000066,-26.305387624999927],[27.52697143900008,-26.305438342999935],[27.52659675500007,-26.30546812899991],[27.526147952000088,-26.305548632999948],[27.52529638000004,-26.305732641999956],[27.524599012000067,-26.30602860099993],[27.524456314000073,-26.306089160999925],[27.52432543400005,-26.306145216999944],[27.523972988000086,-26.306296171999914],[27.52380227100008,-26.30637080599991],[27.519923061000046,-26.308066719999943],[27.516606464000063,-26.309530708999947],[27.515747911000062,-26.309909684999916],[27.500000000000053,-26.31697636999991],[27.49966843800007,-26.31711415499996],[27.496564165000052,-26.318494599999944],[27.496107508000076,-26.31869852499994],[27.495821103000083,-26.31882642199992],[27.49278925000004,-26.32018033699995],[27.489782467000055,-26.321503608999933],[27.48938331900007,-26.32159205199992],[27.486896827000066,-26.322773547999933],[27.484482393000064,-26.323858182999917],[27.482757796000044,-26.324647008999943],[27.481831442000043,-26.32494281899994],[27.48106276500005,-26.325120304999924],[27.480244814000063,-26.32520904799993],[27.479288413000063,-26.325218191999905],[27.478076269000038,-26.32512944999989],[27.475937770000087,-26.324961823999963],[27.474893157000057,-26.324951963999915],[27.474281654000034,-26.324979990999896],[27.473602174000064,-26.325011124999957],[27.472835377000084,-26.325067802999904],[27.472706908000074,-26.325077295999908],[27.47199629300008,-26.325129807999925],[27.47186772300006,-26.325139309999948],[27.47140646300005,-26.32517118499994],[27.469719529000088,-26.32528775899995],[27.467245966000064,-26.325455384999948],[27.46591556400006,-26.325544127999937],[27.464693564000076,-26.325583568999953],[27.46245606400004,-26.325564426999904],[27.460475242000086,-26.32557428799993],[27.459518937000045,-26.325579340999933],[27.458383585000036,-26.32558533899993],[27.45792284100008,-26.325613728999954],[27.455547825000057,-26.32560386899991],[27.455280522000063,-26.325606302999915],[27.454541822000063,-26.325613029999946],[27.453290260000074,-26.325652470999962],[27.452087969000047,-26.325780654999907],[27.451378420000083,-26.325938420999933],[27.450205696000065,-26.326303252999935],[27.448865438000045,-26.32683570999994],[27.44768363700007,-26.32735777699991],[27.446451782000054,-26.327949394999905],[27.445525428000053,-26.328294506999953],[27.444372413000053,-26.32861003699992],[27.441672187000048,-26.329270678999936],[27.440779066000058,-26.329488969999943],[27.439612976000035,-26.32977397899992],[27.433473894000088,-26.33132286499994],[27.429549232000053,-26.332268431999918],[27.42731557500008,-26.332806585999947],[27.424910172000068,-26.333402844999913],[27.42434115700007,-26.333540364999916],[27.423516924000065,-26.33373955499991],[27.42155401400004,-26.33421392699995],[27.418617733000072,-26.3349315019999],[27.41834555800006,-26.334998016999922],[27.41361449500005,-26.33614135499994],[27.413281118000043,-26.336222552999914],[27.412157667000084,-26.336488781999947],[27.41120174900004,-26.336745149999956],[27.410452781000064,-26.33700151799991],[27.40959541100006,-26.337356489999937],[27.40864934600006,-26.33782978499994],[27.407670270000036,-26.338410300999964],[27.407318943000064,-26.33861861099996],[27.40572246100004,-26.33953562099992],[27.404746831000068,-26.339959614999948],[27.40383033200004,-26.34028500499994],[27.403179913000084,-26.34045263099995],[27.402509784000074,-26.340620255999916],[27.40143560700005,-26.34083718299991],[27.400295917000054,-26.341094080999945],[27.40019853800004,-26.34111603099996],[27.39911893100009,-26.341359385999912],[27.397680885000057,-26.34165087199995],[27.397150654000086,-26.341758346999942],[27.395031808000056,-26.342216163999915],[27.39183216700008,-26.34294000999995],[27.39142430800007,-26.343025350999937],[27.39005625100009,-26.34333901899993],[27.38978667400005,-26.343400826999922],[27.38197228200005,-26.345166247999934],[27.373338672000042,-26.34706007499994],[27.36389857800009,-26.34914141799993],[27.35574943600005,-26.350935142999955],[27.35021102000007,-26.352157823999907],[27.34741242400008,-26.35277864599993],[27.346781714000088,-26.352926550999943],[27.34605245700004,-26.353143476999946],[27.345135957000082,-26.353478728999907],[27.343894248000083,-26.354021045999964],[27.342573700000056,-26.35458308499994],[27.338769228000046,-26.35617147899995],[27.33076755200005,-26.359534664999945],[27.33056307000004,-26.359620727999925],[27.324677363000035,-26.362097913999943],[27.32117017000007,-26.363562487999946],[27.32060633800006,-26.363797938999934],[27.318664883000057,-26.364608673999953],[27.317454552000072,-26.365114097999935],[27.313372910000055,-26.366808816999928],[27.309778086000048,-26.368355944999898],[27.30751647900007,-26.369301623999952],[27.306242059000056,-26.369834515999923],[27.30457760700006,-26.370534172999953],[27.30355332700009,-26.37100718099992],[27.302548747000056,-26.37155902199992],[27.30177068800009,-26.371992611999932],[27.301502323000083,-26.37215483999996],[27.301297945000044,-26.372278386999938],[27.300727085000066,-26.372613171999948],[27.297073168000058,-26.374160299999918],[27.293813606000068,-26.375510386999903],[27.292818873000048,-26.375845433999928],[27.292188549000063,-26.37599324799993],[27.29164686200005,-26.37609179199996],[27.29112487500004,-26.37612135499996],[27.290632432000052,-26.376219897999928],[27.290297572000043,-26.376367711999936],[27.289923317000042,-26.376604215999922],[27.28908550600005,-26.37698406099991],[27.288537135000066,-26.377229405999916],[27.28695532900008,-26.377905313999918],[27.283367887000058,-26.379366620999924],[27.283079594000075,-26.379480913999945],[27.28116131000007,-26.380254136999945],[27.27979299000009,-26.380914053999955],[27.276326041000058,-26.38235022299995],[27.275441572000087,-26.382716610999918],[27.27420465600005,-26.383249185999947],[27.27303962900004,-26.383750808999924],[27.272459432000062,-26.383988821999935],[27.271375480000074,-26.384433490999925],[27.271070822000073,-26.38455846999995],[27.270089045000077,-26.384981241999927],[27.26951546500004,-26.385228236999932],[27.26812745700005,-26.38576010999992],[27.265844326000032,-26.386538917999925],[27.26340001100004,-26.387405094999913],[27.262064218000038,-26.387878451999946],[27.259589031000075,-26.388748049999947],[27.259021208000032,-26.388947545999937],[27.257910423000055,-26.38933779299992],[27.257408344000055,-26.38951418699992],[27.250000000000057,-26.39209588399995],[27.24922357300005,-26.392388357999952],[27.248797107000087,-26.392551337999915],[27.24731030000004,-26.393119543999948],[27.24531730700005,-26.39378425899992],[27.243736198000075,-26.394355912999917],[27.242606835000057,-26.39476803599991],[27.24172991900008,-26.39522004199995],[27.241405854000053,-26.395424939999945],[27.241289924000057,-26.39549823999994],[27.24086662400003,-26.39576587999994],[27.239312090000055,-26.39682942299993],[27.23634917300006,-26.398850154999923],[27.23354569600008,-26.400857592999955],[27.231020763000064,-26.402612718999933],[27.22829700600005,-26.404527095999935],[27.225227797000063,-26.406707359999935],[27.222597045000043,-26.408502088999917],[27.221733755000063,-26.409101211999936],[27.220498099000054,-26.40999192999993],[27.219475029000087,-26.410669937999963],[27.21865125800008,-26.41105547199994],[27.217681335000066,-26.41146759499992],[27.216711412000052,-26.411733480999946],[27.21556876200009,-26.411932894999946],[27.213936163000085,-26.41226558699991],[27.213085972000048,-26.412544716999943],[27.21224906700007,-26.41289030599995],[27.211332457000086,-26.413342229999948],[27.210935419000062,-26.41357176199995],[27.208941296000038,-26.414724585999924],[27.20502245000006,-26.416970915999915],[27.202905410000085,-26.418172655999918],[27.202513339000063,-26.41839521499992],[27.201979532000056,-26.41869823099995],[27.20018616200008,-26.41970841399996],[27.197489466000036,-26.42121039699993],[27.19483321000007,-26.422751703999953],[27.19445326300007,-26.42294877499996],[27.193783756000073,-26.423562507999915],[27.193199250000077,-26.424094184999944],[27.19233577600005,-26.425184118999933],[27.192239341000064,-26.425323023999912],[27.19217585600006,-26.42541445499995],[27.191459017000057,-26.42644684799995],[27.18962579500004,-26.429145101999953],[27.186610873000063,-26.43345111099995],[27.18449823700007,-26.436481574999902],[27.183302657000066,-26.438275979999965],[27.182040656000083,-26.440057092999943],[27.180628025000086,-26.44211844699993],[27.179671560000084,-26.44339446799996],[27.179397203000065,-26.443859032999914],[27.179326171000074,-26.443979310999904],[27.178980781000064,-26.445029370999922],[27.17844928700004,-26.44640387099991],[27.178117307000036,-26.447262407999908],[27.17720069600006,-26.449747989999935],[27.176416238000062,-26.45187412099995],[27.17565903600007,-26.453708401999908],[27.175101100000063,-26.4551838019999],[27.174729142000054,-26.455914855999946],[27.17434389900006,-26.456566157999937],[27.17409197300009,-26.45695616299991],[27.173932054000087,-26.45720373099994],[27.17285603300007,-26.4588519259999],[27.171501042000045,-26.460938751999944],[27.171069035000073,-26.461629121999923],[27.170186325000085,-26.46303973899996],[27.168871186000047,-26.465033520999953],[27.16784830100005,-26.46670829999994],[27.167263796000046,-26.467652023999907],[27.166758214000087,-26.468781751999927],[27.166532492000044,-26.469291654999946],[27.16631096200007,-26.469804531999962],[27.166173708000084,-26.47025714999994],[27.165296949000037,-26.472357268999936],[27.16483291800006,-26.473499757999946],[27.164274980000073,-26.474935280999933],[27.16381003300006,-26.475825838999924],[27.163318516000057,-26.47659676799992],[27.162773863000037,-26.47731452899995],[27.162016663000088,-26.478125334999955],[27.161285761000045,-26.478776793999938],[27.16040900300004,-26.47954772399992],[27.159465822000072,-26.48043827999994],[27.158934454000075,-26.481142749999943],[27.158310096000037,-26.482033306999934],[27.157632601000046,-26.483309327999912],[27.157167997000048,-26.484345840999946],[27.156875744000047,-26.485289563999917],[27.155879429000038,-26.488572660999928],[27.155223781000075,-26.49072741899994],[27.154896875000077,-26.491801783999904],[27.154285801000075,-26.493662647999944],[27.15384742200007,-26.49464624799992],[27.153435611000077,-26.495443760999933],[27.15257213600006,-26.49691916099993],[27.151801651000085,-26.49818188999996],[27.15064592400006,-26.499999999999943],[27.149514076000056,-26.501896353999943],[27.14904051700006,-26.502678159999906],[27.148905667000065,-26.50290303399993],[27.148697436000077,-26.503250277999935],[27.148622143000065,-26.503372559999942],[27.14801052200005,-26.504312844999962],[27.147323860000085,-26.50542632599991],[27.14632884600007,-26.506979028999915],[27.145186473000077,-26.508784451999933],[27.144837594000084,-26.509335825999937],[27.14374840500005,-26.511231111999898],[27.142622792000054,-26.513138888999947],[27.141391536000068,-26.51518816699991],[27.14100084900008,-26.515898899999915],[27.140882458000075,-26.516147655999927],[27.14053912700007,-26.51690577099992],[27.139307921000068,-26.519630289999963],[27.13879318900007,-26.52075857999995],[27.138526547000083,-26.521312356999946],[27.138324469000054,-26.52167958099994],[27.137957459000067,-26.52236662299993],[27.137579712000043,-26.523050236999946],[27.137329992000048,-26.523491948999947],[27.13670252500009,-26.52459358499994],[27.135861754000075,-26.526085654999914],[27.13555393900009,-26.526666085999913],[27.135009346000057,-26.52764926599991],[27.134743107000077,-26.528253921999926],[27.134464751000053,-26.528857510999952],[27.13419245500006,-26.52965116299992],[27.13395567400005,-26.530705415999932],[27.133884455000043,-26.531344529999963],[27.13383709900006,-26.532185562999928],[27.13382526000004,-26.53283706799994],[27.133860777000052,-26.533346425999927],[27.13393181100009,-26.53396239399996],[27.13406204100005,-26.534625743999925],[27.134346177000058,-26.535786607999903],[27.134629480000054,-26.536946709999935],[27.13494913400007,-26.538285256999927],[27.135067108000044,-26.538757414999903],[27.13519775300006,-26.539280281999922],[27.135327982000035,-26.53980148599992],[27.13541085500009,-26.540180542999906],[27.135517405000087,-26.5407135929999],[27.135600279000077,-26.54129402399992],[27.13563579600009,-26.541732308999944],[27.13561211800004,-26.542395658999915],[27.135576601000082,-26.543023472999955],[27.135445935000064,-26.543947376999935],[27.13512628200004,-26.54517931299995],[27.134853985000063,-26.54594927399995],[27.134131806000084,-26.548022243999924],[27.133776879000038,-26.54912322699994],[27.133161250000054,-26.55085267699991],[27.132415394000077,-26.55296118299992],[27.13208339700009,-26.553908670999924],[27.13174006500008,-26.554891849999937],[27.131515125000078,-26.555626273999913],[27.13124282700005,-26.556550226999942],[27.130792946000042,-26.55790061799991],[27.13047329300008,-26.559014098999914],[27.130058416000054,-26.560394564999907],[27.129964215000086,-26.5607080119999],[27.129065749000066,-26.563745182999934],[27.128933950000086,-26.56419071599992],[27.12804663400004,-26.56693882599995],[27.127904536000077,-26.56724687299994],[27.127726915000043,-26.567780029999934],[27.12752561200006,-26.568692321999947],[27.127229577000037,-26.570682775999952],[27.126909147000045,-26.572700452999925],[27.126755441000057,-26.573668306999927],[27.126713549000044,-26.573927084999923],[27.126210735000086,-26.577033122999925],[27.125873685000045,-26.579186222999898],[27.125855258000055,-26.57928660399995],[27.125660539000076,-26.580347320999927],[27.125553967000084,-26.580773847999918],[27.12541186900006,-26.581224068999916],[27.12526896800006,-26.58154374499993],[27.12507950500009,-26.581946574999908],[27.12491372500006,-26.582266469999926],[27.124712422000073,-26.582621907999915],[27.124179558000037,-26.583498655999914],[27.12365853600005,-26.58439909899994],[27.12276555400007,-26.58590554999996],[27.122036263000037,-26.58712412599993],[27.12147675700004,-26.58804665999992],[27.12143218300008,-26.588131049999955],[27.12126640300005,-26.588403553999918],[27.121112465000063,-26.588687902999926],[27.12092300100005,-26.589078885999932],[27.120792747000056,-26.58938693199992],[27.12062696700008,-26.58975421899993],[27.120259883000074,-26.590939012999897],[27.120157141000043,-26.5912776529999],[27.119981396000075,-26.591946749999938],[27.119667813000035,-26.59308349099996],[27.11939324000008,-26.5941215279999],[27.118768170000067,-26.596484639999915],[27.11868221800006,-26.59680960799994],[27.118628464000043,-26.59698920699992],[27.11826023600008,-26.598444492999928],[27.117524173000053,-26.601187971999927],[27.11736980700005,-26.601817717999953],[27.11660035600005,-26.604683823999956],[27.116209441000084,-26.606093767999948],[27.11575937600009,-26.60771726599995],[27.11568923100009,-26.607984062999954],[27.11533774200007,-26.609305529999915],[27.11482391700008,-26.611213072999927],[27.114290837000055,-26.613168775999945],[27.114261216000042,-26.613314290999938],[27.114118946000076,-26.61381611399992],[27.113947297000042,-26.61446072599995],[27.113781450000094,-26.615065215999945],[27.11363929600009,-26.615503767999943],[27.113520834000045,-26.61582379199997],[27.11342701500007,-26.616107604999915],[27.113237476000048,-26.616475039999955],[27.113119014000063,-26.61671209499991],[27.112941321000047,-26.616996559999905],[27.11281101200007,-26.617186204999943],[27.112574088000084,-26.617541786999933],[27.112372703000062,-26.617790694999947],[27.11193439300007,-26.61833592199992],[27.11070238800005,-26.61984121999996],[27.11016618000008,-26.620477747999928],[27.10950592100005,-26.621310960999946],[27.107787629000086,-26.623396996999926],[27.107183349000085,-26.624132016999905],[27.106721254000036,-26.62468920899994],[27.106425039000044,-26.625068573999943],[27.106164370000045,-26.62544793799992],[27.10598664000008,-26.62573246199991],[27.105702274000066,-26.62618295799996],[27.10546530100004,-26.62665716399994],[27.10526387500005,-26.627178789999903],[27.105086146000076,-26.62774783799994],[27.10500260400005,-26.628044096999933],[27.10487224300004,-26.628648831999957],[27.104836418000048,-26.628891275999933],[27.10476109800004,-26.62951019099996],[27.104670776000038,-26.63016659899995],[27.10448492800009,-26.631542572999933],[27.10443375600005,-26.63188594399993],[27.10436095000006,-26.632464994999907],[27.104078809000043,-26.634589102999946],[27.103912895000065,-26.63591714899991],[27.103902102000063,-26.635999221999953],[27.103735130000075,-26.63726890999993],[27.103628471000032,-26.63777878499991],[27.103509961000043,-26.638181941999903],[27.10346492500008,-26.638304123999934],[27.10339145000006,-26.6386088129999],[27.10317813200004,-26.639189832999943],[27.10301182000006,-26.639557310999937],[27.102845906000088,-26.639877464999927],[27.102656289000038,-26.640197619999917],[27.10250222600007,-26.640470342999944],[27.10233631300008,-26.640707494999955],[27.102087441000037,-26.641063220999907],[27.10185042000006,-26.64134780199992],[27.10147118800006,-26.641727243999924],[27.100926042000083,-26.642308263999954],[27.10022683300008,-26.643007858999916],[27.099444666000064,-26.643766742999958],[27.098603244000056,-26.6445374829999],[27.097714419000056,-26.645426799999928],[27.096765635000054,-26.64639890199993],[27.095758299000067,-26.647347505999907],[27.095059090000063,-26.64802338599993],[27.094632454000077,-26.64843840099991],[27.094242413000078,-26.648841046999898],[27.093803838000046,-26.649351024999927],[27.09343638100006,-26.649837282999943],[27.093151899000073,-26.650252381999906],[27.09296224500008,-26.650548879999917],[27.092737030000084,-26.65095211899996],[27.09245254700005,-26.651580696999925],[27.092096945000034,-26.652553212999923],[27.091551689000088,-26.65407128699992],[27.090865517000058,-26.656051644999938],[27.09009489000005,-26.658210593999907],[27.089525811000044,-26.65983573699993],[27.089217325000046,-26.660725587999927],[27.08882608400006,-26.66173388799995],[27.08853974400006,-26.662550934999963],[27.08850597600008,-26.662647289999935],[27.08838741800009,-26.66300316099995],[27.08825700400007,-26.663418342999933],[27.088197725000047,-26.663679314999914],[27.088162157000056,-26.66396401199995],[27.088102878000086,-26.664343606999925],[27.088055455000077,-26.664782513999914],[27.08801988800008,-26.66520955799996],[27.08801988800008,-26.665956886999936],[27.088055455000074,-26.666312757999947],[27.08810287800009,-26.66668049099991],[27.088197725000043,-26.667083810999944],[27.088268860000085,-26.66734478299992],[27.088340322000082,-26.66762960299991],[27.088458880000076,-26.667985473999913],[27.08856558300005,-26.66821085899994],[27.088701773000082,-26.66849190499994],[27.088755276000086,-26.668602316999916],[27.088885690000044,-26.668875150999963],[27.089051671000053,-26.669171709999944],[27.08921765200006,-26.669420818999935],[27.089442913000084,-26.66976482699994],[27.089668173000067,-26.670037661999924],[27.09008312600008,-26.67051215599992],[27.090204947000075,-26.670634043999943],[27.091280564000048,-26.671710253999947],[27.09165994900007,-26.672101711999915],[27.09220531700004,-26.67264737999995],[27.092655838000038,-26.673216772999922],[27.092846235000078,-26.67347758499994],[27.093024073000038,-26.673750418999926],[27.09326118900009,-26.67418932599992],[27.09345088300006,-26.674604507999963],[27.093593152000043,-26.674960378999913],[27.093711710000036,-26.675351836999926],[27.09381841200008,-26.675767018999927],[27.093901403000075,-26.676158476999948],[27.09396068200004,-26.67657365999992],[27.09396068200005,-26.67741588699993],[27.093913259000086,-26.67784293199992],[27.093865835000088,-26.678222526999946],[27.093806556000064,-26.67856653599995],[27.09369985400008,-26.679005442999944],[27.09351016100004,-26.679539248999944],[27.093392141000038,-26.679824017999913],[27.092929765000065,-26.68102211599995],[27.09231326300005,-26.682754019999937],[27.09219534300007,-26.68307437699991],[27.09191080400006,-26.68386915499991],[27.091555665000044,-26.684823959999896],[27.09135467800007,-26.685364320999938],[27.091306612000043,-26.685479580999928],[27.08941055600008,-26.690517357999912],[27.089314161000058,-26.690774552999915],[27.089285079000035,-26.690872662999944],[27.089041394000045,-26.691664499999945],[27.088756769000042,-26.692376456999906],[27.087997766000058,-26.69448859899996],[27.08794208800009,-26.694644167999915],[27.08708470000005,-26.69703975899996],[27.087001615000077,-26.697260614999944],[27.086888452000036,-26.697547939999932],[27.08628589800008,-26.699153771999924],[27.08605994000004,-26.69978105099995],[27.085750294000036,-26.700609057999944],[27.085515968000042,-26.70127815499995],[27.084980364000046,-26.702708349999906],[27.084569599000073,-26.703850187999933],[27.084024067000087,-26.705357163999913],[27.083619359000064,-26.706416217999955],[27.08349953900006,-26.706720087999948],[27.083424214000043,-26.706926879999912],[27.08334848000004,-26.70712506399991],[27.083229886000087,-26.707587836999945],[27.08317058900008,-26.70797941299992],[27.083170589000076,-26.708501515999956],[27.083229886000083,-26.708869359999934],[27.083336621000058,-26.709296534999915],[27.08341878800007,-26.709510701999932],[27.08353947600006,-26.70975685499992],[27.085435566000058,-26.71325942099991],[27.08555348200008,-26.71347393199995],[27.08570765400009,-26.713782447999908],[27.086075296000047,-26.714411342999945],[27.086348062000067,-26.714874114999926],[27.08657110100006,-26.715218787999955],[27.086691986000062,-26.71543181599992],[27.08690545500008,-26.715823391999947],[27.087000330000077,-26.71608444399993],[27.087083346000046,-26.71639295799992],[27.08710706500005,-26.716713338999906],[27.08710788600007,-26.716985682999898],[27.087084168000043,-26.717234868999927],[27.087013010000078,-26.717436589999913],[27.086941854000088,-26.717626444999944],[27.086823260000077,-26.717851897999942],[27.08668094700005,-26.718124814999957],[27.086348883000078,-26.718504525999954],[27.086028679000037,-26.718765576999935],[27.08567289700005,-26.718967297999942],[27.084403939000083,-26.71963179199992],[27.081854167000074,-26.720901449999925],[27.07900790800005,-26.722325364999907],[27.075591930000087,-26.724033269999953],[27.074816859000062,-26.724448351999914],[27.074038346000066,-26.724828288999962],[27.072793108000045,-26.725457184999936],[27.07099120000004,-26.726418488999908],[27.07038399600009,-26.726743893999924],[27.06972286000007,-26.727111896999933],[27.06811605000007,-26.72798172299992],[27.065622145000077,-26.729353371999924],[27.063889802000062,-26.730323561999906],[27.062143794000065,-26.731282721999946],[27.05836064100004,-26.73338299599993],[27.055003760000087,-26.735221717999934],[27.05401943000004,-26.73577941799993],[27.052003330000048,-26.73689481899994],[27.051528953000055,-26.73714400399997],[27.051113875000052,-26.737345724999958],[27.05022441800008,-26.73783222899993],[27.049204509000052,-26.738425526999954],[27.048575960000054,-26.73874590799994],[27.04792369200004,-26.739101886999954],[27.047354441000035,-26.739386669999924],[27.04660729800008,-26.73971891699995],[27.04571784200004,-26.740086760999933],[27.044116821000042,-26.740751254999903],[27.042291296000084,-26.741499027999907],[27.039682225000035,-26.742578829999953],[27.03795075100004,-26.743302652999944],[27.036788528000045,-26.74378915799991],[27.036278574000047,-26.744002744999932],[27.036053086000038,-26.744121442999923],[27.035709163000035,-26.744311298999946],[27.034724831000062,-26.74486899799997],[27.033647561000063,-26.74548105199995],[27.033271731000067,-26.745702375999944],[27.03307335100004,-26.745807291999938],[27.032364809000054,-26.746209851999943],[27.029293221000046,-26.747989744999924],[27.02751431000007,-26.748974619999956],[27.026055602000042,-26.74975777399993],[27.025616804000038,-26.74999999999994],[27.025402946000046,-26.750163208999936],[27.02512926300005,-26.750329464999943],[27.02479693300006,-26.750534840999936],[27.02455257200006,-26.750652198999948],[27.02428866400004,-26.750838015999932],[27.024093175000075,-26.75097493299995],[27.023868363000076,-26.751092290999914],[27.023604455000054,-26.751219427999956],[27.02333077100008,-26.75134656499995],[27.023105960000063,-26.751463922999896],[27.022802953000056,-26.751649738999966],[27.022324007000066,-26.751933353999902],[27.021571377000047,-26.75234410599995],[27.02090671800005,-26.752725517999924],[27.020349576000054,-26.753028691999933],[27.01987063000007,-26.753292746999943],[27.019342811000058,-26.753595920999953],[27.018199951000042,-26.754221778999923],[27.017486448000053,-26.75462273499994],[27.016733848000058,-26.75499435299992],[27.016069215000073,-26.755297514999935],[27.015424129000056,-26.75553222099996],[27.014906107000055,-26.755688690999936],[27.014427180000045,-26.755796264999965],[27.014065540000047,-26.75587449999995],[27.013615935000075,-26.75594295599996],[27.013166331000036,-26.75599185299995],[27.012736274000076,-26.75603097099992],[27.012267121000033,-26.75605052899993],[27.011221301000035,-26.75605052899993],[27.010546894000072,-26.756079866999933],[27.010087516000052,-26.756060308999903],[27.009061244000062,-26.75605052899993],[27.00737033900009,-26.75607008799995],[27.006287003000068,-26.75606101999995],[27.000000000000053,-26.756167600999955],[26.999689395000075,-26.756200863999936],[26.999170146000036,-26.75629345399994],[26.998522370000046,-26.756447770999962],[26.997756349000046,-26.75668439099991],[26.99690306900004,-26.756930477999955],[26.995823947000076,-26.757269816999948],[26.994009994000063,-26.757819958999907],[26.991477415000077,-26.758560680999945],[26.988774470000067,-26.759367896999947],[26.98690952600009,-26.75996416699991],[26.985486112000046,-26.760375486999926],[26.984329911000085,-26.76075081699991],[26.98247998600005,-26.76134208999992],[26.98100496500007,-26.761922604999935],[26.980470542000038,-26.76221052899995],[26.97984362300008,-26.762621848999917],[26.979180734000067,-26.76320283899991],[26.97820952400008,-26.76412316799991],[26.977325671000074,-26.764894393999946],[26.97668344700008,-26.76552740299991],[26.975321697000084,-26.76678192999992],[26.973992137000042,-26.768010062999913],[26.972795798000046,-26.769059339999956],[26.97173271600008,-26.77003565299992],[26.971008407000056,-26.770683664999915],[26.97031509200008,-26.77117695999993],[26.969400944000082,-26.771675393999942],[26.968630594000047,-26.771963148999937],[26.96835208300007,-26.772048738999953],[26.967911601000075,-26.772184103999898],[26.96740830600004,-26.772286873999924],[26.967124668000054,-26.77233560599995],[26.96689987500008,-26.77237422799994],[26.96535404000008,-26.77270822999992],[26.96427041500004,-26.773026815999913],[26.963614245000088,-26.77324473499993],[26.96301751900006,-26.77351473899995],[26.96252901600008,-26.773811679999934],[26.96201162400007,-26.774142782999952],[26.96141281500007,-26.774568485999904],[26.960287234000077,-26.77528744999995],[26.959416080000036,-26.775841408999952],[26.958810677000088,-26.776205851999915],[26.958054978000064,-26.776678423999957],[26.957372749000054,-26.77710373799993],[26.95598717400009,-26.77797310999995],[26.954738662000068,-26.778747063999962],[26.954496913000074,-26.778896923999923],[26.953681610000046,-26.779434637999945],[26.952119256000053,-26.780379204999917],[26.951432409000063,-26.78080937599992],[26.950574698000082,-26.781329029999927],[26.950194573000093,-26.781544115999914],[26.94966764000009,-26.781801168999955],[26.94913546500004,-26.782066090999937],[26.94764904400006,-26.782690241999944],[26.946757716000036,-26.783065330999932],[26.94447620300008,-26.784021865999936],[26.943431160000046,-26.78446998699991],[26.94259876400008,-26.784822928999926],[26.941929868000045,-26.785110810999935],[26.941001081000085,-26.78550690399993],[26.939744319000052,-26.786030744999945],[26.93874118300005,-26.786436936999912],[26.937738438000054,-26.78687902699995],[26.93671790400009,-26.78732935599992],[26.935050489000048,-26.78801489299991],[26.934453869000034,-26.788295038999927],[26.93318736100008,-26.78882129599992],[26.932146842000062,-26.78927648899992],[26.93141415100007,-26.78956972699996],[26.93020782800005,-26.790088127999923],[26.92916435300009,-26.790555651999917],[26.928171709000086,-26.790950580999947],[26.92804438400009,-26.791004890999943],[26.927915547000055,-26.791059846999925],[26.927825178000038,-26.7910983939999],[26.927618040000088,-26.791186747999912],[26.927103222000085,-26.79140634399994],[26.92586602500006,-26.791929627999924],[26.92450511000004,-26.792526058999957],[26.923076983000044,-26.79314984299992],[26.921080600000042,-26.793988222999932],[26.919213559000067,-26.794753454999913],[26.918118143000076,-26.795235510999934],[26.91733111400003,-26.795566244999918],[26.917227684000068,-26.79561763399994],[26.916951209000047,-26.795754999999925],[26.91682693000007,-26.79579435999994],[26.91673080800007,-26.79582480199992],[26.91606673700005,-26.79611501499994],[26.91510498000008,-26.796573246999916],[26.91468469600005,-26.796812362999955],[26.91393713100007,-26.797237682999928],[26.913089166000077,-26.79785663199993],[26.911967116000085,-26.79864326299992],[26.911440945000038,-26.79902153399991],[26.910936660000065,-26.799384069999917],[26.90992910500006,-26.800124877999917],[26.909452037000055,-26.800457562999952],[26.908921550000056,-26.80082749999991],[26.908681225000066,-26.800997394999914],[26.907959429000073,-26.801507660999903],[26.907325891000085,-26.80198880299991],[26.906501528000035,-26.80280598299993],[26.905883255000052,-26.80350096799993],[26.905005461000087,-26.804852750999938],[26.903937044000088,-26.80644066699995],[26.903250163000052,-26.80732646699994],[26.902555650000068,-26.808013725999952],[26.90153296100004,-26.80880025399994],[26.900723968000076,-26.809319516999935],[26.89988683200005,-26.809855053999915],[26.898416709000056,-26.810744006999922],[26.89743916200007,-26.81132597699992],[26.89722944300007,-26.811460619999924],[26.896613699000056,-26.811855936999905],[26.895740516000046,-26.812363668999925],[26.89539331700007,-26.812565553999942],[26.894332670000043,-26.81309616899995],[26.89313145500006,-26.81348613899991],[26.892268881000064,-26.81370349899992],[26.89168744300008,-26.81385053699995],[26.89051178600005,-26.814157398999956],[26.88934995800008,-26.81444421999993],[26.88717836600006,-26.814981025999938],[26.88546025300008,-26.815409191999954],[26.88396568600007,-26.815767062999964],[26.883103436000056,-26.815997122999924],[26.882280166000044,-26.816207145999954],[26.88162800500004,-26.816304828999925],[26.881213932000037,-26.816366849999955],[26.88014131300008,-26.816443507999914],[26.879107002000072,-26.81639878999995],[26.87804715200007,-26.816290191999936],[26.877070303000036,-26.81620714599996],[26.876291377000086,-26.816175204999915],[26.87534645100004,-26.816149652999904],[26.874650162000076,-26.81618827399995],[26.87431887300005,-26.816206648999927],[26.873227101000055,-26.816449397999914],[26.872237482000063,-26.81676241699995],[26.87148409500009,-26.817126540999944],[26.870762631000048,-26.817522606999944],[26.87005393600009,-26.81797616499996],[26.869370859000067,-26.81854517299991],[26.868840935000037,-26.819081776999962],[26.868272702000073,-26.81980363799994],[26.867723623000074,-26.820576602999942],[26.866867289000083,-26.82177708199992],[26.866190772000035,-26.822696628999953],[26.865482343000053,-26.82352677599993],[26.864620742000056,-26.824273907999952],[26.864052723000043,-26.82466982399995],[26.86340173500008,-26.825008268999923],[26.862725218000037,-26.825333941999933],[26.86199764300005,-26.82560214299991],[26.86136580100009,-26.825774557999928],[26.860739785000074,-26.825921174999905],[26.85890808300007,-26.826285161999934],[26.857586961000038,-26.826598063999924],[26.856527510000035,-26.826827950999935],[26.85435194900009,-26.82728731399993],[26.85271233100007,-26.827619247999912],[26.85194215400008,-26.827788546999965],[26.85102805400004,-26.827989481999907],[26.849031166000092,-26.828436315999912],[26.84737240900006,-26.828851232999916],[26.845924705000073,-26.829221628999903],[26.844406304000078,-26.829642929999928],[26.842326478000075,-26.83020466399995],[26.839595915000075,-26.83090107799995],[26.837433151000084,-26.831481962999923],[26.83514917000008,-26.832101146999943],[26.833476817000076,-26.832516192999947],[26.832583641000042,-26.832784292999918],[26.83235921700009,-26.832836992999944],[26.83219359700007,-26.832875883999918],[26.831958417000067,-26.832931108999954],[26.830573992000037,-26.833263043999914],[26.828832298000066,-26.83374817699991],[26.827185660000058,-26.834168978999923],[26.82605642900006,-26.83450091299994],[26.825073935000034,-26.834864762999935],[26.82417437800007,-26.835266913999934],[26.823345000000078,-26.835726514999923],[26.822503724000054,-26.836319942999907],[26.822111336000038,-26.836628433999916],[26.821668280000043,-26.83700270399992],[26.821221860000037,-26.837398321999956],[26.820679778000052,-26.838023653999922],[26.819850712000065,-26.83898717699992],[26.81842251000006,-26.840339364999917],[26.817574365000038,-26.840964657999898],[26.816624188000045,-26.84154528699992],[26.815858944000073,-26.841908976999946],[26.815061815000035,-26.842266286999926],[26.81402873600007,-26.842623596999942],[26.812975015000063,-26.84296849799995],[26.811589106000042,-26.843329479999902],[26.81136334000007,-26.843388284999946],[26.81050844100008,-26.843599205999904],[26.80696299900006,-26.844486326999913],[26.803978550000068,-26.84519456699991],[26.802077921000087,-26.845691975999955],[26.80163321300006,-26.845806760999952],[26.80063959400007,-26.84606322699995],[26.79987784600007,-26.846259843999913],[26.797837197000035,-26.846789427999912],[26.796483570000078,-26.847185643999914],[26.79494351700004,-26.847592083999935],[26.793177538000066,-26.84801072699992],[26.79301746300007,-26.84804867499992],[26.792486058000065,-26.848174649999926],[26.789791675000057,-26.848929122999944],[26.787327188000063,-26.849545583999948],[26.785313002000066,-26.850061416999957],[26.78474286000005,-26.850181027999948],[26.783896841000058,-26.850282237999906],[26.78251746500007,-26.85038344799994],[26.780678296000072,-26.85046625599995],[26.77759768800007,-26.850631872999944],[26.77688891100007,-26.85067746399994],[26.773027795000075,-26.8509258269999],[26.77028749700008,-26.85111904099995],[26.76948306800006,-26.851165179999953],[26.768057604000035,-26.85125020299995],[26.76740006900007,-26.851284653999926],[26.76400428100004,-26.851491964999923],[26.76377709600007,-26.851505833999916],[26.762243539000053,-26.851629765999913],[26.761719609000068,-26.85167210699996],[26.76138623300005,-26.851699047999944],[26.75940917100007,-26.85183705799994],[26.757634415000037,-26.85201187099994],[26.756498225000087,-26.852145388999922],[26.75489411700005,-26.852333894999962],[26.754109464000063,-26.852436902999944],[26.752300950000063,-26.85267432099994],[26.750000000000053,-26.85293223199994],[26.746311087000038,-26.85337238699993],[26.740913712000065,-26.854049663999945],[26.73987291000009,-26.85418026699994],[26.73774888300005,-26.85444679499995],[26.73491502200005,-26.85487671399995],[26.73273591600008,-26.855122381999927],[26.73223903900004,-26.855190342999947],[26.729144669000053,-26.855613575999936],[26.725625361000084,-26.85601278699994],[26.72418834800004,-26.8562003259999],[26.723507639000047,-26.85628916299993],[26.72230632900005,-26.856442086999948],[26.721092350000045,-26.856596623999895],[26.718812520000085,-26.85685759599994],[26.718677942000053,-26.85687300099994],[26.71796336100004,-26.856982349999946],[26.717137004000055,-26.857108802999896],[26.716938750000054,-26.85713914099995],[26.71547574600004,-26.857240606999934],[26.714859966000063,-26.857260890999953],[26.712989726000046,-26.857322495999945],[26.71106638400005,-26.857353204999928],[26.709715952000067,-26.857435093999918],[26.708549670000085,-26.857629580999905],[26.707783086000063,-26.85780395499995],[26.70695441200007,-26.85810080399995],[26.706258736000052,-26.85836694399996],[26.705071992000057,-26.858919696999912],[26.704037249000066,-26.85944177899995],[26.703875019000066,-26.85952363199993],[26.702862195000083,-26.85994331399991],[26.702105135000068,-26.860188981999965],[26.701112772000048,-26.86045512299995],[26.699403025000038,-26.860737987999933],[26.697582702000094,-26.861039146999925],[26.69517852500007,-26.861387176999916],[26.691587604000063,-26.86192969399992],[26.688938117000077,-26.86233983699992],[26.686769242000086,-26.86270833899994],[26.68342385400007,-26.863435105999944],[26.680078661000035,-26.864172554999936],[26.67683557900006,-26.864858377999955],[26.67507783100007,-26.86523650099991],[26.674789471000054,-26.865298532999926],[26.674202781000076,-26.865449644999952],[26.67403870000004,-26.86549190699993],[26.67375618600005,-26.865564672999948],[26.672978098000048,-26.86585203499994],[26.672047119000073,-26.866435495999955],[26.67181929600008,-26.86665275899992],[26.671392364000045,-26.86705990199993],[26.671003132000067,-26.86774658599996],[26.67027676300006,-26.86982452799992],[26.670164597000056,-26.870107974999936],[26.66947878100007,-26.871841052999915],[26.668868545000063,-26.873426760999894],[26.66851784000005,-26.874338072999933],[26.667586860000085,-26.87673333599992],[26.666583824000043,-26.888929361999946],[26.666576470000052,-26.889034829999954],[26.666626187000073,-26.889432786999915],[26.666723337000064,-26.89021041099994],[26.66683689200005,-26.89109464799992],[26.66700483200009,-26.89240237899991],[26.66739647600008,-26.896467928999922],[26.66767717500005,-26.900655067999942],[26.668093299000077,-26.90448794999992],[26.668643573000054,-26.909729943999935],[26.66899850200008,-26.913060755999936],[26.669440593000047,-26.91715957199994],[26.669707723000045,-26.919636253999954],[26.670013541000056,-26.923163227999915],[26.67033175200004,-26.92599196899994],[26.670698919000074,-26.929065622999925],[26.670763682000086,-26.92974944699994],[26.67090758200004,-26.931625204999936],[26.67088310400004,-26.932494644999903],[26.670638327000066,-26.933829418999945],[26.670195006000085,-26.93584672799994],[26.669744887000032,-26.937894968999956],[26.66882619900008,-26.942070322999935],[26.668260064000037,-26.944434144999953],[26.668189776000077,-26.94472762499993],[26.66805590100006,-26.945140542999923],[26.667847434000066,-26.945716225999945],[26.667613951000078,-26.946225162999948],[26.66736977000005,-26.94669917199992],[26.66559483900005,-26.949245581999936],[26.663416316000053,-26.951976357999918],[26.66299029500004,-26.952517373999907],[26.66118883500008,-26.954805098999934],[26.660050657000053,-26.956483495999922],[26.659230649000055,-26.95784276099993],[26.657761982000068,-26.96090416899995],[26.65704535100008,-26.962539390999954],[26.656624273000094,-26.963500215999943],[26.65609859600005,-26.96476430299992],[26.655542646000075,-26.966101185999943],[26.654898818000053,-26.967116855999915],[26.65444326700009,-26.96771192999996],[26.65368401600006,-26.96847159999992],[26.652836184000076,-26.968965384999926],[26.651952727000037,-26.96931398399994],[26.65152758500005,-26.96942552099995],[26.65135846300007,-26.96946654299994],[26.651127866000085,-26.969522475999952],[26.65020410900007,-26.969585781999907],[26.648407212000052,-26.969522475999952],[26.645964950000064,-26.96950981499993],[26.644750147000078,-26.969459169999933],[26.64463445400008,-26.969461036999917],[26.644038035000055,-26.96946106299993],[26.64305448300007,-26.969459169999933],[26.642156035000088,-26.96956045999991],[26.641409437000046,-26.969699731999924],[26.640548951000085,-26.969914971999906],[26.639890428000058,-26.970105179999912],[26.638954016000067,-26.97059896499992],[26.63770125000008,-26.971472585999944],[26.63622070800005,-26.972738701999972],[26.634600970000065,-26.974194734999905],[26.63318430000004,-26.97537314999994],[26.631754376000057,-26.97632273699991],[26.63071673100006,-26.976841844999903],[26.629109647000064,-26.97742425799993],[26.62876352700005,-26.977499644999913],[26.627249479000056,-26.977829415999913],[26.62714082900004,-26.977835213999924],[26.625351348000038,-26.977930704999952],[26.623326675000047,-26.977968687999923],[26.621910410000055,-26.97806091799993],[26.621770462000082,-26.97807003199995],[26.620480125000086,-26.978176809999916],[26.620087452000067,-26.978209304999957],[26.618657528000085,-26.978513172999957],[26.61745537800004,-26.97888034599993],[26.617025135000066,-26.979095585999914],[26.616808305000063,-26.979186519999924],[26.616645641000048,-26.97926265499995],[26.616392425000072,-26.979374131999926],[26.615215584000055,-26.98000718999993],[26.61427863700004,-26.98067888499991],[26.613304264000078,-26.981552505999954],[26.612325309000084,-26.98260724499994],[26.612061070000035,-26.982979081999932],[26.611532675000035,-26.983717563999903],[26.611051816000042,-26.98454053999995],[26.60969782200004,-26.987262608999913],[26.60891053100005,-26.988770148999944],[26.608229814000083,-26.99007361699995],[26.607684300000074,-26.991107113999938],[26.60681314500005,-26.992757550999947],[26.606251161000046,-26.99383017499991],[26.605446379000053,-26.995365963999912],[26.60430754000004,-26.997682849999943],[26.60387400400009,-26.998343837999922],[26.603776019000065,-26.99849323099994],[26.603434328000052,-26.998961731999948],[26.603043388000064,-26.999429706999948],[26.602477786000065,-27.00000042299991],[26.60151056000007,-27.00075980299994],[26.600956852000085,-27.00110441699991],[26.599721204000048,-27.001678931999948],[26.598698415000054,-27.00200451099995],[26.59786728400007,-27.00215780999991],[26.595949069000085,-27.002349661999915],[26.59404894100004,-27.00255181499995],[26.59162245300007,-27.002809928999906],[26.591281458000086,-27.00286741399992],[26.59070613200004,-27.00305886899991],[26.590045717000066,-27.00340358399995],[26.58885285100007,-27.00418858899991],[26.58810745800008,-27.004801165999933],[26.587618814000052,-27.005340179999905],[26.58604220300009,-27.007079261999923],[26.582401307000055,-27.01117608699991],[26.577293054000048,-27.016985492999932],[26.57597078100008,-27.018489130999907],[26.57343662700003,-27.021303312999915],[26.572463199000083,-27.022392471999925],[26.572297681000066,-27.02257766499992],[26.570476467000045,-27.02461531899992],[26.56952363700009,-27.025662229999917],[26.56945187200006,-27.025741079999932],[26.569303531000063,-27.025904064999906],[26.56798469200004,-27.027353072999908],[26.564875325000056,-27.030933024999896],[26.55774002200008,-27.03895478199992],[26.54924047300005,-27.04845084899995],[26.547384969000063,-27.05052736499993],[26.54724589900007,-27.05068299599992],[26.540377628000044,-27.05836843799995],[26.53280504500009,-27.066826551999956],[26.53196100800005,-27.067769184999914],[26.530019213000063,-27.06997172199993],[26.527638968000076,-27.072671425999943],[26.523351311000056,-27.07753410499992],[26.52323254800007,-27.077672628999956],[26.523087588000067,-27.07784195599992],[26.520815446000086,-27.080501649999913],[26.52023988800005,-27.080961203999937],[26.519144291000085,-27.08181111699991],[26.517440565000072,-27.082770436999912],[26.510773312000083,-27.08618836099993],[26.50392648400009,-27.08987015999992],[26.503042720000053,-27.090345351999932],[26.500000000000057,-27.092018218999957],[26.49967139700004,-27.092198883999917],[26.498110567000083,-27.09304049799994],[26.49533017300007,-27.094520771999953],[26.49455309000007,-27.094933666999903],[26.494456164000045,-27.09498517099991],[26.488351019000046,-27.098228775999917],[26.487343207000038,-27.098793936999925],[26.484722876000035,-27.100308438999942],[26.48222843600007,-27.101822295999906],[26.481321401000056,-27.102342247999957],[26.477894602000045,-27.104263978999942],[26.470335005000038,-27.108580877999938],[26.462724383000083,-27.112897378999946],[26.45516356100006,-27.11714574399991],[26.447551562000058,-27.121190643999913],[26.44001463400008,-27.12518992799995],[26.43250245100006,-27.129279043999937],[26.424964469000088,-27.13330006199994],[26.422065119000084,-27.134858653999913],[26.421308720000066,-27.135220098999913],[26.420753989000048,-27.135423479999943],[26.420274850000055,-27.135536560999924],[26.419720014000063,-27.13558198499994],[26.41734927000004,-27.135696030999956],[26.415507910000088,-27.135719017999914],[26.41462488600007,-27.13569700499994],[26.413339058000073,-27.135697988999933],[26.412027544000065,-27.13569861299993],[26.411573577000066,-27.135721395999944],[26.411043974000048,-27.135811895999947],[26.410262224000064,-27.136015343999926],[26.40953096000004,-27.136286453999954],[26.408749287000038,-27.136647837999938],[26.40806850800004,-27.137009185999943],[26.407589443000067,-27.137302736999917],[26.40718606900009,-27.137618831999934],[26.40569867800008,-27.13895079999992],[26.40254728000008,-27.141682460999906],[26.397302985000067,-27.14619746099993],[26.39672316800005,-27.14671700299994],[26.396218787000063,-27.14714558599991],[26.39521022500008,-27.148048528999936],[26.394529406000064,-27.148612880999906],[26.393520743000067,-27.149335311999952],[26.39294072800004,-27.149696537999947],[26.39230997900006,-27.150012718999903],[26.39001526700008,-27.151186763999938],[26.38260039900007,-27.155047453999938],[26.375714713000036,-27.158614296999932],[26.369005180000045,-27.162135627999934],[26.362446556000062,-27.165430976999925],[26.355938014000056,-27.168838813999912],[26.349454329000082,-27.17220122399993],[26.346704316000054,-27.173645386999905],[26.342591776000067,-27.17581152399994],[26.339639744000067,-27.177368358999956],[26.338706184000046,-27.1779549819999],[26.33772212900004,-27.178586730999932],[26.33681375200007,-27.179218471999942],[26.335400699000047,-27.18043686099991],[26.332549242000088,-27.182918695999952],[26.326871211000082,-27.187814503999903],[26.325533648000093,-27.18894252999991],[26.32467530600007,-27.18968705799994],[26.32381747200009,-27.190454073999945],[26.32073836800004,-27.19311614199996],[26.318365843000038,-27.19514648399991],[26.317810994000073,-27.19566556199994],[26.315311692000076,-27.19783099199992],[26.31228266100004,-27.20044774399993],[26.306148456000077,-27.205726142999932],[26.300594371000045,-27.210440348999953],[26.297564650000083,-27.213079329999914],[26.296983961000084,-27.213552975999896],[26.29642852900008,-27.213936363999945],[26.295822615000077,-27.21434230199992],[26.295115752000076,-27.214725629999922],[26.293828277000042,-27.215356941999914],[26.290268779000087,-27.21691245799991],[26.283578781000077,-27.219707515999907],[26.27736815200006,-27.22229939199992],[26.27118246600008,-27.22491359599991],[26.264996502000088,-27.227504940999953],[26.258481993000093,-27.23025374299993],[26.25161369400007,-27.23309224899992],[26.250927572000077,-27.233394710999892],[26.250000000000053,-27.233803827999896],[26.24956253500005,-27.23399677799996],[26.246858476000057,-27.235182994999942],[26.24489930100009,-27.23600957199994],[26.242879676000086,-27.236868468999944],[26.242253156000057,-27.237131399999942],[26.240789384000042,-27.237745694999955],[26.23964819100007,-27.23822459099995],[26.23938447300009,-27.238335162999935],[26.237653716000068,-27.239060817999928],[26.23618981700008,-27.239716300999937],[26.235432026000073,-27.240032571999905],[26.23222563200005,-27.241411068999916],[26.231957225000084,-27.24150261199992],[26.231695407000075,-27.24159190299991],[26.230710668000086,-27.24188581299995],[26.228488634000087,-27.242451147999933],[26.228160377000048,-27.242541580999955],[26.227806847000068,-27.242586878999926],[26.226872465000046,-27.242632446999952],[26.225962199000037,-27.242695431999937],[26.225231006000058,-27.24274601799993],[26.222857225000045,-27.242972748999936],[26.21901877100004,-27.243380577999915],[26.21533180700004,-27.243788246999944],[26.21261654300008,-27.244090585999917],[26.21146805700005,-27.244218450999934],[26.207755809000048,-27.244625929999927],[26.203891988000066,-27.245033349999908],[26.20012918700007,-27.245463214999916],[26.196189565000058,-27.24589302499992],[26.19232567100005,-27.246300122999912],[26.188385996000076,-27.246729701999918],[26.184522064000078,-27.2471591549999],[26.179572141000047,-27.247724065999932],[26.17654155400004,-27.248017767999958],[26.176007220000084,-27.248076055999938],[26.175506104000082,-27.248130708999952],[26.173788760000036,-27.248311401999953],[26.17260176500008,-27.24842433199996],[26.17191988000008,-27.2484695089999],[26.171111718000077,-27.2486049819999],[26.17037932400007,-27.248740445999953],[26.169646920000048,-27.24892104299994],[26.16899029500007,-27.249124214999938],[26.16825789200004,-27.249417661999935],[26.167500230000083,-27.249778833999926],[26.167054826000083,-27.249999999999943],[26.166591046000065,-27.250230290999934],[26.166173745000037,-27.250533892999957],[26.164869959000043,-27.251317266999934],[26.16391059500006,-27.251904265999933],[26.163127958000075,-27.25244607699995],[26.16247155000008,-27.252897581999946],[26.161057691000053,-27.253665204999947],[26.157219960000077,-27.255832500999926],[26.15345783700008,-27.25795454399992],[26.149670320000038,-27.260076475999938],[26.14575641200008,-27.262288592999937],[26.14184233600008,-27.264500583999904],[26.14022615900006,-27.26540341599991],[26.137928111000065,-27.266712477999935],[26.136690685000076,-27.267389560999966],[26.13401373600004,-27.268856550999946],[26.131942838000043,-27.270052657999937],[26.12936679900008,-27.271542114999917],[26.126512868000077,-27.27321205699991],[26.12484592700008,-27.27415983199996],[26.12406294900006,-27.274611143999945],[26.12320420100008,-27.27517528699991],[26.12264852900006,-27.275536341999953],[26.12206761000004,-27.275874811999923],[26.11878411300006,-27.277431721999907],[26.11486904800006,-27.279259284999902],[26.110953853000073,-27.281086738999935],[26.106154432000036,-27.283320133999954],[26.102971555000067,-27.284741275999917],[26.099081263000073,-27.286523255999956],[26.095165569000073,-27.288350244999943],[26.09248767400004,-27.289590727999947],[26.091199206000056,-27.29024481699992],[26.088243648000063,-27.291665762999905],[26.087561620000088,-27.29195873599991],[26.08602001800006,-27.292680490999942],[26.083670391000055,-27.293717791999942],[26.082786107000057,-27.294101144999956],[26.082280810000043,-27.294304061999927],[26.079729161000046,-27.29509300499995],[26.075762641000043,-27.29631009799994],[26.07381723300006,-27.29694117799995],[26.07380776300005,-27.296944005999936],[26.071770779000076,-27.29754963499994],[26.067955716000082,-27.298676301999937],[26.063988969000036,-27.299870495999926],[26.060022141000047,-27.30106455799995],[26.056080504000075,-27.30223597399993],[26.052138798000048,-27.303407268999933],[26.04784325500009,-27.304691065999915],[26.04663037700004,-27.305051407999937],[26.046049184000083,-27.305254158999965],[26.045569030000078,-27.30545696399992],[26.044431844000087,-27.305930162999918],[26.04061581600007,-27.307575113999917],[26.036774397000045,-27.309242511999905],[26.034019623000063,-27.3104366469999],[26.031871371000076,-27.311360369999925],[26.029217600000038,-27.31250934999991],[26.025274832000036,-27.314131207999942],[26.021332024000063,-27.315685258999903],[26.01994192200004,-27.316203182999917],[26.019234322000045,-27.316383141999953],[26.018451008000053,-27.316472768999912],[26.017010909000078,-27.31647155299994],[26.014964611000043,-27.316311868999954],[26.013549848000082,-27.31624300999994],[26.01274135700004,-27.316264885999935],[26.01203384700006,-27.316354553999933],[26.01155371100009,-27.316444398999913],[26.011098789000073,-27.316579411999953],[26.009683453000033,-27.3170295079999],[26.007383477000076,-27.31779473999996],[26.006069147000062,-27.31826745699993],[26.00480534000008,-27.318740214999938],[26.00344032200007,-27.319325695999908],[26.002277504000062,-27.319843658999957],[26.000811377000044,-27.32045158599993],[26.000000000000053,-27.320812840999906],[25.99296180800008,-27.323694717999956],[25.99160851200008,-27.324244129999958],[25.990780021000035,-27.324617274999923],[25.98999735500007,-27.325099818999945],[25.987039929000044,-27.327272731999926],[25.98421239900006,-27.329431314999912],[25.98098582500006,-27.331816432999915],[25.977769510000083,-27.33424634599993],[25.974751851000065,-27.336473118999944],[25.97182463000007,-27.338748649999953],[25.96871712100005,-27.341047658999912],[25.965410253000073,-27.343491367999945],[25.96227790800009,-27.3458352579999],[25.959150318000066,-27.348183468999935],[25.95603809800008,-27.35057175199995],[25.952964713000085,-27.35282533799995],[25.949841400000082,-27.35512855799993],[25.946659096000072,-27.357593274999928],[25.94377492600006,-27.35975135299993],[25.94077098600008,-27.361981918999962],[25.93771224600005,-27.364284437999906],[25.934499041000034,-27.366695309999955],[25.930314139000075,-27.36984054099992],[25.927339910000057,-27.372074957999928],[25.924300317000075,-27.374327792999903],[25.92144514700004,-27.376467360999918],[25.91840046100009,-27.37872010499995],[25.91562971100006,-27.380778327999895],[25.912879268000037,-27.38287218899996],[25.909759070000064,-27.385143199999963],[25.906574901000056,-27.38759349999992],[25.903410191000038,-27.389967622999905],[25.900040821000058,-27.39249080699994],[25.896726567000087,-27.395022489999924],[25.893142253000065,-27.39765878799995],[25.890171638000083,-27.399937345999955],[25.886651569000033,-27.40247904299991],[25.883650597000045,-27.404762078999923],[25.88081898900009,-27.40688272699993],[25.878316536000057,-27.408804165999925],[25.875683980000073,-27.410758345999913],[25.875514334000062,-27.41088427699992],[25.872672096000084,-27.4129914739999],[25.869994565000077,-27.41499453499994],[25.868318961000057,-27.416225364999946],[25.86603992400006,-27.417921404999955],[25.86347233300006,-27.419905702999923],[25.86081920200007,-27.4218771269999],[25.857846539000036,-27.424047459999937],[25.854924676000056,-27.426315958999904],[25.851867323000075,-27.42860318399994],[25.84850014300008,-27.43107135299994],[25.84502350100007,-27.433661024999935],[25.841741336000037,-27.436124006999925],[25.838469003000053,-27.438595786999937],[25.835366063000038,-27.440909732999966],[25.832407828000044,-27.4431422529999],[25.829249711000042,-27.445496730999928],[25.82759861000005,-27.446758427999956],[25.825304434000085,-27.448450295999926],[25.822055303000074,-27.45088934499996],[25.820201799000074,-27.45226234299993],[25.819315849000077,-27.452918617999956],[25.813836935000037,-27.457017431999933],[25.811536652000086,-27.458761901999928],[25.81107187600008,-27.45905878799993],[25.810882346000085,-27.45918893299995],[25.81011818600007,-27.45967263699992],[25.807783955000044,-27.460911094999926],[25.803354912000085,-27.463209735999957],[25.800595592000036,-27.464665475999936],[25.79671081300006,-27.466624819999925],[25.796098594000057,-27.46694700499995],[25.794056416000046,-27.46802171699995],[25.789856862000075,-27.47019319499992],[25.78270617600009,-27.473825260999938],[25.782399850000047,-27.4739848719999],[25.782184627000046,-27.474097013999945],[25.77947129900008,-27.475467347999935],[25.778551286000035,-27.475951663999926],[25.777882004000045,-27.47639667299995],[25.77744787100005,-27.4767439009999],[25.77696669800008,-27.47718663599994],[25.77648552600004,-27.477629371999907],[25.773818157000047,-27.48006130699991],[25.77372249700005,-27.480148523999958],[25.773141479000056,-27.480735506999906],[25.77270116400007,-27.48114393699996],[25.77073125200008,-27.48293969199995],[25.76876638100009,-27.48474206999993],[25.765020237000044,-27.48819079599991],[25.761427843000035,-27.491488332999946],[25.758768008000064,-27.49389780099995],[25.755686828000083,-27.49678723199992],[25.752004560000046,-27.499999999999936],[25.74999999000005,-27.501848592999927],[25.748792518000073,-27.50298484299992],[25.74776579700006,-27.5039509579999],[25.744789865000087,-27.506707024999915],[25.730678996000048,-27.519775362999948],[25.728243681000034,-27.52203075399996],[25.725091711000065,-27.524811837999962],[25.72193974000004,-27.527592922999933],[25.721597253000084,-27.52792474199993],[25.71637866800006,-27.53298079299992],[25.69944503100004,-27.548289969999928],[25.697636498000065,-27.55006630999992],[25.694276431000045,-27.553366565999905],[25.694118377000056,-27.55352180599994],[25.691026873000055,-27.55655808099994],[25.690470899000044,-27.557122761999956],[25.68819561600009,-27.559381719999916],[25.666929737000086,-27.580749060999945],[25.65822872500007,-27.589331320999918],[25.647426681000066,-27.600261486999955],[25.643049657000063,-27.604710120999922],[25.636369250000087,-27.611191089999913],[25.630801896000037,-27.616836037999906],[25.626769311000093,-27.62090421999995],[25.62656330300007,-27.621112045999947],[25.622484250000067,-27.62496081499995],[25.617082972000052,-27.630699027999924],[25.616526476000047,-27.6312862499999],[25.615210087000037,-27.63261824299991],[25.61133675500008,-27.636456345999935],[25.609184851000066,-27.63869137099994],[25.608501208000064,-27.63927839699994],[25.607480900000038,-27.640076699999955],[25.606878261000077,-27.640396314999926],[25.605774257000068,-27.640910992999924],[25.604481669000055,-27.641382453999938],[25.601764876000065,-27.642346983999918],[25.60028462400004,-27.642929832999922],[25.5943455,-27.6450837],[25.5928718,-27.6456142],[25.5917166,-27.6460271],[25.5902492,-27.646551],[25.5886385,-27.6471266],[25.5870958,-27.6476787],[25.5833637,-27.6490142],[25.5817944,-27.6495795],[25.5804519,-27.6500592],[25.5797513,-27.6503144],[25.5786679,-27.6506923],[25.5775593,-27.6510464],[25.5770285,-27.6511877],[25.5755078,-27.6515967],[25.5744531,-27.6518738],[25.573214,-27.652202],[25.5717896,-27.6525741],[25.5701398,-27.6529965],[25.5688171,-27.6533456],[25.5670349,-27.6538107],[25.5632071,-27.6548119],[25.5621651,-27.6550814],[25.5612554,-27.6553167],[25.5570224,-27.6564238],[25.5547938,-27.6570064],[25.552391,-27.6576281],[25.5364965,-27.6617804],[25.5350209,-27.662163],[25.5336226,-27.6625302],[25.5323093,-27.6628695],[25.5312657,-27.663139],[25.5305166,-27.6633326],[25.5280533,-27.6639815],[25.5257556,-27.6645777],[25.5253437,-27.6646812],[25.5189476,-27.6663456],[25.5078168,-27.6692644],[25.5063318,-27.6696331],[25.501745,-27.6708414],[25.5008427,-27.6710714],[25.4982091,-27.6717653],[25.4952246,-27.6725412],[25.4910735,-27.6736261],[25.4686414,-27.6794873],[25.461099,-27.6814592],[25.4556473,-27.6829022],[25.4517608,-27.6839065],[25.4504224,-27.684258],[25.449791,-27.6844522],[25.4490576,-27.6846899],[25.4486039,-27.6848473],[25.4477986,-27.6851787],[25.4468762,-27.6856005],[25.4454419,-27.6862611],[25.4308174,-27.6931424],[25.4249158,-27.6959208],[25.4210935,-27.6977251],[25.4054303,-27.7051127],[25.4011014,-27.7071411],[25.3969767,-27.7090857],[25.3933775,-27.7107894],[25.3917972,-27.7115458],[25.3910071,-27.7120211],[25.3898955,-27.7127641],[25.3857519,-27.7157831],[25.380391,-27.7196821],[25.3778844,-27.7215027],[25.372289,-27.7255555],[25.3689394,-27.7279818],[25.3610164,-27.7337572],[25.3557916,-27.7375552],[25.3550846,-27.7381173],[25.3543587,-27.7387899],[25.3516896,-27.7413363],[25.3494892,-27.7434477],[25.3480412,-27.7448631],[25.34727,-27.7456226],[25.3461206,-27.746777],[25.3444912,-27.7486005],[25.340737,-27.7525987],[25.3367862,-27.7568511],[25.334514,-27.7592767],[25.3322343,-27.7617423],[25.3311719,-27.762863],[25.3301133,-27.7637998],[25.3291984,-27.7644688],[25.3286729,-27.7647599],[25.3281701,-27.7650208],[25.3274631,-27.7653554],[25.3267296,-27.7656431],[25.3257391,-27.7659743],[25.3213536,-27.7673927],[25.3162459,-27.7690586],[25.3126543,-27.7702328],[25.3100796,-27.7710858],[25.3095919,-27.7712631],[25.3092252,-27.7714337],[25.3059197,-27.7730787],[25.2909508,-27.7808055],[25.2758426,-27.7885548],[25.2740902,-27.7894249],[25.2731419,-27.7898699],[25.2723294,-27.7902858],[25.27142,-27.790753],[25.2704977,-27.7912925],[25.269859,-27.7917199],[25.2692206,-27.7922674],[25.2686986,-27.792808],[25.2681554,-27.793434],[25.266847,-27.79505],[25.2654303,-27.7968286],[25.2639295,-27.7986742],[25.26269,-27.8002177],[25.2619595,-27.8011096],[25.2612477,-27.8018572],[25.2524243,-27.810306],[25.2449908,-27.8173654],[25.2436442,-27.8186459],[25.2398495,-27.8222883],[25.2388167,-27.8232839],[25.238697,-27.8234011],[25.2386099,-27.8234874],[25.2384833,-27.8235889],[25.2369221,-27.8250877],[25.2361008,-27.8258774],[25.2356942,-27.8262765],[25.2352584,-27.8266895],[25.2339573,-27.8279185],[25.2325593,-27.8292465],[25.2298715,-27.83192],[25.2209359,-27.8405494],[25.2151749,-27.8463713],[25.2122943,-27.8497499],[25.193365,-27.8729813],[25.1776987,-27.8919679],[25.1764399,-27.8934988],[25.1757048,-27.8942607],[25.1749072,-27.8948671],[25.1709085,-27.8978705],[25.1697362,-27.8986176],[25.1688828,-27.8990023],[25.16573,-27.9000525],[25.161206860000053,-27.901382859999956],[25.150793771000053,-27.90484142699995],[25.150117772000048,-27.905067021999916],[25.149546706000084,-27.905257598999935],[25.143575339000055,-27.907250371999908],[25.140949528000075,-27.908126660999926],[25.13878088400008,-27.90888087699994],[25.13437057100009,-27.91030507299991],[25.129973504000077,-27.91179799599991],[25.126987659000065,-27.91275613999994],[25.12468514100004,-27.91352116999991],[25.123533882000057,-27.913899971999907],[25.122687150000047,-27.914256490999936],[25.121816708000043,-27.914755904999932],[25.12163770500007,-27.914875737999914],[25.117188868000085,-27.91785399499991],[25.11519182500007,-27.91915611299992],[25.109882756000047,-27.922617748999926],[25.098773681000072,-27.929861120999927],[25.09761228600007,-27.930638454999954],[25.089737695000053,-27.93590900199991],[25.08385812900008,-27.939844257999944],[25.081666702000067,-27.941295602999958],[25.078080231000058,-27.94362458699994],[25.077367194000093,-27.944114800999955],[25.07604375200009,-27.94496736099995],[25.06936020000006,-27.949374230999926],[25.068401317000053,-27.950006947999967],[25.063728525000045,-27.95309027599995],[25.06106953100004,-27.95483809099995],[25.053347391000045,-27.9599140219999],[25.050044534000047,-27.96209625699992],[25.044046439000052,-27.96605926599994],[25.042781356000088,-27.966895120999936],[25.041284865000083,-27.967883868999937],[25.039795663000064,-27.968870794999923],[25.031137732000047,-27.974608589999946],[25.030297889000053,-27.975165171999947],[25.023619028000045,-27.979560308999904],[25.019573908000037,-27.982270197999934],[25.014633805000074,-27.985579649999917],[25.00659600900008,-27.990948831999955],[25.002497018000042,-27.993640113999962],[25.00104100200008,-27.994596092999927],[25.00000000000006,-27.995283128999922],[24.992758633000054,-27.999999999999943],[24.960196697000075,-28.021503175999957],[24.95854318300007,-28.022575238999927],[24.957946844000052,-28.02296397799995],[24.89904651600006,-28.060985500999944],[24.89894229700008,-28.061044258999928],[24.89102773800005,-28.066010836999908],[24.88858923400005,-28.0675862029999],[24.88649693200006,-28.06888695399994],[24.88433628100006,-28.070318095999937],[24.884071298000038,-28.07048201099991],[24.881013095000075,-28.072374526999912],[24.880280221000078,-28.07282127899992],[24.879423163000073,-28.07332458599996],[24.878965252000057,-28.073601026999942],[24.87848744600006,-28.07392662599995],[24.87832471400009,-28.074067971999916],[24.87799174400004,-28.074331164999936],[24.877743654000085,-28.074563571999942],[24.877460877000093,-28.07488022799993],[24.87716105000004,-28.07524875299993],[24.87683532400007,-28.07566589199991],[24.876560100000063,-28.07604553699992],[24.87636709300006,-28.076322657999928],[24.876186544000063,-28.0767361359999],[24.876056206000044,-28.077101291999952],[24.875882225000055,-28.077551952999954],[24.87577690200004,-28.07792669699994],[24.875694467000077,-28.078303536999954],[24.875611933000073,-28.07876510799992],[24.87559437100009,-28.079173317999906],[24.87557722700007,-28.07957106199996],[24.87556786000005,-28.07993046199994],[24.875615752000048,-28.080484552999906],[24.87570752600005,-28.08163008799995],[24.87579329600004,-28.082601371999942],[24.875803677000075,-28.083129259999904],[24.876127627000074,-28.08773987099993],[24.876196864000065,-28.088319065999944],[24.876379042000053,-28.091118427999955],[24.876618985000047,-28.094861379999937],[24.876637970000044,-28.095157530999924],[24.876656954000055,-28.095453681999924],[24.87680597800005,-28.097277926999933],[24.876940881000053,-28.09926313799991],[24.87711040100004,-28.100433552999906],[24.877151941000076,-28.101485734999933],[24.877220845000064,-28.102011688999937],[24.87720820000004,-28.102661281999914],[24.877188366000045,-28.10309971799996],[24.877131544000065,-28.10366896199992],[24.87705068500009,-28.104167710999945],[24.876963068000066,-28.10461303399995],[24.876822635000053,-28.105056865999938],[24.876704182000083,-28.10541318999994],[24.876521117000035,-28.10584904199993],[24.876327758000055,-28.106297878999943],[24.87617608800008,-28.10668701799995],[24.876002399000072,-28.107018926999952],[24.87573957800004,-28.107425649999932],[24.875458294000055,-28.107955617999945],[24.87518179600005,-28.108393097999897],[24.87484242100004,-28.10881499999994],[24.874399734000065,-28.109337508999946],[24.873932268000093,-28.109810995999904],[24.87318671600008,-28.11049880399992],[24.872362834000057,-28.111236885999915],[24.871538212000075,-28.11198912899994],[24.870011960000053,-28.113252879999948],[24.86940647700004,-28.113875468999925],[24.86926119600008,-28.114024201999936],[24.86808814400007,-28.11518342999995],[24.866511844000055,-28.116604913999943],[24.864779713000075,-28.11808244199994],[24.863838756000064,-28.11883452399991],[24.86336383800005,-28.11925599099992],[24.862837053000074,-28.119723694999955],[24.862501733000045,-28.120252136999902],[24.862336497000058,-28.12052989599993],[24.86215915200006,-28.120805114999936],[24.86206119400009,-28.12107987299992],[24.86183844100009,-28.121524236999903],[24.861760210000053,-28.121891143999907],[24.86169900100009,-28.122318886999935],[24.861661595000044,-28.12283526499994],[24.861614758000083,-28.123483466999915],[24.86157557000007,-28.124752673999932],[24.861589164000065,-28.126055049999927],[24.86181779900005,-28.12904273499993],[24.861863664000055,-28.130986219999965],[24.86194596300004,-28.134756680999942],[24.862016338000043,-28.138700378999946],[24.862126146000033,-28.14206318299994],[24.862202059000083,-28.14542640099995],[24.862368236000066,-28.15105261599996],[24.862376735000055,-28.151173177999905],[24.862483169000082,-28.15496287199993],[24.862525861000048,-28.157646854999943],[24.862806598000077,-28.166161491999965],[24.86280804200004,-28.166226912999953],[24.86291538100005,-28.17028649099995],[24.863045593000038,-28.1751824719999],[24.863102131000062,-28.178364102999918],[24.863104842000045,-28.17895405799992],[24.863061441000074,-28.179449310999924],[24.862941871000093,-28.179941599999946],[24.861319542000047,-28.187543829999935],[24.861302908000088,-28.18762177599996],[24.860277407000066,-28.192205172999937],[24.85912052900005,-28.197566422999962],[24.858286277000047,-28.201415668999918],[24.85706345900007,-28.20711375899992],[24.854922435000045,-28.216623062999922],[24.85490358200008,-28.21670380199992],[24.853906418000065,-28.22116534499992],[24.853313970000045,-28.224034866999936],[24.85319869600005,-28.224444945999945],[24.85312703900007,-28.224769348999928],[24.853027909000048,-28.225292959999933],[24.85261577600005,-28.22705255399995],[24.852430965000057,-28.227841599999916],[24.851945312000055,-28.23012227299994],[24.851462785000077,-28.2323378879999],[24.851061943000044,-28.234192474999922],[24.85066287100005,-28.236083064999956],[24.850329352000074,-28.237571644999946],[24.849976521000084,-28.239092324999955],[24.849930380000046,-28.23929936099996],[24.849851437000037,-28.239501216999944],[24.849780214000074,-28.239720315999936],[24.849662531000032,-28.240010016999914],[24.84949554800005,-28.240360028999934],[24.84934307000009,-28.240683889999953],[24.849201510000057,-28.240923574999954],[24.84902134200007,-28.2412286359999],[24.84874755700008,-28.241588454999942],[24.848531027000032,-28.241881563999932],[24.848306450000052,-28.242172408999924],[24.847939960000076,-28.242587075999946],[24.847397296000054,-28.24321431599992],[24.84703984300006,-28.243646765999923],[24.84612978800004,-28.244731253999937],[24.845456949000038,-28.24552102999991],[24.844980702000043,-28.24607100499992],[24.844140983000045,-28.247038706999945],[24.843821295000055,-28.247410373999912],[24.843619188000044,-28.247648358999918],[24.84344798400008,-28.247866888999905],[24.84327339500004,-28.248100212999926],[24.84312142700009,-28.24833374299993],[24.84294867000006,-28.248637540999944],[24.84273569800007,-28.24905480699994],[24.842298680000056,-28.24999999999995],[24.842341414000092,-28.250000007999915],[24.842197909000046,-28.250439869999926],[24.837129911000087,-28.261745635999937],[24.837079379000045,-28.261926252999963],[24.837054677000083,-28.262242199999942],[24.837030590000037,-28.262806384999923],[24.837110614000036,-28.2642504019999],[24.837151417000083,-28.265557398999924],[24.83729851200008,-28.26804103999996],[24.83729952800008,-28.26844716999996],[24.837249372000088,-28.26876317299992],[24.83566545800005,-28.277679207999945],[24.835615354000083,-28.27804033399991],[24.835617107000076,-28.27876241499991],[24.83564526500004,-28.279845486999932],[24.83613323900005,-28.291555858999917],[24.83613443500008,-28.29202973999992],[24.836060214000042,-28.29293247899994],[24.835860747000087,-28.294715064999924],[24.835785955000063,-28.295460278999936],[24.835163100000045,-28.301350838999948],[24.835241885000073,-28.30229842499995],[24.83614947800004,-28.30836674599994],[24.83697981200004,-28.314096740999954],[24.83698150400005,-28.314773680999906],[24.836906356000043,-28.31549614699992],[24.836400733000065,-28.31712155399992],[24.835943492000066,-28.31784439699993],[24.835282555000045,-28.31872563999991],[24.834595653000065,-28.319426394999933],[24.828796841000045,-28.323107670999942],[24.826859389000045,-28.324296447999927],[24.824026616000083,-28.32603416699992],[24.823568342000048,-28.3263960079999],[24.823161128000038,-28.326780304999932],[24.822830658000044,-28.327254766999935],[24.822550969000076,-28.3276388399999],[24.822297115000083,-28.32815828499992],[24.82209416900008,-28.328632503999934],[24.82191677700007,-28.329129232999943],[24.821867032000053,-28.3296708819999],[24.821868206000094,-28.330189884999932],[24.82206327400007,-28.337252429999918],[24.822228588000087,-28.342487239999915],[24.82222955500004,-28.34289340799996],[24.82215379300004,-28.343209447999914],[24.822121121000066,-28.343383649999907],[24.82179320900008,-28.345106880999932],[24.82167619200004,-28.345722622999908],[24.821414789000073,-28.347104530999953],[24.821271990000067,-28.347859434999926],[24.821145777000083,-28.348559167999955],[24.82038086500006,-28.352346306999944],[24.819960347000066,-28.354428092999918],[24.81988478000005,-28.35493209499993],[24.819857731000074,-28.355627707999922],[24.81978739000004,-28.356865416999927],[24.81966415900007,-28.358738535999922],[24.819565285000067,-28.360115176999955],[24.819593777000076,-28.361423895999906],[24.819570508000087,-28.36237166999991],[24.819444488000048,-28.363048840999912],[24.817548783000063,-28.37090474799993],[24.815240226000075,-28.380076286999948],[24.807172028000082,-28.4100727569999],[24.80707070900007,-28.41043397699991],[24.80681700000008,-28.411156469999927],[24.806157395000067,-28.41305304799993],[24.80229587900004,-28.42434728899992],[24.80076819200008,-28.428547887999912],[24.800168771000074,-28.43018991799994],[24.79991502300004,-28.430912373999938],[24.797706539000046,-28.437098823999925],[24.797579518000074,-28.437414952999912],[24.79750347200007,-28.43768584499992],[24.797326857000087,-28.438701571999967],[24.796872572000044,-28.441274724999918],[24.796243849000064,-28.444738684999937],[24.795603775000078,-28.448253219999913],[24.79502957700004,-28.451522283999918],[24.79472693000008,-28.453373101999937],[24.794298846000057,-28.456329824999962],[24.794197424000064,-28.456691031999927],[24.79394364300009,-28.45748121599992],[24.793406927000035,-28.459067168999923],[24.79315665900009,-28.459806688999947],[24.784611075000047,-28.485647802999956],[24.784327099000052,-28.486506293999916],[24.784302537000087,-28.486580546999907],[24.78174862500009,-28.49430062099992],[24.781187105000072,-28.495998149999934],[24.78061204300008,-28.497736063999916],[24.780225364000046,-28.498894625999917],[24.779823850000074,-28.499999999999947],[24.77972404600007,-28.500284151999946],[24.77944175400006,-28.50121071699994],[24.77887704500006,-28.503117080999917],[24.77880124300009,-28.503516495999918],[24.77869352200008,-28.509138812999936],[24.778589193000073,-28.511754946999936],[24.778488033000084,-28.51216225999991],[24.778453524000046,-28.512301157999968],[24.778230599000036,-28.51319812999992],[24.77742743200008,-28.516591170999902],[24.77733384700008,-28.516986494999905],[24.776231864000067,-28.521857360999938],[24.775062916000078,-28.526895118999885],[24.77498300900004,-28.52723939299996],[24.77497610100005,-28.52726942799995],[24.773745966000035,-28.53238818399996],[24.773600537000053,-28.53298273499991],[24.773479534000046,-28.533477532999935],[24.772848115000045,-28.536059658999925],[24.772745762000056,-28.536477881999932],[24.772438903000076,-28.537732550999923],[24.772437666000087,-28.537737691999954],[24.771080578000067,-28.54318951099993],[24.769875211000056,-28.54755033499992],[24.769696930000066,-28.548195442999937],[24.769406149000076,-28.55001243799995],[24.76882362300006,-28.553652738999922],[24.768320397000082,-28.558257449999925],[24.768308509000068,-28.55836597499995],[24.767896620000045,-28.561748773999906],[24.76766488900006,-28.563823465999906],[24.76694464800005,-28.56928090799994],[24.766867237000042,-28.570182974999902],[24.766939295000043,-28.57264481499993],[24.76696211000007,-28.57342461199994],[24.76738738400007,-28.587955338999915],[24.76756124400003,-28.593413298999906],[24.767751613000083,-28.59862315399993],[24.76776067800006,-28.598871297999953],[24.767886670000053,-28.600810975999927],[24.76798831000008,-28.60131570799995],[24.76801389700006,-28.6014426129999],[24.76844716800008,-28.603079916999942],[24.768777935000056,-28.60432996499992],[24.769057868000058,-28.605593188999933],[24.769065269000066,-28.605621983999924],[24.770127486000035,-28.609788731999917],[24.770228939000052,-28.610623335999946],[24.770278402000088,-28.61251776499995],[24.770327077000047,-28.615246714999966],[24.77047556000008,-28.62070469799994],[24.770455792000064,-28.625619216999958],[24.770451309000062,-28.626742009999926],[24.770442654000078,-28.62889150199993],[24.770440351000047,-28.629010598999912],[24.770430926000074,-28.629488882999908],[24.770401952000043,-28.630964063999947],[24.770386880000046,-28.63173557999993],[24.77037193700005,-28.632494372999933],[24.770366179000064,-28.632791394999913],[24.77033559100005,-28.634349311999923],[24.77030767300005,-28.637078213999928],[24.770637503000046,-28.639807357999928],[24.771220700000075,-28.645175374999965],[24.771454368000036,-28.64746205499995],[24.771778393000094,-28.650633569999915],[24.772210587000075,-28.653362787999914],[24.772998425000083,-28.65882117699993],[24.77383749000006,-28.664279552999922],[24.774320940000056,-28.66700884399995],[24.77508928500004,-28.671197766999907],[24.775162401000046,-28.671596422999936],[24.775257260000043,-28.672113855999957],[24.775822695000045,-28.675196514999925],[24.77589903900008,-28.675715359999906],[24.775973840000066,-28.677925516999956],[24.776097088000085,-28.683293265999897],[24.776120846000083,-28.686079528999933],[24.776143620000084,-28.688751110999934],[24.776141780000046,-28.691209081999933],[24.776140788000077,-28.692832992999918],[24.776261383000076,-28.700907272999927],[24.77618442100004,-28.701200383999947],[24.774722195000038,-28.703832055999957],[24.77213624900008,-28.708820544999924],[24.77041976000004,-28.711706089999957],[24.770389042000087,-28.71175990299991],[24.770305931000053,-28.71190493799991],[24.770237818000055,-28.712023831999943],[24.768779984000044,-28.714569184999892],[24.767985483000075,-28.716192454999945],[24.76791705100004,-28.71636088199994],[24.76781541800006,-28.71668696899992],[24.767779929000085,-28.71713948699994],[24.767778498000045,-28.718763299999917],[24.76795674500005,-28.71962039999994],[24.768603632000065,-28.721841720999926],[24.768622731000054,-28.721907258999924],[24.76873955500008,-28.722308606999952],[24.768747784000084,-28.722336681999934],[24.768823873000084,-28.72259801799993],[24.769011822000035,-28.723471644999904],[24.769020940000072,-28.723514247999955],[24.769027627000067,-28.72354538799994],[24.76912566800007,-28.7242058349999],[24.769154817000068,-28.724402488999942],[24.769205294000077,-28.72472224899991],[24.769221993000087,-28.72508913999991],[24.76923233900004,-28.7253188759999],[24.769212132000064,-28.72814023599995],[24.76922185600006,-28.728140161999928],[24.769227662000052,-28.728620088999957],[24.76925432300004,-28.729112321999935],[24.769257273000054,-28.729167635999943],[24.76927681500007,-28.729545087999945],[24.769710065000083,-28.7327924569999],[24.769964183000067,-28.73464199699992],[24.77009071200007,-28.73590466399992],[24.770144088000055,-28.736353632999915],[24.77019274300005,-28.736761630999915],[24.77026518500009,-28.73729273799995],[24.77039596900005,-28.738250806999925],[24.770523601000036,-28.738589102999928],[24.77111156900008,-28.739266165999933],[24.772057502000056,-28.7401463889999],[24.772799035000045,-28.74073320599995],[24.773668627000063,-28.741184892999915],[24.77469188000009,-28.741591535999937],[24.775203498000057,-28.741704627999923],[24.775817584000038,-28.741772683999958],[24.776406127000087,-28.741818137999935],[24.77689225000006,-28.741886158999943],[24.77740387200004,-28.74199924199991],[24.77796664000004,-28.74217998799992],[24.77855505900004,-28.742383328999956],[24.77893877300005,-28.74251893499991],[24.779885367000073,-28.74283527699992],[24.781909413000047,-28.743612424999927],[24.78197150400007,-28.74363625499994],[24.78400386700008,-28.74441645299992],[24.787534273000063,-28.745726622999932],[24.788199342000038,-28.746065292999955],[24.788992274000062,-28.746561874999937],[24.789478173000077,-28.74701322299996],[24.78988715700007,-28.747532119999896],[24.790170023000083,-28.747995781999897],[24.79024502600004,-28.74811869599995],[24.790783398000084,-28.749115179999933],[24.790905088000045,-28.749340392999958],[24.791037286000062,-28.74958511099993],[24.791088348000073,-28.74985577999991],[24.791110270000043,-28.749999999999936],[24.791705255000068,-28.75023857299994],[24.791695406000084,-28.750403581999933],[24.79165488300003,-28.75059967299995],[24.79160181300006,-28.750824164999926],[24.791553389000057,-28.751028453999936],[24.791426228000088,-28.75138970499996],[24.791220185000043,-28.751864495999936],[24.790916347000067,-28.75256462699991],[24.79088127000006,-28.752645452999964],[24.79027988000007,-28.75403121199992],[24.789666926000052,-28.755546426999956],[24.78949019000004,-28.755859868999945],[24.789330965000094,-28.75607002899994],[24.788457400000087,-28.75707829899994],[24.787830335000077,-28.757802827999917],[24.787432091000085,-28.758281934999964],[24.786929147000084,-28.758887014999914],[24.786910569000046,-28.758909361999947],[24.78677233700006,-28.75906243899993],[24.786671356000056,-28.759174339999962],[24.786502542000047,-28.759361293999923],[24.785595961000066,-28.760465672999942],[24.784944448000086,-28.76125917199994],[24.78472231100005,-28.76153067099994],[24.784408505000044,-28.761914174999962],[24.78399994900008,-28.762412744999956],[24.783667764000082,-28.762818051999933],[24.78340581300006,-28.763077754999934],[24.78305453300004,-28.763405615999947],[24.782775756000035,-28.763630913999926],[24.782531333000065,-28.76378038699994],[24.77983261800006,-28.765373564999944],[24.777382193000054,-28.766786432999936],[24.776968323000062,-28.767025062999938],[24.776053654000066,-28.767544485999906],[24.77489682300006,-28.76820142699996],[24.774719017000052,-28.768314635999964],[24.772339628000054,-28.769829696999928],[24.76984616000005,-28.77143673899991],[24.767813252000053,-28.772746948999952],[24.766022865000085,-28.77391471799995],[24.750000000000053,-28.78369551299994],[24.74360701200004,-28.787130190999893],[24.743018352000032,-28.787152929999934],[24.74240403000005,-28.78713076099996],[24.741738521000062,-28.78710858799991],[24.740919429000087,-28.787086505999923],[24.739946755000066,-28.78706459399995],[24.738283006000074,-28.787065493999936],[24.73805265000005,-28.787088165999933],[24.737796720000063,-28.78713339899992],[24.73741283700008,-28.787223800999932],[24.73697779400004,-28.787336770999957],[24.73667067300005,-28.78740457299994],[24.736389166000034,-28.78747237699991],[24.736107667000052,-28.787562726999905],[24.735800562000065,-28.78765308399995],[24.735519090000082,-28.787765968999906],[24.735160823000058,-28.78790145099992],[24.734776972000073,-28.78803694699992],[24.734393127000093,-28.788194971999925],[24.73390691200007,-28.788375613999914],[24.73298566600005,-28.78873685399993],[24.732345914000064,-28.78898521699996],[24.731680572000077,-28.789256138999928],[24.730964036000046,-28.78952706999991],[24.729198276000094,-28.790204379999913],[24.728174631000055,-28.790610739999924],[24.727509260000094,-28.790859084999905],[24.72676710700006,-28.791130016999954],[24.72610174600004,-28.79140089199996],[24.725564318000064,-28.791604088999918],[24.72474538000006,-28.791920118999943],[24.724131167000056,-28.792145889999915],[24.723516966000094,-28.792394185999903],[24.723081896000053,-28.792552213999954],[24.722262944000082,-28.792868246999944],[24.72198144300006,-28.792981103999928],[24.721520794000075,-28.793184242999914],[24.721264891000086,-28.793319641999915],[24.721008992000066,-28.79347758599994],[24.72039484000004,-28.79383862199996],[24.72016454900006,-28.794019106999944],[24.719883081000095,-28.79422215699991],[24.719576021000083,-28.79444776699995],[24.71937132900007,-28.79460569999992],[24.719243402000075,-28.79476358599993],[24.71903874200007,-28.794989158999957],[24.718859667000057,-28.795214719999933],[24.718501511000056,-28.795643284999926],[24.718168951000052,-28.79609439299992],[24.717964311000056,-28.796342511999907],[24.71778525800005,-28.796658268999924],[24.71765739500006,-28.796906358999934],[24.717529563000088,-28.79722208099992],[24.71737619500004,-28.79769568099994],[24.71712057800005,-28.798439894999944],[24.716609306000066,-28.79988321999992],[24.71637923700007,-28.800582326999912],[24.716174737000077,-28.801191213999925],[24.715970231000085,-28.801777563999906],[24.71574016400007,-28.80247666999992],[24.715433394000062,-28.80337872699994],[24.715101038000057,-28.804325907999953],[24.714845409000077,-28.805137759999923],[24.714589755000077,-28.80588197099991],[24.714155131000037,-28.807167413999935],[24.713771684000047,-28.80838518099995],[24.713132502000065,-28.810279523999938],[24.71287686800008,-28.811136467999916],[24.712467764000053,-28.812309158999934],[24.71136834600009,-28.815714405999937],[24.710575672000065,-28.818104844999937],[24.707916155000078,-28.826290927999935],[24.70758370200008,-28.82732827299992],[24.706688543000038,-28.830011849999956],[24.706509518000075,-28.83059817799994],[24.706253728000032,-28.831342367999923],[24.706023538000068,-28.832063998999963],[24.705777198000074,-28.83279455399991],[24.70574215100004,-28.832898369999953],[24.70546081300006,-28.833777859999945],[24.70515386800008,-28.83470245399991],[24.704667869000048,-28.836190818999913],[24.70418184500005,-28.837656625999944],[24.70259581900007,-28.842527595999915],[24.701828335000073,-28.844895419999947],[24.700114108000037,-28.850036972999934],[24.69978146500006,-28.850984105999938],[24.699116148000087,-28.852855803999947],[24.698962618000053,-28.853329369999926],[24.698860247000084,-28.853554887999913],[24.698757855000053,-28.853757840999936],[24.698629872000083,-28.85398336699995],[24.698425087000093,-28.85436674299995],[24.698169096000072,-28.85479522199995],[24.697631519000083,-28.855764949999912],[24.69686355000005,-28.857208228999927],[24.696121172000062,-28.85862896599992],[24.695685958000073,-28.85941826599992],[24.69535315200005,-28.86004970799991],[24.694866736000044,-28.860951749999913],[24.69276737600006,-28.864943294999936],[24.692101696000066,-28.86618359999993],[24.691768846000056,-28.866792476999933],[24.69123115900004,-28.867807266999936],[24.68997649000005,-28.87008491299991],[24.689669223000067,-28.870648673999938],[24.689413153000086,-28.871099692999902],[24.689182698000078,-28.87152815799994],[24.688952248000078,-28.871979168999935],[24.68872178900006,-28.872407631999927],[24.688491337000073,-28.872858642999923],[24.688358846000085,-28.87310654799995],[24.68828649400007,-28.87324201199994],[24.688030419000086,-28.873715566999913],[24.68774873900008,-28.874256779999936],[24.68751827600005,-28.874707789999945],[24.687082956000037,-28.8755872609999],[24.68667322400006,-28.876376516999926],[24.686314703000047,-28.87705303099995],[24.685879347000082,-28.8778873949999],[24.685443976000045,-28.878699210999912],[24.68500861600006,-28.879533562999942],[24.684522010000084,-28.88045811599994],[24.683984189000057,-28.881472878999947],[24.683497334000037,-28.882374898999945],[24.68242225800009,-28.884426795999957],[24.681807170000067,-28.885667161999944],[24.681422979000047,-28.886433867999926],[24.681115623000036,-28.887065253999932],[24.68085949100003,-28.887583899999917],[24.680705810000063,-28.887899596999944],[24.680552123000037,-28.88823784099992],[24.680424066000057,-28.88857608899992],[24.680296014000078,-28.888936874999963],[24.68014234300006,-28.889342769999924],[24.67996306000009,-28.889861398999923],[24.679732545000036,-28.890492792999908],[24.679553263000063,-28.89103395899991],[24.67924591000008,-28.89193593899995],[24.678912936000078,-28.892860459999948],[24.678708016000087,-28.893401639999936],[24.67852872900005,-28.893965380999937],[24.67834942400009,-28.894461459999942],[24.678195748000064,-28.89491243899993],[24.678067664000086,-28.895250674999946],[24.67788835400006,-28.895746762999924],[24.677709048000057,-28.896265398999958],[24.677452903000074,-28.89698696599993],[24.677196766000066,-28.89775363699995],[24.676940594000087,-28.898475203999897],[24.676710049000064,-28.89906148199992],[24.67655633800007,-28.899467372999943],[24.676402636000095,-28.899918350999936],[24.675967139000083,-28.901068359999957],[24.67568534700007,-28.901880127999917],[24.674916775000042,-28.903954629999927],[24.674634967000088,-28.904766405999908],[24.67443000800006,-28.905307562999948],[24.67427629700006,-28.905803641999903],[24.67404571600008,-28.906570303999963],[24.673763891000082,-28.9074722599999],[24.673661402000047,-28.9077653939999],[24.67358456200009,-28.908081079999928],[24.67350769500007,-28.90837420999991],[24.673456467000047,-28.908734997999954],[24.67341534700006,-28.90909713599998],[24.673405246000073,-28.909185973999907],[24.673354045000053,-28.910042806999904],[24.673277204000044,-28.91058397799992],[24.67325160000007,-28.910944751999928],[24.67320036500007,-28.91128298299993],[24.67314912200004,-28.911531022999952],[24.673072271000077,-28.911869246999906],[24.672867301000053,-28.912726103999958],[24.672790433000046,-28.913041781999922],[24.672687952000043,-28.913312376999944],[24.672534201000076,-28.91360550899992],[24.672277955000084,-28.914056479999957],[24.67202170300004,-28.914484911999924],[24.671510163000047,-28.91535944799994],[24.671124793000047,-28.9160182459999],[24.670432878000042,-28.917168237999928],[24.66951032700007,-28.9187240949999],[24.667434445000087,-28.922196576999916],[24.665666015000056,-28.925218054999906],[24.664666409000066,-28.926954276999943],[24.66430756300008,-28.92756307499991],[24.664102512000056,-28.927901297999934],[24.663999977000064,-28.928126782999925],[24.663871811000035,-28.928442451999967],[24.663769284000065,-28.92875812599993],[24.66364112200006,-28.929231636999926],[24.66320533200008,-28.93090021399991],[24.663179785000064,-28.93112569099992],[24.663179769000067,-28.931373732999933],[24.663205387000062,-28.93186979699994],[24.663282255000066,-28.93256879499995],[24.66335912500006,-28.933380540999917],[24.663435985000035,-28.934169738999913],[24.66348720400009,-28.93495892999995],[24.66348719700005,-28.935703019999963],[24.663512792000066,-28.936762802999915],[24.66353837300005,-28.93798041199994],[24.663589589000082,-28.93971663199995],[24.66364077700007,-28.941159733999946],[24.663640775000093,-28.941543053999915],[24.663640649000058,-28.94181364499991],[24.663615053000058,-28.94208420899993],[24.663589407000078,-28.94226459299995],[24.663538118000076,-28.94253518799991],[24.663461211000083,-28.942873417999913],[24.663333030000047,-28.94334691999995],[24.663204839000063,-28.94373024099992],[24.663051013000086,-28.944226300999947],[24.662948451000087,-28.94458706299992],[24.662435684000055,-28.946300733999923],[24.66184597700004,-28.948262406999955],[24.660520353000038,-28.952801338999905],[24.660153626000064,-28.95405724299991],[24.658589325000037,-28.959333460999908],[24.657794282000058,-28.96206175099991],[24.657563448000076,-28.96287346899992],[24.65733263000004,-28.963640090999945],[24.657316165000058,-28.96369797599993],[24.65717873700004,-28.96418122399996],[24.656768377000052,-28.965488997999955],[24.656281036000053,-28.96715752699993],[24.655768031000033,-28.96889369899992],[24.655511527000044,-28.969773057999937],[24.65525501900004,-28.970674964999944],[24.654972847000064,-28.971644514999927],[24.654716328000063,-28.97243367299996],[24.654203279000054,-28.97419238899994],[24.65404935300006,-28.974756074999895],[24.653869795000052,-28.97531977099994],[24.65371585400004,-28.975906005999942],[24.653484967000058,-28.976627527999945],[24.653331033000086,-28.97719122299993],[24.652484420000064,-28.98007729699992],[24.65212523100007,-28.981272310999948],[24.651791689000046,-28.982422219999936],[24.65094498900004,-28.985263198999913],[24.650611409000078,-28.986413115999937],[24.650226529000065,-28.987698306999906],[24.649892933000046,-28.98884822199995],[24.64976463000005,-28.98929916699996],[24.649687653000054,-28.98959227799992],[24.649585009000084,-28.989885395999927],[24.64945672900006,-28.99020105399996],[24.649148817000086,-28.991012740999913],[24.648969217000054,-28.991463683999935],[24.648815262000085,-28.99189207899991],[24.648686966000067,-28.992230283999962],[24.648609986000054,-28.99247829799993],[24.648481670000077,-28.992974346999915],[24.648327697000067,-28.99347037599994],[24.648199357000067,-28.993988972999947],[24.647916991000045,-28.99531927799996],[24.647814317000037,-28.995792768999934],[24.647737306000064,-28.99613097599991],[24.64763466000005,-28.99644663299994],[24.64748067900007,-28.99689757399994],[24.64727538200009,-28.997528896999942],[24.64678779900003,-28.998904248999906],[24.646244993000035,-29.000056441999902],[24.646157151000068,-28.99999999999995],[24.645575381000068,-29.001827331999955],[24.645156507000085,-29.003152944999954],[24.644700900000085,-29.004315761999926],[24.641675699000075,-29.010130229999948],[24.640070017000085,-29.013269835999957],[24.63942225800008,-29.014498306999936],[24.63701465800006,-29.019064295999947],[24.635691477000076,-29.021573695999898],[24.633362043000087,-29.025991445999928],[24.633251680000058,-29.026200746999912],[24.63115730900006,-29.030131069999936],[24.630052984000084,-29.032101290999947],[24.62883478500004,-29.034037645999945],[24.62822270800007,-29.034966023999917],[24.62793251800008,-29.035392506999923],[24.62662032500009,-29.03736292099995],[24.62569738700006,-29.03885843699993],[24.623660856000072,-29.041943642999914],[24.623409960000057,-29.042418267999956],[24.619400023000082,-29.0506946879999],[24.615785137000046,-29.058155729999964],[24.607942883000078,-29.074272758999943],[24.606586094000075,-29.077075117999918],[24.600263529000074,-29.090133968999897],[24.599724520000052,-29.091235463999908],[24.592467818000042,-29.106064946999933],[24.59202567300008,-29.107041714999927],[24.590181382000083,-29.110836316999958],[24.589223755000088,-29.11280662099994],[24.586543579000082,-29.118321041999934],[24.585957346000047,-29.119400845999913],[24.58435612500006,-29.12241453999991],[24.583720100000047,-29.123674679999905],[24.581881933000087,-29.127316593999925],[24.576397521000043,-29.13818272399993],[24.575537326000074,-29.13963514599994],[24.566820174000046,-29.15435386599995],[24.566125507000038,-29.155518199999918],[24.56595704500006,-29.155800559999932],[24.562810280000065,-29.161074866999908],[24.557208940000066,-29.170463295999916],[24.55124102800005,-29.180365000999924],[24.549051336000048,-29.18399804499996],[24.54881309500007,-29.184393322999934],[24.547691192000055,-29.186254735999906],[24.540409350000065,-29.19842366399991],[24.538114934000077,-29.20225793799994],[24.537754571000047,-29.202860150999925],[24.530068997000058,-29.215913869999945],[24.52877205100009,-29.21811669299996],[24.527851030000082,-29.21969812499993],[24.52614634700007,-29.222484677999944],[24.524849102000076,-29.224605214999933],[24.523732103000043,-29.226349439999925],[24.522824541000087,-29.22751225699994],[24.521009423000063,-29.229675096999927],[24.51772651700008,-29.233729508999936],[24.51735591000005,-29.23418720999989],[24.51300427500007,-29.2393268639999],[24.510956446000076,-29.242001343999895],[24.510210194000088,-29.243375165999915],[24.510072157000085,-29.243629286999933],[24.509467117000042,-29.24507117999992],[24.507768350000052,-29.249999999999943],[24.500000000000053,-29.265315055999917],[24.499642760000082,-29.265730277999914],[24.49871339600009,-29.26676886199994],[24.49550435700007,-29.270517318999907],[24.493910226000086,-29.272347576999948],[24.492158494000083,-29.274394015999928],[24.49124240500004,-29.27543495599992],[24.490329441000082,-29.276396523999956],[24.48850898200004,-29.278063403999912],[24.486980451000075,-29.27946751299993],[24.48607295500005,-29.28027610399995],[24.48493499100005,-29.28127069399995],[24.48420329400005,-29.28191020399993],[24.48403448500005,-29.282032189999935],[24.48384794900005,-29.282166985999933],[24.483306731000084,-29.282538500999912],[24.481994688000043,-29.283150407999923],[24.48126213100005,-29.283390799999943],[24.48063891100008,-29.28353284999992],[24.480083479000086,-29.28364211899993],[24.47926891900005,-29.28382241399993],[24.478399690000057,-29.284062804999905],[24.477945614000078,-29.284202239999964],[24.47742112500004,-29.28436329599992],[24.476704968000032,-29.284620077999932],[24.47481343900006,-29.285576708999933],[24.47451823000006,-29.28576246699993],[24.47398794600008,-29.286101200999948],[24.473115437000047,-29.286805986999916],[24.472639821000083,-29.287253989999954],[24.472257143000036,-29.28768560299994],[24.470961500000044,-29.289357946999928],[24.46802033700004,-29.29310094099992],[24.46695757400005,-29.294441393999932],[24.466322335000086,-29.295242615999932],[24.465043093000077,-29.29684939799995],[24.462101930000074,-29.300625172999954],[24.45916295300009,-29.3043681659999],[24.45856842100005,-29.30512417999995],[24.456210856000045,-29.30812208699996],[24.45329702800007,-29.31187600799995],[24.452539323000053,-29.312853966999896],[24.450330718000085,-29.31564631899994],[24.44862608100004,-29.317815385999946],[24.447367687000053,-29.31941662999992],[24.44612580700004,-29.321028653999925],[24.445549414000084,-29.321776842999945],[24.44448337900008,-29.323165086999953],[24.442659995000042,-29.32546579599994],[24.44150394800005,-29.326924470999934],[24.439281846000085,-29.32976044799994],[24.438554038000063,-29.330689318999937],[24.435612875000064,-29.33444870299991],[24.43263344400009,-29.338208086999934],[24.431826538000053,-29.33925160699995],[24.42960153200005,-29.341972934999948],[24.42675330500009,-29.34573778199995],[24.424924098000076,-29.34810345899996],[24.42384713000007,-29.34947531299991],[24.42214878200008,-29.351623653999926],[24.422063548000043,-29.351731471999926],[24.420862232000047,-29.353251087999922],[24.420083335000072,-29.354244116999947],[24.417917789000057,-29.357005007999934],[24.414982093000052,-29.360758928999935],[24.412270421000073,-29.364178088999946],[24.41201359500008,-29.364501922999917],[24.411135620000035,-29.365605540999915],[24.409731965000045,-29.36742877299991],[24.409091019000073,-29.368261306999962],[24.406144390000065,-29.37204254499993],[24.40444773700006,-29.37420838599991],[24.404244114000047,-29.374468318999895],[24.403194480000078,-29.37580192899992],[24.403066010000092,-29.37596511999994],[24.40024785000009,-29.379544922999916],[24.397418230000085,-29.38266072899995],[24.39683872500007,-29.38329884299992],[24.39353128300007,-29.387080080999915],[24.39030803100008,-29.39080668499992],[24.386962321000052,-29.394593385999936],[24.386728831000084,-29.394860648999945],[24.383558664000073,-29.398489356999892],[24.38031135600005,-29.40211215399996],[24.378937231000066,-29.403689096999916],[24.377064050000058,-29.405838757999888],[24.376634356000068,-29.406297687999935],[24.376151440000058,-29.406841278999934],[24.37368772600007,-29.409614531999914],[24.373255845000074,-29.410117170999907],[24.370303748000083,-29.413357525999917],[24.369655381000083,-29.414084165999956],[24.369414840000047,-29.414357338999935],[24.36802940000007,-29.41596325699993],[24.36694929100008,-29.417215252999945],[24.36669760700005,-29.41750932899992],[24.365450399000057,-29.41896660699991],[24.36535719500006,-29.41907550999991],[24.36381132200006,-29.42088175799995],[24.362813077000055,-29.422078254999914],[24.360686473000044,-29.424695776999958],[24.357597706000032,-29.428444233999926],[24.356932206000067,-29.42927721899991],[24.355921570000078,-29.430542200999923],[24.354560326000072,-29.43220908199993],[24.35369656400007,-29.433154259999924],[24.352013688000056,-29.434833141999956],[24.35088113900008,-29.435963001999944],[24.35029219200004,-29.4365383729999],[24.349377214000075,-29.437432258999934],[24.349030064000086,-29.4377714059999],[24.347942162000038,-29.438858633999928],[24.34707293400004,-29.439700532999957],[24.343588583000045,-29.443152972999947],[24.34329534300008,-29.44344352699995],[24.342154959000084,-29.444579924999907],[24.33944887100006,-29.447230227999906],[24.33562754600007,-29.450956830999935],[24.33544219600009,-29.451166531999935],[24.33527985500007,-29.451350199999926],[24.331819341000084,-29.454748995999918],[24.328043937000075,-29.458481062999915],[24.327846706000063,-29.458675115999945],[24.325244918000067,-29.46123496099994],[24.324200744000045,-29.462262300999953],[24.321485910000035,-29.464923003999953],[24.320348805000037,-29.466043538999937],[24.316636817000077,-29.469764678999926],[24.315708906000058,-29.470732183999928],[24.314567069000077,-29.471922743999922],[24.31306915300007,-29.473529526999922],[24.311290313000086,-29.475416589999956],[24.30950476900006,-29.477310764999917],[24.30893621800004,-29.477928134999953],[24.30768103000008,-29.47926121799992],[24.307298351000046,-29.479649123999938],[24.305964441000068,-29.481064684999918],[24.302664246000063,-29.48454118899991],[24.302416457000053,-29.484802215999945],[24.300767656000065,-29.486534130999935],[24.29880505900007,-29.488567062999948],[24.29525160900005,-29.492348300999936],[24.293908952000038,-29.493801580999953],[24.293584574000075,-29.494140662999936],[24.29295772100005,-29.49479592999996],[24.291722214000064,-29.49610222199994],[24.29051413500008,-29.497370765999896],[24.28801022500005,-29.49999999999995],[24.28717221700009,-29.500796747999914],[24.285461626000085,-29.50260806599993],[24.284747964000076,-29.50336733699993],[24.281314827000074,-29.50701988099991],[24.276173181000043,-29.513097883999922],[24.276024136000046,-29.513274071999938],[24.275747224000042,-29.513601412999954],[24.273953724000076,-29.515721530999944],[24.27313084900004,-29.51677584499993],[24.272717301000057,-29.517416867999945],[24.272016802000053,-29.518487655999937],[24.271117969000045,-29.519976346999954],[24.270704422000055,-29.520583631999948],[24.270400591000055,-29.52105174799994],[24.27016171200006,-29.521312872999946],[24.27002287100004,-29.521464643999934],[24.267663963000075,-29.524315113999926],[24.26586560300007,-29.52638375599992],[24.26512360000004,-29.52723727699992],[24.264549697000064,-29.527907820999932],[24.26393781500008,-29.52867114499992],[24.26268658200007,-29.530121485999928],[24.260766430000047,-29.53233486199991],[24.26021373700007,-29.53297195599993],[24.259669373000065,-29.533608761999904],[24.259061518000067,-29.53434172999994],[24.25839282100009,-29.535148059999923],[24.258061639000058,-29.535496375999898],[24.25767544300004,-29.535902553999904],[24.25726611500005,-29.536400189999945],[24.25667111300004,-29.53716773099996],[24.255629094000085,-29.53881211799995],[24.254111734000045,-29.541117634999914],[24.253641973000075,-29.541812437999912],[24.25183313600007,-29.544608653999937],[24.250000000000053,-29.54742448499991],[24.249617869000076,-29.547991581999955],[24.245969983000066,-29.553521129999915],[24.243926264000034,-29.556661735999903],[24.243342210000037,-29.557559256999927],[24.24300483500008,-29.558077704999917],[24.24152158800007,-29.56035702699995],[24.239712596000057,-29.56315200599994],[24.236895616000083,-29.56733469799992],[24.23539593000004,-29.569704353999946],[24.235009218000073,-29.570276904999947],[24.234301563000088,-29.571324630999925],[24.233632785000058,-29.57242844499996],[24.233275834000036,-29.57315060699995],[24.232801877000046,-29.57428198899992],[24.23231207400005,-29.575389526999906],[24.229721441000038,-29.58123940799993],[24.227046074000047,-29.587447686999962],[24.226675233000037,-29.58830823699993],[24.223686006000033,-29.59520489399995],[24.222733506000058,-29.597321372999946],[24.221515106000084,-29.600156264999956],[24.221137178000046,-29.601035600999914],[24.220666186000077,-29.602131473999922],[24.217626969000037,-29.609087061999958],[24.217463913000078,-29.60946757199991],[24.21586539300006,-29.613197897999957],[24.21418856100007,-29.61711097199992],[24.21412654000005,-29.617255702999955],[24.21357960000006,-29.618409639999925],[24.213032659000078,-29.619553454999895],[24.212668825000037,-29.620107324999935],[24.212161604000073,-29.620879470999913],[24.21060180900008,-29.623055372999946],[24.209568700000098,-29.624351021999928],[24.208495076000073,-29.625778260999947],[24.20538561400008,-29.630029225999923],[24.20459705000008,-29.63107715399991],[24.203511835000086,-29.632519300999952],[24.202600267000037,-29.633713725999947],[24.20176972700006,-29.6350701089999],[24.201312701000063,-29.636245307999953],[24.20109111500005,-29.637003077999903],[24.20083790200005,-29.63906801799994],[24.200848031000078,-29.64011060999991],[24.201010087000043,-29.641365769999943],[24.201202530000046,-29.642175549999937],[24.201496257000088,-29.642995452999912],[24.201800113000047,-29.643906074999897],[24.20228628200005,-29.644989155999955],[24.20234652700009,-29.645127982999952],[24.202406287000088,-29.64526569399993],[24.20265560900009,-29.645840231999944],[24.202820499000044,-29.646220202999928],[24.203385255000057,-29.64752162699995],[24.20363389800008,-29.64809459899994],[24.205000731000037,-29.651244326999908],[24.205973070000084,-29.653491467999906],[24.206540268000083,-29.655080661999932],[24.20683399500006,-29.656487655999907],[24.206974389000038,-29.657708898999932],[24.207053781000067,-29.659407627999933],[24.207272319000086,-29.664083648999892],[24.207157168000037,-29.667461368999916],[24.20714861600004,-29.667701911999913],[24.2070552,-29.6731698],[24.2070426,-29.6737329],[24.2070299,-29.6744758],[24.2070081,-29.6754362],[24.2069943,-29.6759474],[24.2069817,-29.676798],[24.2069587,-29.6776736],[24.2069357,-29.6786451],[24.2068461,-29.6824019],[24.206838,-29.6828551],[24.2067806,-29.6859749],[24.2067541,-29.6871708],[24.2067404,-29.6877518],[24.206647,-29.6920138],[24.206525,-29.6984288],[24.2062606,-29.7094878],[24.2061344,-29.715675],[24.2061143,-29.7167092],[24.2060834,-29.7178699],[24.2060385,-29.7203064],[24.2057854,-29.7319411],[24.2056932,-29.735915],[24.2056744,-29.7370189],[24.2056596,-29.7376862],[24.2055154,-29.7437904],[24.2054363,-29.7477119],[24.2053868,-29.7497922],[24.2053411,-29.7516696],[24.205323,-29.7520352],[24.2052895,-29.7524718],[24.2052332,-29.7528991],[24.2051902,-29.7532006],[24.2051007,-29.7536829],[24.2049754,-29.7542757],[24.2042045,-29.756761],[24.2030042,-29.7606624],[24.2027709,-29.7614215],[24.2024061,-29.7625834],[24.2003395,-29.769275],[24.2000203,-29.7703087],[24.1999157,-29.7706614],[24.1996407,-29.7715438],[24.1995469,-29.771914],[24.1994531,-29.7723432],[24.1993846,-29.7726893],[24.1992143,-29.7736415],[24.199115,-29.7742712],[24.1989648,-29.7750931],[24.1988683,-29.7756716],[24.1985598,-29.7773897],[24.1982219,-29.7793406],[24.1978236,-29.7816185],[24.1976169,-29.7828044],[24.1974413,-29.7838371],[24.1972469,-29.7848962],[24.1970918,-29.7858079],[24.1962719,-29.7904946],[24.1960385,-29.7918261],[24.1951561,-29.7968469],[24.1950448,-29.7975277],[24.1948892,-29.7984052],[24.1925628,-29.8117263],[24.1910845,-29.8201062],[24.1907385,-29.8220854],[24.1904166,-29.8239225],[24.1900818,-29.8258262],[24.1898467,-29.8271523],[24.1893599,-29.829936],[24.187772,-29.8388943],[24.1877002,-29.8393108],[24.1873864,-29.8410935],[24.1872221,-29.8420358],[24.1856235,-29.8511599],[24.1845816,-29.8570557],[24.1841604,-29.8594432],[24.1839109,-29.8608558],[24.1838164,-29.8613919],[24.1829929,-29.8660853],[24.1828193,-29.8670791],[24.1815754,-29.8741643],[24.1813722,-29.8753202],[24.1810618,-29.8770477],[24.1807868,-29.8784592],[24.1807339,-29.8787155],[24.1795408,-29.8847422],[24.1782071,-29.8914831],[24.1776869,-29.8941247],[24.1775984,-29.8945514],[24.1773301,-29.8959163],[24.1768809,-29.8981776],[24.1765161,-29.9000122],[24.1758589,-29.9033221],[24.1756229,-29.9045381],[24.1755036,-29.9051345],[24.1752286,-29.9065133],[24.175065,-29.9073317],[24.1747834,-29.9087604],[24.1745178,-29.9100903],[24.1742416,-29.9114981],[24.1737724,-29.9138506],[24.1735878,-29.9147773],[24.1731513,-29.9169778],[24.172653,-29.9194967],[24.1726121,-29.9196966],[24.1723902,-29.9208066],[24.1710404,-29.9275946],[24.1708097,-29.9287243],[24.1705857,-29.9298796],[24.1704033,-29.9307861],[24.1701914,-29.9318833],[24.1701244,-29.9322052],[24.1700292,-29.9326864],[24.1699152,-29.933343],[24.1698293,-29.9338312],[24.1697516,-29.9344448],[24.1696858,-29.9349829],[24.1696349,-29.9355105],[24.1695383,-29.9368122],[24.1693921,-29.938696],[24.1693036,-29.9397966],[24.1692017,-29.9410784],[24.1691306,-29.9419779],[24.1690502,-29.9430726],[24.1689496,-29.9443555],[24.1688477,-29.9456415],[24.1686237,-29.9486458],[24.1682797,-29.9531318],[24.1681771,-29.9544855],[24.1681315,-29.9549915],[24.1680852,-29.9556765],[24.1680071,-29.9567025],[24.1673045,-29.965896],[24.1662258,-29.9799948],[24.1661158,-29.9813888],[24.1660233,-29.9825899],[24.16592,-29.9839374],[24.1658154,-29.9852721],[24.1656987,-29.9867857],[24.1655566,-29.9886622],[24.1654721,-29.9897413],[24.1654392,-29.9900921],[24.165401,-29.9904562],[24.1653554,-29.9907449],[24.1652884,-29.9911049],[24.1651945,-29.9915347],[24.1650631,-29.992026],[24.1649175,-29.9925383],[24.1647714,-29.9930528],[24.1645789,-29.99373],[24.1644636,-29.9941324],[24.1643241,-29.9946179],[24.1640881,-29.9954577],[24.1639157,-29.9960588],[24.1637173,-29.9967545],[24.1634953,-29.9975396],[24.1633478,-29.9980623],[24.1631399,-29.9987934],[24.1628663,-29.9997539],[24.1626417,-30.0005472],[24.162519,-30.0009734],[24.1624479,-30.0012255],[24.1616829,-30.0038834],[24.1612704,-30.0053443],[24.16109,-30.0059761],[24.1609807,-30.0063623],[24.1604584,-30.0082018],[24.1603491,-30.0085845],[24.1597697,-30.0106302],[24.1596657,-30.0109721],[24.1595384,-30.0114419],[24.1593479,-30.0121044],[24.1591635,-30.0127455],[24.1590871,-30.0130207],[24.1584202,-30.0153781],[24.1580636,-30.0165948],[24.1576165,-30.0182124],[24.1573329,-30.0191665],[24.1572437,-30.0194267],[24.157176,-30.0196206],[24.1571224,-30.0197588],[24.1569252,-30.0202465],[24.1568448,-30.0204337],[24.1566563,-30.0208433],[24.1564089,-30.0213763],[24.1562828,-30.021648],[24.1560126,-30.022235],[24.1557967,-30.0227058],[24.1553286,-30.0237161],[24.152924,-30.028919],[24.1524721,-30.0298944],[24.1515166,-30.0319586],[24.1511719,-30.032707],[24.1509855,-30.0331099],[24.1507669,-30.0335703],[24.1504692,-30.0342054],[24.1501788,-30.0348352],[24.149873,-30.0354918],[24.1496397,-30.0360113],[24.1495371,-30.0362331],[24.1494218,-30.0364867],[24.149297,-30.0367683],[24.1491904,-30.0370138],[24.1491099,-30.0372211],[24.1490255,-30.0374579],[24.1489115,-30.0377824],[24.1484702,-30.0392528],[24.1482201,-30.0400817],[24.1480183,-30.0407324],[24.1477936,-30.0414859],[24.146818,-30.0446901],[24.1465665,-30.0455236],[24.1464613,-30.0458631],[24.1461508,-30.0468929],[24.1460837,-30.0471111],[24.1459932,-30.0474361],[24.1459704,-30.0475128],[24.145906,-30.0477536],[24.1458403,-30.0480282],[24.1457679,-30.0483631],[24.1451636,-30.051533],[24.1445247,-30.054927],[24.1442672,-30.0562932],[24.1440062,-30.0576591],[24.1436128,-30.0597261],[24.143136,-30.0622414],[24.1429724,-30.0631073],[24.1428786,-30.0635308],[24.1427266,-30.0644598],[24.1425928,-30.0658314],[24.1424882,-30.0670234],[24.1423421,-30.0687226],[24.1421825,-30.0705296],[24.142098,-30.0715336],[24.1420269,-30.0723042],[24.1419102,-30.0736876],[24.1418016,-30.07497],[24.1416772,-30.0764133],[24.1413973,-30.0795407],[24.1411605,-30.0822725],[24.1408282,-30.0861985],[24.1405731,-30.0891092],[24.1404712,-30.0902614],[24.1401617,-30.0938955],[24.1400635,-30.0950188],[24.1398331,-30.0977457],[24.1393206,-30.1037139],[24.139159,-30.1055898],[24.1389797,-30.1076551],[24.1388611,-30.1090213],[24.1387761,-30.1100484],[24.1386849,-30.1110821],[24.1386352,-30.1116552],[24.1385803,-30.1123385],[24.1384985,-30.1132979],[24.1384448,-30.1138049],[24.1384073,-30.1141483],[24.138367,-30.1144801],[24.1383348,-30.1147051],[24.1382718,-30.1151042],[24.1381417,-30.115813],[24.1379915,-30.1166135],[24.1377292,-30.1180836],[24.1374827,-30.1193769],[24.1370836,-30.1215749],[24.1364174,-30.1252203],[24.1358864,-30.128089],[24.1354442,-30.1304319],[24.1344067,-30.1360415],[24.1341774,-30.1372755],[24.1338609,-30.1389793],[24.1336665,-30.140044],[24.1334264,-30.1413139],[24.1330348,-30.1434688],[24.1328444,-30.1444696],[24.1326123,-30.145721],[24.1323227,-30.1473156],[24.1320866,-30.148597],[24.1319096,-30.1495271],[24.1317393,-30.1504595],[24.131569,-30.1513594],[24.1313718,-30.1524396],[24.1311063,-30.1538642],[24.1308689,-30.1551374],[24.1306248,-30.1564478],[24.1304009,-30.1576532],[24.1302922,-30.1582341],[24.130136,-30.1590957],[24.1300522,-30.1595479],[24.1295821,-30.1620815],[24.1293843,-30.1631454],[24.1292073,-30.164102],[24.1290363,-30.165018],[24.1289223,-30.1656006],[24.1288499,-30.1659195],[24.1287741,-30.1662157],[24.128691,-30.1664905],[24.1285783,-30.1668094],[24.1284549,-30.1671004],[24.1283262,-30.1673625],[24.128176,-30.1676523],[24.1279882,-30.1679758],[24.1277562,-30.1683132],[24.1275322,-30.1686158],[24.1273472,-30.1688315],[24.1271641,-30.169013],[24.126971,-30.1692106],[24.126804,-30.1693672],[24.1266143,-30.1695417],[24.1264198,-30.1697086],[24.1263085,-30.1697967],[24.1261429,-30.169926],[24.1260195,-30.1700141],[24.1258123,-30.1701625],[24.1255843,-30.1703115],[24.1254039,-30.170424],[24.1251806,-30.1705486],[24.124905,-30.1706953],[24.1246475,-30.1708234],[24.1243002,-30.1709788],[24.1233332,-30.1713666],[24.1223864,-30.1717399],[24.1214872,-30.1720982],[24.1203473,-30.1725521],[24.1196895,-30.1728124],[24.1193046,-30.172966],[24.1190296,-30.1730773],[24.1188405,-30.1731602],[24.1185978,-30.1732698],[24.1183866,-30.1733741],[24.118215,-30.1734657],[24.1180674,-30.1735475],[24.1178502,-30.1736798],[24.1174756,-30.1739191],[24.1173211,-30.1740327],[24.1171233,-30.1741816],[24.1169308,-30.1743358],[24.1167524,-30.17449],[24.1165687,-30.1746564],[24.1163997,-30.1748239],[24.1162287,-30.1749967],[24.1160618,-30.1751764],[24.1158961,-30.1753735],[24.1157325,-30.1755706],[24.1155817,-30.175774],[24.1153637,-30.1760914],[24.115298,-30.1762059],[24.115186,-30.1764001],[24.1150687,-30.1766163],[24.1149922,-30.1767723],[24.1149071,-30.1769467],[24.1148199,-30.1771374],[24.1147368,-30.1773531],[24.1146382,-30.1776342],[24.1145725,-30.1778522],[24.1145094,-30.1781043],[24.1144545,-30.1783426],[24.1144129,-30.1785576],[24.1143887,-30.1787339],[24.1143592,-30.178964],[24.1143398,-30.179186],[24.1143315,-30.1794092],[24.1143271,-30.1796103],[24.1143324,-30.1798341],[24.1143418,-30.1800248],[24.1143586,-30.1802526],[24.1143867,-30.1804607],[24.114429,-30.1807383],[24.1145664,-30.1815672],[24.1148018,-30.1829393],[24.1149668,-30.1839612],[24.1150633,-30.1845362],[24.1153242,-30.1860588],[24.1154194,-30.1866564],[24.115532,-30.1873375],[24.1156548,-30.1880446],[24.1157721,-30.1887726],[24.1157942,-30.1889175],[24.1159458,-30.1898066],[24.1162487,-30.1916162],[24.116448,-30.1927956],[24.1164856,-30.1930442],[24.1165493,-30.1934053],[24.1166069,-30.1937809],[24.1166438,-30.1940162],[24.1166666,-30.1941651],[24.1167001,-30.1944468],[24.1167243,-30.1947551],[24.1167478,-30.1951956],[24.1167503,-30.1954621],[24.1167444,-30.1957995],[24.1167223,-30.1962493],[24.1166861,-30.1966758],[24.1155989,-30.2085214],[24.1152563,-30.2123615],[24.1151094,-30.2139837],[24.1148978,-30.2162369],[24.1148052,-30.2173446],[24.1146563,-30.2188695],[24.1145366,-30.2201944],[24.1138516,-30.2278674],[24.1137151,-30.229188],[24.113604,-30.2304441],[24.1135153,-30.2313802],[24.1134717,-30.2319254],[24.1134022,-30.2326215],[24.1132474,-30.2339707],[24.1130927,-30.235212],[24.1130209,-30.2357789],[24.1128426,-30.2372138],[24.1126978,-30.2383904],[24.1125516,-30.2395327],[24.1124319,-30.2405133],[24.1123108,-30.241467],[24.1122235,-30.2421836],[24.1120482,-30.2435533],[24.111912,-30.2446813],[24.1118038,-30.2455016],[24.1112637,-30.2499344],[24.1110303,-30.2518125],[24.1109344,-30.2525745],[24.1108418,-30.2533458],[24.11022,-30.2583405],[24.110048,-30.2596946],[24.1097034,-30.2625534],[24.109581,-30.2634635],[24.1094646,-30.264385],[24.1093208,-30.2654549],[24.1071646,-30.2827902],[24.1071077,-30.2832461],[24.1059968,-30.2921332],[24.1058274,-30.2935518],[24.1048988,-30.300855],[24.1048079,-30.3015908],[24.1045913,-30.3033109],[24.1042848,-30.305777],[24.103763,-30.3099257],[24.1036373,-30.3109866],[24.1035529,-30.3116176],[24.1032259,-30.3142293],[24.1025865,-30.3193261],[24.1018039,-30.3256128],[24.1012076,-30.330341],[24.1007181,-30.3339364],[24.1006732,-30.3342919],[24.1005761,-30.3350684],[24.1004875,-30.3357821],[24.1002579,-30.3376259],[24.1001851,-30.3382735],[24.100004,-30.3396742],[24.0998911,-30.3406037],[24.0998248,-30.3411095],[24.0995059,-30.343671],[24.0994016,-30.3444992],[24.0992172,-30.3459907],[24.0989911,-30.3478293],[24.09884,-30.349072],[24.0986853,-30.3502692],[24.0983878,-30.3526011],[24.0982794,-30.3534799],[24.0981747,-30.3543124],[24.0980672,-30.3551513],[24.0979143,-30.3563691],[24.0977725,-30.3575118],[24.0976844,-30.3582451],[24.0976196,-30.3589024],[24.0975779,-30.3594613],[24.0975213,-30.3607847],[24.097487,-30.3616571],[24.097449,-30.3627421],[24.097387,-30.3644365],[24.0973684,-30.3648914],[24.0973555,-30.365691],[24.0973545,-30.3665026],[24.0973536,-30.3673493],[24.097349,-30.3686622],[24.0973462,-30.3699942],[24.0973443,-30.3708002],[24.0973434,-30.3717029],[24.0973406,-30.3729405],[24.0973378,-30.3738967],[24.0973369,-30.3744476],[24.0973351,-30.3749113],[24.0973221,-30.3752399],[24.0973036,-30.3755541],[24.0972804,-30.3758427],[24.0972433,-30.3761745],[24.0972025,-30.3764935],[24.0971279,-30.3769483],[24.0969809,-30.3777439],[24.0962955,-30.3814325],[24.0960418,-30.3827943],[24.095795,-30.3841649],[24.0957056,-30.3846405],[24.0946836,-30.3901997],[24.0938888,-30.3945203],[24.0938184,-30.3949161],[24.0929495,-30.3998626],[24.0929017,-30.4001276],[24.0927815,-30.4007693],[24.0926488,-30.4014983],[24.0924753,-30.4024666],[24.0921751,-30.404082],[24.091758,-30.4063635],[24.0911687,-30.4095673],[24.0907827,-30.4116764],[24.0893956,-30.4192362],[24.0889565,-30.4216089],[24.0888051,-30.4224415],[24.0886585,-30.4233253],[24.0884294,-30.4250856],[24.0881526,-30.4272853],[24.0878673,-30.4294892],[24.0877889,-30.4300922],[24.0875023,-30.4323233],[24.0874041,-30.433131],[24.0873227,-30.433739],[24.0872318,-30.4344886],[24.0871746,-30.434919],[24.0869605,-30.4366133],[24.0865924,-30.4394839],[24.0861865,-30.4426591],[24.08562,-30.4470744],[24.084786,-30.4536146],[24.0845681,-30.4552891],[24.084546,-30.4554883],[24.0844046,-30.4565774],[24.0842055,-30.4581304],[24.0840332,-30.4594674],[24.0839329,-30.4601747],[24.0838594,-30.4605919],[24.0838231,-30.4607671],[24.083753,-30.4610364],[24.0836974,-30.4612228],[24.0836075,-30.4614791],[24.0834914,-30.4617803],[24.0833733,-30.4620484],[24.0829277,-30.4630161],[24.0822377,-30.4645069],[24.0818745,-30.4652845],[24.0817083,-30.4656183],[24.0815469,-30.4659231],[24.0814742,-30.4660544],[24.0813403,-30.4662799],[24.0811521,-30.4665658],[24.0810238,-30.4667451],[24.0808562,-30.4669652],[24.0805651,-30.4673209],[24.0799822,-30.4679985],[24.07899,-30.4691561],[24.0784332,-30.4698088],[24.0778255,-30.470513],[24.0766494,-30.4718877],[24.0759934,-30.4726533],[24.0692369,-30.4805474],[24.0687444,-30.481113],[24.0672036,-30.4829228],[24.0669867,-30.4831894],[24.0667426,-30.4835084],[24.0666004,-30.4837131],[24.0664831,-30.4838938],[24.0663416,-30.4841471],[24.0661935,-30.4844155],[24.0660587,-30.4846973],[24.0659568,-30.4849373],[24.0658563,-30.4852121],[24.0657559,-30.4854957],[24.0656599,-30.4858311],[24.0655294,-30.4863207],[24.0653528,-30.4869359],[24.0652531,-30.4872701],[24.0651285,-30.4876339],[24.0650104,-30.4879441],[24.0648902,-30.4882479],[24.0647356,-30.4886061],[24.0645274,-30.4890299],[24.0643581,-30.489366],[24.0641609,-30.4897127],[24.0638625,-30.4902206],[24.0636302,-30.4905794],[24.0624603,-30.4923821],[24.0619501,-30.4931723],[24.0613871,-30.4940426],[24.0609356,-30.4947387],[24.0604291,-30.4955244],[24.059938,-30.4962874],[24.0587692,-30.4980966],[24.0565549,-30.5015242],[24.0561938,-30.5021012],[24.0556647,-30.5029112],[24.0553178,-30.5034481],[24.0548053,-30.504243],[24.0543137,-30.5050064],[24.0538761,-30.5056787],[24.0536922,-30.5059633],[24.0533994,-30.5064242],[24.0529277,-30.5071474],[24.0527496,-30.5074241],[24.0525533,-30.5077359],[24.052352,-30.508095],[24.0520508,-30.5086583],[24.0516465,-30.5094346],[24.0501274,-30.5123531],[24.0494968,-30.5135114],[24.049342,-30.5137694],[24.0489219,-30.5145793],[24.0484635,-30.5154608],[24.0480367,-30.5162771],[24.0474153,-30.5174683],[24.0463515,-30.5194975],[24.0419102,-30.5280285],[24.0410846,-30.5296066],[24.0408448,-30.5300646],[24.0404256,-30.530864],[24.0399627,-30.5317706],[24.0397002,-30.5323303],[24.0394914,-30.5328077],[24.0393329,-30.533197],[24.0391459,-30.5336672],[24.0389279,-30.5342797],[24.038756,-30.534838],[24.0386445,-30.5352309],[24.038543,-30.5356014],[24.0384701,-30.5358975],[24.0383326,-30.5365251],[24.0382504,-30.5369693],[24.0381691,-30.5374416],[24.0381137,-30.5378735],[24.0380458,-30.5384419],[24.0379678,-30.5391063],[24.0378663,-30.5399455],[24.0377842,-30.5406006],[24.037728,-30.5409479],[24.0376643,-30.5412975],[24.0375963,-30.5416131],[24.0374806,-30.542071],[24.0374169,-30.5423194],[24.0372198,-30.5430748],[24.0367218,-30.5449481],[24.036575,-30.5454912],[24.0364031,-30.5461418],[24.0362388,-30.5467694],[24.0360216,-30.5475804],[24.0358799,-30.5481126],[24.0355528,-30.5493388],[24.0352308,-30.5505621],[24.0349508,-30.5516229],[24.0347403,-30.5524157],[24.0344108,-30.5536534],[24.0340921,-30.5548622],[24.0338464,-30.5557916],[24.0337299,-30.5562349],[24.0335949,-30.5567635],[24.0335412,-30.5570025],[24.0334792,-30.557305],[24.0333945,-30.5578206],[24.0333597,-30.558084],[24.0333299,-30.5583643],[24.0332888,-30.5589217],[24.0332444,-30.5605095],[24.033241,-30.5606106],[24.0332167,-30.5616562],[24.0331949,-30.5626042],[24.0331815,-30.5632843],[24.033163,-30.5641284],[24.0331463,-30.5648735],[24.0331287,-30.5655984],[24.0331102,-30.5659544],[24.0330733,-30.5664165],[24.0330322,-30.5667674],[24.0329501,-30.5673096],[24.0327119,-30.5687435],[24.0326004,-30.5694005],[24.032535,-30.5697622],[24.0324536,-30.5700993],[24.0323899,-30.5703304],[24.0322583,-30.5707195],[24.0321484,-30.5710105],[24.0319346,-30.5714697],[24.031512,-30.5722783],[24.031024,-30.5731966],[24.0301066,-30.5749271],[24.0299448,-30.5752289],[24.0292658,-30.5765121],[24.0291842,-30.576694],[24.029045,-30.5769666],[24.0289419,-30.5772055],[24.0288572,-30.577438],[24.0287574,-30.5777318],[24.0286912,-30.5779607],[24.0286216,-30.5782444],[24.0285889,-30.5784162],[24.0285453,-30.5786681],[24.0285075,-30.578936],[24.0284346,-30.579842],[24.0283633,-30.580748],[24.0283038,-30.5815601],[24.0279172,-30.586578],[24.0276429,-30.5901178],[24.027574,-30.5909872],[24.0274277,-30.5929145],[24.0273719,-30.5935912],[24.027327,-30.5941039],[24.02727,-30.5949821],[24.0271947,-30.5959292],[24.0270746,-30.5975101],[24.0270164,-30.5982661],[24.0269545,-30.598948],[24.0269121,-30.5992884],[24.0268648,-30.5995797],[24.0267908,-30.5999358],[24.0267689,-30.6000674],[24.0267059,-30.6003274],[24.026644,-30.600532],[24.0265724,-30.600767],[24.0264936,-30.6010228],[24.0263638,-30.6013708],[24.0261369,-30.6019176],[24.0260314,-30.6021421],[24.0258919,-30.6024136],[24.0256177,-30.6029148],[24.0227611,-30.6079178],[24.0218827,-30.6094513],[24.0214135,-30.6102761],[24.0202232,-30.6123689],[24.019802,-30.6131015],[24.019458,-30.6137096],[24.0188451,-30.6147876],[24.0182698,-30.6157882],[24.0176193,-30.6169343],[24.0171982,-30.617666],[24.0167959,-30.6183677],[24.0164392,-30.618984],[24.0161227,-30.6195276],[24.015719,-30.6202616],[24.0151468,-30.6212486],[24.0147311,-30.6221259],[24.0144955,-30.6228298],[24.0141581,-30.6241024],[24.0137838,-30.6256719],[24.0134828,-30.6434304],[24.0138682,-30.650686],[24.0141526,-30.6564458],[24.0141492,-30.6565733],[24.0141115,-30.6573502],[24.0140842,-30.6576642],[24.0140698,-30.6579427],[24.0140295,-30.6584327],[24.0139783,-30.6589302],[24.0139255,-30.659359],[24.0138568,-30.6597684],[24.0138082,-30.6600596],[24.0137462,-30.6603464],[24.0136608,-30.6607486],[24.0135384,-30.6612214],[24.0134362,-30.6616178],[24.0131798,-30.6624423],[24.0130005,-30.662964],[24.0128095,-30.6634628],[24.0126805,-30.6637727],[24.012471,-30.6642613],[24.0123437,-30.6645308],[24.0121811,-30.6648566],[24.0119633,-30.665289],[24.0117739,-30.6656407],[24.0115276,-30.6660789],[24.0113248,-30.6664248],[24.011107,-30.6667664],[24.0105641,-30.6675822],[24.009929,-30.6684629],[24.0096039,-30.668927],[24.0093032,-30.6693609],[24.0090023,-30.6697672],[24.0085482,-30.6704057],[24.0078411,-30.671393],[24.0070987,-30.6724365],[24.0064201,-30.6733935],[24.0056325,-30.6744989],[24.0046254,-30.6759085],[24.0032547,-30.6778325],[24.0011701,-30.6807523],[24.0003775,-30.6818763],[23.9998982,-30.6825407],[23.9995211,-30.6830579],[23.9990453,-30.6837282],[23.9982056,-30.6849093],[23.9899667,-30.6964785],[23.989619,-30.697038],[23.989301,-30.6976104],[23.9890134,-30.6981945],[23.9887568,-30.6987892],[23.9885316,-30.6993933],[23.9883384,-30.7000055],[23.9881776,-30.7006246],[23.9880494,-30.7012492],[23.9873882,-30.7046415],[23.9869845,-30.7066319],[23.9865768,-30.7086809],[23.9862234,-30.7104998],[23.9861027,-30.7110844],[23.98552,-30.713994],[23.9853564,-30.7147988],[23.9850734,-30.7162377],[23.9848977,-30.7170989],[23.9846604,-30.7183176],[23.9842527,-30.7203548],[23.9837551,-30.7227678],[23.9836465,-30.7231679],[23.9834936,-30.723689],[23.9833528,-30.7240832],[23.9830725,-30.7248015],[23.9828981,-30.7252234],[23.9825723,-30.726027],[23.982179,-30.7270839],[23.9812459,-30.7292964],[23.9800899,-30.7321414],[23.9797908,-30.7328734],[23.9787394,-30.7354579],[23.978105,-30.7370429],[23.9778744,-30.7376008],[23.9768534,-30.7401314],[23.9762205,-30.7416075],[23.974438,-30.7452242],[23.9733799,-30.7473298],[23.9699392,-30.7542094],[23.9688872,-30.7562969],[23.9681379,-30.7578007],[23.9674178,-30.759234],[23.966571,-30.7611684],[23.9660989,-30.7623017],[23.9658252,-30.7629587],[23.9624802,-30.770866],[23.9600055,-30.7767109],[23.956819,-30.7842082],[23.9564972,-30.7849848],[23.956178,-30.7857429],[23.9558827,-30.7864517],[23.9557279,-30.7869615],[23.955573,-30.7875245],[23.9552003,-30.7896266],[23.9550756,-30.790334],[23.9549965,-30.7907775],[23.9549308,-30.791137],[23.9548677,-30.7914838],[23.954802,-30.7919849],[23.9547618,-30.7924503],[23.9547484,-30.7926646],[23.9546183,-30.7956748],[23.953963,-30.8103466],[23.9536487,-30.817261],[23.9536339,-30.8176423],[23.9535563,-30.8190957],[23.9532919,-30.8250327],[23.9526749,-30.8384175],[23.9526576,-30.838999],[23.9526495,-30.8392546],[23.9526696,-30.8395517],[23.9527217,-30.8400789],[23.9527823,-30.8404159],[23.9528466,-30.8406952],[23.9529037,-30.8409098],[23.9529754,-30.8411413],[23.9530787,-30.841447],[23.9531518,-30.8416226],[23.9532322,-30.8418062],[23.9534616,-30.8423025],[23.9538947,-30.8432444],[23.9545244,-30.8445888],[23.9571798,-30.8597972],[23.9587066,-30.8755483],[23.9588428,-30.8768789],[23.9589286,-30.8778158],[23.9590627,-30.8791579],[23.9590989,-30.8797875],[23.9591043,-30.8802617],[23.9590828,-30.8807371],[23.9590466,-30.8811687],[23.9589903,-30.8816337],[23.9589071,-30.8820906],[23.9588025,-30.8825211],[23.9586952,-30.8829193],[23.9585826,-30.883237],[23.9585008,-30.8834775],[23.958368,-30.8837998],[23.9581427,-30.8842981],[23.9579228,-30.8847079],[23.9577565,-30.8850255],[23.9576022,-30.8852822],[23.9574198,-30.8855538],[23.9572884,-30.8857357],[23.9571396,-30.8859532],[23.9569558,-30.8861995],[23.9565964,-30.8866334],[23.9562477,-30.8870235],[23.9557193,-30.8875449],[23.9551628,-30.8880593],[23.954574,-30.8885899],[23.9540671,-30.8890583],[23.9535628,-30.8895233],[23.9456472,-30.8967513],[23.9450852,-30.8971719],[23.9438725,-30.8979405],[23.9408596,-30.8998264],[23.939006,-30.9009878],[23.9334717,-30.9044581],[23.9322567,-30.9052177],[23.9319469,-30.9054191],[23.9316036,-30.9056446],[23.9311012,-30.905988],[23.9266811,-30.9091864],[23.9138085,-30.9185073],[23.9122032,-30.9196612],[23.9092353,-30.9218173],[23.9078043,-30.9228527],[23.9069661,-30.9234648],[23.9052334,-30.9246992],[23.9040023,-30.9255931],[23.8929944,-30.9335146],[23.8837143,-30.9402643],[23.8826714,-30.9410171],[23.8806403,-30.9424883],[23.8793139,-30.94347],[23.8790363,-30.9436926],[23.8776979,-30.9447738],[23.8771681,-30.9452057],[23.8764285,-30.9458032],[23.8753208,-30.946709],[23.8739978,-30.9477827],[23.8734392,-30.948233],[23.8706202,-30.9505241],[23.8700878,-30.950956],[23.8679437,-30.9526994],[23.8669211,-30.953522],[23.8662535,-30.9540257],[23.8657507,-30.954381],[23.8654348,-30.954584],[23.8650801,-30.9548023],[23.8645,-30.9551418],[23.8636211,-30.9555875],[23.8626112,-30.9560404],[23.8595308,-30.9574572],[23.8581808,-30.9581135],[23.8575913,-30.9584233],[23.8568709,-30.95886],[23.8534109,-30.9609729],[23.8516949,-30.9620627],[23.849946,-30.9631575],[23.8475078,-30.9646674],[23.8467515,-30.9651943],[23.8456343,-30.9660417],[23.8440744,-30.9673645],[23.8424136,-30.9687441],[23.8409133,-30.9699159],[23.8393691,-30.9709635],[23.838429,-30.9715875],[23.835291,-30.9734796],[23.8308106,-30.9761598],[23.825513,-30.9794138],[23.8219615,-30.9815583],[23.8192694,-30.9832083],[23.8164818,-30.9848872],[23.8157845,-30.9853103],[23.8152259,-30.9856507],[23.8145985,-30.9859639],[23.8141188,-30.9861473],[23.8136618,-30.9863101],[23.8126477,-30.986557],[23.8118148,-30.9867106],[23.8083034,-30.98729],[23.8055705,-30.9877358],[23.8047304,-30.9878702],[23.804189,-30.9880139],[23.8038989,-30.9881281],[23.8035187,-30.9883215],[23.8031405,-30.9885333],[23.8028333,-30.9887469],[23.8010457,-30.990167],[23.7984637,-30.9922344],[23.795044,-30.9949794],[23.7931087,-30.9964935],[23.7918347,-30.997511],[23.7910868,-30.9981594],[23.7905713,-30.9987027],[23.7900896,-30.9991771],[23.7895487,-30.999811],[23.7867303,-31.0032336],[23.7842246,-31.0063049],[23.7833838,-31.0073443],[23.7826063,-31.0082678],[23.7813936,-31.0094883],[23.7799612,-31.0109369],[23.7778442,-31.0130627],[23.7764534,-31.0144862],[23.7749292,-31.0161827],[23.7726036,-31.0189579],[23.7700961,-31.0219033],[23.7690841,-31.0230911],[23.7563174,-31.0381717],[23.7546652,-31.0400994],[23.7522122,-31.042923],[23.7510469,-31.0442107],[23.7405129,-31.0554164],[23.7335762,-31.06286],[23.7324465,-31.0641195],[23.73087,-31.0655893],[23.7222489,-31.0727996],[23.7181756,-31.0762953],[23.714197,-31.0796743],[23.7122562,-31.0813246],[23.7103237,-31.0830963],[23.7080448,-31.0854038],[23.7016507,-31.0914743],[23.7001621,-31.092913],[23.6960699,-31.0968155],[23.6919691,-31.1006494],[23.6901749,-31.1024599],[23.6822359,-31.1109225],[23.67793,-31.115484],[23.6748735,-31.1187205],[23.6731692,-31.1204714],[23.6715322,-31.1222782],[23.6695336,-31.1243416],[23.6673948,-31.1264729],[23.6538774,-31.1399494],[23.6500827,-31.1437585],[23.6484676,-31.1454093],[23.646254,-31.1476266],[23.6454539,-31.1484705],[23.6447637,-31.1493101],[23.6413971,-31.1536486],[23.6379432,-31.1581116],[23.6327381,-31.1648241],[23.6320251,-31.1657655],[23.6315147,-31.1665056],[23.6310433,-31.1673234],[23.6306169,-31.1681691],[23.6302865,-31.1690183],[23.6295685,-31.1708649],[23.6284013,-31.1739996],[23.6279986,-31.1750686],[23.6278126,-31.1757161],[23.6276699,-31.1762749],[23.6273542,-31.17794],[23.6265828,-31.1821837],[23.6263964,-31.1832438],[23.6261778,-31.1843877],[23.6260276,-31.1851874],[23.6258653,-31.1860375],[23.6257566,-31.1866318],[23.6257084,-31.1868969],[23.6256601,-31.1872479],[23.6256239,-31.1875646],[23.6255957,-31.1879088],[23.6255676,-31.1883792],[23.6255582,-31.1886969],[23.6255608,-31.1889929],[23.6255823,-31.1895207],[23.6255997,-31.189835],[23.6256507,-31.1903157],[23.6257084,-31.1907345],[23.6258157,-31.191315],[23.6259538,-31.1919918],[23.6263246,-31.1937437],[23.6265492,-31.1948174],[23.6267249,-31.1956675],[23.6268255,-31.1962113],[23.6268631,-31.1965726],[23.6268724,-31.1968112],[23.6268778,-31.1971302],[23.6268644,-31.1974204],[23.6268416,-31.1977278],[23.6267973,-31.1980536],[23.626733,-31.1983748],[23.6266726,-31.1986329],[23.626572,-31.1989817],[23.6264795,-31.1992421],[23.6263333,-31.1996057],[23.6261697,-31.1999751],[23.6259806,-31.2003938],[23.6256574,-31.201105],[23.6254925,-31.2014732],[23.6254093,-31.2016545],[23.6251438,-31.2022326],[23.6249118,-31.2027465],[23.6247267,-31.2031205],[23.6245242,-31.2035105],[23.6242962,-31.2039074],[23.6240119,-31.2044064],[23.6235078,-31.205267],[23.6232716,-31.2057496],[23.6231106,-31.2060799],[23.6229756,-31.2063638],[23.6227888,-31.2068737],[23.6226922,-31.2071169],[23.6225903,-31.2073119],[23.6224803,-31.2075],[23.6223516,-31.2076766],[23.6221665,-31.2079106],[23.6219962,-31.2080689],[23.6218326,-31.2082398],[23.6217071,-31.2083519],[23.6214316,-31.2085736],[23.6211775,-31.208753],[23.6203326,-31.2092721],[23.6198236,-31.2095876],[23.6193019,-31.2099116],[23.6186247,-31.2103234],[23.6169771,-31.2113236],[23.6164782,-31.2116315],[23.615986,-31.2119309],[23.6155938,-31.2121626],[23.6151975,-31.212392],[23.6146979,-31.2127005],[23.6142889,-31.21295],[23.613906,-31.2131954],[23.6133575,-31.2135304],[23.6123127,-31.2141778],[23.6118655,-31.2144548],[23.6112895,-31.2148109],[23.6107483,-31.2151292],[23.6104701,-31.2152766],[23.6101381,-31.2154429],[23.6096238,-31.2156907],[23.6092054,-31.2158724],[23.6089231,-31.2159734],[23.6085374,-31.2161005],[23.6078636,-31.2162962],[23.6062506,-31.2167472],[23.6018127,-31.2180714],[23.5962303,-31.2197277],[23.5856504,-31.2228034],[23.5830323,-31.2235987],[23.5820729,-31.2239118],[23.5811722,-31.2241905],[23.5789934,-31.2248105],[23.5756906,-31.2257123],[23.5713661,-31.2268583],[23.5675067,-31.2278822],[23.5640574,-31.2287809],[23.5603261,-31.2297578],[23.5590372,-31.2301022],[23.5576714,-31.2304466],[23.5543246,-31.2311856],[23.5501759,-31.2321249],[23.5472392,-31.2327918],[23.5449103,-31.2333115],[23.5430429,-31.2337311],[23.5392603,-31.2345764],[23.5345221,-31.2356378],[23.5329952,-31.2359728],[23.530897,-31.2364331],[23.5292163,-31.2368276],[23.5289819,-31.2368808],[23.5253129,-31.2376979],[23.5234601,-31.2381018],[23.5207321,-31.2387092],[23.5173487,-31.2394668],[23.5138005,-31.2402464],[23.5128924,-31.2405031],[23.5117829,-31.2408819],[23.5097031,-31.2418243],[23.5091319,-31.2421468],[23.5084471,-31.2425631],[23.505624,-31.2443539],[23.5015338,-31.2469773],[23.4981797,-31.2490841],[23.4925256,-31.2526821],[23.4849144,-31.2575245],[23.467996,-31.268332],[23.4511092,-31.2790964],[23.4252638,-31.2954936],[23.4221427,-31.2974796],[23.4186166,-31.2997047],[23.4133334,-31.303058],[23.4077889,-31.306653],[23.4016925,-31.3104878],[23.3927029,-31.3161918],[23.3858889,-31.3205192],[23.3804866,-31.324078],[23.377917,-31.3257608],[23.3742401,-31.3281883],[23.3727236,-31.3292835],[23.369817,-31.3314765],[23.3666005,-31.3339341],[23.3634525,-31.3363666],[23.3606221,-31.3387694],[23.352303,-31.3459177],[23.3501015,-31.3478515],[23.3387029,-31.3576001],[23.3341783,-31.3617207],[23.332235,-31.3636928],[23.3291776,-31.3667833],[23.3268283,-31.3691514],[23.3253418,-31.370628],[23.3246348,-31.3713028],[23.3224922,-31.3730208],[23.3161027,-31.3781072],[23.3067275,-31.3855168],[23.2910861,-31.3979139],[23.2892905,-31.3993383],[23.2874037,-31.4008439],[23.2864801,-31.4016017],[23.279217,-31.4081491],[23.2775265,-31.4096984],[23.2750887,-31.4117447],[23.2716381,-31.4146511],[23.270108,-31.4159637],[23.2692122,-31.4167282],[23.2675394,-31.4183992],[23.26616,-31.4197996],[23.2648836,-31.421058],[23.2634249,-31.4223975],[23.2589458,-31.4264294],[23.2535391,-31.431327],[23.2491392,-31.4352773],[23.2071447,-31.4731392],[23.2062679,-31.4739159],[23.2029862,-31.4768725],[23.1978974,-31.481468],[23.1957791,-31.4833626],[23.1949241,-31.4841254],[23.1946284,-31.4844025],[23.1944316,-31.4845929],[23.1941783,-31.4848468],[23.1940015,-31.4850506],[23.1938023,-31.4852931],[23.1935012,-31.4856962],[23.1934147,-31.4858232],[23.1932679,-31.4860553],[23.1932236,-31.4861348],[23.1930365,-31.4864762],[23.1928059,-31.4869897],[23.1926671,-31.4873545],[23.1925229,-31.4877628],[23.1910624,-31.4919615],[23.1908016,-31.4926991],[23.1904325,-31.4937636],[23.1890367,-31.4977759],[23.1887618,-31.49857],[23.1885834,-31.4990818],[23.1883695,-31.4996838],[23.1882582,-31.4999971],[23.1877801,-31.5013696],[23.1877241,-31.5014073],[23.1874924,-31.5020674],[23.1870901,-31.5032102],[23.1857235,-31.5071589],[23.1855924,-31.5075395],[23.1854419,-31.5079765],[23.1853326,-31.5082967],[23.185126,-31.508897],[23.1844197,-31.5109123],[23.1832878,-31.5141859],[23.1830862,-31.514798],[23.182324,-31.5173456],[23.1810516,-31.5215512],[23.1791176,-31.5279367],[23.1785062,-31.52999],[23.1779641,-31.5317255],[23.1773874,-31.5335211],[23.176903,-31.5350729],[23.1764976,-31.5364058],[23.1759843,-31.538105],[23.1753946,-31.5400981],[23.1749086,-31.5416715],[23.1746413,-31.5425779],[23.1739954,-31.5446934],[23.1733299,-31.5469386],[23.1729728,-31.5480703],[23.1719804,-31.5513955],[23.171264,-31.5537245],[23.1711067,-31.5542525],[23.1703617,-31.5567894],[23.1684563,-31.5630255],[23.1663955,-31.5697998],[23.1646186,-31.5756312],[23.1638612,-31.5781645],[23.1634924,-31.5793313],[23.1629203,-31.5812138],[23.1608638,-31.5880241],[23.1602686,-31.5899935],[23.1597281,-31.5917867],[23.1594808,-31.5925736],[23.1592083,-31.5934777],[23.1591008,-31.593861],[23.1590177,-31.5941829],[23.158924,-31.5946012],[23.1588709,-31.5949969],[23.1588385,-31.5953985],[23.1588246,-31.5959035],[23.1588216,-31.597543],[23.1588031,-31.6045006],[23.1587953,-31.6071083],[23.1587602,-31.6093079],[23.1587504,-31.61005],[23.1587445,-31.6111278],[23.1588733,-31.6123194],[23.158969,-31.6127249],[23.1593397,-31.614066],[23.1596969,-31.6153373],[23.1601008,-31.6167931],[23.1603526,-31.6177005],[23.1605067,-31.6182904],[23.1606043,-31.6188538],[23.1606472,-31.6194204],[23.1605633,-31.6197694],[23.1593475,-31.6325318],[23.159248,-31.633159],[23.1587572,-31.6362694],[23.1585787,-31.6374349],[23.1582898,-31.6392965],[23.1580186,-31.641051],[23.1579005,-31.6417629],[23.1576927,-31.643072],[23.1572378,-31.6460592],[23.1571151,-31.6468059],[23.1570341,-31.6473042],[23.1569872,-31.6476623],[23.1569531,-31.6481291],[23.1569599,-31.6485128],[23.1569706,-31.6487512],[23.156998,-31.6490635],[23.1570429,-31.6493667],[23.1571082,-31.6496591],[23.157199,-31.650037],[23.1573083,-31.6503917],[23.15756,-31.6511309],[23.1589492,-31.6550754],[23.1592818,-31.6559591],[23.1598533,-31.6570344],[23.1612785,-31.6595712],[23.1617537,-31.660415],[23.1619284,-31.6607372],[23.162063,-31.6610097],[23.1621801,-31.6612879],[23.1623031,-31.6616367],[23.1624006,-31.6619515],[23.1624758,-31.6622363],[23.1625446,-31.6625815],[23.1625958,-31.6629971],[23.1626173,-31.6633185],[23.1626299,-31.6642852],[23.1627178,-31.6710924],[23.162749,-31.6715724],[23.1627743,-31.6718365],[23.1628446,-31.6722932],[23.162948,-31.6726868],[23.1630833,-31.6731356],[23.1633188,-31.6737116],[23.1634652,-31.6740363],[23.1644928,-31.6762599],[23.1660408,-31.6796538],[23.1671913,-31.6821387],[23.1675758,-31.6830045],[23.1678111,-31.6836726],[23.1681855,-31.6852685],[23.1695881,-31.6911158],[23.1699294,-31.6924423],[23.1702137,-31.6931064],[23.1709394,-31.6943478],[23.1720058,-31.6960584],[23.172321,-31.6965598],[23.1726186,-31.6969974],[23.1728557,-31.6972921],[23.1731006,-31.6975735],[23.1733767,-31.6978566],[23.1735992,-31.69806],[23.1738578,-31.6982817],[23.174091,-31.698466],[23.174372,-31.6986619],[23.1750709,-31.6991024],[23.1769602,-31.7001838],[23.1783954,-31.701034],[23.178484,-31.7011022],[23.1791859,-31.7016425],[23.1798092,-31.7022528],[23.1802311,-31.7027812],[23.1807033,-31.703494],[23.1808997,-31.7040164],[23.181046,-31.7043427],[23.1811622,-31.7046382],[23.1813007,-31.7050773],[23.181368,-31.7053338],[23.1814978,-31.7059415],[23.1816383,-31.706628],[23.1820508,-31.7086475],[23.1820824,-31.7088094],[23.1826993,-31.7119321],[23.1829652,-31.7131997],[23.1833038,-31.714855],[23.1834796,-31.7157342],[23.1835634,-31.7161545],[23.1837067,-31.7168599],[23.1838249,-31.7174349],[23.1844055,-31.7203628],[23.184586,-31.7212592],[23.1846524,-31.7215663],[23.1847207,-31.7218269],[23.1848251,-31.722163],[23.1849461,-31.7224851],[23.1850788,-31.7227664],[23.1852622,-31.7231548],[23.1853735,-31.7233374],[23.1855549,-31.7236453],[23.1857423,-31.7239226],[23.185913,-31.7241541],[23.1861267,-31.7244164],[23.1863882,-31.7247069],[23.1866848,-31.7250081],[23.1869259,-31.7252247],[23.1871444,-31.7254109],[23.1874122,-31.725615],[23.187743,-31.7258527],[23.1880591,-31.7260482],[23.1883927,-31.7262448],[23.18882,-31.7264701],[23.1892283,-31.7266556],[23.189581,-31.7267913],[23.1899586,-31.7269294],[23.1903098,-31.7270377],[23.190724,-31.7271473],[23.1909859,-31.727202],[23.1913342,-31.7272693],[23.1918084,-31.727339],[23.1921347,-31.7273701],[23.1924757,-31.727395],[23.1930742,-31.7274087],[23.1932967,-31.7274037],[23.1944279,-31.7273614],[23.1950703,-31.7273427],[23.1954201,-31.7273452],[23.1957815,-31.7273551],[23.1961403,-31.7273799],[23.1964108,-31.7274062],[23.1967452,-31.7274529],[23.197245,-31.7275406],[23.1977411,-31.7276539],[23.1981889,-31.7277808],[23.1985562,-31.727909],[23.1988255,-31.7280061],[23.1991547,-31.7281431],[23.1995323,-31.7283223],[23.1998601,-31.728504],[23.2002611,-31.7287443],[23.2007497,-31.7290762],[23.2010279,-31.7292857],[23.2012103,-31.7294447],[23.2014362,-31.7296348],[23.2017128,-31.7298975],[23.2020069,-31.7302111],[23.2021818,-31.7304078],[23.2023735,-31.7306449],[23.202555,-31.7308963],[23.2028272,-31.7313152],[23.2029845,-31.7316027],[23.203133,-31.7318902],[23.2032274,-31.7320862],[23.2033087,-31.7322929],[23.2034265,-31.7326134],[23.2035091,-31.732876],[23.2035479,-31.7330235],[23.2036109,-31.733283],[23.2036709,-31.7335829],[23.203736,-31.7339856],[23.2038816,-31.7348693],[23.2039387,-31.7352196],[23.1936449,-31.750027],[23.1851306,-31.7609784],[23.1849705,-31.761389],[23.1848491,-31.7617809],[23.1847469,-31.7622103],[23.1846917,-31.762635],[23.1846393,-31.7632428],[23.1845124,-31.7646366],[23.1844064,-31.7657284],[23.1843361,-31.7662945],[23.1842474,-31.7667812],[23.1841751,-31.7671033],[23.1840742,-31.7674566],[23.1839615,-31.7677639],[23.183799,-31.7681397],[23.1836629,-31.7684208],[23.183379,-31.7689297],[23.1829005,-31.7696762],[23.1821161,-31.7709117],[23.1797564,-31.7746385],[23.1788649,-31.776048],[23.1780174,-31.7773796],[23.1776697,-31.777936],[23.1774315,-31.7783248],[23.1772459,-31.778649],[23.1771188,-31.7789049],[23.1770107,-31.7791495],[23.1768763,-31.7794799],[23.1767696,-31.7798153],[23.1766659,-31.7802053],[23.1765665,-31.7806822],[23.1763094,-31.7819504],[23.1758813,-31.7839972],[23.1757658,-31.7845611],[23.1756343,-31.7852057],[23.1755014,-31.7857112],[23.1753319,-31.7862688],[23.1752428,-31.7865309],[23.1750923,-31.7869383],[23.1749169,-31.7873878],[23.174746,-31.7877555],[23.1745239,-31.7881964],[23.1739716,-31.7891676],[23.1736867,-31.7896196],[23.1734076,-31.7900046],[23.1731928,-31.7903089],[23.1725061,-31.7911459],[23.1719056,-31.79186],[23.1715312,-31.7922182],[23.170817,-31.7930125],[23.1701402,-31.7938895],[23.1696175,-31.7944754],[23.1691195,-31.7950896],[23.1683079,-31.7960506],[23.1677289,-31.7967636],[23.1672548,-31.7973409],[23.1669812,-31.7976974],[23.1668034,-31.7980151],[23.1665436,-31.7984646],[23.1663658,-31.7988599],[23.1661971,-31.7992977],[23.1660694,-31.7997394],[23.1659782,-31.8001385],[23.1659144,-31.8006229],[23.1658734,-31.8010452],[23.1658643,-31.8018163],[23.1658186,-31.8033233],[23.1658025,-31.8053722],[23.1657952,-31.8059906],[23.1657674,-31.8063432],[23.165728,-31.806671],[23.1656534,-31.8070857],[23.1655745,-31.8074049],[23.1655041,-31.8076605],[23.1652522,-31.8083941],[23.1649889,-31.8091662],[23.1648535,-31.809606],[23.1647877,-31.8098328],[23.1647218,-31.8101078],[23.1646397,-31.8105566],[23.1644099,-31.8120526],[23.1641865,-31.8134976],[23.1638583,-31.8156478],[23.1637534,-31.8162793],[23.1636166,-31.8166744],[23.1634662,-31.8171044],[23.1632291,-31.8175693],[23.1630376,-31.8178637],[23.1626775,-31.818317],[23.162176,-31.818902],[23.1610099,-31.8202056],[23.1602472,-31.821055],[23.159577,-31.821816],[23.1589253,-31.8225395],[23.1584329,-31.8230857],[23.1582607,-31.8232722],[23.1580018,-31.8235275],[23.1575986,-31.8238527],[23.1570561,-31.8242595],[23.1567399,-31.8244682],[23.156354,-31.8246933],[23.1552036,-31.8253149],[23.1549096,-31.825472],[23.1544848,-31.8257121],[23.1543108,-31.825826],[23.1540419,-31.8260147],[23.1537278,-31.8262456],[23.1535182,-31.8264094],[23.153326,-31.8265814],[23.1530316,-31.8268614],[23.1527649,-31.8271351],[23.152497,-31.8274436],[23.1509083,-31.829343],[23.148692,-31.8319993],[23.1470124,-31.8340014],[23.1462352,-31.8349117],[23.1454565,-31.8358433],[23.1442715,-31.837259],[23.1431638,-31.8385857],[23.1400664,-31.8423209],[23.1395583,-31.8429754],[23.1388858,-31.8437911],[23.1376526,-31.8453271],[23.1366496,-31.8465926],[23.1347074,-31.8490208],[23.1340008,-31.8499154],[23.1332303,-31.8508371],[23.1317805,-31.8524365],[23.1305541,-31.8538074],[23.1298748,-31.8545702],[23.1290861,-31.8554841],[23.1281429,-31.8567558],[23.1270662,-31.8582125],[23.1266987,-31.8587245],[23.1260475,-31.8597157],[23.125032,-31.8613914],[23.1241616,-31.862796],[23.1235347,-31.8638195],[23.1229986,-31.8646966],[23.1226813,-31.8651924],[23.1220043,-31.866178],[23.1208082,-31.8678344],[23.1186644,-31.8707803],[23.1178585,-31.8718809],[23.116195,-31.8741477],[23.1146218,-31.8762748],[23.1134581,-31.8778872],[23.1124855,-31.8792119],[23.1116934,-31.8803017],[23.1113902,-31.880714],[23.1110141,-31.8811495],[23.1107565,-31.8814341],[23.1104191,-31.8817612],[23.1101228,-31.8820283],[23.1097239,-31.8823264],[23.1093136,-31.8826051],[23.1088463,-31.8828723],[23.1080644,-31.8832497],[23.1073509,-31.8835265],[23.1064026,-31.8837975],[23.1059125,-31.8838904],[23.105411,-31.8839736],[23.1041367,-31.8840607],[23.101542,-31.8841874],[23.1001109,-31.8842707],[23.0984572,-31.8843747],[23.0974657,-31.8844277],[23.0934522,-31.8846515],[23.0902731,-31.884834],[23.0867461,-31.8850322],[23.0861013,-31.8850969],[23.085876,-31.8851205],[23.0854801,-31.8851797],[23.0850185,-31.8852844],[23.084666,-31.8853746],[23.0840177,-31.8855758],[23.0836572,-31.8857053],[23.0828679,-31.8860134],[23.0818625,-31.8864197],[23.0813921,-31.8866267],[23.0808848,-31.8868799],[23.0804029,-31.887133],[23.0801256,-31.8873175],[23.0792762,-31.88792],[23.0786106,-31.8883988],[23.0722916,-31.8930369],[23.0709834,-31.8939896],[23.0699896,-31.8947274],[23.0690628,-31.8954122],[23.0683879,-31.8959058],[23.0674553,-31.8965876],[23.0665493,-31.8972499],[23.0662905,-31.8974295],[23.065886,-31.8976973],[23.0654653,-31.8979328],[23.065032,-31.8981535],[23.0642417,-31.898486],[23.0640739,-31.8985567],[23.06266,-31.8991538],[23.0620678,-31.8993826],[23.0616882,-31.899576],[23.0613504,-31.8997984],[23.0610543,-31.9000336],[23.0608076,-31.9002721],[23.0605419,-31.9005943],[23.0602761,-31.9010068],[23.0599497,-31.9015418],[23.0595435,-31.9022217],[23.0592702,-31.9026922],[23.0589439,-31.903163],[23.0586211,-31.9035784],[23.0582225,-31.9039877],[23.0574672,-31.9047031],[23.0563474,-31.9057472],[23.0558045,-31.906237],[23.0553414,-31.9066688],[23.0549239,-31.9070844],[23.0547113,-31.9073358],[23.0545139,-31.907629],[23.0543393,-31.9079513],[23.0541495,-31.9084121],[23.0537699,-31.9095334],[23.0533182,-31.9108449],[23.0528096,-31.912311],[23.0525476,-31.9130875],[23.0523541,-31.9137126],[23.0522288,-31.9142443],[23.0520959,-31.9148307],[23.0517961,-31.9165255],[23.0514488,-31.9185552],[23.0511659,-31.9203307],[23.0506193,-31.9234978],[23.0503726,-31.9250281],[23.0502132,-31.9258948],[23.0500841,-31.926494],[23.0499285,-31.9270095],[23.0494274,-31.928121],[23.0490288,-31.9287427],[23.0480609,-31.9301763],[23.0474118,-31.9310977],[23.047203,-31.9313909],[23.0467209,-31.9320062],[23.046478,-31.9323154],[23.0462161,-31.9326408],[23.0451114,-31.9337844],[23.0436007,-31.9353049],[23.0422721,-31.9366869],[23.0415167,-31.9374697],[23.0411941,-31.9377854],[23.0409511,-31.9379754],[23.0406778,-31.9381945],[23.0402603,-31.9384876],[23.0398617,-31.9387002],[23.0394441,-31.9388967],[23.0389203,-31.9390997],[23.0383357,-31.9392897],[23.0378461,-31.9394315],[23.0372918,-31.9396344],[23.0369312,-31.9398148],[23.0365744,-31.9400242],[23.03621,-31.9403012],[23.0359063,-31.9405718],[23.0356406,-31.9408585],[23.0353635,-31.941187],[23.0350371,-31.9417604],[23.0344446,-31.9430934],[23.032562,-31.9475165],[23.0309451,-31.95133],[23.0283897,-31.9573063],[23.0253739,-31.9644391],[23.0231042,-31.9697797],[23.0206305,-31.9755298],[23.0202273,-31.9764149],[23.0166537,-31.9840465],[23.0130841,-31.9984006],[23.0127457,-32.0000671],[23.0125872,-32.0008182],[23.0124976,-32.0012511],[23.012445,-32.0015598],[23.0123867,-32.0019022],[23.0123426,-32.0022399],[23.0123056,-32.0027512],[23.0122746,-32.0034362],[23.0122872,-32.0040727],[23.0123327,-32.004883],[23.0125168,-32.0075993],[23.0127268,-32.0103553],[23.0129407,-32.0132687],[23.0130942,-32.0154699],[23.0132153,-32.0172192],[23.0132719,-32.0178886],[23.013355,-32.0191454],[23.0135867,-32.0223915],[23.0138047,-32.0254004],[23.0139218,-32.027259],[23.0139259,-32.0278067],[23.0139299,-32.0282003],[23.0138774,-32.0289499],[23.0137926,-32.0295352],[23.0135221,-32.0308461],[23.0133404,-32.0317976],[23.0127106,-32.0346863],[23.0123271,-32.0363702],[23.0118865,-32.0384136],[23.0112895,-32.0411171],[23.0108978,-32.0429173],[23.0104981,-32.0447687],[23.0100137,-32.0469315],[23.0096947,-32.0483894],[23.0092062,-32.0506445],[23.0086086,-32.0533239],[23.0084673,-32.0538987],[23.0082776,-32.0544394],[23.0079546,-32.0550827],[23.0072635,-32.0563559],[23.0055322,-32.0595207],[23.0049029,-32.0606523],[23.0046821,-32.061059],[23.0045998,-32.061239],[23.0045051,-32.0614515],[23.0044381,-32.0616552],[23.0043433,-32.0619392],[23.0042948,-32.062139],[23.0042624,-32.0622987],[23.0042312,-32.0624661],[23.0042116,-32.0626091],[23.0041908,-32.06285],[23.0041757,-32.0630214],[23.0041688,-32.0632242],[23.0041838,-32.0634553],[23.0042451,-32.0639685],[23.00446,-32.0653376],[23.0046738,-32.0666949],[23.004753,-32.0672396],[23.0053267,-32.0708804],[23.0056804,-32.0731297],[23.0062425,-32.0767511],[23.0064032,-32.0777993],[23.0066714,-32.0795407],[23.0069748,-32.0814601],[23.0073445,-32.083886],[23.0074993,-32.0849239],[23.0075706,-32.0853546],[23.0075891,-32.0854691],[23.0077562,-32.0865542],[23.0078685,-32.0872491],[23.0079325,-32.0876996],[23.0079552,-32.08794],[23.007973,-32.0881797],[23.0079815,-32.0884779],[23.0079773,-32.0886725],[23.0079659,-32.0889212],[23.007946,-32.0891435],[23.0079076,-32.0894308],[23.0078748,-32.08962],[23.007831,-32.0898559],[23.0075973,-32.090801],[23.0074216,-32.091494],[23.0071608,-32.0925547],[23.0070864,-32.0928708],[23.0070466,-32.0930406],[23.0070025,-32.0932749],[23.0069677,-32.0934905],[23.0069286,-32.0938007],[23.006908,-32.0940236],[23.0068753,-32.0944169],[23.0068195,-32.0951949],[23.0066574,-32.0972199],[23.0065767,-32.098222],[23.0065035,-32.0991574],[23.0064771,-32.0994889],[23.0064639,-32.0998364],[23.0064631,-32.0999913],[23.0064665,-32.1002734],[23.0064864,-32.1005477],[23.006529,-32.1009506],[23.0065795,-32.1012182],[23.0066613,-32.1015583],[23.0067814,-32.101963],[23.0069336,-32.1023834],[23.0071867,-32.1029387],[23.007417,-32.1034132],[23.0075535,-32.1037216],[23.0077677,-32.1042824],[23.0079009,-32.1047407],[23.007973,-32.1050682],[23.0080199,-32.105391],[23.0080584,-32.1056675],[23.0080786,-32.1060129],[23.0080786,-32.1064233],[23.0080543,-32.1069363],[23.007913,-32.1076989],[23.0077152,-32.1083589],[23.0076127,-32.1086164],[23.007492,-32.1088834],[23.00737,-32.1091208],[23.0072574,-32.1093474],[23.0071212,-32.1095877],[23.0069938,-32.1097927],[23.0067846,-32.1100909],[23.0066592,-32.1102619],[23.0064916,-32.1104686],[23.0063501,-32.1106328],[23.0060309,-32.1109764],[23.0056661,-32.1113785],[23.0054478,-32.1116286],[23.0052873,-32.1117989],[23.004501,-32.1126595],[23.0038295,-32.1133982],[23.0024597,-32.1149211],[23.0018843,-32.1155414],[23.0013223,-32.116173],[23.0008527,-32.116684],[23.0002856,-32.1173091],[23.0000107,-32.1176101],[22.9988773,-32.118837],[22.9980548,-32.1196142],[22.997775,-32.1198503],[22.9972923,-32.120252],[22.9967982,-32.1206548],[22.9958493,-32.121442],[22.9951425,-32.1220313],[22.9943603,-32.1226831],[22.9935879,-32.1233233],[22.9932149,-32.1236316],[22.9924582,-32.1242629],[22.9920556,-32.1245914],[22.9916648,-32.1248987],[22.9913458,-32.1251167],[22.9910421,-32.1253086],[22.9908865,-32.1254017],[22.9905425,-32.1255897],[22.9901321,-32.1257936],[22.9899175,-32.1258856],[22.9897137,-32.1259707],[22.989325,-32.1261098],[22.9884171,-32.1264241],[22.9869783,-32.1269221],[22.9852368,-32.1275169],[22.9840263,-32.1279327],[22.9830829,-32.1282164],[22.9827484,-32.1282922],[22.9822982,-32.1283987],[22.9817288,-32.1284878],[22.9810303,-32.1285587],[22.97948,-32.1286925],[22.9784418,-32.1287694],[22.9754059,-32.1290308],[22.9730662,-32.1292334],[22.9707923,-32.1294291],[22.970377,-32.1294624],[22.9699617,-32.1295076],[22.9695389,-32.1295558],[22.96902,-32.1296287],[22.968598,-32.1297079],[22.9675894,-32.1299131],[22.9670354,-32.130032],[22.9648144,-32.1305118],[22.9618012,-32.1311578],[22.9603526,-32.1314539],[22.9589593,-32.1317565],[22.9580218,-32.131956],[22.9570243,-32.132149],[22.9420768,-32.1347811],[22.9411135,-32.1349563],[22.9395892,-32.135226],[22.9390318,-32.1353223],[22.9385469,-32.1354199],[22.9381374,-32.1355042],[22.9378132,-32.1355788],[22.9374662,-32.1356679],[22.9370354,-32.1357859],[22.9366969,-32.1358859],[22.9363386,-32.1360027],[22.9358594,-32.1361712],[22.9348598,-32.1365312],[22.9334805,-32.1370442],[22.9302641,-32.1382205],[22.9264746,-32.1396046],[22.9252454,-32.1400591],[22.9249347,-32.1401813],[22.9247015,-32.1402752],[22.924319,-32.140451],[22.9241995,-32.14051],[22.923935,-32.1406509],[22.9236784,-32.1407942],[22.9234822,-32.1409152],[22.9231665,-32.1411211],[22.9229759,-32.1412607],[22.922801,-32.1413908],[22.9225742,-32.1415708],[22.922329,-32.1417845],[22.9220858,-32.1420132],[22.921928,-32.1421746],[22.9217931,-32.1423206],[22.9216122,-32.1425254],[22.920629,-32.1436121],[22.9191104,-32.1453326],[22.9187123,-32.1457781],[22.9184478,-32.146067],[22.9181108,-32.1464366],[22.9178705,-32.1466882],[22.9176326,-32.1469237],[22.9173842,-32.1471505],[22.9170898,-32.1473974],[22.9167983,-32.1476189],[22.9163817,-32.1479042],[22.9160248,-32.1481149],[22.9157248,-32.1482786],[22.9153536,-32.1484592],[22.9148702,-32.1486723],[22.9135142,-32.1492048],[22.9125738,-32.1495776],[22.9116666,-32.1499292],[22.9097462,-32.150672],[22.9091853,-32.1508995],[22.9076083,-32.1515135],[22.9060641,-32.1521118],[22.9042312,-32.1528329],[22.9031207,-32.1532591],[22.9019761,-32.1537105],[22.9007845,-32.1540669],[22.9004048,-32.154168],[22.8999427,-32.154239],[22.8995389,-32.1542896],[22.8992843,-32.1543185],[22.8990639,-32.1543365],[22.8986857,-32.1543486],[22.8984354,-32.154357],[22.8980686,-32.1543474],[22.8978027,-32.1543329],[22.8974486,-32.1542944],[22.8968542,-32.1542101],[22.8964618,-32.1541475],[22.8960309,-32.1540392],[22.8956854,-32.1539441],[22.895475,-32.1538875],[22.8952034,-32.1538008],[22.8950014,-32.1537262],[22.8947626,-32.1536359],[22.8944895,-32.1535203],[22.8937971,-32.1531941],[22.892331,-32.152491],[22.8913968,-32.1520781],[22.8910499,-32.1519529],[22.8906944,-32.1518409],[22.890464,-32.1517735],[22.8901029,-32.1516832],[22.8898284,-32.1516243],[22.8894602,-32.1515665],[22.8891402,-32.1515219],[22.8887165,-32.151469],[22.8883368,-32.1514437],[22.8880283,-32.1514328],[22.8877041,-32.1514364],[22.8874723,-32.1514425],[22.887249,-32.1514557],[22.8868665,-32.1514858],[22.8864456,-32.1515376],[22.8861314,-32.1515893],[22.88581,-32.1516507],[22.8855214,-32.1517218],[22.88521,-32.1517964],[22.8848858,-32.1518987],[22.884445,-32.1520492],[22.8841209,-32.1521818],[22.8839018,-32.1522707],[22.8836131,-32.1524044],[22.8832544,-32.1525936],[22.8830429,-32.1527053],[22.882851,-32.1528293],[22.88251,-32.1530576],[22.8821424,-32.1533259],[22.8818299,-32.1535813],[22.8816502,-32.1537437],[22.8813551,-32.1540139],[22.8811245,-32.1542614],[22.8808725,-32.1545528],[22.8806229,-32.1548689],[22.8803786,-32.1552403],[22.8794364,-32.1567645],[22.8778566,-32.1594069],[22.87725,-32.1604072],[22.8709656,-32.1708425],[22.8707423,-32.1712075],[22.8683812,-32.175128],[22.8678805,-32.1760072],[22.8674542,-32.176935],[22.8672309,-32.1775363],[22.8669873,-32.1784498],[22.8668462,-32.1794609],[22.8666261,-32.183069],[22.8662886,-32.1882983],[22.8662307,-32.1890106],[22.866152,-32.1896064],[22.8660545,-32.1900524],[22.8659212,-32.1905882],[22.865766,-32.191023],[22.8655696,-32.1915751],[22.8653925,-32.1919564],[22.8650488,-32.1926584],[22.8602796,-32.2016561],[22.8599002,-32.2024128],[22.8591253,-32.2036463],[22.8584045,-32.204513],[22.8574727,-32.2054988],[22.8534505,-32.2098257],[22.8527541,-32.210573],[22.8523384,-32.2110143],[22.8513592,-32.2120685],[22.8499124,-32.2136164],[22.8496646,-32.2138734],[22.849204,-32.2142943],[22.8489672,-32.2144871],[22.8484296,-32.2148667],[22.8481579,-32.2150315],[22.8473875,-32.2154576],[22.8456725,-32.2162425],[22.8397505,-32.2189962],[22.8377493,-32.2199197],[22.8330661,-32.2220839],[22.8284579,-32.2242242],[22.8236327,-32.2264683],[22.820304,-32.2280203],[22.8185981,-32.2287986],[22.8168279,-32.2296222],[22.8157201,-32.2301372],[22.8150737,-32.2303936],[22.8139676,-32.2307966],[22.8106883,-32.231916],[22.8099829,-32.2321588],[22.8064638,-32.2333568],[22.8054741,-32.2337039],[22.8039855,-32.234287],[22.8017056,-32.2352081],[22.7980632,-32.2366942],[22.7944111,-32.238208],[22.7914937,-32.239415],[22.7883655,-32.2408884],[22.7844328,-32.2427487],[22.7841694,-32.2428768],[22.7821121,-32.2438745],[22.7802801,-32.2447388],[22.773516,-32.2479996],[22.7717634,-32.2488226],[22.770828,-32.2492803],[22.7690371,-32.2501311],[22.7628312,-32.2531075],[22.7626189,-32.2532074],[22.758423,-32.2552165],[22.7568454,-32.2559699],[22.7561458,-32.2562786],[22.7461342,-32.2606],[22.7377221,-32.2642191],[22.7341875,-32.2657417],[22.7333748,-32.2660933],[22.7215112,-32.2712003],[22.7206798,-32.2715595],[22.7185657,-32.2724763],[22.7163173,-32.2734364],[22.7104035,-32.2759695],[22.7097018,-32.2762846],[22.7092497,-32.2765012],[22.7088765,-32.2766988],[22.708691,-32.2768143],[22.7083927,-32.277012],[22.7081794,-32.2771651],[22.7078869,-32.2773845],[22.7076695,-32.2775627],[22.7073266,-32.2778717],[22.7063906,-32.278772],[22.7058992,-32.2792788],[22.7052058,-32.2799615],[22.7048124,-32.2803451],[22.7045603,-32.2805708],[22.7042644,-32.280809],[22.7038793,-32.2810829],[22.7034165,-32.2813736],[22.7031727,-32.2815092],[22.7026497,-32.2817571],[22.702233,-32.2819403],[22.7009982,-32.2825006],[22.6984254,-32.2836388],[22.6946369,-32.2853388],[22.6937509,-32.285737],[22.692531,-32.2862841],[22.6898731,-32.2874684],[22.6888012,-32.2879428],[22.685268,-32.2895218],[22.6847639,-32.2897433],[22.6843234,-32.2899438],[22.6832862,-32.2904056],[22.6817621,-32.2910924],[22.6804943,-32.2916576],[22.6797092,-32.2920083],[22.6788034,-32.2924121],[22.6781971,-32.2926751],[22.6778579,-32.2928362],[22.676576,-32.2933951],[22.6758388,-32.2936962],[22.6748016,-32.2940791],[22.6738214,-32.2944396],[22.6730594,-32.2947162],[22.6712564,-32.2953791],[22.6669886,-32.2969576],[22.6661518,-32.297262],[22.6649355,-32.2977113],[22.6643416,-32.2979275],[22.663549,-32.2982279],[22.6630439,-32.2984484],[22.6611097,-32.2994075],[22.6593371,-32.3002966],[22.6542538,-32.3028178],[22.651364,-32.304272],[22.6471718,-32.3063643],[22.6463151,-32.3068013],[22.6436693,-32.3081004],[22.642934,-32.3084747],[22.6420943,-32.3088958],[22.6411505,-32.309367],[22.6407097,-32.3095896],[22.6398392,-32.3100228],[22.6387834,-32.3105479],[22.6374887,-32.3111996],[22.6361451,-32.311876],[22.6351721,-32.3123612],[22.6342535,-32.3128216],[22.6319432,-32.3139732],[22.6298355,-32.3150187],[22.6289839,-32.3154532],[22.6273715,-32.3162715],[22.6237042,-32.3180913],[22.6232839,-32.3182972],[22.6221918,-32.3188336],[22.6208435,-32.3195139],[22.6145171,-32.3226616],[22.6133441,-32.3232321],[22.6104188,-32.3246825],[22.6088199,-32.325485],[22.5919237,-32.3338667],[22.5782323,-32.3458589],[22.5783104,-32.3460498],[22.5783867,-32.3462448],[22.5785103,-32.3465655],[22.5786808,-32.3470232],[22.5788336,-32.3474169],[22.5788989,-32.3476201],[22.5789477,-32.3478568],[22.5789601,-32.3479623],[22.5789617,-32.3481857],[22.5789394,-32.3483882],[22.5788857,-32.3485983],[22.5788212,-32.3487715],[22.5787093,-32.3490014],[22.5784617,-32.3495074],[22.5782958,-32.3497967],[22.578203,-32.3499563],[22.5780799,-32.3501417],[22.5779956,-32.3502775],[22.5778098,-32.3505258],[22.5771691,-32.3513827],[22.5764678,-32.3523247],[22.5615267,-32.3641211],[22.5443801,-32.3739836],[22.542192,-32.376403],[22.537405,-32.381736],[22.5370901,-32.3820991],[22.5367282,-32.3825578],[22.5357754,-32.3838481],[22.5338601,-32.386436],[22.5324375,-32.3883582],[22.5318996,-32.3890798],[22.5299665,-32.3917338],[22.5293288,-32.3925662],[22.5285405,-32.3936307],[22.5282244,-32.3940684],[22.5280796,-32.3942814],[22.5278726,-32.3946198],[22.5277248,-32.394888],[22.5275736,-32.3952088],[22.5273387,-32.3958204],[22.5271332,-32.3966054],[22.5270353,-32.3973698],[22.5270402,-32.3982292],[22.5273436,-32.4012206],[22.5275736,-32.4033443],[22.5239192,-32.4198429],[22.5235803,-32.4207129],[22.5233787,-32.421227],[22.5232106,-32.4216268],[22.5229933,-32.4220895],[22.5228021,-32.4223989],[22.5225711,-32.4227331],[22.522338,-32.4230416],[22.5221363,-32.4232853],[22.5218538,-32.4235982],[22.5216869,-32.4237622],[22.5213802,-32.4240432],[22.5211009,-32.4242826],[22.5207953,-32.4245122],[22.5205107,-32.4247054],[22.5201831,-32.4249208],[22.5197641,-32.4251495],[22.5192211,-32.425419],[22.5179841,-32.4259712],[22.5176533,-32.4261175],[22.5168216,-32.4264986],[22.5162639,-32.4267504],[22.5156664,-32.4270305],[22.5149502,-32.4273895],[22.5140513,-32.4278672],[22.5123036,-32.4288139],[22.5100587,-32.4300453],[22.5094525,-32.4303683],[22.5090553,-32.430603],[22.508733,-32.4308131],[22.5082808,-32.4311303],[22.5077691,-32.4315338],[22.5073704,-32.4318807],[22.5070374,-32.4321901],[22.5067044,-32.4325214],[22.5064936,-32.4327599],[22.5062721,-32.4330062],[22.5061026,-32.433215],[22.5059315,-32.4334394],[22.5056886,-32.433781],[22.505432,-32.4341472],[22.5052166,-32.4345159],[22.5050233,-32.4348838],[22.5038052,-32.4373857],[22.5036051,-32.4377615],[22.5033996,-32.4380986],[22.5030796,-32.4385873],[22.5028627,-32.4388928],[22.5022059,-32.4397127],[22.5019324,-32.4399834],[22.5012588,-32.4406357],[22.5007959,-32.4410354],[22.5000306,-32.4415987],[22.4996167,-32.4418669],[22.4990209,-32.4422291],[22.4985046,-32.4425231],[22.4980449,-32.4427564],[22.4976798,-32.4429253],[22.4972628,-32.4431109],[22.4968381,-32.4432811],[22.4963508,-32.4434486],[22.4958452,-32.4436137],[22.4953992,-32.4437426],[22.4949592,-32.4438521],[22.4944154,-32.4439772],[22.4941252,-32.4440275],[22.4933599,-32.4441306],[22.4915742,-32.4443704],[22.4897351,-32.4446024],[22.4877233,-32.4448615],[22.4860155,-32.4450858],[22.4844101,-32.4452934],[22.4830491,-32.4454674],[22.4821875,-32.4455821],[22.4811931,-32.445711],[22.4805958,-32.4457897],[22.4799344,-32.4458709],[22.4796259,-32.4459186],[22.4793433,-32.4459753],[22.479134,-32.446032],[22.4788972,-32.4461145],[22.4786498,-32.4462163],[22.4783091,-32.4463672],[22.4777669,-32.4466211],[22.4769924,-32.4469885],[22.4760438,-32.4474474],[22.4755244,-32.4476897],[22.475225,-32.4478148],[22.4750219,-32.4478818],[22.4748661,-32.4479218],[22.4745926,-32.4479785],[22.4743085,-32.4480146],[22.4739129,-32.4480197],[22.4733431,-32.448021],[22.4724159,-32.4480197],[22.4708578,-32.448003],[22.4690588,-32.447976],[22.4687636,-32.4479733],[22.4684306,-32.4479669],[22.468038,-32.4479656],[22.4677355,-32.4479875],[22.4673888,-32.4480236],[22.4671169,-32.4480765],[22.4668817,-32.4481396],[22.4666647,-32.4482002],[22.466347,-32.4483111],[22.4659911,-32.4484554],[22.4654901,-32.4486514],[22.4651464,-32.4487841],[22.4647049,-32.4489388],[22.4642787,-32.4490755],[22.4638373,-32.4492005],[22.4633103,-32.4493217],[22.4628948,-32.4494068],[22.4616865,-32.4496465],[22.4604294,-32.4499108],[22.4598061,-32.4500435],[22.4591875,-32.450175],[22.4584787,-32.4502936],[22.4579211,-32.4503787],[22.4572674,-32.4504483],[22.4564715,-32.4505179],[22.4557765,-32.4505372],[22.4550967,-32.4505617],[22.4547637,-32.4505901],[22.45442,-32.4506597],[22.4541298,-32.4507409],[22.4539541,-32.4508066],[22.4537449,-32.4509059],[22.4536166,-32.4509781],[22.4534394,-32.4511186],[22.4531064,-32.4513957],[22.4525626,-32.4519461],[22.4522189,-32.4522877],[22.4516796,-32.45282],[22.4507812,-32.4536951],[22.4501095,-32.4543515],[22.4494617,-32.4549984],[22.4492717,-32.4551792],[22.4491363,-32.4553303],[22.4490004,-32.4555056],[22.4488369,-32.4557402],[22.4487254,-32.4559213],[22.448565,-32.4562287],[22.4484634,-32.4564813],[22.4483802,-32.4567269],[22.4482816,-32.4570304],[22.4482323,-32.4572233],[22.4481472,-32.4575376],[22.4480365,-32.4580686],[22.447925,-32.4586577],[22.4477019,-32.4597648],[22.4476133,-32.4601077],[22.4475156,-32.4603642],[22.4473796,-32.4606541],[22.4472406,-32.4608578],[22.447123,-32.461006],[22.4469993,-32.4611478],[22.4468282,-32.4613244],[22.4465303,-32.4615744],[22.4462981,-32.4617497],[22.4455466,-32.4623168],[22.4450349,-32.4626557],[22.4446392,-32.4629006],[22.4443001,-32.4630823],[22.4439289,-32.4632641],[22.4435577,-32.46342],[22.4431774,-32.4635708],[22.4429177,-32.4636662],[22.4424381,-32.4638273],[22.4420806,-32.4639407],[22.4415429,-32.4640593],[22.4410648,-32.4641418],[22.4407578,-32.4641779],[22.4403194,-32.4642101],[22.439884,-32.4642139],[22.4389415,-32.4642036],[22.4373758,-32.4641959],[22.4368458,-32.4641817],[22.4364104,-32.4641534],[22.4360652,-32.4641224],[22.4355749,-32.4640515],[22.4352266,-32.4639768],[22.4347744,-32.4638685],[22.4341588,-32.4637023],[22.432975,-32.4633698],[22.4318675,-32.4630488],[22.4308456,-32.4627601],[22.4301124,-32.4625642],[22.4299658,-32.4625333],[22.4297046,-32.4624779],[22.4293517,-32.462425],[22.4290416,-32.4623941],[22.4287315,-32.4623774],[22.4284107,-32.4623748],[22.4281006,-32.4623812],[22.4277539,-32.4624031],[22.4274285,-32.4624392],[22.4268985,-32.4625217],[22.4258964,-32.4626996],[22.4250272,-32.4628594],[22.4244972,-32.4629625],[22.4241398,-32.4630424],[22.4238342,-32.4631339],[22.4236891,-32.4631751],[22.4233745,-32.4632847],[22.4229574,-32.4634703],[22.4226367,-32.4636365],[22.4224136,-32.4637654],[22.4221463,-32.4639201],[22.4218225,-32.4641521],[22.4215185,-32.4643957],[22.4210389,-32.4647823],[22.4172041,-32.4678479],[22.4164186,-32.4685494],[22.4159549,-32.4690279],[22.4153877,-32.469765],[22.4148014,-32.4707252],[22.4123068,-32.4758849],[22.4115748,-32.4771974],[22.4108046,-32.4784841],[22.4104942,-32.4788849],[22.4101072,-32.4793245],[22.4095592,-32.4798418],[22.4088732,-32.4803849],[22.4077002,-32.4811726],[22.4050872,-32.4828933],[22.4026189,-32.4845064],[22.4022679,-32.484738],[22.4017778,-32.4850645],[22.4013178,-32.4853878],[22.400815,-32.4857067],[22.3992923,-32.4869014],[22.3979702,-32.4880765],[22.3964539,-32.489456],[22.3945198,-32.491111],[22.3924093,-32.4929985],[22.3905144,-32.4947218],[22.3890275,-32.4960703],[22.3878171,-32.4972866],[22.3869631,-32.4980626],[22.386487,-32.4984926],[22.3861848,-32.4987671],[22.38574,-32.4991415],[22.3854422,-32.4993723],[22.3850259,-32.4996671],[22.384483,-32.4999987],[22.3837544,-32.5004343],[22.3830651,-32.500863],[22.3823838,-32.5012837],[22.3820499,-32.5014715],[22.3817119,-32.5016445],[22.3813136,-32.5018266],[22.3802702,-32.5022315],[22.3791102,-32.5026738],[22.3772635,-32.5033614],[22.3762875,-32.5037346],[22.3736519,-32.5047232],[22.3698552,-32.5061471],[22.3682713,-32.5067432],[22.3677228,-32.5069535],[22.3672789,-32.5071322],[22.3669678,-32.5072679],[22.3664528,-32.5075202],[22.3661524,-32.5076785],[22.365797,-32.5078787],[22.3654054,-32.5081139],[22.3650916,-32.5083209],[22.3647617,-32.5085482],[22.3643218,-32.5088739],[22.3640147,-32.5091239],[22.363725,-32.5093749],[22.363387,-32.509695],[22.3630853,-32.5099936],[22.3627782,-32.5103385],[22.362337,-32.5108418],[22.3618488,-32.5114106],[22.361535,-32.5117714],[22.3610938,-32.5122781],[22.360788,-32.5126343],[22.3603521,-32.5131398],[22.3600383,-32.5134949],[22.3597862,-32.5137867],[22.3595729,-32.5140197],[22.3592752,-32.5143103],[22.3589332,-32.5146123],[22.3586141,-32.5148667],[22.3583069,-32.5150906],[22.358024,-32.5152761],[22.3577651,-32.5154322],[22.3575023,-32.5155826],[22.3571844,-32.5157409],[22.356884,-32.5158766],[22.3565716,-32.5160089],[22.3561209,-32.516174],[22.35585,-32.5162645],[22.3555268,-32.5163572],[22.3552465,-32.5164318],[22.3548549,-32.5165087],[22.3543051,-32.5166173],[22.3432207,-32.5195179],[22.3375869,-32.522155],[22.3371175,-32.5223766],[22.336742,-32.5225643],[22.3363987,-32.5227453],[22.3360862,-32.5229262],[22.3357496,-32.523123],[22.3352601,-32.5234543],[22.3347424,-32.5237946],[22.3339002,-32.5243713],[22.3333664,-32.5247366],[22.332956,-32.5250102],[22.3262988,-32.529532],[22.325702,-32.5299368],[22.3246063,-32.5306774],[22.3239546,-32.5311263],[22.3233564,-32.5315209],[22.3227824,-32.5318725],[22.3143026,-32.5368067],[22.3131466,-32.5374613],[22.3119543,-32.5381736],[22.3082583,-32.5403092],[22.3073409,-32.5408519],[22.3068005,-32.5411741],[22.3039372,-32.5428281],[22.2964056,-32.5472201],[22.2937167,-32.5487881],[22.2930729,-32.5491566],[22.2926679,-32.5493974],[22.2921167,-32.5497196],[22.2915655,-32.5500847],[22.291292,-32.5502927],[22.2910599,-32.5504827],[22.2907944,-32.5507212],[22.2904336,-32.551075],[22.2896555,-32.5518759],[22.2895016,-32.5520404],[22.2889262,-32.5526327],[22.2887439,-32.5528238],[22.2883496,-32.5532081],[22.2880733,-32.553476],[22.2877622,-32.5537586],[22.2872901,-32.5541667],[22.2868113,-32.5545691],[22.2863889,-32.5549207],[22.2847795,-32.5562217],[22.2841117,-32.5567688],[22.2835565,-32.557213],[22.2827303,-32.5578879],[22.2819646,-32.558505],[22.2788054,-32.5610599],[22.2782574,-32.5614604],[22.2780754,-32.5615852],[22.2777173,-32.561801],[22.2773203,-32.5620169],[22.2769964,-32.5621613],[22.2766975,-32.5622938],[22.2762327,-32.5624657],[22.2758431,-32.5625711],[22.2756252,-32.5626386],[22.2752,-32.5627279],[22.2747669,-32.5628047],[22.2741486,-32.5628974],[22.2736564,-32.5629506],[22.2724146,-32.5630873],[22.2681546,-32.5635826],[22.2661369,-32.5638175],[22.265646,-32.5638864],[22.2652611,-32.5639475],[22.2650331,-32.5640006],[22.2645369,-32.5641272],[22.264085,-32.5642572],[22.2637041,-32.5643928],[22.263397,-32.5645182],[22.2630496,-32.5646787],[22.2627009,-32.5648539],[22.2623858,-32.5650325],[22.2620626,-32.5652314],[22.2617675,-32.5654179],[22.2615342,-32.5655829],[22.259202,-32.5672444],[22.2583906,-32.5678231],[22.2575752,-32.5684006],[22.2562355,-32.5693624],[22.2556745,-32.5697482],[22.2553477,-32.5699886],[22.2549842,-32.5702361],[22.2546838,-32.5704418],[22.2543673,-32.5706203],[22.2540347,-32.5708023],[22.2537383,-32.5709436],[22.2533038,-32.5711334],[22.2525434,-32.5714194],[22.2512895,-32.5719065],[22.2495782,-32.5725699],[22.2475652,-32.5733452],[22.2459237,-32.5739882],[22.2451781,-32.5742685],[22.2437538,-32.57482],[22.24287,-32.5751692],[22.2418857,-32.5755535],[22.240617,-32.5760631],[22.2399384,-32.5763434],[22.2392853,-32.5766237],[22.238156,-32.5770983],[22.2372521,-32.5774871],[22.2361833,-32.5779436],[22.2321251,-32.5796648],[22.2306325,-32.5802886],[22.22918,-32.5808988],[22.2282694,-32.5812932],[22.2271241,-32.5817723],[22.2266869,-32.5819701],[22.2252077,-32.5825973],[22.2245398,-32.5828854],[22.2238572,-32.5831781],[22.2230673,-32.5835759],[22.2215321,-32.5843638],[22.2212335,-32.5845107],[22.212179,-32.5891606],[22.2104141,-32.5900689],[22.2086333,-32.5909847],[22.2077443,-32.5914431],[22.2052958,-32.5927337],[22.2040129,-32.5934449],[22.2037498,-32.5935859],[22.2035721,-32.5936887],[22.2032675,-32.5938776],[22.2030528,-32.5940213],[22.2029386,-32.5941161],[22.2027699,-32.5942601],[22.2025576,-32.5944766],[22.2023564,-32.5947114],[22.1914201,-32.6089817],[22.1910417,-32.6093362],[22.1908712,-32.6095009],[22.1906551,-32.6097473],[22.1904947,-32.6099498],[22.1902826,-32.6102477],[22.1901163,-32.610488],[22.1898417,-32.6109438],[22.1886829,-32.6128006],[22.1884319,-32.6131987],[22.188281,-32.6134301],[22.1881348,-32.6136287],[22.1879875,-32.6138203],[22.187813,-32.6140199],[22.1876609,-32.6141778],[22.1874358,-32.6143823],[22.1871812,-32.6145849],[22.1867827,-32.6148579],[22.1864008,-32.6150803],[22.1860307,-32.615262],[22.1856487,-32.6154259],[22.1853069,-32.6155649],[22.1837615,-32.6161457],[22.1824742,-32.6166044],[22.1811493,-32.6170949],[22.180284,-32.6174067],[22.1795673,-32.6176589],[22.1789273,-32.6178505],[22.1780797,-32.6180848],[22.1776576,-32.6181938],[22.173928,-32.6191909],[22.1728353,-32.6194818],[22.1718693,-32.6197395],[22.1661161,-32.6212769],[22.1596773,-32.6229926],[22.1585655,-32.6232874],[22.1576522,-32.6235212],[22.1572593,-32.6236319],[22.1565849,-32.6238391],[22.1563219,-32.623938],[22.1557291,-32.6242102],[22.1548641,-32.6246168],[22.1526459,-32.6256853],[22.1518598,-32.6260692],[22.151347,-32.6263114],[22.1509958,-32.6264643],[22.1506433,-32.6266073],[22.1502596,-32.6267454],[22.1490407,-32.6271079],[22.1474393,-32.6275544],[22.1471306,-32.6276529],[22.1468134,-32.6277613],[22.1464761,-32.6278873],[22.1461885,-32.6280064],[22.1459263,-32.6281307],[22.1456487,-32.6282741],[22.1453778,-32.6284322],[22.1451565,-32.6285717],[22.1448863,-32.6287609],[22.1445972,-32.6289738],[22.1443585,-32.6291692],[22.1436638,-32.6297226],[22.1427192,-32.6304882],[22.1424884,-32.6306719],[22.1414892,-32.6314715],[22.1402675,-32.6324643],[22.138976,-32.6334988],[22.1375357,-32.634661],[22.1367565,-32.63529],[22.135355,-32.6364183],[22.1341708,-32.6373692],[22.132874,-32.6384161],[22.1322651,-32.6389096],[22.1313786,-32.6396301],[22.1298538,-32.6408464],[22.1287441,-32.6417407],[22.128156,-32.6422207],[22.1280837,-32.6422781],[22.127951,-32.6423835],[22.12735,-32.642861],[22.1261524,-32.6438367],[22.1249484,-32.6447989],[22.1245994,-32.6450778],[22.124244,-32.6453612],[22.1239154,-32.6456401],[22.1236995,-32.6458468],[22.1234755,-32.6460602],[22.1232288,-32.6463357],[22.1229833,-32.6466248],[22.122695,-32.6470042],[22.1225408,-32.6472278],[22.1223906,-32.6474774],[22.1220566,-32.648086],[22.1216208,-32.6488652],[22.1211259,-32.6497651],[22.1207866,-32.6503704],[22.1204218,-32.6510422],[22.1202113,-32.6514149],[22.1200208,-32.6517254],[22.1197835,-32.6520641],[22.1151607,-32.6586684],[22.1149166,-32.6589743],[22.1147141,-32.659199],[22.1144807,-32.6594327],[22.1141615,-32.6597048],[22.1137391,-32.6600289],[22.1132013,-32.6604094],[22.1124436,-32.6609558],[22.1118937,-32.6613623],[22.1115142,-32.6616208],[22.1111065,-32.6619178],[22.1104789,-32.6623694],[22.1102361,-32.6625523],[22.1100014,-32.6627318],[22.10976,-32.6629271],[22.1095119,-32.6631529],[22.1092692,-32.6633923],[22.109115,-32.6635582],[22.1089245,-32.663775],[22.1086939,-32.6640618],[22.1085705,-32.6642153],[22.1084417,-32.6644208],[22.1082956,-32.6646466],[22.1081494,-32.6649052],[22.1080059,-32.6651671],[22.107861,-32.6654832],[22.1076907,-32.6659043],[22.1075499,-32.666269],[22.1073098,-32.6668854],[22.1070309,-32.6676102],[22.1067426,-32.6683508],[22.1064261,-32.6691727],[22.1060827,-32.6700702],[22.1057957,-32.6708107],[22.105258,-32.6722106],[22.1049361,-32.6730223],[22.1048087,-32.6733316],[22.1046826,-32.6736161],[22.1045566,-32.6738735],[22.1044157,-32.6741241],[22.1042253,-32.6744232],[22.1040107,-32.6747224],[22.1037962,-32.675008],[22.1035266,-32.675315],[22.1032061,-32.6756435],[22.102848,-32.6759698],[22.1025476,-32.6762271],[22.1004597,-32.6780329],[22.1002489,-32.6782128],[22.0992863,-32.6790551],[22.0972033,-32.6808474],[22.0960499,-32.6818521],[22.0950802,-32.6826836],[22.0936279,-32.6839324],[22.0933382,-32.6841818],[22.0931183,-32.6843557],[22.092948,-32.6844855],[22.0924357,-32.6848331],[22.0920575,-32.6850532],[22.0916444,-32.6852835],[22.0911978,-32.6855228],[22.0898648,-32.6862373],[22.088867,-32.6867644],[22.0880757,-32.687191],[22.0876077,-32.6874439],[22.0869881,-32.6877689],[22.0864329,-32.6880692],[22.0861003,-32.6882577],[22.0855451,-32.6886087],[22.084908,-32.6890229],[22.0843863,-32.6893694],[22.0836394,-32.6898728],[22.080388,-32.692042],[22.0786149,-32.6932237],[22.0776124,-32.6938875],[22.0770237,-32.6942859],[22.0767783,-32.6944721],[22.0764121,-32.6947599],[22.0761372,-32.6949834],[22.0758811,-32.6951967],[22.0753909,-32.6956374],[22.0746801,-32.6963512],[22.0744783,-32.6965544],[22.0736917,-32.6973506],[22.0733819,-32.6976649],[22.0723151,-32.6987404],[22.072043,-32.6990165],[22.0719029,-32.6991588],[22.0717813,-32.6992822],[22.0708291,-32.7002301],[22.0705689,-32.7004965],[22.0699225,-32.7011488],[22.0689623,-32.7021125],[22.0686069,-32.7024748],[22.0681818,-32.7029093],[22.0678344,-32.7032523],[22.0672698,-32.7038256],[22.0667924,-32.704312],[22.0664839,-32.7046032],[22.0662305,-32.7048232],[22.0659287,-32.7050591],[22.0655546,-32.7053265],[22.0650463,-32.7056538],[22.0629179,-32.7070057],[22.0618075,-32.7077155],[22.0606408,-32.7084501],[22.0598039,-32.7089839],[22.0585433,-32.7097794],[22.0581771,-32.710022],[22.057339,-32.7105377],[22.0564847,-32.7110839],[22.0554534,-32.7117384],[22.0544033,-32.712403],[22.0436302,-32.7207606],[22.0428899,-32.7213688],[22.0422877,-32.7218528],[22.0419323,-32.7221078],[22.0416225,-32.7223109],[22.041298,-32.7225072],[22.0410231,-32.7226652],[22.0406529,-32.7228401],[22.0403351,-32.7229912],[22.0399757,-32.7231334],[22.0396042,-32.723262],[22.0391026,-32.7234064],[22.0387875,-32.7234809],[22.037677,-32.7237325],[22.0365773,-32.7239751],[22.0356573,-32.7241849],[22.0345429,-32.7244636],[22.0335826,-32.7247287],[22.0325728,-32.7250164],[22.0313899,-32.7253436],[22.0303009,-32.7256494],[22.0284341,-32.7261718],[22.0275919,-32.7264053],[22.0265834,-32.7266919],[22.025717,-32.7269378],[22.0252235,-32.7270992],[22.0247743,-32.7272763],[22.0243505,-32.7274692],[22.0240447,-32.7276215],[22.0235565,-32.7279092],[22.0232306,-32.7281224],[22.0229021,-32.7283605],[22.0223308,-32.7287971],[22.0219405,-32.7290949],[22.0212458,-32.7296308],[22.0206356,-32.7300945],[22.0200549,-32.730548],[22.0195976,-32.7308966],[22.0191658,-32.7312339],[22.0186749,-32.7316085],[22.0179856,-32.7321342],[22.0175765,-32.7324512],[22.017142,-32.7327874],[22.0167223,-32.7331146],[22.0163038,-32.7334338],[22.0159686,-32.7336989],[22.0157245,-32.7339099],[22.0155072,-32.7341209],[22.015408,-32.7342292],[22.0152752,-32.7343916],[22.0151465,-32.7345665],[22.0149976,-32.7347876],[22.0149077,-32.7349794],[22.014783,-32.7352535],[22.0146583,-32.7355648],[22.0143203,-32.736429],[22.0141433,-32.7368565],[22.0138349,-32.7376326],[22.0134647,-32.7385565],[22.0132099,-32.7392266],[22.0130543,-32.7396778],[22.0128679,-32.7401933],[22.0127647,-32.7404257],[22.0126386,-32.7407021],[22.0124991,-32.7409435],[22.0123623,-32.741151],[22.0121719,-32.7413992],[22.0119587,-32.7416259],[22.0117749,-32.7418166],[22.0116314,-32.7419508],[22.0113954,-32.7421437],[22.011099,-32.7423603],[22.0106484,-32.7426389],[22.0098746,-32.7430766],[22.0088325,-32.7436801],[22.0072259,-32.7446039],[22.0064333,-32.7450562],[22.0051096,-32.7458176],[22.004592,-32.7461064],[22.0042339,-32.7462846],[22.0037337,-32.7465293],[22.0031865,-32.7467707],[22.0025696,-32.7469997],[22.000912,-32.74754],[22.0002822,-32.7477378],[21.9996481,-32.747941],[21.9991632,-32.7481107],[21.9988386,-32.7482292],[21.9986013,-32.7483375],[21.9983666,-32.7484536],[21.998097,-32.7486115],[21.9978636,-32.7487773],[21.9976182,-32.7489905],[21.9974479,-32.7491462],[21.9972843,-32.7493165],[21.9971354,-32.7494913],[21.9969168,-32.7497586],[21.9963415,-32.7504467],[21.9957648,-32.751164],[21.9948623,-32.7522818],[21.9945605,-32.752663],[21.9940006,-32.7533439],[21.9933703,-32.7541256],[21.9930879,-32.7544776],[21.9926539,-32.7550142],[21.9920326,-32.7557656],[21.9917244,-32.7561565],[21.9910492,-32.7569964],[21.9894723,-32.7589144],[21.9875494,-32.7613016],[21.986007,-32.7632012],[21.9856243,-32.7636694],[21.9849293,-32.7645601],[21.984788,-32.764789],[21.9846455,-32.7650233],[21.984448,-32.7653929],[21.9841898,-32.7659743],[21.9838765,-32.7667063],[21.9837539,-32.7669855],[21.983666,-32.7671772],[21.983493,-32.7675127],[21.9832744,-32.7678819],[21.983105,-32.7681431],[21.9829393,-32.7683838],[21.9827006,-32.7686904],[21.9824695,-32.7689538],[21.9823176,-32.7691286],[21.9821191,-32.7693373],[21.9818246,-32.7696471],[21.9803239,-32.7712613],[21.9801144,-32.7714908],[21.9793866,-32.7722697],[21.9787556,-32.7729458],[21.9785531,-32.7731724],[21.9784565,-32.7732953],[21.9782822,-32.7735214],[21.9782024,-32.77365],[21.9781273,-32.7737762],[21.9780274,-32.7739634],[21.977967,-32.7740959],[21.9778953,-32.7742876],[21.9777947,-32.7746022],[21.9777317,-32.7748582],[21.9775406,-32.7756763],[21.9774279,-32.7761904],[21.9773233,-32.7766263],[21.9772314,-32.7770158],[21.9771355,-32.7774392],[21.9770685,-32.7777431],[21.9769578,-32.7782207],[21.9767077,-32.7793138],[21.9766668,-32.7794913],[21.9764925,-32.7802514],[21.9764227,-32.7805558],[21.9761632,-32.7816788],[21.9757824,-32.7833216],[21.9756161,-32.7840533],[21.9755383,-32.784395],[21.9753562,-32.7851609],[21.9751935,-32.7858675],[21.9745522,-32.7886575],[21.9744194,-32.7891738],[21.9743258,-32.7895077],[21.9742052,-32.7898348],[21.9731708,-32.7921756],[21.972897,-32.7927739],[21.9725716,-32.7934805],[21.9723642,-32.7939557],[21.9721622,-32.7943865],[21.9719412,-32.7948981],[21.9717406,-32.7954679],[21.9715779,-32.7960149],[21.9714667,-32.7964571],[21.9713583,-32.7970394],[21.9711644,-32.7981904],[21.9710397,-32.7989379],[21.9705395,-32.8019052],[21.9699871,-32.8051112],[21.9699294,-32.8054639],[21.9697803,-32.806331],[21.9697328,-32.8066227],[21.9696718,-32.8070272],[21.9696528,-32.807271],[21.9696434,-32.8075878],[21.969661,-32.8082384],[21.9698725,-32.8116372],[21.9699389,-32.8127948],[21.9699904,-32.8136015],[21.9700297,-32.8141097],[21.970046,-32.8144583],[21.9700446,-32.8147226],[21.9700433,-32.8149391],[21.9700121,-32.8152536],[21.9699714,-32.81556],[21.9699294,-32.8158141],[21.9698765,-32.8160796],[21.9698142,-32.8163006],[21.9693315,-32.817678],[21.9689194,-32.81888],[21.9687337,-32.8194462],[21.9685425,-32.819984],[21.9682429,-32.8208623],[21.9679732,-32.8216359],[21.9678105,-32.8220984],[21.9674919,-32.8230178],[21.966768,-32.8251254],[21.9663545,-32.8263295],[21.9659003,-32.8276407],[21.9655275,-32.8287036],[21.9652469,-32.8294554],[21.9649744,-32.8302107],[21.9646504,-32.8310969],[21.9642491,-32.8322041],[21.9639211,-32.8331245],[21.9634086,-32.8345302],[21.9628867,-32.8359711],[21.9625979,-32.8367685],[21.9623444,-32.8374644],[21.9619391,-32.8385739],[21.9614886,-32.8398206],[21.9606398,-32.8421274],[21.9605327,-32.8424287],[21.960188,-32.8433992],[21.960136,-32.8435365],[21.9599449,-32.8440525],[21.9599042,-32.8441732],[21.9596426,-32.844901],[21.9595897,-32.8450616],[21.9595016,-32.8453144],[21.9593565,-32.8456561],[21.9592399,-32.8459203],[21.9590981,-32.8462089],[21.9589146,-32.8465285],[21.9587139,-32.846844],[21.9582883,-32.8474682],[21.9575098,-32.8485997],[21.9568282,-32.8495603],[21.9560839,-32.8505865],[21.9558703,-32.8508653],[21.9554045,-32.851421],[21.9537976,-32.85326],[21.9529737,-32.854196],[21.9522906,-32.8549729],[21.9518854,-32.8554414],[21.9514548,-32.8559362],[21.9511756,-32.8562621],[21.9506284,-32.8568807],[21.9502003,-32.8573657],[21.9497085,-32.8578724],[21.9493976,-32.8581716],[21.949018,-32.858515],[21.9484483,-32.8590197],[21.9479783,-32.8594272],[21.9475007,-32.8598157],[21.9472585,-32.8600142],[21.9468672,-32.8602816],[21.9464802,-32.860518],[21.9458518,-32.8608344],[21.945525,-32.8609995],[21.9433046,-32.8619982],[21.9425656,-32.8623332],[21.9407382,-32.8631514],[21.9402958,-32.863353],[21.9384374,-32.8641848],[21.9378641,-32.8644568],[21.9374898,-32.8646592],[21.9372041,-32.8648288],[21.9369561,-32.8649836],[21.9366913,-32.8651652],[21.9364458,-32.8653482],[21.9361819,-32.8655677],[21.9357043,-32.8659823],[21.9349234,-32.8666558],[21.9337939,-32.8676473],[21.9334152,-32.8679767],[21.9327977,-32.8685207],[21.9321031,-32.8691048],[21.9314069,-32.8696692],[21.9311287,-32.8698789],[21.9308136,-32.8701041],[21.930564,-32.8702702],[21.9301861,-32.8704848],[21.9298643,-32.8706446],[21.929411,-32.8708388],[21.9289284,-32.8710232],[21.9284366,-32.8712097],[21.9277948,-32.8714602],[21.9274069,-32.8716058],[21.9264366,-32.8719716],[21.926176,-32.8720717],[21.9256348,-32.8722603],[21.9252426,-32.8723715],[21.9249008,-32.8724566],[21.9241635,-32.8726136],[21.9229014,-32.8728721],[21.9222992,-32.8729879],[21.9190189,-32.8736719],[21.9166344,-32.8741638],[21.9149745,-32.8744998],[21.914047,-32.8746895],[21.913556,-32.8747936],[21.9130416,-32.8749161],[21.8981955,-32.879397],[21.896754,-32.8798383],[21.8936246,-32.8807742],[21.890979,-32.8815839],[21.8885756,-32.8822958],[21.8876348,-32.8825892],[21.8868699,-32.8827985],[21.8864627,-32.8829068],[21.8859901,-32.8829997],[21.8853852,-32.8830813],[21.884547,-32.8831423],[21.8832889,-32.8831257],[21.8822218,-32.8831506],[21.881675,-32.8831976],[21.8809669,-32.8833],[21.8803082,-32.8834465],[21.8789678,-32.8838365],[21.8767811,-32.8844405],[21.8755886,-32.8847797],[21.8744392,-32.8850922],[21.8733918,-32.8854407],[21.8713554,-32.8862675],[21.8642069,-32.88912],[21.8593575,-32.8910513],[21.8588557,-32.8912775],[21.8585934,-32.8913936],[21.8581071,-32.891623],[21.8578419,-32.8917531],[21.8573502,-32.8920183],[21.8570526,-32.8921795],[21.8567132,-32.8923786],[21.8560044,-32.8928239],[21.8553978,-32.8932081],[21.8548909,-32.8935268],[21.8545247,-32.8937575],[21.8539751,-32.8940699],[21.8533056,-32.8944174],[21.8529068,-32.8946095],[21.8525113,-32.8947889],[21.8522131,-32.8949183],[21.8516793,-32.8951315],[21.8511883,-32.8953166],[21.8509093,-32.8954115],[21.8502926,-32.8956099],[21.8490585,-32.8959751],[21.8467811,-32.8966526],[21.8449512,-32.8971992],[21.8441687,-32.8974264],[21.8416067,-32.8981764],[21.8380994,-32.8992218],[21.8321854,-32.9009721],[21.8316886,-32.9011191],[21.8286123,-32.9020319],[21.8278992,-32.9022379],[21.8264049,-32.9026814],[21.8249338,-32.9031183],[21.8224995,-32.9038395],[21.8208172,-32.9043417],[21.8197282,-32.9046612],[21.8165841,-32.9055924],[21.8140567,-32.9063423],[21.8104838,-32.9074013],[21.8087137,-32.907923],[21.8069203,-32.9084616],[21.803709,-32.9094016],[21.7996425,-32.9106217],[21.7974267,-32.9112679],[21.795372,-32.9118899],[21.7943482,-32.9121544],[21.7917637,-32.9125841],[21.7903072,-32.912822],[21.7882675,-32.9131565],[21.7875995,-32.9132667],[21.7871537,-32.9133351],[21.7868873,-32.9133886],[21.7866046,-32.9134492],[21.7863739,-32.9135125],[21.7861323,-32.9135901],[21.785949,-32.9136612],[21.7856862,-32.9137756],[21.7852334,-32.9140085],[21.7844065,-32.9147057],[21.7843008,-32.9148257],[21.7842084,-32.9149437],[21.784074,-32.9151341],[21.7839599,-32.9153102],[21.7838527,-32.9155077],[21.7837836,-32.9156551],[21.7837074,-32.9158383],[21.783629,-32.9160795],[21.783587,-32.9162452],[21.7835428,-32.916491],[21.7835164,-32.91683],[21.7835202,-32.9170048],[21.7835179,-32.9172819],[21.7835179,-32.9174755],[21.7835016,-32.9177441],[21.7834736,-32.9179169],[21.7834221,-32.9181734],[21.7833696,-32.9183414],[21.7832966,-32.9185507],[21.7831956,-32.9187724],[21.7830791,-32.9189927],[21.7829307,-32.9192288],[21.7827233,-32.9195065],[21.7825059,-32.9197504],[21.7822146,-32.920002],[21.7819831,-32.9201807],[21.7817354,-32.9203424],[21.7814091,-32.9205269],[21.7809633,-32.9207316],[21.7788468,-32.9216183],[21.7772499,-32.9222781],[21.7752366,-32.92314],[21.773604,-32.9238389],[21.772877,-32.9241714],[21.7726502,-32.9242875],[21.7721096,-32.9245678],[21.7713779,-32.9249812],[21.7709196,-32.9252198],[21.7706556,-32.9253437],[21.7702967,-32.9254793],[21.7700625,-32.9255604],[21.7696458,-32.9256762],[21.7693788,-32.9257256],[21.7691682,-32.9257505],[21.7688823,-32.9257714],[21.7685926,-32.9257811],[21.7679922,-32.9257733],[21.7668295,-32.9257348],[21.7642322,-32.925654],[21.762876,-32.9256162],[21.7608239,-32.9255608],[21.7601544,-32.9255432],[21.7597738,-32.925538],[21.759488,-32.9255399],[21.7592457,-32.9255503],[21.7589606,-32.9255686],[21.7586864,-32.9255973],[21.7583284,-32.9256423],[21.7580332,-32.9256918],[21.7577847,-32.9257388],[21.7575719,-32.9257837],[21.7573,-32.925847],[21.7569482,-32.9259383],[21.7554848,-32.9263542],[21.7549877,-32.926497],[21.7544689,-32.926645],[21.7529364,-32.9270753],[21.7521249,-32.9273001],[21.7364103,-32.9317077],[21.7352255,-32.9321133],[21.7344129,-32.9325309],[21.7338366,-32.9328854],[21.7333224,-32.9332809],[21.7296172,-32.936117],[21.7253886,-32.9394288],[21.7064725,-32.9540816],[21.704049,-32.95596],[21.7033451,-32.9565237],[21.7029132,-32.9568838],[21.7026289,-32.9571719],[21.702358,-32.9574937],[21.7019083,-32.9580235],[21.7013141,-32.9587593],[21.7009741,-32.9591558],[21.700523,-32.9597625],[21.7003369,-32.9600568],[21.7001006,-32.9604633],[21.6999605,-32.9607493],[21.6998433,-32.9610172],[21.6997321,-32.9613308],[21.699625,-32.9616536],[21.6995336,-32.9619947],[21.6992952,-32.962766],[21.6989193,-32.963652],[21.6978741,-32.9657963],[21.6972658,-32.9671294],[21.6969755,-32.9677308],[21.6968104,-32.9680857],[21.6964574,-32.9688323],[21.6962444,-32.9693104],[21.6961819,-32.9694201],[21.6957767,-32.9702941],[21.6956022,-32.9707638],[21.6955406,-32.9709399],[21.6954604,-32.9712292],[21.6954025,-32.9714796],[21.695354,-32.9717198],[21.6953176,-32.9719306],[21.6952931,-32.9721437],[21.6952689,-32.9724722],[21.6952623,-32.9727699],[21.6952637,-32.9730603],[21.6952812,-32.9735622],[21.6952967,-32.9739194],[21.6953203,-32.9746354],[21.6953108,-32.974979],[21.6952704,-32.9754323],[21.6952233,-32.9757295],[21.695168,-32.975998],[21.6949605,-32.9768287],[21.6948487,-32.9772882],[21.6946931,-32.9779008],[21.6945786,-32.978345],[21.6944661,-32.9787784],[21.6944081,-32.9789621],[21.6943044,-32.9792322],[21.6942141,-32.9794492],[21.6940929,-32.9796865],[21.6938847,-32.9800369],[21.6936907,-32.9803003],[21.693533,-32.9804952],[21.6933977,-32.9806458],[21.6932339,-32.980806],[21.69305,-32.9809761],[21.6928432,-32.9811524],[21.6927166,-32.9812485],[21.6924943,-32.9814067],[21.6918698,-32.9818],[21.6915073,-32.9820272],[21.6896635,-32.9831518],[21.6890801,-32.9835049],[21.686389,-32.98515],[21.6862482,-32.9852425],[21.685963,-32.9854193],[21.6858114,-32.9855211],[21.6856907,-32.9856111],[21.6854808,-32.9857878],[21.6853291,-32.9859399],[21.6852052,-32.9860885],[21.6850799,-32.9862603],[21.6849802,-32.9864196],[21.6848589,-32.9866575],[21.684774,-32.9868598],[21.6847208,-32.987022],[21.6846852,-32.9871894],[21.6846467,-32.9874684],[21.6845342,-32.9882713],[21.6844446,-32.9891003],[21.6843328,-32.989871],[21.6842681,-32.9903422],[21.6842115,-32.9906717],[21.684126,-32.9909768],[21.6840923,-32.9910587],[21.6840115,-32.9912238],[21.6839212,-32.9913729],[21.6837307,-32.9916415],[21.6835631,-32.9918301],[21.6831574,-32.9922179],[21.6809192,-32.9937546],[21.6798058,-32.9945315],[21.6784897,-32.9954531],[21.6771237,-32.9963987],[21.6760314,-32.9971559],[21.6750373,-32.9978464],[21.6731739,-32.999105],[21.6715357,-33.0000498],[21.6686241,-33.0017367],[21.6612518,-33.0058835],[21.6591631,-33.0070407],[21.6576188,-33.0077492],[21.6560746,-33.0084814],[21.6542393,-33.009304],[21.6521788,-33.0101109],[21.650475,-33.0107171],[21.6495925,-33.0110083],[21.6487852,-33.0112091],[21.6478042,-33.0113862],[21.6469077,-33.01152],[21.6460018,-33.0116892],[21.6452274,-33.0118742],[21.6443356,-33.0121734],[21.6438005,-33.0124686],[21.6432607,-33.012811],[21.6425519,-33.0133423],[21.6421295,-33.0136769],[21.6417681,-33.0139367],[21.6413879,-33.0141689],[21.6408247,-33.014409],[21.6401441,-33.0146333],[21.6382009,-33.0152158],[21.6358962,-33.0159124],[21.6339906,-33.0164713],[21.6326904,-33.016861],[21.6323231,-33.0169654],[21.6318033,-33.0170971],[21.6308572,-33.0172953],[21.6300219,-33.0174489],[21.6289063,-33.0176252],[21.6285573,-33.017676],[21.6282892,-33.0177043],[21.627701,-33.0177347],[21.6272976,-33.017737],[21.6266064,-33.0177314],[21.6262143,-33.0177348],[21.6258845,-33.0177544],[21.625635,-33.0177901],[21.6253574,-33.0178466],[21.6250745,-33.0179223],[21.6248754,-33.0179826],[21.6245841,-33.0180963],[21.6243254,-33.0182183],[21.6240909,-33.0183392],[21.6234927,-33.0186747],[21.6229376,-33.0189865],[21.6215135,-33.0197649],[21.6203319,-33.0204201],[21.6183102,-33.0215387],[21.6178973,-33.0217667],[21.6174095,-33.0220299],[21.6170727,-33.0221802],[21.6167184,-33.0223327],[21.6165082,-33.0224118],[21.6161633,-33.0225372],[21.6155893,-33.022701],[21.6147782,-33.0229258],[21.614122,-33.0230986],[21.6136289,-33.0232319],[21.6132786,-33.0233381],[21.6130105,-33.023433],[21.6128097,-33.0235188],[21.6126279,-33.0236058],[21.6124271,-33.0237165],[21.612225,-33.0238442],[21.6119084,-33.0240645],[21.6111943,-33.0245977],[21.6109275,-33.0247694],[21.6106203,-33.0249422],[21.6103576,-33.025062],[21.6100706,-33.0251681],[21.6098146,-33.0252563],[21.6096327,-33.0253037],[21.6093161,-33.0253703],[21.6089375,-33.0254404],[21.6078826,-33.0256324],[21.6067602,-33.0258346],[21.6061324,-33.0259532],[21.6056366,-33.0260402],[21.6053536,-33.0261125],[21.6051124,-33.0261769],[21.6048807,-33.0262526],[21.6046153,-33.0263622],[21.6044226,-33.026448],[21.604079,-33.0266321],[21.6037193,-33.0268637],[21.6028209,-33.0274969],[21.6018169,-33.0282068],[21.6013424,-33.0285437],[21.600832,-33.0288654],[21.600611,-33.0289795],[21.6003577,-33.0290913],[21.6001772,-33.029167],[21.5992192,-33.0294483],[21.598524,-33.0296301],[21.5970945,-33.0300006],[21.5963844,-33.030187],[21.5955141,-33.0304208],[21.5951597,-33.030527],[21.5948849,-33.0306513],[21.5946262,-33.0307755],[21.594319,-33.0309596],[21.5941101,-33.0311031],[21.5938878,-33.0312703],[21.5936857,-33.0314566],[21.5935497,-33.0315911],[21.5933462,-33.0318339],[21.5931414,-33.0321118],[21.5930148,-33.0323354],[21.5929043,-33.0325534],[21.5927938,-33.0328178],[21.592686,-33.0331849],[21.5926106,-33.0334752],[21.592383,-33.0343473],[21.5923269,-33.0345584],[21.5922178,-33.0349933],[21.5918657,-33.0363115],[21.5917564,-33.036709],[21.5916553,-33.03698],[21.5915718,-33.0371788],[21.5914734,-33.0373821],[21.5913602,-33.0375787],[21.5912255,-33.0377808],[21.5910557,-33.0380022],[21.5908941,-33.0381705],[21.5907081,-33.0383524],[21.5904791,-33.0385421],[21.5901746,-33.038777],[21.5893278,-33.0393811],[21.5879699,-33.0403446],[21.58751,-33.0405886],[21.5870828,-33.0407499],[21.5858765,-33.0411434],[21.5850504,-33.0414227],[21.5836986,-33.0418477],[21.5827787,-33.0420405],[21.5819103,-33.0421624],[21.5775841,-33.042481],[21.5763975,-33.0425844],[21.5758141,-33.0426341],[21.5743239,-33.0427482],[21.5733282,-33.0428272],[21.5723508,-33.0429063],[21.5709832,-33.0430181],[21.5701802,-33.0430904],[21.5693193,-33.0431604],[21.5677119,-33.0432892],[21.5659873,-33.0434315],[21.5645686,-33.0435399],[21.563294,-33.0436404],[21.5611596,-33.0438142],[21.5594891,-33.0439521],[21.5584513,-33.0440451],[21.5571017,-33.0441464],[21.5554566,-33.0442785],[21.55495,-33.0443203],[21.5543706,-33.0443813],[21.5538465,-33.0444536],[21.5535245,-33.0444976],[21.5529775,-33.0445947],[21.5526784,-33.0446546],[21.5521489,-33.0447766],[21.5515507,-33.0449279],[21.550592,-33.0451997],[21.5485077,-33.0457922],[21.5468648,-33.0462624],[21.5459123,-33.0465295],[21.5426929,-33.0474476],[21.5417436,-33.0477119],[21.5410301,-33.0479233],[21.540708,-33.0480153],[21.5403398,-33.0481336],[21.5400824,-33.0482254],[21.5398452,-33.0483183],[21.5394867,-33.0484853],[21.5391217,-33.0486689],[21.5387632,-33.0488692],[21.5383815,-33.0491029],[21.5379965,-33.0493866],[21.537658,-33.049662],[21.5373659,-33.0499514],[21.5370274,-33.0504132],[21.5368448,-33.0507442],[21.536732,-33.0510141],[21.5365992,-33.0514063],[21.5365341,-33.0517754],[21.5363039,-33.0531978],[21.5362136,-33.0537429],[21.5360772,-33.0546557],[21.5359697,-33.0552775],[21.5359186,-33.0555264],[21.5358461,-33.05579],[21.5357562,-33.0560464],[21.5356334,-33.0563134],[21.5353712,-33.0567641],[21.5351588,-33.0570367],[21.5348966,-33.0573538],[21.5345415,-33.0577043],[21.5342195,-33.0579574],[21.533808,-33.0582106],[21.5332902,-33.0584665],[21.5324804,-33.0588197],[21.5315113,-33.059212],[21.5306516,-33.0595597],[21.5296991,-33.059938],[21.5287366,-33.0602495],[21.5271535,-33.0606139],[21.5254907,-33.0610033],[21.5244419,-33.0612175],[21.5225633,-33.0616959],[21.5213718,-33.0620548],[21.5206184,-33.0622411],[21.5196293,-33.0623886],[21.518315,-33.0625777],[21.5170903,-33.0627474],[21.5163535,-33.0628837],[21.515391,-33.0631229],[21.5145613,-33.0634094],[21.5138344,-33.0636625],[21.5125334,-33.0640352],[21.51178,-33.0641659],[21.5111494,-33.0642522],[21.5104292,-33.0642772],[21.5095861,-33.0642689],[21.5088626,-33.064191],[21.5078311,-33.0640385],[21.5068449,-33.0638703],[21.5065633,-33.0638296],[21.5062413,-33.0637879],[21.5058748,-33.0637551],[21.5054834,-33.0637347],[21.5051205,-33.0637313],[21.5013433,-33.0639141],[21.4971666,-33.0641131],[21.4946829,-33.0642268],[21.4940204,-33.0642872],[21.4932955,-33.0643918],[21.4927627,-33.0645004],[21.4916681,-33.0648665],[21.4896915,-33.0657137],[21.4889702,-33.0660251],[21.4872805,-33.0667493],[21.4859171,-33.0672602],[21.4850626,-33.0675056],[21.4840593,-33.0677188],[21.4831424,-33.0678596],[21.4826527,-33.067928],[21.4817983,-33.0679642],[21.4804925,-33.0679481],[21.4779134,-33.0678673],[21.4759639,-33.0677971],[21.4752307,-33.0677737],[21.4733152,-33.0677096],[21.4716267,-33.0676506],[21.4701372,-33.0675977],[21.4694211,-33.0675937],[21.4690144,-33.0676102],[21.4681201,-33.0677001],[21.4677719,-33.0677351],[21.4674474,-33.0677868],[21.4669512,-33.0678969],[21.466523,-33.0680085],[21.4654986,-33.0683777],[21.4650675,-33.0685512],[21.4636112,-33.0691656],[21.4623417,-33.0697004],[21.4618342,-33.0699283],[21.4610792,-33.0702192],[21.4607272,-33.0703392],[21.4593713,-33.0707767],[21.4578903,-33.0712832],[21.4569678,-33.0715976],[21.4560857,-33.0718765],[21.4556507,-33.0719922],[21.4553185,-33.0720586],[21.4550765,-33.0721031],[21.4547306,-33.0721509],[21.4545618,-33.0721641],[21.4541977,-33.0721804],[21.4538031,-33.0721865],[21.452656,-33.0721621],[21.4519119,-33.0721336],[21.4515477,-33.0721245],[21.4500503,-33.0720785],[21.4488045,-33.0720415],[21.4484293,-33.0720319],[21.4481494,-33.0720415],[21.4478551,-33.0720533],[21.447588,-33.0720858],[21.4472821,-33.0721408],[21.447009,-33.0721977],[21.4467201,-33.0722903],[21.4464494,-33.0723869],[21.4461884,-33.0725008],[21.4460573,-33.0725751],[21.4458352,-33.0726931],[21.4453569,-33.0729952],[21.4450109,-33.0732149],[21.4444597,-33.073577],[21.4440447,-33.073813],[21.4435655,-33.0740521],[21.4429218,-33.0742972],[21.4425213,-33.0744508],[21.4415805,-33.0747804],[21.4409262,-33.0750123],[21.4377725,-33.0761343],[21.4348496,-33.0771718],[21.4330049,-33.0778272],[21.4325989,-33.0779641],[21.4321134,-33.0780882],[21.4318597,-33.0781432],[21.4316046,-33.0781847],[21.4311216,-33.0782601],[21.4308376,-33.0782866],[21.4303557,-33.0783303],[21.4297342,-33.0783588],[21.4285069,-33.0784086],[21.428167,-33.0784229],[21.4274278,-33.0784625],[21.4269859,-33.0784809],[21.4265501,-33.0785043],[21.4262867,-33.0785317],[21.4258558,-33.0785795],[21.4247669,-33.0787779],[21.4232496,-33.0791328],[21.4214421,-33.0795397],[21.4211459,-33.0796119],[21.4208376,-33.0796963],[21.4205984,-33.0797767],[21.4204491,-33.0798316],[21.4200799,-33.079983],[21.4195485,-33.0802587],[21.4187521,-33.080748],[21.4058217,-33.0845408],[21.404637,-33.0847025],[21.4041502,-33.0847666],[21.4037824,-33.0848246],[21.4034571,-33.0848815],[21.4031026,-33.0849558],[21.4027943,-33.0850351],[21.4024326,-33.0851358],[21.4015804,-33.0854175],[21.4008764,-33.0856586],[21.4002852,-33.0858447],[21.3999514,-33.0859413],[21.3995326,-33.0860501],[21.3991454,-33.0861305],[21.3987775,-33.0861854],[21.3984947,-33.08622],[21.398173,-33.0862495],[21.3978768,-33.0862647],[21.3975285,-33.0862749],[21.3972493,-33.0862769],[21.3966496,-33.0862515],[21.3961361,-33.0862271],[21.3953987,-33.086193],[21.3950509,-33.0861773],[21.3946989,-33.0861768],[21.3942971,-33.0861844],[21.3937302,-33.08622],[21.3932932,-33.0862739],[21.3932228,-33.0862861],[21.3928186,-33.0863532],[21.3924532,-33.0864326],[21.3921533,-33.0865068],[21.3917613,-33.0866217],[21.3912896,-33.0867806],[21.39071,-33.0869929],[21.389745,-33.0873509],[21.3879302,-33.0880191],[21.3871206,-33.0883192],[21.3858059,-33.0888104],[21.3848641,-33.0891486],[21.3835457,-33.0896423],[21.382424,-33.0900532],[21.3794099,-33.091177],[21.3778829,-33.091775],[21.375375,-33.0927564],[21.375012,-33.0929211],[21.3746078,-33.0931143],[21.3739923,-33.0934194],[21.3734728,-33.093694],[21.3732592,-33.0938211],[21.372929,-33.0940256],[21.3723742,-33.0944201],[21.3709091,-33.0954808],[21.3704187,-33.095849],[21.3701346,-33.0960717],[21.3699028,-33.0962873],[21.3696964,-33.0965181],[21.3695155,-33.0967551],[21.3693929,-33.0969493],[21.3692339,-33.0972472],[21.3691149,-33.0975228],[21.3690494,-33.0977171],[21.3689681,-33.0980567],[21.368928,-33.0983537],[21.368803,-33.0994773],[21.3687556,-33.0999034],[21.3686719,-33.1006498],[21.3686136,-33.1010566],[21.3685523,-33.1013691],[21.3685019,-33.101566],[21.3683987,-33.1018874],[21.3682883,-33.102167],[21.3680795,-33.1025758],[21.3678901,-33.102892],[21.3677008,-33.1031737],[21.3674106,-33.1035367],[21.3670744,-33.1038896],[21.3668195,-33.1041204],[21.3661094,-33.1047031],[21.3645204,-33.105967],[21.3635565,-33.1067367],[21.3613091,-33.1085476],[21.3585,-33.1107883],[21.3581493,-33.1110037],[21.3578208,-33.1111989],[21.3573326,-33.1114568],[21.3569709,-33.1116198],[21.3561366,-33.1120396],[21.3545343,-33.1127799],[21.35177,-33.1140305],[21.3474672,-33.1158062],[21.3462075,-33.1163287],[21.3453338,-33.1167061],[21.3443186,-33.1171129],[21.3418546,-33.1181395],[21.3413035,-33.1183693],[21.3390587,-33.1192978],[21.3376399,-33.1198928],[21.3371484,-33.1200878],[21.3363156,-33.1203862],[21.3358559,-33.1205403],[21.3355843,-33.1206253],[21.334261,-33.121047],[21.3329138,-33.1214878],[21.3321017,-33.1217298],[21.3311997,-33.1220302],[21.3300394,-33.1224061],[21.3288186,-33.1227894],[21.3283549,-33.1229177],[21.3277908,-33.1230377],[21.3274178,-33.1230906],[21.3271391,-33.1231185],[21.3258247,-33.1232427],[21.3248686,-33.1233252],[21.3234309,-33.1234702],[21.3227792,-33.1235293],[21.3217344,-33.1236226],[21.3209434,-33.1236901],[21.3206589,-33.123721],[21.3200002,-33.123756],[21.3195475,-33.123761],[21.3191595,-33.1237535],[21.3187326,-33.1237335],[21.3183048,-33.1236935],[21.3179576,-33.1236526],[21.3174412,-33.1235785],[21.3163109,-33.1233827],[21.3158453,-33.1233035],[21.3156224,-33.1232618],[21.3151359,-33.1231877],[21.3148195,-33.1231543],[21.3143568,-33.1231252],[21.3139668,-33.1231152],[21.3134802,-33.1231177],[21.3130029,-33.1231444],[21.3124927,-33.1231947],[21.3121336,-33.123258],[21.3116269,-33.1233544],[21.3109346,-33.12354],[21.3099794,-33.1238018],[21.3081843,-33.1242824],[21.3072601,-33.1245392],[21.3064561,-33.124732],[21.3057767,-33.124865],[21.305519,-33.1248981],[21.3054065,-33.1249147],[21.3051402,-33.1249535],[21.3046773,-33.1249952],[21.3044187,-33.1250067],[21.3038587,-33.1250362],[21.3024363,-33.1250434],[21.3014108,-33.1250585],[21.3009882,-33.1250614],[21.2997221,-33.1250744],[21.2981872,-33.1250909],[21.2968121,-33.1251082],[21.2955495,-33.1251125],[21.2947481,-33.1251197],[21.2943959,-33.1251247],[21.2931041,-33.1251413],[21.291753,-33.1251592],[21.2904371,-33.1251679],[21.2890629,-33.1251815],[21.2877873,-33.1251981],[21.286663,-33.1252089],[21.2852123,-33.1252182],[21.284057,-33.1252348],[21.2827489,-33.1252477],[21.281908,-33.1252578],[21.2808721,-33.1252657],[21.2800914,-33.1252765],[21.2788932,-33.1252858],[21.2776967,-33.1252974],[21.2760381,-33.1253153],[21.2749481,-33.1253276],[21.2731607,-33.1253786],[21.2719384,-33.1254038],[21.2709773,-33.1254153],[21.2700625,-33.1254297],[21.2690249,-33.1254642],[21.2685474,-33.1254988],[21.2680947,-33.1255398],[21.2676953,-33.1255829],[21.2672994,-33.1256455],[21.2667015,-33.1257635],[21.2661475,-33.125885],[21.2655154,-33.1260289],[21.2646968,-33.1262145],[21.2636017,-33.1264605],[21.2629403,-33.1266072],[21.2626672,-33.1266569],[21.2624447,-33.1266928],[21.2622068,-33.1267223],[21.2619946,-33.1267454],[21.2617275,-33.1267669],[21.2614661,-33.1267802],[21.261175,-33.1267914],[21.2608837,-33.1267938],[21.2605924,-33.1267874],[21.2603016,-33.1267722],[21.2600116,-33.1267484],[21.2597228,-33.1267157],[21.2594356,-33.1266745],[21.2591504,-33.1266246],[21.2588675,-33.1265661],[21.2575567,-33.1262817],[21.2551492,-33.1257586],[21.2547874,-33.1256959],[21.2545297,-33.1256505],[21.2543064,-33.1256088],[21.2540478,-33.1255743],[21.2538048,-33.1255426],[21.2534964,-33.1255052],[21.2532284,-33.1254765],[21.2529914,-33.1254599],[21.2527697,-33.1254405],[21.2525215,-33.125424],[21.2521968,-33.125406],[21.2518464,-33.1253923],[21.2485206,-33.1252643],[21.2464343,-33.1251772],[21.2436164,-33.1250792],[21.2398836,-33.1250431],[21.2372627,-33.1250348],[21.2346588,-33.1250072],[21.2322966,-33.124996],[21.2315955,-33.1250017],[21.2305768,-33.1250319],[21.228871,-33.1251024],[21.2270535,-33.1251729],[21.2221466,-33.1253231],[21.2143809,-33.1256447],[21.2128966,-33.1256894],[21.2116306,-33.1257469],[21.211165,-33.1257757],[21.2107528,-33.125816],[21.2099729,-33.1259225],[21.2096963,-33.1259699],[21.2095881,-33.1259929],[21.2089164,-33.1261195],[21.2057435,-33.1267525],[21.2044448,-33.1270115],[21.2015041,-33.1275924],[21.2003508,-33.127873],[21.199582,-33.1280956],[21.197924,-33.1286899],[21.1954338,-33.1297256],[21.1937113,-33.1304308],[21.1829274,-33.1348307],[21.1805503,-33.1358012],[21.1798602,-33.136077],[21.1795779,-33.1361857],[21.1792215,-33.1363061],[21.1787954,-33.1364287],[21.1783562,-33.136533],[21.1778604,-33.136622],[21.1773506,-33.1366972],[21.176908,-33.1367439],[21.1735715,-33.1370168],[21.1716964,-33.1371678],[21.1698804,-33.1373181],[21.1680079,-33.1374699],[21.1616933,-33.1379814],[21.1488344,-33.1390277],[21.1477495,-33.1391152],[21.1435486,-33.1394567],[21.1412308,-33.1396435],[21.1405198,-33.1396858],[21.1398716,-33.1397021],[21.1391631,-33.1397077],[21.1361325,-33.139734],[21.132837,-33.139758],[21.1267311,-33.1398125],[21.1263133,-33.1398448],[21.1259166,-33.1398862],[21.1255748,-33.1399386],[21.124966,-33.1400583],[21.1246066,-33.1401484],[21.1239956,-33.1403104],[21.1230241,-33.1405625],[21.1180317,-33.1418517],[21.1144423,-33.142785],[21.1134908,-33.1430286],[21.1123347,-33.1433295],[21.1112655,-33.1436092],[21.1092159,-33.1441364],[21.1074368,-33.1446057],[21.1053455,-33.1451339],[21.1035256,-33.1456086],[21.1026783,-33.1458295],[21.1014827,-33.1461414],[21.1000662,-33.1465085],[21.0990112,-33.14678],[21.0979144,-33.1470643],[21.0972023,-33.1472409],[21.0968276,-33.1473274],[21.0963353,-33.1474286],[21.095766,-33.1475298],[21.0949374,-33.1476485],[21.0933516,-33.1478344],[21.0923439,-33.1479439],[21.0910285,-33.1480975],[21.0904306,-33.1481629],[21.0897724,-33.1482438],[21.0891921,-33.1483211],[21.0884515,-33.1484564],[21.0878119,-33.1485898],[21.0869184,-33.1488244],[21.0863766,-33.1489873],[21.0860799,-33.1490756],[21.0857173,-33.149198],[21.0853151,-33.1493461],[21.0847326,-33.1495734],[21.0832941,-33.1502478],[21.0829073,-33.1504244],[21.0824402,-33.1506609],[21.0819919,-33.1508744],[21.0815666,-33.151063],[21.0811622,-33.1512323],[21.0808072,-33.1513712],[21.0804347,-33.1515037],[21.0798489,-33.1517043],[21.0791819,-33.1519131],[21.0784247,-33.1521164],[21.0777005,-33.1523041],[21.0766763,-33.1525627],[21.0752345,-33.152939],[21.0742619,-33.1531929],[21.0727333,-33.1535784],[21.0710563,-33.1540117],[21.0697156,-33.1543623],[21.0672452,-33.1549879],[21.0663957,-33.1552032],[21.0654451,-33.1554617],[21.064833,-33.1556108],[21.0638088,-33.1558776],[21.0631494,-33.1560533],[21.0622406,-33.1562833],[21.0612098,-33.1565538],[21.0597845,-33.1569163],[21.0587053,-33.1572033],[21.057402,-33.1575373],[21.0567734,-33.1576909],[21.0468345,-33.1602623],[21.046195,-33.1604371],[21.0454202,-33.1606312],[21.0418058,-33.1615686],[21.0353979,-33.1632337],[21.0328687,-33.1638855],[21.0154521,-33.1683898],[21.014574,-33.1686161],[21.0127212,-33.1690963],[21.0098738,-33.1698331],[21.0084068,-33.1702048],[21.0067781,-33.1706316],[21.005277,-33.1710253],[21.0042736,-33.1712865],[21.0029846,-33.171614],[21.0015241,-33.1719939],[21.0000471,-33.1723765],[20.9988998,-33.1726755],[20.9981547,-33.1728622],[20.9976327,-33.1730039],[20.9970162,-33.1731584],[20.9954414,-33.1736367],[20.9943854,-33.1739743],[20.9937458,-33.1741665],[20.9930139,-33.1743763],[20.9924963,-33.1744986],[20.9919611,-33.1746099],[20.9906325,-33.1748739],[20.989294,-33.1751443],[20.9874201,-33.1755179],[20.9666265,-33.179865],[20.9659644,-33.1799219],[20.9657623,-33.1799398],[20.9647411,-33.1800705],[20.9634094,-33.1803236],[20.957487,-33.1815045],[20.9494436,-33.1831225],[20.9476447,-33.1834784],[20.9442453,-33.1841527],[20.9433869,-33.1843197],[20.942621,-33.1844277],[20.9419156,-33.1844971],[20.9412278,-33.1845511],[20.9406992,-33.1845859],[20.9389472,-33.1847057],[20.9372729,-33.1848197],[20.9358891,-33.1849096],[20.9347085,-33.1849957],[20.9324269,-33.1851422],[20.9322112,-33.18516],[20.9318788,-33.1851992],[20.9316729,-33.1852295],[20.9314165,-33.1852754],[20.9311425,-33.1853316],[20.9308578,-33.1854049],[20.9306368,-33.1854692],[20.9303628,-33.1855595],[20.9301904,-33.1856283],[20.9297912,-33.1857903],[20.9293082,-33.1860374],[20.9264945,-33.1876065],[20.9255,-33.1881636],[20.9248123,-33.1885379],[20.9241077,-33.1889448],[20.9238275,-33.1890949],[20.9236763,-33.1891756],[20.9234925,-33.1892503],[20.9232644,-33.189342],[20.9229594,-33.1894382],[20.9226704,-33.189507],[20.922391,-33.189558],[20.922102,-33.1895987],[20.9214204,-33.1896609],[20.9182848,-33.1899468],[20.9168873,-33.1900707],[20.9161457,-33.1901432],[20.9154314,-33.1902024],[20.9145695,-33.1902719],[20.914231,-33.1902919],[20.9138615,-33.1903089],[20.913144,-33.1903194],[20.910931,-33.1903474],[20.9095511,-33.1903607],[20.9083401,-33.1903799],[20.9080272,-33.1903947],[20.9076736,-33.1904147],[20.9073695,-33.1904465],[20.9071626,-33.1904724],[20.9069266,-33.1905109],[20.9066384,-33.1905656],[20.9061275,-33.1906951],[20.9058932,-33.1907646],[20.905628,-33.1908549],[20.9052705,-33.1909975],[20.9045999,-33.1912728],[20.9041385,-33.1914755],[20.9036399,-33.1916834],[20.9032563,-33.1918306],[20.9029619,-33.1919312],[20.9027524,-33.192],[20.9024793,-33.1920725],[20.9020426,-33.1921657],[20.9018508,-33.1922005],[20.901491,-33.1922508],[20.9010905,-33.1922811],[20.9007749,-33.1922952],[20.9005743,-33.1922974],[20.9003559,-33.1922937],[20.8999334,-33.1922656],[20.899708,-33.1922434],[20.8993517,-33.1921923],[20.8990026,-33.1921265],[20.8987939,-33.1920777],[20.8984733,-33.1919951],[20.8978321,-33.1917958],[20.8970074,-33.191548],[20.8963285,-33.1913453],[20.8951263,-33.1909821],[20.894382,-33.1907587],[20.8939064,-33.1906122],[20.8927846,-33.1902764],[20.8922003,-33.1901077],[20.8918511,-33.1900293],[20.891692,-33.1899975],[20.8914993,-33.1899701],[20.8912969,-33.1899457],[20.8910697,-33.1899316],[20.8908089,-33.1899294],[20.8906392,-33.1899361],[20.8903917,-33.1899494],[20.8900531,-33.1899901],[20.8891682,-33.190121],[20.8878511,-33.1903208],[20.8875054,-33.1903803],[20.8868796,-33.190482],[20.8866869,-33.1905242],[20.8864879,-33.1905838],[20.8862051,-33.1906892],[20.8859125,-33.1908275],[20.885703,-33.1909481],[20.8854626,-33.191113],[20.885299,-33.1912499],[20.8851549,-33.1913875],[20.8849699,-33.1916076],[20.8848128,-33.191821],[20.8839218,-33.1933153],[20.8836451,-33.1937828],[20.8829264,-33.19499],[20.8827655,-33.195212],[20.8825409,-33.1954697],[20.8822192,-33.1957431],[20.8818736,-33.195965],[20.881596,-33.1961011],[20.881413,-33.196178],[20.881163,-33.1962644],[20.8805829,-33.1964034],[20.8797545,-33.1965704],[20.8788142,-33.1967537],[20.8782888,-33.1968502],[20.8780064,-33.1968916],[20.8776833,-33.1969136],[20.8774822,-33.1969164],[20.8772822,-33.1969081],[20.8771184,-33.1968943],[20.8768854,-33.1968612],[20.8767228,-33.1968309],[20.8764854,-33.1967674],[20.8762546,-33.1966939],[20.875959,-33.196566],[20.8757041,-33.1964364],[20.875559,-33.1963481],[20.8754181,-33.1962512],[20.8751639,-33.1960302],[20.863894,-33.1942733],[20.8627997,-33.1956884],[20.8627372,-33.1957511],[20.8626337,-33.1958641],[20.8624779,-33.1960211],[20.8616566,-33.1967397],[20.8594974,-33.1986156],[20.8594974,-33.1986156],[20.859046,-33.1990099],[20.8585833,-33.1993735],[20.8569283,-33.200653],[20.8523395,-33.20172],[20.8519903,-33.201657],[20.8516301,-33.2015796],[20.8512042,-33.2014481],[20.8508853,-33.2013321],[20.8504671,-33.2011575],[20.849921,-33.2009115],[20.8496062,-33.200781],[20.8493513,-33.2006929],[20.8490446,-33.2005844],[20.8487171,-33.2004872],[20.8485783,-33.2004485],[20.8483461,-33.2003938],[20.8480906,-33.2003384],[20.8477201,-33.2002648],[20.8473826,-33.2002094],[20.8471123,-33.2001767],[20.846744,-33.2001441],[20.8464664,-33.2001228],[20.8462078,-33.2001198],[20.8459012,-33.200119],[20.8455991,-33.2001297],[20.8453052,-33.2001502],[20.8450004,-33.2001745],[20.8445939,-33.2002192],[20.8438156,-33.2003217],[20.8426272,-33.2004789],[20.8411412,-33.2006694],[20.8403936,-33.2007628],[20.8397486,-33.200847],[20.8393694,-33.200888],[20.8390247,-33.2009153],[20.8386854,-33.200929],[20.8383352,-33.2009351],[20.8379896,-33.2009313],[20.8373546,-33.200907],[20.8365199,-33.2008759],[20.8352245,-33.2008273],[20.83432,-33.2007977],[20.8337403,-33.200765],[20.8333693,-33.200737],[20.8330354,-33.2006975],[20.8327188,-33.2006512],[20.8324775,-33.2006109],[20.83214,-33.200535],[20.8317327,-33.2004401],[20.8312192,-33.2003035],[20.830879,-33.20022],[20.8303692,-33.2000826],[20.8299283,-33.1999816],[20.829462,-33.1998981],[20.8290728,-33.1998443],[20.8286582,-33.199804],[20.8283117,-33.1997835],[20.8277655,-33.1997691],[20.8273029,-33.1997706],[20.8262333,-33.199779],[20.8251274,-33.1997873],[20.8146511,-33.1998365],[20.8122726,-33.1998419],[20.8104968,-33.1998592],[20.7969209,-33.1999177],[20.7813022,-33.1999776],[20.7793864,-33.1999869],[20.777884,-33.2000002],[20.7756915,-33.1999988],[20.7748346,-33.2000068],[20.7741367,-33.2000108],[20.7734975,-33.2000254],[20.7730476,-33.2000507],[20.7726849,-33.2000922],[20.7723512,-33.2001305],[20.7719045,-33.2002117],[20.771418,-33.2003128],[20.7698568,-33.2007013],[20.7675451,-33.201272],[20.7663543,-33.2015713],[20.765712,-33.2017123],[20.7650204,-33.201844],[20.764359,-33.2019358],[20.7637422,-33.2019983],[20.7632,-33.2020302],[20.7624671,-33.2020542],[20.7605624,-33.2020888],[20.7592731,-33.2021127],[20.7582815,-33.2021531],[20.7573446,-33.2021965],[20.7560822,-33.2022923],[20.7546086,-33.2023998],[20.7538214,-33.2024653],[20.7514009,-33.2027451],[20.750566,-33.2028522],[20.7500886,-33.2029173],[20.7491089,-33.2030374],[20.7477236,-33.2032012],[20.7468029,-33.2033033],[20.7461625,-33.203365],[20.7457341,-33.2034066],[20.7453994,-33.2034369],[20.7451064,-33.2034526],[20.7447329,-33.2034688],[20.7444104,-33.2034784],[20.7440845,-33.2034801],[20.7437036,-33.2034705],[20.7413846,-33.2034014],[20.740794,-33.2033872],[20.7397196,-33.2033587],[20.7382955,-33.2033185],[20.7373045,-33.2032955],[20.7334645,-33.2031836],[20.7323922,-33.2032433],[20.7315347,-33.2033095],[20.7304933,-33.2034662],[20.7296366,-33.2036194],[20.7284335,-33.2038946],[20.7257392,-33.2046612],[20.7237421,-33.2052237],[20.7197187,-33.206334],[20.7148774,-33.2076898],[20.7112911,-33.2087025],[20.7102179,-33.2090945],[20.7094145,-33.2094533],[20.7072208,-33.2105504],[20.7017675,-33.2132198],[20.6872882,-33.2187876],[20.6755587,-33.224566],[20.674518,-33.2250781],[20.6734358,-33.2256143],[20.6727478,-33.2259531],[20.6722328,-33.2262033],[20.6715086,-33.2265646],[20.6710419,-33.2268159],[20.6705672,-33.2270817],[20.6702399,-33.2272848],[20.669733,-33.2276034],[20.6692757,-33.2279253],[20.6688505,-33.228254],[20.6683382,-33.2286758],[20.6677106,-33.2292278],[20.6673693,-33.2295312],[20.6668711,-33.2299699],[20.6666578,-33.2301488],[20.6664433,-33.2303249],[20.6662716,-33.230455],[20.6661113,-33.2305627],[20.6659698,-33.2306502],[20.6657063,-33.230786],[20.6654368,-33.2309105],[20.6651612,-33.231012],[20.6647789,-33.2311281],[20.6645047,-33.231182],[20.6641815,-33.2312375],[20.6638925,-33.2312678],[20.6634402,-33.2312922],[20.6625889,-33.2313132],[20.6621202,-33.2313278],[20.6615657,-33.2313497],[20.6612559,-33.2313676],[20.6609789,-33.2313878],[20.6607664,-33.2314035],[20.6604753,-33.2314276],[20.6600583,-33.2314742],[20.6591148,-33.2315931],[20.6579085,-33.2317485],[20.6569903,-33.2318632],[20.6559075,-33.2320076],[20.6550935,-33.2321086],[20.6537873,-33.2322768],[20.6509783,-33.2326319],[20.6500013,-33.2327592],[20.6490511,-33.232877],[20.6483873,-33.2329605],[20.6477865,-33.2330402],[20.6334657,-33.2342138],[20.6331316,-33.2341995],[20.6324074,-33.2341726],[20.631199,-33.2341154],[20.6300175,-33.2340627],[20.6264407,-33.2339121],[20.6256066,-33.2338725],[20.6240949,-33.2338066],[20.6211662,-33.2336846],[20.6192122,-33.2336027],[20.6183848,-33.2335702],[20.6137039,-33.2333601],[20.6118128,-33.2332837],[20.6103292,-33.2332155],[20.6079787,-33.2331157],[20.6068225,-33.2330616],[20.6061607,-33.2330334],[20.6054962,-33.2330252],[20.605114,-33.2330334],[20.6047558,-33.233051],[20.6043989,-33.2330722],[20.6038636,-33.2331215],[20.603334,-33.233192],[20.602845,-33.2332731],[20.6021847,-33.2334071],[20.6013218,-33.2336032],[20.6005732,-33.2337843],[20.5998427,-33.2339559],[20.599594,-33.2340146],[20.5992399,-33.2340746],[20.5989098,-33.2341204],[20.5985431,-33.234138],[20.5981469,-33.2341369],[20.5978055,-33.2341145],[20.597391,-33.2340711],[20.5959486,-33.2338437],[20.5928722,-33.2333641],[20.5843824,-33.2320152],[20.5835108,-33.2318588],[20.5823658,-33.2316778],[20.5808832,-33.2314538],[20.5777807,-33.2309621],[20.5774056,-33.2309134],[20.5770832,-33.2308822],[20.575792,-33.2308105],[20.5753695,-33.2308175],[20.5745409,-33.2308381],[20.5696025,-33.230938],[20.5681638,-33.2309745],[20.5665313,-33.231005],[20.5650111,-33.2310297],[20.5639209,-33.2310732],[20.5632887,-33.2311108],[20.5626396,-33.2311766],[20.5622567,-33.2312213],[20.5617657,-33.2312812],[20.5614074,-33.23134],[20.5601022,-33.2315703],[20.559241,-33.2317477],[20.5561955,-33.2323835],[20.5501084,-33.2336625],[20.5473463,-33.2342385],[20.5436889,-33.2350037],[20.5431783,-33.2351121],[20.5427812,-33.2352094],[20.5425344,-33.2352849],[20.5423189,-33.2353582],[20.5420864,-33.2354577],[20.5418297,-33.2355848],[20.5416518,-33.2356843],[20.5414846,-33.2357913],[20.5413111,-33.2359057],[20.5411501,-33.2360239],[20.5409883,-33.236157],[20.5408255,-33.2363186],[20.540669,-33.2364689],[20.540551,-33.2366148],[20.5404401,-33.2367539],[20.5402908,-33.236976],[20.5401843,-33.2371533],[20.5400591,-33.2374128],[20.5399474,-33.2376679],[20.5396254,-33.238537],[20.5389092,-33.2404397],[20.5387571,-33.2408279],[20.5386686,-33.2410201],[20.5385577,-33.2412348],[20.5384567,-33.2414053],[20.5383663,-33.2415332],[20.5382465,-33.2416858],[20.5354726,-33.2432339],[20.5349137,-33.2433611],[20.5344862,-33.2434531],[20.5334308,-33.2436859],[20.5261758,-33.2452122],[20.5248615,-33.2455004],[20.5242071,-33.2456373],[20.5230819,-33.2458739],[20.5203313,-33.2464493],[20.5191189,-33.2467129],[20.5180621,-33.2469361],[20.5175646,-33.2470303],[20.5171877,-33.2470785],[20.5168658,-33.2471054],[20.5166231,-33.2471166],[20.5163509,-33.2471155],[20.516147,-33.2471088],[20.5158117,-33.2470864],[20.5155301,-33.2470505],[20.5151117,-33.2469843],[20.5147456,-33.246908],[20.5145596,-33.2468617],[20.5143379,-33.2468037],[20.5140267,-33.2467117],[20.5130021,-33.2463798],[20.5110588,-33.2457562],[20.5094066,-33.2452211],[20.5075948,-33.2446357],[20.5056693,-33.244015],[20.5032147,-33.2432235],[20.5015236,-33.2426638],[20.500651,-33.2423788],[20.5002402,-33.2422499],[20.4998219,-33.2421472],[20.4995778,-33.2420979],[20.4993533,-33.2420597],[20.4990627,-33.2420193],[20.4987935,-33.2419947],[20.498587,-33.2419745],[20.4983385,-33.241965],[20.4981121,-33.2419632],[20.4977947,-33.241973],[20.4974602,-33.2419961],[20.4972179,-33.2420201],[20.4969684,-33.2420507],[20.4966599,-33.2421091],[20.4962932,-33.2421914],[20.4959874,-33.2422789],[20.4956959,-33.2423731],[20.4942377,-33.2429255],[20.4932754,-33.2432991],[20.4916981,-33.2439002],[20.4908099,-33.2442371],[20.4889813,-33.2449291],[20.4884466,-33.2451384],[20.4880917,-33.2452761],[20.4878725,-33.2453547],[20.4739635,-33.2476775],[20.4736275,-33.2477156],[20.4733757,-33.2477689],[20.4731532,-33.2478275],[20.4729889,-33.2478779],[20.4728038,-33.2479528],[20.4725808,-33.2480479],[20.4723973,-33.2481507],[20.4721652,-33.2482915],[20.4719711,-33.2484425],[20.4718057,-33.2485909],[20.4716631,-33.2487317],[20.4715585,-33.248856],[20.4714432,-33.2490108],[20.4712854,-33.2492632],[20.4712066,-33.2494281],[20.4711322,-33.2496171],[20.4710731,-33.2498353],[20.4710306,-33.2500421],[20.4710078,-33.2502337],[20.4710048,-33.2505127],[20.4710245,-33.2507335],[20.4710833,-33.2510315],[20.4712213,-33.251402],[20.4714537,-33.2518454],[20.4717624,-33.2524376],[20.4719512,-33.2528567],[20.4720311,-33.2531452],[20.472071,-33.2534246],[20.472071,-33.2537343],[20.472059,-33.253887],[20.4720196,-33.2541014],[20.4719559,-33.2543297],[20.47188,-33.2545212],[20.4717845,-33.254714],[20.471648,-33.2549424],[20.4715205,-33.2551199],[20.4713764,-33.2552836],[20.4712187,-33.2554358],[20.4710715,-33.2555639],[20.4709032,-33.2556933],[20.4706893,-33.255829],[20.4705088,-33.2559292],[20.4703359,-33.2560104],[20.4701205,-33.2560967],[20.4698929,-33.2561778],[20.4695365,-33.2562641],[20.469268,-33.2563047],[20.46864,-33.2563377],[20.4672811,-33.2563599],[20.4661409,-33.2563757],[20.4653033,-33.2563928],[20.4648287,-33.2564043],[20.4633871,-33.2564294],[20.46163,-33.2564567],[20.4605392,-33.2564755],[20.4601434,-33.2564849],[20.4597251,-33.2564996],[20.4592955,-33.2565227],[20.4588973,-33.2565572],[20.458623,-33.2565897],[20.4583149,-33.2566295],[20.4580043,-33.2566776],[20.457596,-33.2567531],[20.4571163,-33.2568536],[20.45642,-33.2570065],[20.45318,-33.2577459],[20.4527016,-33.2578391],[20.4521894,-33.2579333],[20.4517598,-33.2579773],[20.4512726,-33.2579972],[20.4509938,-33.2580132],[20.4506464,-33.2580056],[20.4502143,-33.257993],[20.4498273,-33.2579648],[20.4495555,-33.2579312],[20.44928,-33.2578915],[20.448878,-33.2578234],[20.4485411,-33.2577522],[20.4478848,-33.2575804],[20.4475079,-33.2574537],[20.4472536,-33.2573573],[20.4468003,-33.2571667],[20.4463356,-33.2569458],[20.4452648,-33.256397],[20.4445447,-33.2560304],[20.4439473,-33.2557173],[20.4427412,-33.2550941],[20.4420474,-33.2547517],[20.4415602,-33.2545391],[20.4410592,-33.2543474],[20.4406196,-33.2541861],[20.4402614,-33.2540678],[20.439768,-33.2539264],[20.4393685,-33.2538248],[20.438716,-33.2536761],[20.4366232,-33.2532341],[20.4354384,-33.2529859],[20.4336287,-33.2525984],[20.4313105,-33.2521113],[20.4290399,-33.2516411],[20.4278639,-33.2513855],[20.4267455,-33.2511593],[20.4243747,-33.2506649],[20.4229406,-33.250357],[20.4221967,-33.2501999],[20.4218323,-33.2501287],[20.42131,-33.2500386],[20.4208028,-33.2499684],[20.4203432,-33.2499087],[20.4198184,-33.2498564],[20.4193187,-33.2498197],[20.4190306,-33.2498061],[20.4186699,-33.2497904],[20.4183139,-33.2497833],[20.4176367,-33.2497883],[20.4171157,-33.2498082],[20.4164782,-33.249848],[20.4143842,-33.2499779],[20.4088498,-33.2503214],[20.4069036,-33.2504345],[20.4056937,-33.2505037],[20.4049398,-33.2505382],[20.4040518,-33.2505571],[20.4028833,-33.2505571],[20.4017524,-33.2505277],[20.4010611,-33.2504921],[20.400609,-33.2504628],[20.3999753,-33.2504115],[20.3993766,-33.2503581],[20.3988243,-33.2502994],[20.3979864,-33.250201],[20.3973552,-33.2501067],[20.3969106,-33.2500386],[20.3961805,-33.2499098],[20.3952901,-33.2497347],[20.3945686,-33.2495851],[20.393836,-33.2494123],[20.39268,-33.2491264],[20.3908631,-33.2486781],[20.3885846,-33.2481261],[20.3854912,-33.2473725],[20.3834009,-33.2468656],[20.3825227,-33.2466552],[20.3821422,-33.2465812],[20.3817665,-33.2465236],[20.3814947,-33.2464859],[20.3810693,-33.246449],[20.3806494,-33.2464325],[20.3802761,-33.2464314],[20.3799292,-33.2464429],[20.3795698,-33.246466],[20.3771351,-33.2466995],[20.3762547,-33.2467844],[20.3755997,-33.246865],[20.37513,-33.2469384],[20.3747317,-33.2470085],[20.3741669,-33.2471237],[20.3737458,-33.2472221],[20.3578991,-33.251395],[20.3562478,-33.2518341],[20.3551421,-33.2521279],[20.3536289,-33.252523],[20.3528066,-33.2527398],[20.3520266,-33.2529487],[20.3511473,-33.253182],[20.3508574,-33.2532596],[20.3500241,-33.2534599],[20.3494581,-33.2535741],[20.3489191,-33.2536645],[20.3484693,-33.2537353],[20.3479288,-33.2538025],[20.3467808,-33.2539198],[20.3457102,-33.2540163],[20.3435163,-33.2542166],[20.3421462,-33.2543497],[20.3397625,-33.2545696],[20.3375964,-33.254776],[20.3366412,-33.2548627],[20.3357531,-33.2549494],[20.3339025,-33.2551168],[20.3326799,-33.2552353],[20.3313391,-33.2553574],[20.329582,-33.2555223],[20.3277688,-33.2556927],[20.3270229,-33.2557605],[20.3264752,-33.2558191],[20.3259187,-33.2558899],[20.3211102,-33.256557],[20.3200923,-33.2567046],[20.3165459,-33.2571944],[20.3151875,-33.257391],[20.3134888,-33.2576182],[20.3124357,-33.2577685],[20.3115155,-33.2578772],[20.3105486,-33.2579846],[20.3095933,-33.2580799],[20.3083445,-33.2581666],[20.3067624,-33.2582805],[20.3045741,-33.258443],[20.3040561,-33.2584805],[20.3034397,-33.2585416],[20.3026977,-33.258621],[20.3014511,-33.2587816],[20.3010436,-33.2588506],[20.2998835,-33.2590476],[20.2943372,-33.260054],[20.2781994,-33.2625012],[20.2755754,-33.2628701],[20.2751387,-33.2629409],[20.2749094,-33.2629861],[20.2746771,-33.2630313],[20.2744128,-33.263096],[20.2740301,-33.2632145],[20.2737497,-33.2633097],[20.2734035,-33.263438],[20.2726819,-33.2637445],[20.2721868,-33.2639692],[20.2689062,-33.2654873],[20.2667366,-33.26647],[20.2637867,-33.2678321],[20.2629965,-33.2682022],[20.2624444,-33.2684489],[20.2619257,-33.2686508],[20.2615666,-33.2687945],[20.261073,-33.2689649],[20.2604784,-33.2691413],[20.2601118,-33.2692366],[20.2596488,-33.2693514],[20.2589652,-33.2695008],[20.2583605,-33.2695956],[20.2578829,-33.2696579],[20.2573558,-33.2697163],[20.2568603,-33.2697588],[20.2565278,-33.2697804],[20.2559601,-33.2697994],[20.2555078,-33.2697994],[20.2548871,-33.269784],[20.2542179,-33.269738],[20.2536091,-33.2696911],[20.2515916,-33.2694239],[20.2507885,-33.2693201],[20.2488709,-33.2690748],[20.2469846,-33.2688247],[20.2452867,-33.2686035],[20.2431494,-33.2683256],[20.2427165,-33.2682597],[20.2421585,-33.2681748],[20.2416393,-33.2680801],[20.2409981,-33.2679591],[20.2402975,-33.2678165],[20.239719,-33.267683],[20.2390227,-33.2675124],[20.2374856,-33.2671062],[20.2363849,-33.2668289],[20.2359302,-33.2667209],[20.2351767,-33.2665539],[20.2344751,-33.2664104],[20.2335619,-33.2662281],[20.2326638,-33.266044],[20.2317539,-33.2658607],[20.2302351,-33.2655557],[20.2275484,-33.2650114],[20.2260199,-33.2647046],[20.2235051,-33.2641999],[20.2228572,-33.26407],[20.2221169,-33.2639313],[20.2213169,-33.2638183],[20.2204829,-33.2637214],[20.2195034,-33.2636558],[20.2190166,-33.263635],[20.2183573,-33.2636319],[20.2179361,-33.2636341],[20.2173554,-33.2636486],[20.1992137,-33.2638919],[20.1978447,-33.2637402],[20.1973569,-33.2636896],[20.196861,-33.2636584],[20.1964411,-33.2636413],[20.195989,-33.2636346],[20.195507,-33.2636456],[20.1951017,-33.26367],[20.1947898,-33.2636963],[20.1944035,-33.2637408],[20.1940194,-33.2637958],[20.1936462,-33.2638593],[20.1932445,-33.2639387],[20.192883,-33.2640231],[20.1925799,-33.2641005],[20.1922462,-33.2641915],[20.191911,-33.264302],[20.1916188,-33.2644052],[20.1911646,-33.2645689],[20.1893359,-33.2652791],[20.1847347,-33.2670581],[20.1820751,-33.2680894],[20.1802959,-33.2687757],[20.1784898,-33.2694632],[20.1774322,-33.2698235],[20.1768722,-33.2700001],[20.1762414,-33.2701851],[20.1757239,-33.2703297],[20.1753397,-33.2704363],[20.1747273,-33.2705845],[20.174079,-33.270744],[20.1726372,-33.2710452],[20.171085,-33.2713015],[20.167877,-33.2717958],[20.1647922,-33.2722712],[20.1605189,-33.2729326],[20.1545283,-33.2738407],[20.149422,-33.2746251],[20.1474156,-33.2749363],[20.1455351,-33.2752201],[20.1430262,-33.2756124],[20.1415128,-33.2758385],[20.1403582,-33.2760218],[20.1357856,-33.276721],[20.1349961,-33.2768574],[20.1345382,-33.2769572],[20.1341217,-33.2770712],[20.1337847,-33.2771805],[20.1335208,-33.2772715],[20.133304,-33.2773611],[20.1330231,-33.2774737],[20.1328185,-33.2775667],[20.1325611,-33.2776923],[20.1323573,-33.2777982],[20.1320699,-33.2779618],[20.1318003,-33.2781247],[20.131387,-33.2783881],[20.13001,-33.2793004],[20.1281759,-33.2805203],[20.1262504,-33.2818053],[20.1256451,-33.2821818],[20.1252043,-33.2824308],[20.1248444,-33.2826209],[20.1244608,-33.2827914],[20.1240974,-33.2829386],[20.1234932,-33.283152],[20.1217387,-33.2837402],[20.1205135,-33.2841414],[20.1197568,-33.2843932],[20.1189578,-33.2846633],[20.1181028,-33.284943],[20.1170668,-33.2852837],[20.1164668,-33.2854894],[20.1156962,-33.2857405],[20.1150407,-33.2859623],[20.1121058,-33.2869351],[20.1116503,-33.2870884],[20.1111104,-33.2872792],[20.1104909,-33.2875086],[20.1101507,-33.2876355],[20.1087403,-33.288154],[20.1077425,-33.288528],[20.1066382,-33.2889319],[20.1062469,-33.2890785],[20.1052474,-33.2894497],[20.1039223,-33.2899418],[20.1028635,-33.2903375],[20.1020605,-33.2906313],[20.1017471,-33.2907494],[20.1012445,-33.2909463],[20.1008702,-33.2910915],[20.0991221,-33.2918157],[20.0965368,-33.2928758],[20.0931995,-33.2942338],[20.0921913,-33.29466],[20.09164,-33.2948847],[20.0907899,-33.2952281],[20.089874,-33.2956054],[20.0888396,-33.2960289],[20.0881511,-33.296318],[20.0876964,-33.2964944],[20.0871829,-33.2966877],[20.0857201,-33.297317],[20.0853645,-33.2974853],[20.0847247,-33.2978164],[20.0839046,-33.2982684],[20.083208,-33.298681],[20.0815707,-33.2996195],[20.0656348,-33.308787],[20.0650356,-33.3091298],[20.0645154,-33.3094446],[20.0638908,-33.3098367],[20.0631052,-33.3103801],[20.0622245,-33.3109884],[20.0611266,-33.3117513],[20.058455,-33.3136053],[20.0575823,-33.3142124],[20.0568826,-33.3146919],[20.0553437,-33.3157617],[20.0531345,-33.3172963],[20.0524576,-33.3177691],[20.0517444,-33.3182608],[20.0502551,-33.3192947],[20.0475285,-33.3212292],[20.0466988,-33.3218621],[20.0462041,-33.3222441],[20.0454642,-33.3228467],[20.0446981,-33.3234784],[20.044432,-33.323703],[20.0441393,-33.3239534],[20.0355307,-33.3362247],[20.0356744,-33.3364893],[20.0358636,-33.3368128],[20.0361421,-33.3372856],[20.0364141,-33.3377191],[20.0367624,-33.3382868],[20.0371505,-33.3389245],[20.0374842,-33.3394692],[20.03793,-33.3401916],[20.0381582,-33.3405653],[20.038349,-33.3408753],[20.0385844,-33.3412327],[20.0389591,-33.3418153],[20.0391495,-33.3420813],[20.039359,-33.3423391],[20.0396797,-33.3427203],[20.040208,-33.3432715],[20.0386984,-33.3550307],[20.0376688,-33.3557696],[20.0334471,-33.3588207],[20.0329292,-33.3591859],[20.0273019,-33.3632461],[20.0261787,-33.3640587],[20.0186672,-33.3694787],[20.0168153,-33.3708159],[20.0162396,-33.3712393],[20.0159043,-33.3714946],[20.0156321,-33.3717164],[20.0154175,-33.371909],[20.0151278,-33.3721946],[20.0148341,-33.3725116],[20.0146665,-33.3727221],[20.0144237,-33.3730324],[20.014181,-33.3734109],[20.0139248,-33.3738578],[20.0135158,-33.3746238],[20.0130048,-33.3755657],[20.0126682,-33.3761996],[20.0123544,-33.3767909],[20.0120674,-33.377315],[20.0118837,-33.3776622],[20.0117281,-33.3779175],[20.0115725,-33.3781471],[20.0113593,-33.3784192],[20.01113,-33.3786802],[20.0107826,-33.3790206],[20.0105828,-33.3791976],[20.0102811,-33.3794316],[20.0099619,-33.3796522],[20.0091773,-33.3801315],[20.0080012,-33.3808281],[20.0066849,-33.3816064],[20.0030921,-33.3837358],[20.0024959,-33.3840751],[20.002095,-33.3843086],[20.0016846,-33.3845236],[20.0011173,-33.3848002],[20.0003609,-33.3851327],[19.9996354,-33.385434],[19.996178,-33.3868561],[19.9953264,-33.3872044],[19.9943856,-33.3875969],[19.9932678,-33.3880616],[19.9897555,-33.3895167],[19.9872931,-33.3905313],[19.9869673,-33.390651],[19.9866843,-33.390735],[19.9863544,-33.3908234],[19.9861465,-33.3908693],[19.9858381,-33.3909287],[19.9855095,-33.3909768],[19.9851675,-33.3910115],[19.984906,-33.3910261],[19.9845842,-33.3910362],[19.9834093,-33.3910642],[19.9806042,-33.3911092],[19.9792291,-33.3911448],[19.9782971,-33.3911694],[19.977078,-33.3911952],[19.9751388,-33.39124],[19.9736622,-33.3912758],[19.9714158,-33.3913307],[19.9686398,-33.3913352],[19.9682307,-33.3913094],[19.9676259,-33.3912624],[19.9668829,-33.3911829],[19.9660784,-33.3910886],[19.9645574,-33.3908856],[19.9641176,-33.3908268],[19.962943,-33.3906773],[19.9615433,-33.3905009],[19.9613965,-33.3904937],[19.9611685,-33.390483],[19.9609901,-33.3904836],[19.9607789,-33.3904954],[19.9606119,-33.3905149],[19.9604034,-33.3905441],[19.9601834,-33.3905956],[19.9599563,-33.3906644],[19.9595184,-33.3908403],[19.9586633,-33.391299],[19.9571056,-33.392208],[19.9565028,-33.3925545],[19.955336,-33.3932208],[19.95476,-33.3935561],[19.9539473,-33.3940191],[19.9522803,-33.394972],[19.9511933,-33.3956057],[19.9501506,-33.3961991],[19.946584,-33.3982492],[19.9459805,-33.3986019],[19.9450886,-33.3991091],[19.9445341,-33.3994263],[19.9430931,-33.40025],[19.9425499,-33.400568],[19.9417694,-33.4010136],[19.9410559,-33.4014245],[19.9406831,-33.4016405],[19.9404524,-33.4017827],[19.939739,-33.4021869],[19.9388163,-33.4027265],[19.9383402,-33.4029952],[19.935493,-33.4046298],[19.934117,-33.4054135],[19.9338247,-33.4055747],[19.9334975,-33.4057594],[19.9331219,-33.4059576],[19.9328564,-33.4060908],[19.9325332,-33.4062352],[19.93221,-33.4063752],[19.9318828,-33.406505],[19.9314094,-33.4066898],[19.9310714,-33.406804],[19.9306892,-33.4069204],[19.9302869,-33.4070335],[19.9299194,-33.4071264],[19.9295761,-33.4072059],[19.9291362,-33.4072932],[19.9287164,-33.4073704],[19.9283141,-33.4074287],[19.9279426,-33.4074712],[19.9275175,-33.4075149],[19.9270347,-33.4075462],[19.926289,-33.4075854],[19.9243149,-33.4076806],[19.9236028,-33.4077164],[19.9222644,-33.4077791],[19.9205719,-33.4078563],[19.9198879,-33.4078955],[19.9086897,-33.4084295],[19.8818991,-33.4096806],[19.8518354,-33.4110884],[19.838749,-33.4116938],[19.8321569,-33.4119812],[19.8212488,-33.4125274],[19.793876,-33.413808],[19.7655822,-33.4151543],[19.7609421,-33.4146578],[19.7407343,-33.4196506],[19.7379161,-33.425732],[19.7377793,-33.426041],[19.7376077,-33.4264204],[19.7374957,-33.4266443],[19.7373381,-33.4269336],[19.7372054,-33.4271412],[19.7370136,-33.4274244],[19.73685,-33.4276505],[19.7366253,-33.4279359],[19.7363987,-33.4281849],[19.7362089,-33.4283758],[19.7359313,-33.4286455],[19.735761,-33.4287932],[19.7354123,-33.4290898],[19.7352339,-33.4292286],[19.7349979,-33.4293976],[19.7346023,-33.4296528],[19.7341584,-33.4299326],[19.7339331,-33.4300535],[19.7336769,-33.4301822],[19.7333953,-33.430312],[19.7331592,-33.4304117],[19.7329018,-33.4305236],[19.7322875,-33.4307385],[19.7319134,-33.4308493],[19.7310892,-33.4310497],[19.7294752,-33.4314268],[19.7289549,-33.4315756],[19.7285861,-33.4316932],[19.7281475,-33.4318498],[19.727713,-33.4320267],[19.7273147,-33.4322214],[19.7269258,-33.4324195],[19.7264417,-33.432696],[19.726219,-33.4328359],[19.7258717,-33.4330709],[19.7256048,-33.4332712],[19.72524,-33.4335824],[19.7249249,-33.4338577],[19.7245105,-33.4342651],[19.7242449,-33.4345605],[19.7239861,-33.4348806],[19.7238547,-33.4350608],[19.7236978,-33.4352701],[19.7235543,-33.4354906],[19.723396,-33.4357558],[19.7232351,-33.4360289],[19.7231197,-33.4362762],[19.7229816,-33.4365638],[19.7229038,-33.4367507],[19.7227979,-33.4370294],[19.7227174,-33.4372734],[19.7226222,-33.4375957],[19.722535,-33.4379829],[19.7224787,-33.438256],[19.7224358,-33.4385178],[19.7223902,-33.4387685],[19.7223137,-33.4392251],[19.7222467,-33.4395441],[19.7222024,-33.4397242],[19.7221434,-33.439929],[19.7220066,-33.4403845],[19.7219047,-33.4406732],[19.7217518,-33.4410526],[19.7216485,-33.4412708],[19.7214702,-33.4416245],[19.7213334,-33.4418662],[19.7212408,-33.4420228],[19.7211409,-33.4421812],[19.7209525,-33.4424671],[19.7208231,-33.442654],[19.7206938,-33.4428222],[19.7125859,-33.4499079],[19.6980505,-33.4546832],[19.6975207,-33.4547581],[19.6971211,-33.4548208],[19.696814,-33.454889],[19.6964371,-33.4549752],[19.6961461,-33.4550513],[19.6959195,-33.4551106],[19.6955748,-33.455218],[19.6951295,-33.4553657],[19.6946415,-33.4555469],[19.6942311,-33.4557147],[19.6937269,-33.4559676],[19.6933245,-33.4561936],[19.69289,-33.4564622],[19.692426,-33.4567575],[19.6920425,-33.4570373],[19.6915918,-33.4573975],[19.6912217,-33.4577511],[19.690614,-33.4583811],[19.6904665,-33.4585612],[19.6903042,-33.4587581],[19.690146,-33.4589752],[19.6900105,-33.4591565],[19.6898362,-33.4594171],[19.6896645,-33.4596846],[19.6895291,-33.4599083],[19.6894057,-33.4601556],[19.6892703,-33.4604084],[19.6891657,-33.460649],[19.6890035,-33.4610293],[19.688876,-33.4613829],[19.688829,-33.4615474],[19.6887539,-33.4618137],[19.6886668,-33.4621393],[19.6885957,-33.4624648],[19.6885554,-33.4627546],[19.6885005,-33.4631798],[19.6884374,-33.4637582],[19.6883878,-33.4641554],[19.6883194,-33.4645402],[19.6882617,-33.4647852],[19.6881947,-33.4650325],[19.6880728,-33.4654039],[19.6879855,-33.4656333],[19.6879117,-33.4658123],[19.687759,-33.4661355],[19.6875605,-33.4664824],[19.6874309,-33.4666983],[19.6872774,-33.4669294],[19.6870843,-33.4671979],[19.6868254,-33.4675072],[19.6865451,-33.4678171],[19.6863292,-33.4680274],[19.6860476,-33.4682925],[19.6859671,-33.4683563],[19.6857257,-33.4685566],[19.685377,-33.4688195],[19.6850619,-33.4690309],[19.684736,-33.4692278],[19.6842049,-33.4695086],[19.6838999,-33.4696514],[19.683301,-33.4699069],[19.682723,-33.4701071],[19.68244,-33.4701843],[19.6819733,-33.4702962],[19.681453,-33.4703969],[19.68075,-33.4704932],[19.680368,-33.4705479],[19.6800166,-33.4705982],[19.6796975,-33.4706531],[19.6793608,-33.4707101],[19.6788587,-33.4708188],[19.6783335,-33.4709744],[19.677958,-33.4711106],[19.6776201,-33.4712471],[19.6772003,-33.4714395],[19.6767376,-33.4716767],[19.6765096,-33.4718087],[19.6762951,-33.4719317],[19.6759303,-33.4721689],[19.6756527,-33.4723837],[19.6755172,-33.472481],[19.6753241,-33.4726354],[19.6750814,-33.4728524],[19.6748507,-33.4730851],[19.6718401,-33.4766353],[19.6714106,-33.4771517],[19.6709213,-33.477742],[19.6704143,-33.4783561],[19.6698081,-33.4790821],[19.6691967,-33.4798277],[19.6690625,-33.4799658],[19.6689257,-33.480119],[19.6684791,-33.4805564],[19.6681894,-33.4808114],[19.6680084,-33.4809591],[19.6678139,-33.481109],[19.6674894,-33.4813338],[19.6669194,-33.4816973],[19.6665761,-33.4819266],[19.6646892,-33.4831537],[19.6641313,-33.4835105],[19.6636619,-33.4838114],[19.6631643,-33.4841],[19.6629699,-33.4842051],[19.6627258,-33.4843215],[19.6623181,-33.4844792],[19.6618541,-33.4846447],[19.6614366,-33.4847662],[19.6607289,-33.4849702],[19.6597585,-33.4852551],[19.6589343,-33.4854842],[19.6576202,-33.4858739],[19.6560122,-33.4863467],[19.6532685,-33.4871333],[19.6520801,-33.4874824],[19.6515973,-33.4876166],[19.6511346,-33.487743],[19.6508825,-33.4878067],[19.6504895,-33.4878805],[19.6500577,-33.4879387],[19.6497171,-33.4879834],[19.648848,-33.4880629],[19.6480145,-33.4881401],[19.646975,-33.4882421],[19.6452659,-33.4884029],[19.6448314,-33.4884342],[19.6444023,-33.488451],[19.6439758,-33.4884487],[19.6436298,-33.4884353],[19.6432704,-33.4884085],[19.6419954,-33.4882908],[19.639923,-33.488102],[19.6387951,-33.4879924],[19.6377732,-33.4879029],[19.6365514,-33.4877844],[19.6361062,-33.4877396],[19.6356623,-33.4876747],[19.6349247,-33.4875517],[19.6325623,-33.4871272],[19.6319401,-33.487021],[19.6313084,-33.4869265],[19.6304333,-33.4868191],[19.6299995,-33.4867682],[19.6297313,-33.4867458],[19.6292706,-33.4867296],[19.628759,-33.4867374],[19.6282466,-33.4867604],[19.6275908,-33.4867883],[19.6270216,-33.4868152],[19.6264844,-33.4868415],[19.6256758,-33.4868801],[19.6249978,-33.4869114],[19.6246666,-33.4869298],[19.6244151,-33.4869522],[19.6240886,-33.4869852],[19.623422,-33.4870691],[19.6228635,-33.4871412],[19.6219703,-33.4872531],[19.6201491,-33.4874958],[19.6177834,-33.4877625],[19.6159588,-33.487998],[19.6149175,-33.4881289],[19.6142569,-33.4882373],[19.6139082,-33.4883011],[19.6135622,-33.4883716],[19.6127468,-33.4885505],[19.6094645,-33.4892814],[19.6084969,-33.4894956],[19.6079195,-33.4896231],[19.605065,-33.4902489],[19.6041765,-33.4904547],[19.6036964,-33.4905699],[19.6025813,-33.4908915],[19.6016854,-33.4911912],[19.6009961,-33.4914216],[19.5988677,-33.4921419],[19.5975561,-33.4925825],[19.5937461,-33.4938732],[19.5921984,-33.4943932],[19.590636,-33.4949256],[19.5900325,-33.4951213],[19.5896919,-33.4952253],[19.5892829,-33.4953338],[19.588666,-33.4954814],[19.5883924,-33.4955362],[19.5880169,-33.4956],[19.5876548,-33.4956671],[19.587231,-33.4957174],[19.5844683,-33.4960361],[19.5839077,-33.4961044],[19.5835242,-33.4961424],[19.5821549,-33.496328],[19.5778352,-33.497036],[19.5772304,-33.49714],[19.576761,-33.4972216],[19.576415,-33.4972977],[19.5760998,-33.4973771],[19.5756988,-33.4975035],[19.5754386,-33.4975862],[19.5751986,-33.4976813],[19.5746756,-33.497896],[19.5740399,-33.4981521],[19.573254,-33.4984742],[19.5724587,-33.4987996],[19.5720403,-33.4989741],[19.570557,-33.4995925],[19.5673492,-33.5008992],[19.5668435,-33.5011079],[19.5659409,-33.501497],[19.5656137,-33.5016379],[19.565371,-33.5017632],[19.5650746,-33.5019265],[19.5647782,-33.5021009],[19.5645609,-33.5022485],[19.5641787,-33.5025393],[19.5639668,-33.5027227],[19.5637509,-33.5029363],[19.5633513,-33.5033411],[19.5630495,-33.5036497],[19.5623468,-33.5043889],[19.5617755,-33.5049626],[19.5610553,-33.5057029],[19.5605336,-33.506243],[19.5600307,-33.5067563],[19.559631,-33.5071711],[19.5590852,-33.5077291],[19.5585769,-33.5082625],[19.55807,-33.5088675],[19.5579292,-33.5090576],[19.5576395,-33.5094881],[19.5573042,-33.5100472],[19.5570964,-33.5104028],[19.556914,-33.5107025],[19.5566779,-33.511105],[19.5500066,-33.5216838],[19.5421699,-33.5286967],[19.5418078,-33.5288812],[19.5415355,-33.529022],[19.5413102,-33.5291573],[19.5411801,-33.5292468],[19.5410433,-33.5293876],[19.5408998,-33.5295363],[19.5408086,-33.5296895],[19.5407161,-33.5298795],[19.5406517,-33.5300371],[19.5405391,-33.5303669],[19.5404331,-33.5306733],[19.5401877,-33.5313541],[19.5400228,-33.5317297],[19.5398793,-33.5320148],[19.5396566,-33.5324116],[19.5392798,-33.5329728],[19.5386481,-33.5339197],[19.5384711,-33.5341913],[19.5381331,-33.5347033],[19.5380084,-33.53489],[19.5378287,-33.535156],[19.537649,-33.5354232],[19.5375377,-33.5356077],[19.5374197,-33.5358335],[19.5373526,-33.5360336],[19.5373231,-33.5362091],[19.5373124,-33.536379],[19.5373151,-33.5365567],[19.5373647,-33.5370776],[19.5373969,-33.5375181],[19.5374143,-33.5378355],[19.5373996,-33.5381508],[19.5373714,-33.5384135],[19.5373312,-33.5386281],[19.5372815,-33.5387924],[19.5372105,-33.5389891],[19.537067,-33.5393267],[19.536788,-33.5398711],[19.5365386,-33.5403629],[19.5362918,-33.5408224],[19.5360276,-33.5412751],[19.5357835,-33.541635],[19.5355488,-33.5419513],[19.5351934,-33.5423783],[19.5349708,-33.5426198],[19.5347683,-33.5428053],[19.5345578,-33.5429663],[19.5343123,-33.5431205],[19.533564,-33.5434972],[19.5322438,-33.5441326],[19.5312435,-33.5448522],[19.5289412,-33.5469236],[19.5266366,-33.5489415],[19.5260661,-33.5494513],[19.525599,-33.549846],[19.5250859,-33.5502353],[19.5245201,-33.550515],[19.5236042,-33.5507839],[19.522928,-33.5508823],[19.5217569,-33.5511126],[19.5207964,-33.5514306],[19.519974,-33.5518528],[19.5193204,-33.5522949],[19.518602,-33.5527893],[19.5178697,-33.5532738],[19.5169128,-33.5539097],[19.5164609,-33.5542154],[19.5156797,-33.5547339],[19.5154832,-33.5548664],[19.5150621,-33.5551765],[19.5147845,-33.5554039],[19.5146524,-33.5555174],[19.5144057,-33.5557471],[19.5142326,-33.5559158],[19.5140789,-33.556078],[19.5136998,-33.556483],[19.5135487,-33.556645],[19.5131596,-33.5570805],[19.5128138,-33.557524],[19.5125516,-33.5578738],[19.5124087,-33.5581018],[19.5122206,-33.5584246],[19.5116866,-33.5593557],[19.5114458,-33.5597804],[19.511246,-33.5601436],[19.5111005,-33.5604185],[19.5109617,-33.5606957],[19.5108806,-33.5608756],[19.5107753,-33.5611002],[19.5106772,-33.561317],[19.5106016,-33.5615338],[19.5105292,-33.5617763],[19.5104374,-33.5622131],[19.510383,-33.56261],[19.5103265,-33.5631629],[19.510259,-33.5642578],[19.510261,-33.5643936],[19.5102207,-33.564859],[19.5100343,-33.5667995],[19.509864,-33.5685863],[19.5097607,-33.5698199],[19.5096561,-33.5711307],[19.5095193,-33.5726246],[19.5094,-33.5739275],[19.5092753,-33.5753309],[19.5092377,-33.5757857],[19.5092176,-33.5761935],[19.5092069,-33.576627],[19.5092149,-33.5770985],[19.509239,-33.5778069],[19.5092766,-33.5788561],[19.5093262,-33.5800941],[19.5093705,-33.5813231],[19.5094107,-33.5824805],[19.509455,-33.5837034],[19.5094965,-33.5848536],[19.5095475,-33.586163],[19.5095864,-33.5873573],[19.509632,-33.5886644],[19.509699,-33.5903133],[19.5097929,-33.5922091],[19.5098774,-33.593524],[19.5099539,-33.5946757],[19.5099726,-33.5949438],[19.5100571,-33.5962441],[19.5101282,-33.5973701],[19.5101899,-33.5982738],[19.5102757,-33.599602],[19.5103193,-33.6002355],[19.510383,-33.6011748],[19.5104259,-33.6018841],[19.5105024,-33.6030849],[19.5105595,-33.6040849],[19.5106338,-33.6050468],[19.5107377,-33.6066564],[19.5108078,-33.6077144],[19.5108283,-33.6081201],[19.5108397,-33.6085166],[19.5108343,-33.6088729],[19.5108142,-33.6091326],[19.510776,-33.6094414],[19.5106633,-33.6101127],[19.5105594,-33.6107169],[19.5104554,-33.6113318],[19.5103421,-33.6119762],[19.5102409,-33.6125833],[19.5101289,-33.6131696],[19.5100531,-33.6135393],[19.5099974,-33.6137593],[19.5099163,-33.6140235],[19.509862,-33.6141647],[19.5097741,-33.6143725],[19.5096541,-33.6146092],[19.5094898,-33.614879],[19.5093175,-33.6151314],[19.5091586,-33.615333],[19.5090439,-33.6154653],[19.508936,-33.6155736],[19.5087992,-33.6157177],[19.508592,-33.6159009],[19.5083291,-33.6161119],[19.5081199,-33.6162594],[19.5078932,-33.616404],[19.50757,-33.6165877],[19.507216,-33.6167569],[19.5070048,-33.6168507],[19.5064824,-33.6170674],[19.5054404,-33.6174985],[19.5046022,-33.6178525],[19.5038465,-33.6181658],[19.501407,-33.6191748],[19.5006895,-33.6194741],[19.4999695,-33.6197782],[19.4997568,-33.619865],[19.498478,-33.6203977],[19.4976968,-33.6207277],[19.497149,-33.6209449],[19.4965307,-33.6211671],[19.4957636,-33.6214335],[19.4941261,-33.6219924],[19.492199,-33.6226535],[19.4894517,-33.62361],[19.4870301,-33.6244343],[19.4862095,-33.6247152],[19.4855317,-33.6249473],[19.484839,-33.6251946],[19.4834882,-33.6256564],[19.4823258,-33.6260543],[19.4817102,-33.6262605],[19.4813816,-33.6263738],[19.4810591,-33.6264816],[19.4804415,-33.6266698],[19.480123,-33.6267652],[19.4798507,-33.6268428],[19.4795101,-33.6269512],[19.4788831,-33.6271605],[19.4770411,-33.6277937],[19.4766562,-33.6279238],[19.4765925,-33.6279467],[19.476091,-33.6281192],[19.4588981,-33.6340978],[19.4398519,-33.6397758],[19.4186565,-33.6383306],[19.4145438,-33.6380731],[19.4137129,-33.6380197],[19.4124325,-33.637935],[19.4107011,-33.6378236],[19.408749,-33.6376966],[19.4079248,-33.6376398],[19.4064021,-33.637544],[19.4047296,-33.6374326],[19.4035388,-33.6373569],[19.3970094,-33.6369358],[19.3954224,-33.6368297],[19.3945917,-33.636781],[19.3938812,-33.6367308],[19.3934932,-33.6366996],[19.3930811,-33.6366495],[19.3927131,-33.6365905],[19.3923479,-33.6365169],[19.3919833,-33.6364347],[19.3913707,-33.6362631],[19.3906433,-33.6359911],[19.3903168,-33.6358452],[19.3899422,-33.6356625],[19.3896973,-33.6355366],[19.3893307,-33.6353121],[19.3887192,-33.6349106],[19.3878335,-33.6343079],[19.3875083,-33.6340895],[19.3711856,-33.623104],[19.3704946,-33.6227304],[19.3701053,-33.6225528],[19.369981,-33.6224993],[19.3696121,-33.6223552],[19.3692854,-33.6222414],[19.3688531,-33.622108],[19.3686208,-33.6220459],[19.3682953,-33.6219693],[19.3678779,-33.6218866],[19.3674916,-33.6218256],[19.3669338,-33.6217531],[19.3651934,-33.621538],[19.3625524,-33.6212194],[19.3611201,-33.6210363],[19.3593388,-33.620817],[19.3577448,-33.6206224],[19.3575796,-33.6206017],[19.3549176,-33.6202739],[19.3542456,-33.6201787],[19.3539499,-33.6201218],[19.3535462,-33.6200256],[19.3532679,-33.6199574],[19.3528952,-33.6198518],[19.3525487,-33.6197391],[19.3496989,-33.6187915],[19.3396629,-33.6154895],[19.3370293,-33.6146205],[19.3331796,-33.6133501],[19.3322467,-33.613049],[19.3304206,-33.6124469],[19.3281734,-33.6117093],[19.3270373,-33.6113287],[19.3268962,-33.6112849],[19.3260268,-33.610996],[19.3221418,-33.6097095],[19.3200669,-33.609036],[19.3188492,-33.6086229],[19.3185706,-33.6085346],[19.3098482,-33.605657],[19.300663,-33.6026276],[19.2958748,-33.6010439],[19.292842,-33.6000548],[19.2917541,-33.5996857],[19.2912093,-33.5994767],[19.2908678,-33.5993259],[19.2904009,-33.5990931],[19.28998,-33.5988457],[19.28954,-33.5985626],[19.2891954,-33.5983179],[19.2888841,-33.5980559],[19.2886411,-33.5978363],[19.288387,-33.5975902],[19.2863731,-33.5954074],[19.2856806,-33.5946586],[19.2850424,-33.5939583],[19.2826773,-33.5913995],[19.2819302,-33.5905854],[19.2797439,-33.5882169],[19.2792786,-33.5877139],[19.2788326,-33.5872391],[19.2784059,-33.5867737],[19.2775349,-33.5858295],[19.2770712,-33.5853131],[19.2763516,-33.5845299],[19.2749428,-33.5830142],[19.2746095,-33.5826802],[19.2743391,-33.5824375],[19.2733827,-33.5816247],[19.2722992,-33.5807099],[19.270797,-33.5794464],[19.2700114,-33.578777],[19.2688683,-33.5778193],[19.2657045,-33.5751872],[19.2633403,-33.5731759],[19.2609484,-33.5711506],[19.2604495,-33.5707332],[19.2604004,-33.5706922],[19.2433409,-33.5563061],[19.2399285,-33.5533803],[19.2371383,-33.5510313],[19.2339014,-33.5483257],[19.2323716,-33.5470296],[19.230664,-33.5455579],[19.2290381,-33.5442027],[19.2281281,-33.5434398],[19.2270319,-33.5425209],[19.225126,-33.5409324],[19.2239806,-33.539935],[19.220056,-33.5366235],[19.2195098,-33.5361634],[19.2186267,-33.5354138],[19.2170888,-33.5341224],[19.2163418,-33.5334839],[19.2150029,-33.5323582],[19.2140722,-33.5315745],[19.2128779,-33.5305663],[19.2119148,-33.5297547],[19.2116464,-33.5295247],[19.2112648,-33.5291756],[19.2110212,-33.5289281],[19.2107909,-33.5286814],[19.210574,-33.5284173],[19.2103846,-33.528169],[19.2101372,-33.5278112],[19.2100591,-33.5276716],[19.2096699,-33.5269591],[19.2087333,-33.5250946],[19.2076809,-33.5229935],[19.2075238,-33.5226839],[19.2071275,-33.521875],[19.2066313,-33.5208973],[19.2064875,-33.5205877],[19.2063745,-33.5203258],[19.2062497,-33.5199966],[19.2061939,-33.5198155],[19.2061286,-33.5195787],[19.2060831,-33.5193951],[19.2060471,-33.5192317],[19.2059899,-33.5188732],[19.2059546,-33.5186554],[19.2059341,-33.5183702],[19.2059194,-33.5180936],[19.205905,-33.5171772],[19.2058857,-33.5165872],[19.205829,-33.5157738],[19.2057385,-33.5143945],[19.205677,-33.5119951],[19.205619,-33.5096952],[19.2055611,-33.5071266],[19.2054779,-33.5047269],[19.2054272,-33.5029248],[19.2053331,-33.4991093],[19.2051696,-33.4937844],[19.2050761,-33.4896644],[19.2049842,-33.4862229],[19.2049367,-33.4854246],[19.2048238,-33.4847821],[19.2046447,-33.4843479],[19.2044205,-33.483703],[19.2041291,-33.4830874],[19.2036531,-33.4819751],[19.203074,-33.4807601],[19.202551,-33.47948],[19.2020973,-33.4783437],[19.2018231,-33.4771623],[19.2017269,-33.475744],[19.2014192,-33.472012],[19.2012303,-33.4703377],[19.2011354,-33.4690898],[19.2011055,-33.4687344],[19.2010018,-33.4677267],[19.2008718,-33.4665981],[19.2008286,-33.4659843],[19.2008256,-33.4655185],[19.2009295,-33.4651593],[19.2010462,-33.464798],[19.2013054,-33.4642639],[19.2023205,-33.4626394],[19.2035101,-33.460704],[19.2048105,-33.4585842],[19.2068784,-33.4552405],[19.2075106,-33.4542636],[19.2076984,-33.4539391],[19.2078459,-33.4535967],[19.2079639,-33.4532073],[19.2080283,-33.4529208],[19.2080605,-33.4526143],[19.2080685,-33.4521913],[19.208045,-33.4519126],[19.2079654,-33.4514535],[19.2078242,-33.4509491],[19.2076939,-33.4506139],[19.2074984,-33.4502696],[19.2072574,-33.4499439],[19.2067869,-33.4493619],[19.2064242,-33.4489685],[19.2030388,-33.4451953],[19.2026556,-33.4447644],[19.2012423,-33.4432281],[19.2004913,-33.4423821],[19.2000997,-33.4418986],[19.1998798,-33.4415965],[19.1996947,-33.4412496],[19.1996035,-33.4410571],[19.1994695,-33.4407333],[19.1988096,-33.4393068],[19.1985637,-33.4387488],[19.1983771,-33.4381242],[19.1982458,-33.437343],[19.1981021,-33.4359758],[19.1980566,-33.4348498],[19.1978242,-33.4324425],[19.1977513,-33.4316668],[19.1976675,-33.4307254],[19.197586,-33.42981],[19.197528,-33.4291713],[19.1974357,-33.4282514],[19.1973498,-33.4273073],[19.1972565,-33.426227],[19.1971738,-33.4252703],[19.1971073,-33.4245214],[19.1970418,-33.4238442],[19.1969216,-33.4226385],[19.1968422,-33.4217041],[19.1966708,-33.4197812],[19.1965749,-33.4187595],[19.1964794,-33.4176756],[19.1963892,-33.4166632],[19.1959204,-33.4114281],[19.1958871,-33.4112393],[19.1958482,-33.4110429],[19.1957992,-33.4108351],[19.1957378,-33.4106417],[19.1956868,-33.4104986],[19.1956152,-33.4103382],[19.1954651,-33.4100327],[19.1953041,-33.4097567],[19.1942744,-33.4081318],[19.1940226,-33.4077278],[19.1938659,-33.4074705],[19.1935957,-33.4069897],[19.1934148,-33.4066611],[19.1930373,-33.4059287],[19.1927615,-33.4054196],[19.1922875,-33.4045253],[19.192049,-33.4040734],[19.1917877,-33.4035695],[19.1912499,-33.4026433],[19.1907786,-33.4019783],[19.190062,-33.4010207],[19.1897602,-33.4006207],[19.1887657,-33.3993047],[19.1886765,-33.3991982],[19.188551,-33.3990519],[19.1883955,-33.3988935],[19.1882544,-33.3987576],[19.1881113,-33.3986346],[19.1879547,-33.3985169],[19.1878012,-33.3983974],[19.1876,-33.3982545],[19.1873501,-33.398071],[19.1871012,-33.3978805],[19.1869291,-33.3977333],[19.1867849,-33.3975922],[19.1866293,-33.3974363],[19.1865153,-33.3973065],[19.1863898,-33.3971376],[19.186257,-33.3969272],[19.1861772,-33.3967766],[19.1861181,-33.3966415],[19.1860641,-33.3964995],[19.1860206,-33.396361],[19.1859667,-33.3961705],[19.1858951,-33.3958683],[19.1858401,-33.3955307],[19.1856991,-33.3946397],[19.1855529,-33.3938059],[19.1853818,-33.3927504],[19.1853206,-33.3924076],[19.1852594,-33.3921461],[19.1852055,-33.3919746],[19.1851049,-33.3917201],[19.1850136,-33.3915339],[19.1849058,-33.3913486],[19.1847512,-33.3911226],[19.1845988,-33.3909304],[19.1844028,-33.3907009],[19.1840688,-33.390339],[19.1837826,-33.3900099],[19.1831262,-33.3892713],[19.1822955,-33.3883422],[19.1814793,-33.3874261],[19.1812636,-33.3871689],[19.1810759,-33.3869473],[19.1809597,-33.3868044],[19.1808031,-33.3865862],[19.1807008,-33.3864161],[19.18042,-33.3859597],[19.1797692,-33.3846785],[19.1792289,-33.3838039],[19.1787705,-33.3830557],[19.1784698,-33.3825535],[19.1783287,-33.3823067],[19.1781918,-33.3820478],[19.1781037,-33.3818616],[19.1779906,-33.3816148],[19.1778123,-33.3812043],[19.1775967,-33.3806401],[19.1775385,-33.3804786],[19.177414,-33.3801591],[19.1772906,-33.3798923],[19.1772336,-33.3797728],[19.1771662,-33.3796455],[19.1769577,-33.3793052],[19.1767119,-33.3789579],[19.1763749,-33.3785336],[19.1757827,-33.3777663],[19.1752113,-33.3770311],[19.1746803,-33.3763357],[19.1742012,-33.3756827],[19.173649,-33.3749285],[19.1729493,-33.3739387],[19.1719753,-33.3725491],[19.1716081,-33.3721456],[19.171409,-33.3719568],[19.1712411,-33.3718389],[19.1710247,-33.3716866],[19.1708203,-33.3715657],[19.170436,-33.3713463],[19.1699678,-33.3710924],[19.1695642,-33.3708655],[19.1686385,-33.3704089],[19.1684135,-33.3703094],[19.1681338,-33.3701854],[19.1678735,-33.3700798],[19.1674392,-33.3699173],[19.1665171,-33.3696364],[19.1650263,-33.3692839],[19.1643519,-33.369127],[19.1637041,-33.3690127],[19.1635164,-33.3689942],[19.1633836,-33.3689875],[19.1631395,-33.3689819],[19.1628458,-33.3689993],[19.1626188,-33.3690266],[19.1616186,-33.3691695],[19.1608427,-33.3692235],[19.1601734,-33.3692204],[19.1595382,-33.3691473],[19.1587631,-33.3689605],[19.1578765,-33.3686741],[19.1462912,-33.3595649],[19.145446,-33.3588549],[19.1452149,-33.358668],[19.1449692,-33.3584404],[19.1447394,-33.3582007],[19.1445825,-33.358025],[19.1443794,-33.3577436],[19.1441994,-33.3574784],[19.1439391,-33.3571067],[19.1437786,-33.3568893],[19.1435633,-33.3566343],[19.1432556,-33.3563011],[19.1429917,-33.3560329],[19.1426415,-33.3557119],[19.142273,-33.3553655],[19.1421173,-33.3551969],[19.1419604,-33.3549835],[19.1418437,-33.3547987],[19.1417537,-33.3546189],[19.1416503,-33.3543771],[19.1415846,-33.3541384],[19.1415299,-33.3538245],[19.141492,-33.3535075],[19.1414411,-33.3531408],[19.141373,-33.3528706],[19.1413146,-33.3526714],[19.1412283,-33.3524794],[19.1411164,-33.352259],[19.1409875,-33.352068],[19.1408075,-33.3518232],[19.1406092,-33.3516119],[19.1404317,-33.3514524],[19.140248,-33.3512939],[19.1400145,-33.3511161],[19.1397032,-33.3508886],[19.1392787,-33.350599],[19.138757,-33.3502282],[19.1384042,-33.3499546],[19.1382319,-33.3497928],[19.1380186,-33.349571],[19.1378436,-33.3493346],[19.137733,-33.3491441],[19.1376358,-33.3489699],[19.1375707,-33.3488372],[19.1374527,-33.3485857],[19.1373467,-33.3483314],[19.137073,-33.3475647],[19.1369379,-33.347003],[19.1368522,-33.3463133],[19.1366907,-33.3456359],[19.1364462,-33.3450907],[19.1359161,-33.3441318],[19.135669,-33.3437941],[19.1352962,-33.3432642],[19.1351607,-33.3430715],[19.1350038,-33.3428026],[19.1348791,-33.3425796],[19.1346676,-33.3421387],[19.1340016,-33.3406725],[19.1338003,-33.3402578],[19.1334884,-33.3397321],[19.1332705,-33.3394041],[19.1327246,-33.3387997],[19.1323858,-33.3385121],[19.1314714,-33.3378291],[19.1295674,-33.3363643],[19.1275339,-33.3348169],[19.1267594,-33.3342135],[19.1259662,-33.3336146],[19.125228,-33.3330495],[19.1248757,-33.3327147],[19.1246418,-33.3324631],[19.1244239,-33.3321935],[19.1234638,-33.3308521],[19.1228749,-33.3300746],[19.1226141,-33.329686],[19.1222533,-33.3290708],[19.1219851,-33.3284407],[19.1218722,-33.3281553],[19.1216974,-33.3276924],[19.1214903,-33.3271577],[19.1212617,-33.326688],[19.1210385,-33.326315],[19.1207377,-33.3258505],[19.1204442,-33.3254971],[19.1200865,-33.3251398],[19.1190402,-33.3242446],[19.1185306,-33.3238334],[19.1178732,-33.3232866],[19.1172174,-33.3227471],[19.1169915,-33.3225543],[19.1166884,-33.3223201],[19.1164108,-33.3221173],[19.116164,-33.3219559],[19.115763,-33.3217172],[19.115409,-33.3215289],[19.1150603,-33.3213855],[19.1147451,-33.3212667],[19.1145265,-33.3211972],[19.1142603,-33.3211132],[19.1140075,-33.3210426],[19.1136011,-33.3209597],[19.1131076,-33.32087],[19.1122158,-33.3207288],[19.1110638,-33.3205383],[19.1101532,-33.3203988],[19.1096771,-33.3203231],[19.1093552,-33.32028],[19.1090957,-33.320252],[19.1088724,-33.3202313],[19.1086263,-33.3202184],[19.1083863,-33.320215],[19.1082314,-33.3202105],[19.1080496,-33.3202189],[19.1078471,-33.3202301],[19.1076406,-33.3202436],[19.1073717,-33.3202699],[19.1067857,-33.3203506],[19.106274,-33.3204257],[19.1053239,-33.320554],[19.1035002,-33.3208023],[19.1026899,-33.3209171],[19.1022997,-33.3209664],[19.1020301,-33.3209955],[19.1017632,-33.3210045],[19.1014145,-33.3210146],[19.1012026,-33.3210112],[19.1009867,-33.3210034],[19.1006742,-33.3209866],[19.0979939,-33.3206817],[19.0971364,-33.3206023],[19.096239,-33.3204885],[19.095505,-33.3204043],[19.0950948,-33.3203572],[19.0945427,-33.3202761],[19.0943469,-33.3202402],[19.0939942,-33.3201539],[19.0935728,-33.3199909],[19.0928932,-33.3196009],[19.0927631,-33.3195269],[19.0925136,-33.3194076],[19.0923306,-33.3193392],[19.0921703,-33.3192826],[19.0920147,-33.3192283],[19.0919135,-33.3191974],[19.0917928,-33.3191745],[19.0916835,-33.3191577],[19.0915742,-33.3191504],[19.0914434,-33.3191487],[19.0913022,-33.3191582],[19.0909432,-33.3191946],[19.090742,-33.3192249],[19.0904751,-33.3192361],[19.0902901,-33.3192171],[19.0901291,-33.3191846],[19.0900004,-33.3191498],[19.0897684,-33.3190792],[19.0895147,-33.3189798],[19.0886338,-33.3186567],[19.0882422,-33.3184931],[19.0879861,-33.3183564],[19.0877514,-33.3182331],[19.0875153,-33.3181054],[19.0873383,-33.318037],[19.0871961,-33.3179944],[19.087054,-33.3179686],[19.0869091,-33.3179574],[19.0867442,-33.3179563],[19.086594,-33.3179664],[19.0864035,-33.3180011],[19.0862587,-33.3180437],[19.0861407,-33.3180852],[19.0859878,-33.3181558],[19.0857799,-33.3182679],[19.0854996,-33.318427],[19.0850034,-33.3187195],[19.0845276,-33.319048],[19.0838807,-33.3194922],[19.0835124,-33.3196566],[19.0830129,-33.3198325],[19.0825697,-33.3199751],[19.0821565,-33.3200589],[19.0819739,-33.32008],[19.0817218,-33.32008],[19.0814348,-33.3200508],[19.0812778,-33.320015],[19.0810941,-33.3199612],[19.0807615,-33.3198424],[19.0803914,-33.3196799],[19.0800226,-33.319523],[19.0798388,-33.3194277],[19.0796645,-33.3193168],[19.0795915,-33.3192633],[19.079462,-33.3191487],[19.0792742,-33.3189492],[19.0788268,-33.3184599],[19.0784394,-33.3181592],[19.0773913,-33.3173724],[19.0769622,-33.3170217],[19.0766591,-33.3167841],[19.076238,-33.3164378],[19.0757257,-33.3159985],[19.0753274,-33.3156578],[19.0750363,-33.3154056],[19.0747467,-33.3151288],[19.0744905,-33.3148385],[19.0742558,-33.314527],[19.0740935,-33.3142972],[19.0739554,-33.3140383],[19.0738146,-33.3137537],[19.0735558,-33.3131294],[19.0734297,-33.312847],[19.0733197,-33.3126419],[19.0731883,-33.3124189],[19.0730126,-33.3121499],[19.0728436,-33.3119381],[19.072157,-33.3111345],[19.0719049,-33.3108274],[19.071418,-33.310276],[19.0711485,-33.3099723],[19.0708065,-33.3095777],[19.070549,-33.3092505],[19.0703385,-33.3089613],[19.0701467,-33.3086329],[19.0700474,-33.3084357],[19.0699589,-33.3082362],[19.0698422,-33.3079279],[19.0697739,-33.3077172],[19.0697161,-33.3074858],[19.0696022,-33.3069383],[19.0695217,-33.3065314],[19.0694252,-33.306147],[19.0693004,-33.3057805],[19.0692039,-33.305535],[19.0690912,-33.3052985],[19.0689611,-33.3050542],[19.0688311,-33.3048277],[19.0686889,-33.3045823],[19.0685293,-33.3043604],[19.0683804,-33.3041844],[19.0682061,-33.3039871],[19.0680237,-33.3038078],[19.0678266,-33.3036329],[19.0675972,-33.3034558],[19.0669669,-33.3029862],[19.0663986,-33.3025643],[19.0656741,-33.3020222],[19.0645958,-33.3012309],[19.0639776,-33.3007724],[19.0635887,-33.3004631],[19.0633862,-33.3002748],[19.063223,-33.3001177],[19.063032,-33.2998844],[19.0626973,-33.2994336],[19.0478617,-33.2976777],[19.0471591,-33.2981176],[19.0453462,-33.2992376],[19.0446741,-33.2996546],[19.0436432,-33.3002874],[19.0427377,-33.3008508],[19.0394085,-33.3029],[19.0377957,-33.303922],[19.0372657,-33.3042609],[19.0368084,-33.304592],[19.03652,-33.3048105],[19.0360979,-33.3051754],[19.035747,-33.3055575],[19.0351565,-33.3062272],[19.0349902,-33.3064713],[19.0347914,-33.3067984],[19.0344841,-33.3073779],[19.0342051,-33.3079829],[19.0333723,-33.3098144],[19.0329564,-33.3107184],[19.0326328,-33.311424],[19.0296069,-33.3179187],[19.0289185,-33.319425],[19.0284348,-33.3205024],[19.0274544,-33.3226538],[19.0227644,-33.3328638],[19.0225822,-33.3332733],[19.0224703,-33.333562],[19.0223384,-33.3339473],[19.0222165,-33.3343568],[19.0221449,-33.3346182],[19.0220012,-33.3352635],[19.0207275,-33.3415343],[19.0192702,-33.3486427],[19.0185562,-33.3521658],[19.018189,-33.3539568],[19.0153012,-33.3668971],[19.0151975,-33.3672028],[19.015086,-33.3675163],[19.0149442,-33.3678843],[19.0148428,-33.3681169],[19.0147236,-33.3683581],[19.0145602,-33.3686979],[19.0144459,-33.3689057],[19.0142233,-33.3693162],[19.0139886,-33.3697161],[19.0138458,-33.3699468],[19.0135762,-33.3703528],[19.0134401,-33.3705533],[19.0133006,-33.370742],[19.0131243,-33.370985],[19.0127105,-33.3715086],[19.0125134,-33.3717349],[19.0122861,-33.3719897],[19.011871,-33.3724349],[19.0114807,-33.3728173],[19.0112239,-33.3730592],[19.0108424,-33.3733991],[19.0098211,-33.3742755],[19.0094161,-33.3746233],[19.008704,-33.3752308],[19.0078671,-33.3759498],[19.0072207,-33.3765053],[19.0066541,-33.3769919],[19.0060479,-33.3775082],[19.0053197,-33.3781331],[19.0042274,-33.3790738],[19.0039035,-33.3793594],[19.0036621,-33.379585],[19.0034314,-33.3798208],[19.0032396,-33.3800319],[19.0030345,-33.3802766],[19.0028514,-33.3805145],[19.0026167,-33.3808527],[19.0024464,-33.3811361],[19.0022869,-33.3814212],[19.0021614,-33.3816876],[19.001981,-33.3820958],[19.0012857,-33.383801],[19.0003067,-33.3862415],[18.9983862,-33.390938],[18.9961144,-33.3965382],[18.9958743,-33.3971072],[18.9956208,-33.3977331],[18.9953701,-33.3983549],[18.9951427,-33.3989135],[18.9949228,-33.3994818],[18.9946159,-33.4002204],[18.9944038,-33.4007292],[18.9941389,-33.4014144],[18.9938384,-33.4021471],[18.9931631,-33.4037761],[18.9899506,-33.4116704],[18.9895892,-33.4125638],[18.989091,-33.4137862],[18.9883862,-33.415518],[18.9875306,-33.417628],[18.9872818,-33.4182392],[18.9869855,-33.4189702],[18.9868467,-33.4193256],[18.9867327,-33.4195914],[18.9865308,-33.4200935],[18.9863344,-33.4205793],[18.9862304,-33.4208272],[18.9861258,-33.4210623],[18.9859716,-33.4213773],[18.9858824,-33.4215447],[18.9857389,-33.4217887],[18.9856189,-33.4219801],[18.9854355,-33.4222508],[18.9852963,-33.4224329],[18.9851522,-33.4226176],[18.9849959,-33.4227978],[18.984772,-33.4230396],[18.9845755,-33.4232349],[18.9841906,-33.4235981],[18.983457,-33.4242691],[18.9831251,-33.4245697],[18.9713126,-33.4353915],[18.9652508,-33.4409843],[18.9649136,-33.4412843],[18.9646688,-33.4415086],[18.964532,-33.4416457],[18.9643717,-33.4418191],[18.9642316,-33.441977],[18.9640291,-33.442212],[18.9637622,-33.4425695],[18.9635463,-33.4428778],[18.962682,-33.4441726],[18.9623561,-33.4446677],[18.9621153,-33.445027],[18.9615232,-33.4459171],[18.961361,-33.4461605],[18.9611833,-33.4464375],[18.9609308,-33.4468591],[18.9606124,-33.4474671],[18.9604647,-33.4478368],[18.9603753,-33.4481099],[18.9603082,-33.4483448],[18.9602519,-33.4485675],[18.960213,-33.4487359],[18.9601694,-33.4489944],[18.9601345,-33.4492149],[18.9601049,-33.4495278],[18.9600839,-33.4497621],[18.9600807,-33.4501346],[18.9601003,-33.4508466],[18.9601433,-33.4521726],[18.9601902,-33.4539581],[18.9602029,-33.4543928],[18.9602301,-33.4554369],[18.9602767,-33.4570709],[18.9603184,-33.458696],[18.9603558,-33.4592269],[18.9603907,-33.4595201],[18.9604256,-33.459745],[18.9604819,-33.4600135],[18.9605409,-33.460254],[18.9605932,-33.4604308],[18.9606629,-33.4606613],[18.9608037,-33.461073],[18.961092,-33.4618898],[18.9647332,-33.4722539],[18.9653756,-33.474079],[18.9654829,-33.4743883],[18.9656056,-33.4747362],[18.9657263,-33.4750662],[18.9658745,-33.4754463],[18.9659737,-33.4756793],[18.9660877,-33.4759343],[18.9662674,-33.4762945],[18.9665236,-33.4767543],[18.9666912,-33.4770272],[18.9668481,-33.4772744],[18.9670399,-33.4775429],[18.9671995,-33.4777655],[18.9675093,-33.4781425],[18.9678834,-33.4785754],[18.9686908,-33.4794747],[18.9695303,-33.4804143],[18.9712818,-33.4823657],[18.9740136,-33.4854221],[18.9746319,-33.4861072],[18.974996,-33.4865165],[18.9753413,-33.486903],[18.9758134,-33.4874276],[18.9760575,-33.4876988],[18.9764819,-33.4881741],[18.9769547,-33.4887015],[18.9773697,-33.4891646],[18.9777754,-33.489617],[18.978047,-33.489924],[18.9783689,-33.4903071],[18.9785707,-33.4905576],[18.9788416,-33.4909244],[18.9789925,-33.4911509],[18.9791407,-33.4913752],[18.9793003,-33.4916285],[18.9794391,-33.4918718],[18.9796013,-33.4921709],[18.9798158,-33.4926128],[18.9799601,-33.4929527],[18.9800794,-33.4932525],[18.9802357,-33.4937155],[18.9803161,-33.4939867],[18.9803879,-33.4942613],[18.9804777,-33.4946438],[18.9805327,-33.4949513],[18.9805723,-33.4952164],[18.9806011,-33.4954233],[18.9806266,-33.4957046],[18.980644,-33.4959573],[18.9806662,-33.4964349],[18.9806709,-33.4967424],[18.9806762,-33.4970589],[18.980687,-33.4977316],[18.9806957,-33.4982785],[18.980701,-33.4986749],[18.9807212,-33.4997815],[18.9807272,-33.5003787],[18.9807332,-33.5006829],[18.980746,-33.5012991],[18.9807627,-33.5018605],[18.9808164,-33.5031801],[18.9808311,-33.5041614],[18.9808687,-33.5065662],[18.9808781,-33.5069251],[18.9808968,-33.5081675],[18.9809082,-33.5089424],[18.9809308,-33.509857],[18.9809465,-33.5111408],[18.9809545,-33.5117888],[18.9809478,-33.5124546],[18.9809432,-33.5128033],[18.9809344,-33.5134403],[18.9809163,-33.5138065],[18.9808962,-33.5140782],[18.9808727,-33.5142962],[18.9808217,-33.5145942],[18.9807788,-33.5148715],[18.9807305,-33.5150801],[18.9806809,-33.5152897],[18.9805783,-33.5156715],[18.9804482,-33.5160674],[18.980286,-33.5165224],[18.9800218,-33.517228],[18.9798501,-33.5176629],[18.9790334,-33.5198286],[18.9786619,-33.5208271],[18.978458,-33.5213822],[18.9756156,-33.5289511],[18.9754573,-33.5293692],[18.9752206,-33.5299963],[18.9750791,-33.5303815],[18.9749779,-33.5306716],[18.9748639,-33.5310282],[18.9747888,-33.5312864],[18.9747338,-33.5314994],[18.9746734,-33.5317504],[18.9746292,-33.531965],[18.9745836,-33.5322193],[18.9745434,-33.5324994],[18.9745098,-33.532733],[18.9744971,-33.5329035],[18.9744743,-33.5331802],[18.9744636,-33.5334222],[18.9744428,-33.5344361],[18.9744341,-33.5357695],[18.9744247,-33.5371246],[18.9744106,-33.5390087],[18.9743878,-33.5407598],[18.9743435,-33.5467007],[18.9743368,-33.5475043],[18.9743261,-33.5488059],[18.974306,-33.5510776],[18.9743013,-33.5515772],[18.9742879,-33.5526998],[18.9742711,-33.5543975],[18.9742611,-33.5557767],[18.974257,-33.5569787],[18.9742275,-33.5604196],[18.9742161,-33.5613718],[18.9742101,-33.5620278],[18.9742034,-33.5628659],[18.974196,-33.5637281],[18.97419,-33.5642505],[18.9741826,-33.5654865],[18.9741806,-33.5656982],[18.9741873,-33.5659608],[18.9742054,-33.5663357],[18.9742262,-33.5665324],[18.974251,-33.5667632],[18.9742979,-33.5670481],[18.9743422,-33.5672811],[18.9744032,-33.5675571],[18.9744488,-33.567737],[18.974534,-33.5680343],[18.9747445,-33.568636],[18.9748552,-33.5689204],[18.975002,-33.5692981],[18.9751576,-33.5697009],[18.9753427,-33.5701736],[18.9755411,-33.5706882],[18.9757376,-33.5711927],[18.9759589,-33.571757],[18.9760903,-33.5720939],[18.9762593,-33.5724883],[18.9764377,-33.572847],[18.9765409,-33.573028],[18.9766737,-33.5732532],[18.976832,-33.5734934],[18.9770016,-33.573728],[18.9772873,-33.5740789],[18.9774804,-33.5743027],[18.9777929,-33.5746415],[18.9782146,-33.5750827],[18.9783718,-33.5752474],[18.9784918,-33.5753772],[18.9790847,-33.5760029],[18.9800774,-33.5770639],[18.9805971,-33.5776181],[18.9809793,-33.578022],[18.9813696,-33.5784343],[18.9816901,-33.5787779],[18.9821407,-33.5792566],[18.9839981,-33.5812292],[18.9846928,-33.5819633],[18.9852186,-33.5825264],[18.9856625,-33.582999],[18.9864483,-33.5838335],[18.9868413,-33.584252],[18.9871759,-33.584605],[18.9874361,-33.584886],[18.9877707,-33.5852536],[18.9881522,-33.5856742],[18.9884372,-33.5859937],[18.9889287,-33.5865389],[18.9893471,-33.5870003],[18.9896315,-33.5873176],[18.9900043,-33.5877282],[18.9904951,-33.5882717],[18.990986,-33.5888096],[18.9912287,-33.5890917],[18.991401,-33.5892995],[18.9915975,-33.5895648],[18.9917497,-33.589781],[18.9918798,-33.5899854],[18.9920307,-33.5902368],[18.9921836,-33.5905256],[18.9923016,-33.5907585],[18.9924022,-33.5909942],[18.9924974,-33.59124],[18.9925765,-33.5914824],[18.9926536,-33.5917522],[18.9927287,-33.5920589],[18.9928059,-33.5924286],[18.9928763,-33.5927705],[18.9929728,-33.5932318],[18.9930265,-33.5934765],[18.9931775,-33.5940218],[18.9932752,-33.5943238],[18.9934375,-33.5947131],[18.9935917,-33.5950365],[18.9937701,-33.5953633],[18.993931,-33.5956325],[18.9941148,-33.5959062],[18.9943126,-33.5961704],[18.9944842,-33.596377],[18.9947136,-33.5966373],[18.9951233,-33.5970585],[18.9953915,-33.5973249],[18.9959916,-33.5979382],[18.9964215,-33.5983682],[18.99685,-33.5988028],[18.9973455,-33.5992982],[18.9977619,-33.599721],[18.9979973,-33.5999701],[18.9982648,-33.6002806],[18.9984284,-33.6004766],[18.9986242,-33.6007453],[18.9988106,-33.601024],[18.998922,-33.6012077],[18.9990648,-33.6014591],[18.9991895,-33.6017082],[18.9993236,-33.6020003],[18.9994416,-33.6023052],[18.9995429,-33.6025839],[18.9995999,-33.6027827],[18.9996448,-33.6029614],[18.9997172,-33.6032775],[18.9997534,-33.6034981],[18.9997809,-33.603707],[18.9998044,-33.6039589],[18.9998158,-33.6041717],[18.9998205,-33.60437],[18.9998158,-33.6045995],[18.9998037,-33.6048637],[18.9997816,-33.6050904],[18.9997534,-33.6053054],[18.9997112,-33.6055567],[18.9996596,-33.6058097],[18.9996046,-33.606027],[18.9995449,-33.6062364],[18.9994436,-33.6065413],[18.9993531,-33.6067725],[18.9992794,-33.6069462],[18.999211,-33.6070953],[18.9990936,-33.6073238],[18.9989642,-33.6075656],[18.9988013,-33.6078353],[18.998694,-33.6080001],[18.9985082,-33.6082575],[18.9983393,-33.6084787],[18.9981776,-33.6086736],[18.998002,-33.608864],[18.9978404,-33.6090332],[18.9975788,-33.6092895],[18.9974072,-33.6094481],[18.9970585,-33.6097732],[18.9965099,-33.6102797],[18.9933148,-33.61324],[18.9926621,-33.6287682],[18.9919281,-33.6348525],[18.9890093,-33.645774],[18.9883983,-33.6480668],[18.9881811,-33.6489175],[18.9878109,-33.6502772],[18.9875883,-33.6511235],[18.9872898,-33.6522377],[18.9869392,-33.6535415],[18.9865803,-33.6548806],[18.986386,-33.6556123],[18.9862217,-33.6562313],[18.9861231,-33.6565969],[18.9860118,-33.6570389],[18.9859226,-33.6574251],[18.9858381,-33.6578136],[18.9857476,-33.6582484],[18.9856739,-33.6586469],[18.9856195,-33.6589729],[18.9855605,-33.6593686],[18.9855102,-33.6597358],[18.9854714,-33.6600696],[18.985417,-33.6605485],[18.9853735,-33.6610603],[18.985356,-33.6613929],[18.9853366,-33.6618176],[18.9853218,-33.6622362],[18.9853165,-33.6627184],[18.9853232,-33.6631208],[18.9853265,-33.6635199],[18.9853319,-33.6638598],[18.9853379,-33.6643833],[18.9853473,-33.6648889],[18.985356,-33.6654096],[18.9853641,-33.6658795],[18.9853688,-33.6662311],[18.9853694,-33.6666206],[18.9853815,-33.6672557],[18.9853869,-33.6676297],[18.9853936,-33.6679941],[18.9845339,-33.6843587],[18.9844991,-33.6847085],[18.9844434,-33.6854032],[18.9843985,-33.685892],[18.9843589,-33.6864075],[18.9843187,-33.6868254],[18.9842912,-33.6871451],[18.9842389,-33.6877505],[18.9842074,-33.6881255],[18.9841665,-33.6886137],[18.9841235,-33.6890388],[18.9840887,-33.6893412],[18.9840659,-33.6895633],[18.9839324,-33.6905781],[18.9838661,-33.6910122],[18.9838245,-33.6912499],[18.9837802,-33.6915071],[18.9835844,-33.6924277],[18.9835013,-33.6927585],[18.9834449,-33.6929705],[18.9833343,-33.6933633],[18.9832505,-33.6936417],[18.9831754,-33.6938788],[18.9830842,-33.6941935],[18.9829829,-33.6945243],[18.9828891,-33.694815],[18.9826075,-33.695724],[18.9824317,-33.69628],[18.9820515,-33.6975185],[18.9818759,-33.6980892],[18.9817491,-33.6985154],[18.9816767,-33.6988028],[18.9816157,-33.6990638],[18.9815084,-33.699576],[18.9814219,-33.7000714],[18.9813314,-33.7005868],[18.9808137,-33.703703],[18.9806903,-33.7044182],[18.97832,-33.7186082],[18.9763813,-33.7313919],[18.9763344,-33.7317034],[18.9761711,-33.732792],[18.9758357,-33.7349521],[18.9757432,-33.735581],[18.9754013,-33.7378111],[18.975126,-33.7396301],[18.9747476,-33.7421007],[18.9746869,-33.7424929],[18.9744951,-33.7437529],[18.9743992,-33.7443575],[18.9743327,-33.7447111],[18.9742745,-33.7449948],[18.9742061,-33.745292],[18.9741377,-33.7455473],[18.974086,-33.7457319],[18.9739086,-33.7462835],[18.9738172,-33.746551],[18.973605,-33.7470915],[18.9734882,-33.7473647],[18.9733511,-33.7476633],[18.9731848,-33.7480001],[18.9730158,-33.7483195],[18.972846,-33.7486134],[18.9726993,-33.7488665],[18.972529,-33.7491358],[18.9724103,-33.7493203],[18.9721003,-33.7497707],[18.9716868,-33.7503228],[18.9714622,-33.7505977],[18.9712052,-33.750899],[18.9709754,-33.7511491],[18.9707552,-33.7513933],[18.9702492,-33.7518909],[18.9697503,-33.7523522],[18.9692171,-33.7528053],[18.9646448,-33.7661042],[18.9641649,-33.7704244],[18.9524533,-33.7851694],[18.9515129,-33.7859203],[18.9510207,-33.7862879],[18.9505128,-33.7866423],[18.9503063,-33.7867844],[18.9498503,-33.7870792],[18.9493973,-33.7873603],[18.948736,-33.7877437],[18.9484254,-33.7879124],[18.9479875,-33.7881453],[18.9474953,-33.7883922],[18.9466695,-33.7887795],[18.9455862,-33.7892271],[18.9444517,-33.7896491],[18.9432517,-33.7900368],[18.9424102,-33.7902785],[18.9416035,-33.7904865],[18.940825,-33.7906527],[18.9399866,-33.7908279],[18.9377994,-33.7912581],[18.935223,-33.791769],[18.9348004,-33.7918535],[18.9344457,-33.7919293],[18.9332742,-33.7922068],[18.9325272,-33.7924091],[18.9322543,-33.7924843],[18.9310581,-33.7928398],[18.9300637,-33.7931899],[18.9291417,-33.7935198],[18.928153,-33.7939117],[18.9231781,-33.7962213],[18.9220034,-33.796765],[18.9208889,-33.797293],[18.9194507,-33.7979675],[18.9180835,-33.798555],[18.9168849,-33.7990264],[18.9157562,-33.7994289],[18.914791,-33.799744],[18.9139341,-33.7999934],[18.9133662,-33.8001464],[18.9127817,-33.8003001],[18.9117059,-33.8005469],[18.9106369,-33.8007708],[18.9100396,-33.8008836],[18.9094332,-33.8009942],[18.9088655,-33.8010887],[18.9083037,-33.8011746],[18.9073758,-33.8012986],[18.906943,-33.8013478],[18.9062443,-33.8014193],[18.9058506,-33.8014536],[18.9051865,-33.8015011],[18.9041777,-33.8015572],[18.9036975,-33.8015768],[18.9030216,-33.8015924],[18.9024395,-33.8015985],[18.9018975,-33.8015971],[18.9012896,-33.8015863],[18.9005107,-33.8015568],[18.8998821,-33.8015222],[18.8985278,-33.801436],[18.8965106,-33.8013076],[18.8940492,-33.8011562],[18.8932068,-33.8011153],[18.8924105,-33.8010968],[18.8920654,-33.801097],[18.8917744,-33.8011009],[18.8913922,-33.8011082],[18.8910234,-33.8011232],[18.8907062,-33.8011377],[18.8904112,-33.8011555],[18.890035,-33.8011828],[18.8897049,-33.8012138],[18.8893598,-33.801248],[18.8890497,-33.8012869],[18.8884571,-33.8013621],[18.8878132,-33.8014635],[18.8872276,-33.8015733],[18.8866848,-33.8016839],[18.8860886,-33.8018211],[18.8854551,-33.8019872],[18.8800679,-33.8034316],[18.8778075,-33.8040441],[18.8748262,-33.8048615],[18.8724706,-33.8055017],[18.8712066,-33.805846],[18.8666921,-33.8070755],[18.8636018,-33.8079071],[18.8629142,-33.8080942],[18.8623186,-33.8082387],[18.8617264,-33.8083595],[18.8614587,-33.8084012],[18.8610736,-33.8084535],[18.8608693,-33.8084736],[18.8606125,-33.808497],[18.8604209,-33.8085109],[18.8600667,-33.808526],[18.8597777,-33.8085349],[18.8594893,-33.808536],[18.8592164,-33.8085316],[18.8590045,-33.8085249],[18.8586129,-33.8085026],[18.8582414,-33.8084692],[18.8577868,-33.8084168],[18.857365,-33.8083488],[18.8571344,-33.808307],[18.8568672,-33.8082509],[18.8565027,-33.8081669],[18.8562452,-33.8080981],[18.8560258,-33.8080253],[18.8558067,-33.8079638],[18.8555371,-33.8078754],[18.8549082,-33.8076451],[18.8541905,-33.8073665],[18.8536254,-33.8071476],[18.8527836,-33.8068187],[18.8517289,-33.806413],[18.8511485,-33.8062048],[18.8505372,-33.806014],[18.8499811,-33.8058638],[18.8493657,-33.8057338],[18.8484289,-33.8055899],[18.8475246,-33.8055332],[18.8468961,-33.8055282],[18.8462672,-33.8055408],[18.8456275,-33.8055909],[18.8450222,-33.8056759],[18.8443957,-33.8057853],[18.8426438,-33.8063086],[18.8420743,-33.8065349],[18.8415194,-33.8067959],[18.8409974,-33.8070599],[18.8404905,-33.8073531],[18.8397823,-33.8078216],[18.8392246,-33.8082906],[18.8387468,-33.8086931],[18.838411,-33.8090284],[18.8380703,-33.8094092],[18.8377,-33.809897],[18.8373243,-33.8104317],[18.8370226,-33.8109415],[18.8367887,-33.8113724],[18.8366805,-33.8116246],[18.8365531,-33.8119444],[18.8363642,-33.8125203],[18.8357873,-33.8143165],[18.8355989,-33.8149089],[18.8354057,-33.8155155],[18.8353333,-33.8157389],[18.8352542,-33.8159879],[18.8351293,-33.8163484],[18.8342808,-33.8190193],[18.8335034,-33.8214424],[18.8333406,-33.8219698],[18.8331736,-33.8224885],[18.8330104,-33.8229726],[18.8328248,-33.8234633],[18.8326854,-33.8237759],[18.8325329,-33.8240976],[18.83234,-33.8244789],[18.8321332,-33.8248626],[18.8319498,-33.8251724],[18.8317553,-33.8254883],[18.8276046,-33.831927],[18.8274748,-33.8321623],[18.827262,-33.8324912],[18.8271338,-33.8326589],[18.826985,-33.832831],[18.8268113,-33.8330081],[18.8265806,-33.8332159],[18.8263567,-33.833388],[18.8262118,-33.8334866],[18.8260225,-33.8336054],[18.8258149,-33.8337267],[18.8254883,-33.8338849],[18.8251732,-33.8340124],[18.8249546,-33.8340859],[18.8247353,-33.8341478],[18.8243638,-33.8342285],[18.8239561,-33.8342814],[18.8237261,-33.8342993],[18.8234539,-33.8343054],[18.8231514,-33.8342948],[18.8228846,-33.8342731],[18.8227196,-33.8342497],[18.822499,-33.834209],[18.8222107,-33.8341478],[18.8201956,-33.8336275],[18.8181794,-33.8331133],[18.8173264,-33.832896],[18.8170736,-33.8328444],[18.8168094,-33.8327976],[18.8163346,-33.8327252],[18.8159812,-33.832694],[18.815648,-33.8326751],[18.8153402,-33.8326673],[18.815017,-33.8326778],[18.8146797,-33.8326929],[18.8142344,-33.8327263],[18.8137476,-33.8327831],[18.8128115,-33.8328823],[18.8116541,-33.8330048],[18.8110386,-33.8330566],[18.810649,-33.8330733],[18.8102681,-33.8330839],[18.8099268,-33.8330833],[18.8094219,-33.8330694],[18.8089076,-33.8330315],[18.8083483,-33.8329781],[18.8064329,-33.8327962],[18.7966099,-33.8318603],[18.7938601,-33.8315899],[18.7926346,-33.8314764],[18.7915,-33.8313733],[18.7912244,-33.8313538],[18.7909247,-33.8313338],[18.790639,-33.831331],[18.7903527,-33.8313349],[18.7901616,-33.8313444],[18.7898538,-33.83136],[18.7894535,-33.8313845],[18.775055,-33.8323729],[18.7731296,-33.8324693],[18.7707453,-33.8326273],[18.7685489,-33.8327731],[18.7659037,-33.8329473],[18.7642515,-33.8330591],[18.7625895,-33.8331685],[18.759698,-33.833363],[18.7586798,-33.8334286],[18.7576284,-33.8334991],[18.7571017,-33.8335347],[18.7568276,-33.8335582],[18.7565808,-33.8335841],[18.7562931,-33.8336214],[18.7558581,-33.8336968],[18.7556045,-33.8337502],[18.7553714,-33.8338061],[18.7551929,-33.8338531],[18.7549705,-33.8339179],[18.7546974,-33.8340046],[18.7544243,-33.834097],[18.7542654,-33.8341529],[18.7539298,-33.8342825],[18.7535933,-33.8344113],[18.7530072,-33.8346293],[18.7524102,-33.8348561],[18.7520308,-33.8349995],[18.7515558,-33.8351875],[18.7513656,-33.8352709],[18.7511696,-33.8353625],[18.7509033,-33.835497],[18.750717,-33.8355966],[18.7504605,-33.8357489],[18.7499104,-33.836073],[18.7493164,-33.8364311],[18.7489341,-33.8366562],[18.7484162,-33.8369747],[18.74779,-33.8373457],[18.7475052,-33.8375199],[18.7468498,-33.8379072],[18.7464243,-33.8381401],[18.7460898,-33.8383052],[18.7458616,-33.8384116],[18.7455565,-33.8385389],[18.7453058,-33.8386403],[18.745023,-33.8387432],[18.7447469,-33.8388299],[18.7445499,-33.8388874],[18.7442518,-33.8389639],[18.7436761,-33.8391047],[18.7413088,-33.8396684],[18.7407002,-33.8398126],[18.7400818,-33.8399592],[18.7391889,-33.8401659],[18.7384349,-33.8403445],[18.7375448,-33.8405542],[18.7373638,-33.8405998],[18.737187,-33.8406462],[18.7369588,-33.84071],[18.7368211,-33.8407511],[18.7366557,-33.8408047],[18.7364794,-33.8408673],[18.7361226,-33.8410007],[18.7354805,-33.8412435],[18.7348173,-33.8414938],[18.7344954,-33.8416164],[18.7335103,-33.8419823],[18.7329675,-33.8421915],[18.7323608,-33.8424205],[18.731878,-33.8426049],[18.7315945,-33.8427113],[18.7309939,-33.8429373],[18.7301385,-33.8432606],[18.7297631,-33.8434001],[18.7294532,-33.8435184],[18.7291523,-33.843632],[18.7288927,-33.8437344],[18.7287432,-33.8437952],[18.7286029,-33.843859],[18.7284122,-33.8439425],[18.7282175,-33.8440353],[18.7280334,-33.8441289],[18.7278019,-33.8442539],[18.7276097,-33.844365],[18.7273395,-33.8445322],[18.7271453,-33.8446617],[18.7269245,-33.8448176],[18.7249733,-33.8463273],[18.7245411,-33.846662],[18.7240083,-33.847077],[18.7103735,-33.8579009],[18.7096695,-33.8584836],[18.7089638,-33.8590881],[18.7079824,-33.859879],[18.7074531,-33.8603113],[18.7065538,-33.8610533],[18.7058689,-33.861615],[18.7051862,-33.8621783],[18.7045878,-33.8626714],[18.7040738,-33.8631087],[18.7039559,-33.8632184],[18.7038328,-33.8633351],[18.7036267,-33.8635515],[18.7034533,-33.8637394],[18.7031306,-33.8641289],[18.7028985,-33.8644272],[18.7025306,-33.8649012],[18.7021645,-33.8653706],[18.7017146,-33.8659467],[18.7013826,-33.8663733],[18.7011282,-33.8667035],[18.700911,-33.8669807],[18.7006579,-33.8673048],[18.7004109,-33.8676232],[18.6986425,-33.8698964],[18.6977554,-33.8710379],[18.6968678,-33.8721777],[18.696092,-33.8731747],[18.6954019,-33.8740625],[18.6950468,-33.8745199],[18.6940681,-33.8757759],[18.6932154,-33.8768755],[18.6927203,-33.877501],[18.6924793,-33.8777875],[18.6922214,-33.8780654],[18.6918727,-33.8783996],[18.6915415,-33.8786732],[18.691293,-33.8788629],[18.6910132,-33.8790728],[18.675699,-33.890613],[18.6750653,-33.8910883],[18.6724153,-33.8931114],[18.668873,-33.8957681],[18.6663824,-33.897627],[18.6653139,-33.8984346],[18.6617478,-33.9011057],[18.6588826,-33.903277],[18.6582103,-33.9037969],[18.6574385,-33.9043555],[18.657061,-33.9045807],[18.6565761,-33.9048541],[18.6562447,-33.9050135],[18.6560442,-33.9051055],[18.6558068,-33.9052115],[18.655564,-33.905328],[18.6550703,-33.9055179],[18.6546349,-33.9056459],[18.6543476,-33.9057276],[18.6541386,-33.9057643],[18.6538511,-33.9057994],[18.6535898,-33.9058261],[18.6475186,-33.9063645],[18.6462075,-33.9064919],[18.6440902,-33.9066717],[18.6421299,-33.9068458],[18.6401235,-33.9070226],[18.6381365,-33.907196],[18.6361731,-33.9073692],[18.6354555,-33.9074322],[18.6349892,-33.9074689],[18.6347535,-33.9074794],[18.634523,-33.9074856],[18.6342926,-33.9074862],[18.6340626,-33.9074803],[18.6336593,-33.9074524],[18.6256149,-33.9058304],[18.6258195,-33.9058781],[18.6256149,-33.9058304],[18.6210162,-33.9049606],[18.620488,-33.9048724],[18.6198486,-33.9047812],[18.6195466,-33.9047469],[18.6192753,-33.9047231],[18.6189166,-33.9047048],[18.6175484,-33.9046883],[18.6162461,-33.9046738],[18.6158606,-33.9046625],[18.6155327,-33.9046367],[18.6153059,-33.9046074],[18.6151119,-33.9045764],[18.6149257,-33.9045344],[18.6146891,-33.9044734],[18.6143899,-33.9043805],[18.6136918,-33.9041248],[18.6134111,-33.9040109],[18.6126296,-33.9036879],[18.6123431,-33.9035591],[18.6120604,-33.9034097],[18.6118358,-33.9032841],[18.6115297,-33.9030949],[18.6107524,-33.9025622],[18.609931,-33.9019937],[18.6094466,-33.9016337],[18.6082738,-33.9007447],[18.6080092,-33.9005435],[18.6077582,-33.9003612],[18.6076131,-33.9002657],[18.6074329,-33.9001525],[18.6071144,-33.8999726],[18.6067965,-33.8998089],[18.6064462,-33.8996499],[18.6061075,-33.899514],[18.6057763,-33.8994035],[18.6055887,-33.8993434],[18.6053891,-33.8992852],[18.6050018,-33.8991891],[18.6046945,-33.8991244],[18.6044273,-33.899079],[18.6041295,-33.8990362],[18.6034621,-33.8989577],[18.602741,-33.8988763],[18.5945235,-33.8979587],[18.5774188,-33.8928823],[18.5644802,-33.8894187],[18.5474661,-33.8917949],[18.5275523,-33.8949575],[18.510473,-33.9019109],[18.4973059,-33.9135061],[18.4789734,-33.9190652],[18.4581486,-33.9220322],[18.4447732,-33.9238174],[18.4307116,-33.9245135]]}}]}