{"type":"FeatureCollection","metadata":{"route":"Coast Starlight","relationIds":[2812900],"contributingWayIds":[55752446,334251577,566730204,318477912,539907187,95511414,169949728,544149293,411531876,535001312,656632561,542939447,535696105,201659797,133056020,109969548,77519229,77697728,42478842,540295406,540551257,651853145,243731907,37813648,180526597,310930068,749667465,749937838,58800788,749937834,563690208,656620310,334251610,656620309,656618934,762125251,749937835,762517034,887291374,887291373,59257330,953634221,953634224,563673904,887291377,887291378,170853819,953634226,887291382,1066525397,887291384,887291385,887291387,887291390,887291391,887291394,887291395,953634228,87466458,762125254,867855144,867855146,54257143,867855148,953634230,87466492,953634231,30737445,30737446,315235390,867855140,315235389,52496099,52496100,759047059,759047058,246075351,246075349,246075344,246075346,867855134,867855133,246075348,759071838,759071837,23812920,656618949,887291396,887291404,887291398,613623307,656618951,89236216,89236227,887291410,887291411,89236283,89236253,89382774,89382769,89382768,89382800,89382798,89382781,69002693,69002692,23657981,23657982,23657924,887291415,887291414,1043294943,1050806444,1050806447,89382794,887291418,887291419,89385849,953634235,954459109,50220419,954459112,954459113,887281435,89385830,656618953,89385825,656618954,89385853,89385831,89385850,89385826,524751570,541812350,50051134,488312395,899985659,237895405,541812348,259300948,318314531,318314530,259300947,259300946,991615814,1314221034,1314221035,237895406,260995144,260995140,469617538,237896486,656618955,541812346,237896687,237896801,887281437,469614440,469614439,119540550,119540547,549426063,284558498,284558497,23691079,475536464,12241124,887281464,806655429,140423654,6183953,286823753,549459299,318478028,318478029,30737434,887281466,646190859,318478001,646190858,887281468,129595540,1518501131,1518501132,129595542,182107916,549656885,887281472,887281473,51703327,488524455,488524456,549595796,491576602,491576603,257366367,887281478,762410769,299383182,954803517,299383181,954803519,954803521,6183919,954803524,954803525,299526418,954803528,878724088,878724089,954803529,954803531,239243048,887281483,887281487,887281485,762410774,887281492,239243045,887281493,30737429,30737430,954803534,954803536,954803538,954803539,6069214,887281494,887281495,238797314,954803542,717439928,717439926,954803544,887281499,954803546,887281498,238797322,238619570,238619571,646169420,954803547,195647567,954803551,195647560,195647573,954803553,195647571,954803556,887281501,238637533,238637537,887281504,887281503,238637536,238637930,195647566,954803557,955157943,955157945,955157947,195647574,955157952,955157949,887281606,887281608,195649953,195649933,195649940,762167565,195649936,887080490,195649950,195649945,195649938,195649930,30737426,955157953,955157955,195649947,645114399,955157957,1066525398,32818916,30737424,955157961,887080509,887080494,887080493,887080500,194772326,1208418439,1208418438,762408001,148394021,1314123470,148394019,16416412,16416413,194772317,887080524,887080523,194772320,16410617,887080540,16410619,887080545,887080530,335168421,887080556,887080549,887080553,887080555,16308179,119983756,16308180,174551321,174551322,5880853,887080559,762167560,130208732,130208731,239261887,5860380,239262161,955157965,239262162,955157966,887080563,887080561,318168972,130181192,887080564,887080565,101305520,955157968,955157971,887080571,887080572,887080574,887080577,887080580,887080582,955492997,887080586,93814959,321353679,321353676,93814956,955493011,93893883,93893880,1282086342,1282086340,93893849,93893871,955493009,94369569,887080591,887080592,887080594,887080596,94369384,94369473,94369653,38700140,38700139,887080599,29378909,351052953,351052952,29378908,955493008,887080612,887080609,1436847141,1436847142,887080608,955493006,887080606,955493003,5538337,955493001,537580490,887080615,1340498944,95664090,887080616,537580494,786353064,955492998,887058504,424217501,5515588,348027816,348027818,5518839,95509813,5535062,165400396,887058506,5518691,1340498948,1434523883,887058508,31804656,31804657,887058509,335149313,96757994,335067456,5535069,611265571,160805965,318167950,939270835,939270836,939270864,939270863,939270837,939270834,318167859,187868801,187868800,24391469,77594517,140209046,939270839,939270842,939270843,939270838,5300002,140209045,140209044,762408004,762408003,323545376,323545390,5299986,762408007,129376556,5299987,117019614,90159906,762408008,90159899,45089227,45089225,1083091387,1083091388,163762494,30266783,324547272,324547270,762408009,155368448,34157105,30809132,30809131,167412973,167412974,756343984,762406218,756343983,762406219,180450296,762406220,180450290,169201399,169201397,169201400,169201398,180878254,180878255,180643120,180643121,34929990,154821033,180890595,180890596,180892374,180892372,154820816,154820819,180892371,180892373,5503126,5509919,1082740935,1082740937,1082740938,1082740936,762406222,1082740934,1082740933,762406221,98361438,767919128,767919129,159951008,249553625,250142266,250142245,257906669,257906670,249553631,426735806,426735805,755762107,1188207565,1188207564,762406223,887058532,887058531,762406224,755762108,755762105,755762106,172585147,887058533,887058534,172585144,172585136,172585140,583541379,583541380,762406225,762406226,250165870,419731902,419731903,583541391,583541392,700567974,762406227,700567976,762406228,549798783,250161100,238914694,238914728,238914727,178425959,238914674,238914613,238914612,393289055,393289056,187354386,187354385,238914287,238914288,238914344,238914342,238914280,238914281,762406230,1532572820,762406229,1184774319,1184774318,1186653308,1186653307,140423684,238911243,887058535,887058536,826020290,886805776,886805774,203423686,203423684,203423683,203423685,47472443,1119270809,1119270810,199147801,199147800,83789748,281888678,281888677,199530642,1120910521,1119270794,1119270795,1119270798,1119270799,1243068685,1243068684,199530639,198485831,198485829,198485828,198485830,1119290575,1119290576,198483362,198483361,199497076,199497070,199497081,199497071,198365663,199497067,886805781,1120252537,1120252538,5481682,199468798,199468799,199468805,199468802,1244250733,1244250734,1244250735,1244250736,199484596,199484592,199348391,199348390,5481684,1241238019,199348399,1218656488,199348398,199333151,199333153,886805783,199326970,193253731,1305584359,1305584358,193253734,199310923,199310922,199310925,199310921,199326954,199326973,199326946,199326967,199326963,199326949,199308582,199308583,199308586,199308584,199308585,199308589,199308587,199308588,199306947,199306963,199306960,199306959,199306965,199306953,886805785,199306950,199306967,199306961,886805786,199306954,199306968,199306958,199306949,199306964,886805787,199306970,199306951,199306948,199306969,199306955,199306962,199306952,199306956,199306966,441107367,441107369,153752914,199306974,335073482,440199606,440199605,5490521,199026301,199026299,5490428,199026309,1305589042,1305589041,1120928096,198730393,5490565,5473653,198730397,5490483,1218658239,198722357,197342449,1218658238,197342448,196670323,196670322,196664024,196664025,148822145,148822148,201444168,201444175,201444167,201444174,335073481,68848852,887350651,201314297,201311346,886797380,886797383,201311347,648604361,201169344,1051830270,201875045,201875046,193746618,193746622,201873694,201873693,1051830269,1051830268,5490467,10670911,201867288,201867290,10670892,1051830267,454595047,32937427,32937428,10670910,10670906,1051830266,1051830265,249503577,1051830264,322131262,10670919,249503576,10670920,322131253,1305642231,1305642230,10670872,1305642394,1305642395,1051830263,1051830262,1051830261,322131246,886797387,886797386,1051830260,10670877,474417141,1051830259,474417140,383057548,383057549,1051830258,1051830257,10670888,322131258,322131265,322131249,322131247,33623286,1051830256,33623287,10670882,1051830254,10670900,798942632,1051830253,246370399,1051830252,246370400,246370398,1122169209,1122169208,1122169211,1122169210,246370397,1122169213,1122169212,1124340878,246349620,246349621,133231141,1124889160,1124889159,886797392,133232509,133232511,133232512,321740809,10583526,10583522,133243067,133243068,133244027,133244021,839091997,839091998,133244034,133244025,886797396,886797397,133244031,133244019,321740812,10583521,133244022,133244029,133331837,160834090,160834087,160834086,160834088,160834084,160834082,160834079,160834083,26663080,26663079,160834089,160834081,160692925,160692926,26663063,160692929,26663062,26663064,26663056,26663057,886797398,26663058,1051818643,1051818642,1051818641,173785855,173785854,170970700,309990347,160692928,26663033,160692924,160692927,26663040,26663038,160692931,160692932,26684748,26684771,160692935,160693029,160692933,160692944,160692946,160693030,160692942,160692943,160692941,160692940,160692937,160692945,160692934,160692939,160692936,160693032,10583564,170970633,886797399,170970682,177930752,160693033,160693034,1051818640,160681077,160681036,773026940,773026941,1051818639,702232438,702232437,1051818638,160681101,160681134,775182534,775182535,160681105,783688370,160681068,160681045,696141325,696141326,624137917,624137922,160681092,160681180,160681056,886787741,886787740,160681129,160681073,886787749,886787748,1051818637,160681175,496730647,496730643,496730642,496730646,160680971,160680923,33618825,170970664,1306610041,1306610042,160680915,160680943,702445596,702445595,427960702,427960705,427960703,427960704,1051818636,886787750,886787751,33559835,1051818635,1051818634,886787754,1306623411,1306623412,886787755,886787756,886787757,1051818633,33559829,1051818631,33596980,1051818632,33597169,1051818630,199139034,199139031,41661008,32899968,32899970,160680982,160680930,10636599,37723736,645880671,645880670,486601016,486601015,10636615,160680922,10632971,160681095,886787758,186854171,186854152,37723804,160680958,186854196,186854151,1051818629,186854194,186854167,186854193,186854158,186854173,186854157,186854175,186854161,186854149,186854166,186854181,186854172,186854188,37723805,186854153,186854159,186854179,186854155,186854183,186854165,186854182,186854164,186854190,186854170,186854176,186854163,186854180,186854154,186854187,186854168,186854178,186854169,186854185,186854156,85105433,85105434,186840448,186840447,186752018,186752016,186752017,186752013,85104331,1089770188,1089770187,85104330,186752020,186752015,186752019,186752014,10291184,186749127,186749121,186749116,186749124,321740810,186749114,186749125,186749123,186749126,186749129,186749120,37625107,37625111,37625100,37625102,96533105,96533102,186742852,186742850,96533089,96533103,186742853,186742849,96529926,96529924,186742854,186742851,186742855,186742848,186733246,186733247,186733243,186733250,186627177,186627162,186627197,186627161,186627158,186627165,186627180,186627164,186627156,186627168,186627182,186627166,186627152,186627170,186627153,186627163,186627151,10291221,186627160,186627154,186627175,186627183,96165924,96165926,186627176,186627189,186490083,186490110,186490126,186490106,186490096,86968937,1051818628,886780046,86968939,86968938,86968936,86968940,86809209,86809205,86806597,334634711,10750667,16154858,186112254,186112251,16154859,86809207,86809198,1051805254,157804356,144488429,86811027,86984894,86984898,86992560,86992565,995197522,187919289,86479953,87893385,87893389,187919283,886776267,886776268,187919285,187919282,187919287,87921803,87921798,37660524,37660523,91137945,91137940,187919290,187919286,1465399449,91137919,91137923,91137928,91137943,91137925,91137938,37660529,37660530,187919291,187919288,187919292,187919284,109035544,109035545,109711707,1465399465,109711703,109711710,109711704,37655209,37655213,37655206,37655208,1465399468,37920913,37920914,1465399475,188185134,188185136,188185137,188185135,10612196,144377784,144377786,144377791,144377789,144377785,144377787,144377793,10507223,1465380806,1465380805,144352819,144352827,37085743,37085741,144352821,144352823,144352820,1051805253,144352822,10512184,143950846,143950845,10507236,32473970,144488423,10512162,10512065,143937878,10512169,887350652,182075172,1026254701,1026254702,607174968,887350646,690941644,887350648,607174967,1188496203,205143830,1188496205,205143827,205143829,205143823,826619306,638943852,205143825,205144820,205144819,205143826,36863001,36862972,36862963,36862939,36862915,36862913,36862562,36862534,826619313,826619312,36915761,638943854,826619309,207547224,207548332,207548331,826619310,209290027,209290028,993523823,993523824,257903991,826619304,826619305,32815611,8726702,32655168,32819824,32819825,1306686311,1306686312,53624044,53624047,257906177,257906183,826619301,826619300,257906199,638943859,1489953797,58951902,109806451,1278918527,1278918526,109806445,109806480,109806449,826619296,826619297,109806468,109817523,109817521,826619293,826619292,8714739,62254633,62254637,35470931,1011569356,1011569354,826619290,826619289,109969558,110110818,109969561,109969537,491714466,65069368,65069351,28238560,691823537,491714465,332482932,491714467,472263376,213371668,826619283,826619284,27891989,35486806,35486807,1203900751,1203900750,30098728,899049007,899049005,826619282,826619279,30098727,30098940,638943869,30098939,638943867,35553905,826619275,826619276,638943899,35553904,35534849,35534848,35553441,35553443,120710576,120710553,24224736,7860168,35677328,1077377090,1077377089,826619273,690941638,6337225,77517466,638943902,610527658,610527659,1170863576,606815379,638943893,691833164,1531337666,1531337665,638943882,607175033,77519225,826619271,119058974,35674994,36014024,638943908,36014035,826619269,68314147,68314149,109768519,826619263,826619264,639144827,332482930,77697729,1330314790,332482934,109768515,690941634,77697725,691823546,318755220,610857183,639144825,611120225,826619262,47345831,47345832,24592536,77697867,37126748,6337580,1213475526,1213475525,1170959224,60678115,610857134,610857129,826619260,60678123,213371631,319036028,460173094,460173093,6337212,460244939,460244938,30930381,30930380,300837118,826619257,300837119,826619258,30929917,30929916,156115104,1157508037,1157508038,156115100,827692500,827692501,27076671,27134783,58179478,156504256,639144823,156504257,156503393,156503394,156502970,156502967,59243988,224545499,639144822,350918700,350918701,154552877,639144821,154552874,639144817,31390794,639144819,1319990955,826619256,826619255,639439607,6337088,639439605,611120306,611120299,639218775,639218771,318480982,639218770,31293938,31293936,31293935,639218769,639218768,116949260,116949262,25027101,639218767,8936187,48115090,48115087,27807271,27807270,28463188,639218763,28463190,213900782,26201036,639218779,697342416,826634024,353731501,826634015,353731499,956225982,986784342,119507158,639288364,540107875,540107874,213371643,213371648,655127943,42479145,639288368,42479151,655127950,1171288146,411194873,30694882,316902613,1214227350,354329683,961446228,639288386,1246753805,28431980,930405144,930405146,119514255,119514252,119514264,206031844,206031825,826634013,206031831,206031848,206031843,28433401,28433400,175042624,175042623,28433438,28433442,691134802,206031833,206031836,206031834,206031839,26275242,691134804,639288371,316893345,639288370,639218776,1171325725,826724939,406323588,316893349,1070303665,1070303666,711434434,639288381,1070303667,1070303671,1070303668,316893363,554029486,283523737,283523740,826724937,1070021508,639288373,324897089,1070021514,324897091,1070021513,1382613221,1382613222,639288374,206031850,640415280,640415193,260794467,640415192,260794466,640415195,205546785,640415282,640415279,640415197,640415196,260794465,1535127200,1535127201,756372895,756372894,108397434,640415198,108397433,423308698,316893361,465960336,465955440,640415278,640415200,541145153,541145154,453605360,453605361,453605362,453605363,347014071,347014072,347014075,1247812684,347014074,347000405,1248939423,640415202,640415201,640415203,1040668062,317587356,317587349,317587376,640415276,317587352,274846845,640415205,640415204,317587353,274846844,156120920,156120924,274846709,274846708,156124287,10462668,479462537,479462535,10462712,1460096432,1460096431,640415269,317605207,10462664,640415268,346704160,231326770,640415267,640415206,318022497,318022501,640415210,640415207,324897095,640415211,326136423,640415212,326136424,640415213,640415215,640415214,640415218,113664368,640415220,640415219,113664366,10462660,640415255,640415254,640415225,778164777,778164778,640415262,640415221,640415261,640415259,640415222,640415260,326129900,640415223,640415224,640415232,318022495,324897099,208616324,208616323,640415230,640415229,10561798,337094555,640415228,363409356,363409357,1148716965,1148716964,337094556,640415226,640415227,356126910,778164767,778164768,772200673,772018506,364575751,344630912,640415233,344630911,844750909,844750908,844750887,844750886,844750885,844750884,640415234,640415253,640415252,344628974,344628975,344628966,344628965,344628405,640415235,344628406,640415236,344628402,640415250,344628403,963039011,963039012,640415237,640415249,640415238,356337082,26924991,26924972,640415239,344502052,344502051,26925037,26925053,26925052,640415248,640415247,26925040,324897700,640415245,640415246,324897699,640415241,10559634,318022499,137885093,137885096,640415240,159761689,159761685,64384116,64384115,344483672,344483670,640415242,242864369,242864367,242864368,640415244,872068091,242864372,641766478,344481749,641766513,914227292,914227295,914227294,914227293,344481159,641766477,778164761,778164762,504902659,641766476,504902658,778164759,778164760,641766475,220462396,10561800,348400707,641766491,348400706,10541616,173197482,173197485,348400710,641766474,348400709,286529062,286529063,641766473,204983063,641766472,641766490,641766489,204983062,826004593,826004594,205312008,204984622,204985519,10561778,16253953,641766471,641766486,16254002,641766485,969284192,969284191,641766397,641766398,641766399,16254045,641766404,641766403,204985521,641766405,16254042,641766482,641766406,16253968,641766456,641766457,641766502,641766501,641766402,318022500,490573999,641766401,641766400,16240558,16237785,641766407,16253976,641766408,641766409,641766410,641766411,326126628,641766495,641766496,641766412,16237688,641766413,641766414,641766415,641766416,641766417,347766862,641766492,347766863,641766419,641766418,641766422,641766420,641766421,62230422,641766493,641766423,641766424,641766494,62230408,16254032,641766460,318022498,641766425,641766500,641766431,223923106,641766430,641766429,641766428,641766427,641766426,30724037,641766444,30724038,30724012,30724006,30723982,641766445,30723981,318022496,16253946,641766499,142612792,641766448,142612783,142612793,641766447,142612786,641766446,641766449,142571577,641766450,142571578,641766451,641766497,641766498,142571471,142556301,142556302,142556300,641766452,641766453,641766454,641766512,641766511,95187253,872068088,95187255,95187254,95187244,95187243,95187249,95187247,95187246,95187248,95187250,95187160,641766461,95187162,142550506,142550520,142550501,142550519,142550507,142550503,142550498,724438873,724438872,142550511,641766433,641766509,142545825,142545819,634469837,634469838,37803656,37803657,641766434,37394214,37394213,460114888,142545831,142545827,142545822,641766435,784128844,784128843,784128840,784128839,142545826,1535127325,1535127326,142445595,142445606,142445598,142445602,142445603,142445604,142445609,142445594,142445599,641766436,142445596,641766437,10737257,37219980,641766438,641766439,766150018,766150019,506780002,641766440,765870666,765870665,765870673,765870674,641766508,641766507,641766441,767404607,767404606,641766442,367548526,432347697,432347696,767404596,641766480,432348746,432348748,432348255,432348254,432346719,432346720,431315566,431315565,76392846,142441708,142441707,142441705,142441703,37221526,10721933,761094982,37077367,10737249,76392790,76392840,76392815,76561354,641766443,76561353,641766506,760738868,641766462,142436273,641766463,76777587,32551743,32551742,37548373,37548374,641766464,722829586,641766505,94056902,641766470,641766504,901843381,901843380,94056907,778796313,778796314,641766465,94056916,641766466,10736993,10737247,324888596,826004596,641766467,641766468,642418640,642418639,900427990,642418634,642418633,642418632,642418631,642418638,642418635,642418636,642418637,642418611,642418610,642418629,642418628,642418627,642418609,76670937,642418608,642418607,1168146486,1168146487,642418630,642418606,642418605,180526599,642418624,642418604,1272105356,1272105353,642418598,642418597,642418625,642418603,27924339,27924328,27924317,27924314,1071813951,27924290,27924288,474080203,474080201,27924267,15300292,900427988,1275957373,180526604,180526602,76345024,872068092,642418623,76345023,32356588,32356600,32356565,827094311,32356566,1169327903,1169327904,180523824,180523821,76661188,76661191,76661192,76661166,76661170,76661172,76700961,76700962,76661157,180408643,180416984,55477976,55477977,76701273,76701272,76701268,76701271,180416992,180416981,310930055,642418601,310930059,180416978,180416985,31731306,827115809,325825328,31986305,827115808,827115807,31986304,180416990,180408607,46811734,46811733,827115802,827115801,180408616,180416999,180416987,643031820,643031819,180416993,827115799,827115800,643543898,180416980,180408642,643543849,310638988,643543822,310638972,310638984,643543825,86454196,310638963,643543886,325825331,900486207,425651305,325586192,24707621,325586198,643543876,318018676],"coordinateCount":18978,"calculatedLengthKm":2122.45,"preparedAt":"2026-08-16"},"features":[{"type":"Feature","properties":{"name":"Coast Starlight"},"geometry":{"type":"LineString","coordinates":[[-122.3295,47.5985],[-122.443,47.252],[-122.676,45.523],[-123.027,44.942],[-123.035,44.05],[-122.9233656,44.0183828],[-122.9233267,44.0183307],[-122.9232787,44.0182662],[-122.922895,44.0177105],[-122.9227363,44.0174732],[-122.9224375,44.0169701],[-122.9221915,44.016517],[-122.9219647,44.0160441],[-122.9216947,44.0154693],[-122.921522,44.0150809],[-122.9214498,44.0149161],[-122.921164,44.0142878],[-122.9211447,44.014246],[-122.9209602,44.013846],[-122.9208234,44.0135905],[-122.920611,44.0132367],[-122.920491,44.0130433],[-122.9203002,44.012806],[-122.9200518,44.012516],[-122.9196546,44.0121216],[-122.9192778,44.0117652],[-122.9178699,44.0104329],[-122.9178192,44.0103881],[-122.9163748,44.0090416],[-122.9153743,44.0080867],[-122.9151678,44.0079112],[-122.9149988,44.007778],[-122.9145589,44.0074674],[-122.9130167,44.0065858],[-122.9126452,44.0063717],[-122.9123542,44.0061913],[-122.9121718,44.0060717],[-122.9119807,44.005927],[-122.9117037,44.0056955],[-122.9114208,44.0054234],[-122.9112384,44.0052228],[-122.9111029,44.0050453],[-122.9108213,44.0046411],[-122.9106818,44.0044125],[-122.9103358,44.0038202],[-122.9099911,44.0032463],[-122.9097216,44.0028527],[-122.9095164,44.0026173],[-122.9092431,44.0023411],[-122.9089786,44.0021147],[-122.9087426,44.0019276],[-122.9084529,44.0017327],[-122.908076,44.0015137],[-122.907722,44.0013208],[-122.9070152,44.0009667],[-122.9065029,44.0007111],[-122.906004,44.0004418],[-122.9057412,44.0002837],[-122.905709,44.0002626],[-122.9056259,44.0002078],[-122.9054797,44.000111],[-122.9052651,43.9999432],[-122.9050964,43.9998039],[-122.9048668,43.999592],[-122.9046942,43.9994103],[-122.9044712,43.9991415],[-122.904219,43.9988135],[-122.903991,43.9985009],[-122.903776,43.9981923],[-122.9033384,43.9975637],[-122.9030309,43.997127],[-122.902932,43.9969758],[-122.902735,43.9967131],[-122.9010099,43.9942707],[-122.8992506,43.991783],[-122.8984885,43.990687],[-122.8981465,43.9902152],[-122.8978287,43.9897839],[-122.8976436,43.9895581],[-122.8974129,43.9892957],[-122.8972694,43.9891461],[-122.8971393,43.9890216],[-122.8970428,43.9889329],[-122.8968872,43.9888152],[-122.8967477,43.9887042],[-122.8965761,43.9885913],[-122.8962609,43.9883945],[-122.8960209,43.9882546],[-122.8957996,43.9881446],[-122.8955059,43.9880249],[-122.8952511,43.9879284],[-122.8948984,43.9878146],[-122.8933816,43.9873408],[-122.8930865,43.9872453],[-122.8927486,43.9871218],[-122.8924978,43.987032],[-122.8922336,43.986921],[-122.8919452,43.9867811],[-122.8917307,43.9866653],[-122.891492,43.9865148],[-122.8912948,43.9863874],[-122.8910454,43.9862089],[-122.8908201,43.9860188],[-122.8905559,43.9857776],[-122.8903466,43.9855779],[-122.890124,43.9853588],[-122.8893435,43.9845714],[-122.8889586,43.9841748],[-122.8886877,43.9838622],[-122.8885496,43.9836904],[-122.8884329,43.9835408],[-122.8882813,43.9833218],[-122.8881289,43.9830583],[-122.8879903,43.982791],[-122.8878562,43.9824774],[-122.8867096,43.9794135],[-122.8858258,43.9769921],[-122.8850453,43.9748525],[-122.8843907,43.97306],[-122.884296,43.9727938],[-122.8839858,43.9719754],[-122.8828499,43.9688714],[-122.8828204,43.9687932],[-122.8821703,43.9670236],[-122.8819419,43.9664168],[-122.8816523,43.9656484],[-122.8804024,43.9622554],[-122.8787032,43.9576419],[-122.8769949,43.953034],[-122.8767462,43.952471],[-122.8765614,43.9521157],[-122.8762798,43.951634],[-122.8760451,43.9512738],[-122.8756388,43.9507303],[-122.875227,43.9502436],[-122.874873,43.9498787],[-122.8735279,43.9485897],[-122.8722994,43.947432],[-122.8713425,43.9465366],[-122.8686208,43.9439896],[-122.8673606,43.9428204],[-122.8669394,43.9424072],[-122.8658723,43.9414066],[-122.8643489,43.9399871],[-122.8630914,43.9388127],[-122.8625093,43.938269],[-122.8618701,43.937685],[-122.8613063,43.9372717],[-122.8606743,43.936862],[-122.8600549,43.9365128],[-122.8594723,43.9362766],[-122.8588572,43.9360639],[-122.8587421,43.9360364],[-122.8580797,43.9358846],[-122.8575915,43.9357784],[-122.857224,43.935705],[-122.8567332,43.9356335],[-122.8538726,43.93531],[-122.8528748,43.9352028],[-122.8505963,43.9349517],[-122.8494926,43.9348223],[-122.8490876,43.9347576],[-122.848759,43.9347035],[-122.848421,43.9346369],[-122.8480603,43.9345403],[-122.847603,43.9344022],[-122.8472194,43.9342651],[-122.8468587,43.9341134],[-122.8464349,43.9339048],[-122.8460741,43.9337001],[-122.8457227,43.9334866],[-122.8454223,43.9332722],[-122.8450911,43.9330115],[-122.8447236,43.9326425],[-122.8444447,43.9323422],[-122.8441952,43.9320292],[-122.8437521,43.9313166],[-122.8417154,43.9277587],[-122.8396945,43.9242298],[-122.8386967,43.9225046],[-122.8384821,43.9221935],[-122.8382716,43.9219279],[-122.8379913,43.9216284],[-122.837723,43.9213647],[-122.8373435,43.9210595],[-122.8370029,43.9208064],[-122.8366381,43.9205649],[-122.8362572,43.9203697],[-122.8358495,43.9201804],[-122.8354526,43.9200104],[-122.8345513,43.9196723],[-122.8337131,43.9193487],[-122.8331794,43.9191149],[-122.8326711,43.9188879],[-122.8321065,43.9185623],[-122.8317243,43.9183131],[-122.8314292,43.9181025],[-122.8311516,43.9178687],[-122.8308901,43.9176262],[-122.8307024,43.9174359],[-122.8304704,43.9171345],[-122.8303148,43.9169287],[-122.8302062,43.916751],[-122.8300264,43.9164418],[-122.8299446,43.9162844],[-122.8298561,43.9161008],[-122.8297596,43.9158178],[-122.8296737,43.9155192],[-122.8296094,43.9151937],[-122.8295785,43.9149367],[-122.8295597,43.9146903],[-122.8295691,43.9142372],[-122.8296053,43.9139658],[-122.8296389,43.9136914],[-122.8297529,43.9129475],[-122.8297985,43.91262],[-122.8298333,43.9122432],[-122.8298293,43.9118973],[-122.8298172,43.911621],[-122.8297877,43.9113843],[-122.8297314,43.9111331],[-122.8296684,43.9108712],[-122.8295745,43.9106181],[-122.8294685,43.9103708],[-122.8293532,43.910136],[-122.8292379,43.9099321],[-122.8288543,43.909364],[-122.8285928,43.9090539],[-122.8284037,43.9088626],[-122.8280859,43.9085698],[-122.8277466,43.9083263],[-122.8273228,43.9080461],[-122.8269486,43.9078229],[-122.8267394,43.9077109],[-122.8263357,43.9075244],[-122.8259428,43.9073688],[-122.825578,43.9072393],[-122.825177,43.9071263],[-122.8246956,43.9070123],[-122.8241953,43.9069176],[-122.8237407,43.9068577],[-122.8233209,43.9068152],[-122.822995,43.9067958],[-122.8226048,43.9067843],[-122.8221448,43.9067862],[-122.8217773,43.9067987],[-122.816378,43.9070944],[-122.8155063,43.9071408],[-122.8153789,43.9071466],[-122.8131473,43.9072683],[-122.8116801,43.9073582],[-122.8112322,43.9073988],[-122.8107615,43.9074567],[-122.8103578,43.9075244],[-122.8099112,43.9076229],[-122.8094673,43.9077408],[-122.8089081,43.9079128],[-122.8075898,43.9083428],[-122.8067261,43.9086316],[-122.8049129,43.909223],[-122.8044476,43.9093601],[-122.8042062,43.9094278],[-122.8038964,43.9095022],[-122.803537,43.9095795],[-122.8031923,43.9096384],[-122.8026961,43.9096993],[-122.80233,43.909736],[-122.8018901,43.9097544],[-122.8014261,43.9097486],[-122.8010224,43.909737],[-122.8005973,43.9097031],[-122.8001775,43.9096374],[-122.7998208,43.9095775],[-122.7993862,43.9094867],[-122.7990724,43.9094143],[-122.7986661,43.9092916],[-122.7983737,43.9091766],[-122.7978614,43.9089708],[-122.7959289,43.9081051],[-122.7947071,43.9075553],[-122.7942458,43.9073621],[-122.7938917,43.9072287],[-122.7935229,43.9070963],[-122.7930307,43.9069485],[-122.7925868,43.9068219],[-122.7921563,43.9067089],[-122.7905933,43.9063285],[-122.7879579,43.9056672],[-122.7853851,43.9050286],[-122.7848969,43.9049165],[-122.7843162,43.904788],[-122.7838469,43.9047039],[-122.783297,43.9046208],[-122.7824776,43.9045213],[-122.7801374,43.904271],[-122.7778307,43.9040382],[-122.7773117,43.9039966],[-122.7770005,43.9039821],[-122.7766827,43.9039686],[-122.7762844,43.9039638],[-122.7759048,43.9039696],[-122.7753483,43.9039986],[-122.7747823,43.9040459],[-122.7743009,43.9041039],[-122.7738878,43.9041686],[-122.7734587,43.9042469],[-122.7730416,43.9043377],[-122.7724716,43.9044778],[-122.7721511,43.9045735],[-122.7716509,43.9047349],[-122.7712633,43.9048769],[-122.7707215,43.9050933],[-122.7687635,43.9060064],[-122.7679521,43.906392],[-122.7673781,43.9066644],[-122.7669811,43.9068355],[-122.7664809,43.9070451],[-122.7659833,43.9072335],[-122.7655689,43.9073649],[-122.7650955,43.9075031],[-122.7646624,43.9076142],[-122.7642158,43.9077138],[-122.7636364,43.9078191],[-122.7604486,43.908308],[-122.7592014,43.9084954],[-122.7579112,43.9086684],[-122.757521,43.908708],[-122.7570274,43.9087379],[-122.75666,43.9087486],[-122.7563153,43.9087515],[-122.7558285,43.9087399],[-122.7551365,43.908708],[-122.7546953,43.9086829],[-122.7531275,43.9085498],[-122.7519514,43.9084442],[-122.750053,43.9082867],[-122.7490076,43.9081978],[-122.748616,43.9081534],[-122.7482727,43.9081022],[-122.7477738,43.9080162],[-122.7474077,43.9079369],[-122.7469853,43.9078229],[-122.7466419,43.9077099],[-122.7461417,43.9075118],[-122.7458373,43.9073852],[-122.7455167,43.9072181],[-122.7451868,43.9070432],[-122.7448918,43.9068606],[-122.7445404,43.9066219],[-122.743827,43.906079],[-122.7427782,43.905245],[-122.7424845,43.904987],[-122.7422069,43.9047155],[-122.7419682,43.9044276],[-122.7417697,43.9041561],[-122.7416343,43.9039551],[-122.7414961,43.903727],[-122.7413741,43.9034874],[-122.7412172,43.9031164],[-122.7411126,43.9028274],[-122.7410482,43.9026042],[-122.7407169,43.9013915],[-122.7405453,43.9007779],[-122.7403508,43.9001662],[-122.7402073,43.8997884],[-122.740096,43.8995217],[-122.7399042,43.8991293],[-122.7397701,43.8988771],[-122.7395636,43.8985225],[-122.7393356,43.8981668],[-122.7391291,43.8978856],[-122.7386369,43.8972536],[-122.73837,43.8969231],[-122.7380052,43.8964969],[-122.737765,43.89618],[-122.7376712,43.8960646],[-122.7354813,43.8933715],[-122.7350293,43.8928352],[-122.7346618,43.8924505],[-122.7344097,43.8922099],[-122.734049,43.8919112],[-122.733762,43.8917131],[-122.7333489,43.8914522],[-122.7329975,43.8912598],[-122.7326824,43.8911091],[-122.7324195,43.8909902],[-122.732158,43.8908887],[-122.7318268,43.8907698],[-122.7314204,43.8906461],[-122.7310798,43.8905591],[-122.7306667,43.8904693],[-122.7302657,43.8904016],[-122.7297159,43.8903368],[-122.7293591,43.8903078],[-122.7285384,43.8902856],[-122.7276921,43.8902798],[-122.7275353,43.8902789],[-122.7265884,43.8902769],[-122.7260707,43.8902586],[-122.7255531,43.890216],[-122.72514,43.8901667],[-122.7247632,43.8901155],[-122.7243595,43.8900527],[-122.723878,43.8899589],[-122.7233335,43.8898304],[-122.7227891,43.8896816],[-122.7222016,43.8894912],[-122.7216746,43.889295],[-122.7210966,43.8890446],[-122.7206326,43.8888194],[-122.7201793,43.8885739],[-122.7197742,43.8883275],[-122.7190326,43.8878867],[-122.717658,43.8870545],[-122.7170169,43.8866621],[-122.7164805,43.8863074],[-122.7161318,43.886058],[-122.7158596,43.8858522],[-122.7155712,43.8856279],[-122.7151407,43.8852819],[-122.7138667,43.8842496],[-122.7132806,43.8838049],[-122.7129735,43.8835855],[-122.7125672,43.8833187],[-122.7119073,43.8829157],[-122.7113816,43.8826286],[-122.7109605,43.8824111],[-122.7106373,43.8822593],[-122.710066,43.8819858],[-122.7093968,43.8816919],[-122.7083212,43.8811951],[-122.707711,43.880907],[-122.7071156,43.8805986],[-122.7064075,43.8801946],[-122.7058053,43.879835],[-122.705207,43.8794841],[-122.7039881,43.8787282],[-122.7024029,43.8777595],[-122.7008124,43.8768006],[-122.6981637,43.875189],[-122.6970117,43.8745017],[-122.6911698,43.8709227],[-122.6904859,43.8704905],[-122.6900929,43.8702237],[-122.6898341,43.870039],[-122.6894626,43.8697142],[-122.6892735,43.8695382],[-122.6888484,43.8690219],[-122.6886874,43.8688092],[-122.6884756,43.8684553],[-122.6883656,43.868261],[-122.6882315,43.8679526],[-122.6880263,43.8674343],[-122.6876199,43.8662905],[-122.6873893,43.865693],[-122.687227,43.8653594],[-122.6870593,43.8650896],[-122.686661,43.8645665],[-122.6863727,43.8642687],[-122.6860937,43.8640241],[-122.6857947,43.8637998],[-122.6854393,43.8635629],[-122.6850014,43.8633245],[-122.6845441,43.8631099],[-122.6841673,43.8629523],[-122.6807065,43.861657],[-122.6803243,43.8614975],[-122.6799113,43.8613022],[-122.6795679,43.8611097],[-122.6791817,43.8608757],[-122.6789108,43.8606852],[-122.6784535,43.860369],[-122.6768482,43.85911],[-122.67636,43.8587706],[-122.675896,43.858467],[-122.6754199,43.8581952],[-122.6749854,43.8579806],[-122.6744382,43.8577388],[-122.6739353,43.8575396],[-122.6729764,43.8572147],[-122.6718727,43.856852],[-122.6711378,43.8565561],[-122.6706228,43.8563231],[-122.6702754,43.8561529],[-122.6699106,43.8559585],[-122.6696129,43.8557854],[-122.6691824,43.8555195],[-122.6688968,43.8553164],[-122.6679727,43.8546124],[-122.6670621,43.8538841],[-122.6664707,43.8534838],[-122.6660778,43.8532652],[-122.6657023,43.8530815],[-122.6654246,43.8529577],[-122.6651511,43.8528523],[-122.6646777,43.8526888],[-122.6643437,43.8525931],[-122.6639535,43.8524925],[-122.6635766,43.8524151],[-122.6631488,43.8523465],[-122.6627076,43.8522962],[-122.6622409,43.8522604],[-122.6615784,43.852243],[-122.6601206,43.8522236],[-122.6595761,43.8522159],[-122.658978,43.8521946],[-122.6585998,43.8521675],[-122.6581559,43.8521192],[-122.6578273,43.8520776],[-122.6571715,43.8519422],[-122.6565506,43.8517817],[-122.6565479,43.8517817],[-122.6561898,43.8516617],[-122.6559202,43.8515612],[-122.6555273,43.8513968],[-122.6551867,43.8512294],[-122.6548648,43.8510592],[-122.6545979,43.8509016],[-122.6538045,43.8504421],[-122.6530932,43.8500466],[-122.652487,43.8497536],[-122.6521008,43.8496085],[-122.6515616,43.8494248],[-122.651111,43.8493106],[-122.6504888,43.8491897],[-122.6500556,43.8491336],[-122.6495554,43.8490747],[-122.6490431,43.8490476],[-122.6485898,43.8490553],[-122.6480453,43.8490863],[-122.6475772,43.8491395],[-122.6454569,43.8494576],[-122.6442526,43.8496433],[-122.6435633,43.8497323],[-122.6430711,43.8497691],[-122.6425709,43.8497942],[-122.642131,43.8497971],[-122.6415449,43.8497845],[-122.6411735,43.8497613],[-122.6407014,43.8497207],[-122.6401877,43.8496462],[-122.6397854,43.8495756],[-122.6394112,43.8494983],[-122.6389687,43.8493851],[-122.6386119,43.8492903],[-122.6381774,43.849154],[-122.6379025,43.849064],[-122.6374801,43.8488938],[-122.6372521,43.8488058],[-122.6369061,43.8486443],[-122.6366258,43.8485137],[-122.6362006,43.8482806],[-122.6354738,43.8478686],[-122.6347536,43.8474179],[-122.6329605,43.8462892],[-122.6297647,43.8443383],[-122.6293007,43.8440462],[-122.6287924,43.8437241],[-122.6284477,43.8434968],[-122.6281071,43.8432453],[-122.6277691,43.8429396],[-122.6273856,43.842544],[-122.6270382,43.8421059],[-122.62688,43.8418079],[-122.6266654,43.8414181],[-122.6265621,43.8411453],[-122.6264656,43.8408938],[-122.6263797,43.8405969],[-122.6263113,43.8402651],[-122.6262778,43.8399643],[-122.6262604,43.8395435],[-122.626259,43.8385017],[-122.6262684,43.8376485],[-122.6262577,43.8374057],[-122.6262268,43.8370449],[-122.626188,43.8368127],[-122.6261155,43.8364915],[-122.6260565,43.8362865],[-122.6259071,43.8358945],[-122.6257749,43.8356354],[-122.6255925,43.8353249],[-122.6252451,43.8347982],[-122.6243091,43.8334675],[-122.624124,43.8331666],[-122.6240113,43.8329383],[-122.6238799,43.832649],[-122.6237954,43.8324275],[-122.6236935,43.832086],[-122.6236358,43.8318238],[-122.6235849,43.8314988],[-122.6235621,43.8312559],[-122.6235715,43.8308215],[-122.6236211,43.8303485],[-122.6236291,43.8297138],[-122.6236385,43.8291923],[-122.6236063,43.8288024],[-122.6235607,43.8285538],[-122.6235031,43.8283042],[-122.6234145,43.828042],[-122.6232818,43.8277372],[-122.623141,43.8274779],[-122.6229224,43.8271422],[-122.622637,43.8267885],[-122.6223189,43.8264577],[-122.6218976,43.8260949],[-122.6215772,43.8258738],[-122.6212084,43.8256474],[-122.620563,43.8253292],[-122.6200604,43.8251288],[-122.6196353,43.8249933],[-122.6191941,43.8248772],[-122.6176505,43.8245695],[-122.610039,43.823048],[-122.609282,43.8228917],[-122.6081568,43.8226605],[-122.6074004,43.8225057],[-122.6066118,43.8223354],[-122.6060432,43.8221835],[-122.6054451,43.821987],[-122.6050253,43.8218371],[-122.6046686,43.8216948],[-122.6038937,43.8213661],[-122.6022214,43.82056],[-122.5999265,43.8194786],[-122.5992899,43.8191383],[-122.5982631,43.8184972],[-122.5973187,43.8177945],[-122.5964152,43.817126],[-122.5959434,43.8168421],[-122.5953747,43.8165508],[-122.5948423,43.8163147],[-122.5941369,43.8160708],[-122.5936005,43.8159392],[-122.5931029,43.8158415],[-122.5925651,43.8157641],[-122.5921574,43.8157234],[-122.5916572,43.8156934],[-122.5903152,43.8156354],[-122.589649,43.8156122],[-122.5887282,43.8155541],[-122.5880831,43.8154796],[-122.5876902,43.8154235],[-122.5870277,43.8152996],[-122.5865643,43.8151971],[-122.5833946,43.8145486],[-122.5822869,43.8143164],[-122.5812516,43.8140251],[-122.5770967,43.8128304],[-122.5755787,43.8123867],[-122.574998,43.8121777],[-122.5742765,43.8118835],[-122.5736783,43.8115796],[-122.570595,43.809922],[-122.5697142,43.8095156],[-122.5686855,43.8091972],[-122.567439,43.808977],[-122.5663032,43.8089067],[-122.5645982,43.8088687],[-122.5630121,43.8086891],[-122.560495,43.808076],[-122.5597734,43.8077651],[-122.5591449,43.8074232],[-122.5586173,43.8070161],[-122.5581369,43.8065489],[-122.5577296,43.8059243],[-122.5574021,43.8050609],[-122.5573338,43.80427],[-122.5574526,43.8035003],[-122.558263,43.800605],[-122.5584038,43.7999933],[-122.5584757,43.7994618],[-122.5584536,43.7988219],[-122.5582621,43.7982034],[-122.5579491,43.7976207],[-122.5574628,43.7970217],[-122.5568035,43.7964839],[-122.5559434,43.7959822],[-122.5552726,43.7957301],[-122.5543707,43.7954994],[-122.5533232,43.7953283],[-122.5519874,43.7950986],[-122.5508415,43.7948334],[-122.5493929,43.7942871],[-122.5477442,43.7936529],[-122.5467383,43.793427],[-122.5463071,43.7933811],[-122.5461978,43.7933741],[-122.5454977,43.7933654],[-122.5446458,43.7933956],[-122.5427326,43.7934501],[-122.5418595,43.7934411],[-122.5409277,43.7932989],[-122.5397142,43.7929733],[-122.5381969,43.7924896],[-122.5368916,43.7919228],[-122.5357769,43.7911711],[-122.5349523,43.7902872],[-122.53463,43.7898771],[-122.5345679,43.7897935],[-122.5345149,43.789722],[-122.5326512,43.7872116],[-122.5319194,43.7865677],[-122.5307464,43.7859158],[-122.529311,43.7854583],[-122.5281974,43.7851238],[-122.527211,43.7847751],[-122.5264024,43.7843617],[-122.5253723,43.7836563],[-122.5245391,43.7830358],[-122.5237316,43.7824216],[-122.523413,43.7820917],[-122.5230712,43.7816847],[-122.5227995,43.7812177],[-122.5226153,43.7807817],[-122.5225086,43.7802489],[-122.5224782,43.7797174],[-122.5225579,43.7792277],[-122.5226675,43.7788834],[-122.522815,43.7785436],[-122.5230222,43.778202],[-122.5233375,43.7777868],[-122.5252593,43.7759048],[-122.5258184,43.7751935],[-122.5258539,43.7751327],[-122.525898,43.775058],[-122.5260925,43.7747292],[-122.5263035,43.7742271],[-122.5268184,43.7729949],[-122.527502,43.771932],[-122.528172,43.7711056],[-122.5291475,43.76993],[-122.5294124,43.7694395],[-122.5296038,43.7689335],[-122.5297199,43.7683864],[-122.5297269,43.7678211],[-122.5296496,43.7673095],[-122.529435,43.7666043],[-122.5289352,43.7658042],[-122.5280069,43.7647978],[-122.5275044,43.7642697],[-122.5271609,43.7637636],[-122.5268907,43.763244],[-122.5262669,43.7619774],[-122.5257317,43.7613618],[-122.5250305,43.7607486],[-122.524155,43.7602666],[-122.5230313,43.7598852],[-122.5223487,43.7597563],[-122.5215594,43.7596757],[-122.5206727,43.7597023],[-122.519151,43.7599044],[-122.5191374,43.7599063],[-122.518891,43.7599391],[-122.5184045,43.7600155],[-122.517751,43.7601087],[-122.5171899,43.7601659],[-122.5164924,43.7601724],[-122.5157365,43.7601342],[-122.5148619,43.7600113],[-122.5144348,43.7599281],[-122.5129668,43.759587],[-122.5126793,43.7595123],[-122.5115184,43.7592389],[-122.5108608,43.7590824],[-122.5097447,43.7588181],[-122.5091547,43.7586892],[-122.5083967,43.7585723],[-122.5078146,43.7585293],[-122.5074148,43.7585235],[-122.5068909,43.7585413],[-122.5062575,43.7585963],[-122.5050879,43.75875],[-122.5043855,43.7588443],[-122.5038971,43.7589071],[-122.5011312,43.7592789],[-122.4989614,43.7595662],[-122.4983987,43.7596402],[-122.4966428,43.7598731],[-122.4962845,43.7599036],[-122.4958482,43.7599285],[-122.4954449,43.7599318],[-122.4950078,43.759922],[-122.4947948,43.7599075],[-122.4944541,43.7598767],[-122.4941157,43.7598347],[-122.4937803,43.7597815],[-122.4934228,43.7597125],[-122.4930886,43.7596284],[-122.4925882,43.7594777],[-122.4920898,43.7592978],[-122.4915817,43.75908],[-122.4908187,43.7586801],[-122.4904008,43.7584068],[-122.4899957,43.7581086],[-122.4896675,43.7577592],[-122.489401,43.7574726],[-122.4891218,43.7571445],[-122.4888706,43.756767],[-122.4859889,43.7516408],[-122.485836,43.7514277],[-122.4856375,43.7511758],[-122.4852647,43.7507544],[-122.4850687,43.7505816],[-122.4844288,43.7499994],[-122.4838099,43.7495357],[-122.4831161,43.7490847],[-122.4824857,43.7487307],[-122.4819561,43.7484634],[-122.4811282,43.7480989],[-122.4800237,43.7477144],[-122.4794295,43.7475449],[-122.4790205,43.7474364],[-122.478586,43.7473424],[-122.4780992,43.7472474],[-122.4775641,43.7471661],[-122.4769954,43.7470924],[-122.4765234,43.7470498],[-122.4758421,43.7470062],[-122.4749824,43.7469723],[-122.4683489,43.7467311],[-122.4673516,43.7466962],[-122.4666123,43.7466641],[-122.4612984,43.746474],[-122.4570023,43.7463222],[-122.4564524,43.7463125],[-122.4560031,43.7463145],[-122.4556102,43.7463377],[-122.455308,43.74636],[-122.4549584,43.7463988],[-122.4545802,43.7464569],[-122.4541229,43.7465489],[-122.4537662,43.746638],[-122.453333,43.7467601],[-122.4513857,43.7474412],[-122.4509002,43.7476107],[-122.4504849,43.7477448],[-122.4501546,43.7478374],[-122.449881,43.7479062],[-122.44959,43.7479682],[-122.4493432,43.7480128],[-122.4489248,43.7480787],[-122.4485493,43.7481194],[-122.448155,43.7481465],[-122.4476936,43.7481571],[-122.4472846,43.7481571],[-122.4456632,43.7481048],[-122.4449819,43.7481039],[-122.4445541,43.7481232],[-122.4441692,43.7481562],[-122.443783,43.748206],[-122.4432962,43.7482811],[-122.44269,43.7484061],[-122.441874,43.74858],[-122.4375794,43.7494972],[-122.4354105,43.7499581],[-122.4337609,43.7503069],[-122.4334055,43.7503718],[-122.4331534,43.7504018],[-122.4328356,43.7504221],[-122.4325512,43.7504241],[-122.4323098,43.7504134],[-122.4320215,43.7503805],[-122.4317171,43.7503214],[-122.4314274,43.7502458],[-122.4311109,43.7501393],[-122.4307542,43.7499707],[-122.4305061,43.7498225],[-122.4302955,43.7496646],[-122.4300461,43.7494214],[-122.4298811,43.7492141],[-122.4297577,43.749029],[-122.4296424,43.7487888],[-122.4295901,43.7486289],[-122.4295284,43.7484081],[-122.429519,43.7482773],[-122.4295217,43.7481678],[-122.4295311,43.7480777],[-122.4295485,43.7479188],[-122.4295901,43.7477115],[-122.4297591,43.7473453],[-122.4299522,43.7470605],[-122.4303237,43.7467214],[-122.4306335,43.7465005],[-122.4310344,43.7462883],[-122.4314542,43.7461372],[-122.4318163,43.7460461],[-122.4324104,43.7459327],[-122.4339548,43.7457918],[-122.4363144,43.7455462],[-122.4369058,43.7454512],[-122.4376461,43.7453049],[-122.4382563,43.7451635],[-122.4390663,43.7449377],[-122.439537,43.7447653],[-122.4399649,43.7445444],[-122.4402358,43.7443429],[-122.4405348,43.7440445],[-122.4407172,43.7437916],[-122.4409466,43.7434505],[-122.4411853,43.7430204],[-122.4414736,43.7423344],[-122.4415608,43.7420244],[-122.4416587,43.7416591],[-122.4416761,43.7414072],[-122.4416547,43.7410961],[-122.4416064,43.7408975],[-122.4415044,43.7406272],[-122.4412578,43.7401353],[-122.4401939,43.7390609],[-122.4396559,43.7384242],[-122.4394369,43.7381005],[-122.4392402,43.7377595],[-122.4390595,43.7373494],[-122.4389303,43.7369468],[-122.4388326,43.7364324],[-122.4388128,43.7362031],[-122.4388057,43.7359716],[-122.4388145,43.7357372],[-122.4388345,43.7354935],[-122.438884,43.7350408],[-122.4389582,43.7345872],[-122.4390814,43.7338486],[-122.4390849,43.7334542],[-122.4390244,43.7331248],[-122.4389196,43.732822],[-122.438762,43.7325212],[-122.4384019,43.732084],[-122.4380896,43.7318253],[-122.4377754,43.7316116],[-122.4373293,43.7313983],[-122.4368473,43.7312172],[-122.4360684,43.731057],[-122.4344659,43.7308641],[-122.4336959,43.7307555],[-122.4329217,43.7306244],[-122.4315174,43.7304146],[-122.4306004,43.7303628],[-122.4294444,43.7303531],[-122.4286229,43.7303552],[-122.4279632,43.7303823],[-122.4273482,43.7304536],[-122.4267768,43.7305707],[-122.4254865,43.7309031],[-122.425004,43.7310546],[-122.4244912,43.7312576],[-122.4240042,43.7314902],[-122.4233667,43.7318802],[-122.4228526,43.7321889],[-122.4223697,43.7324239],[-122.4218175,43.7325853],[-122.4213525,43.7326384],[-122.4207107,43.7326439],[-122.4200449,43.7326113],[-122.4193453,43.7325774],[-122.4186185,43.7326057],[-122.4178966,43.7327004],[-122.4169814,43.7328691],[-122.4160652,43.7330711],[-122.4145329,43.7334272],[-122.4137699,43.7336104],[-122.4129973,43.7337719],[-122.4124507,43.7338501],[-122.4118092,43.7338913],[-122.4111842,43.7338826],[-122.4103707,43.7338297],[-122.4077577,43.7336167],[-122.406967,43.7335968],[-122.4062989,43.7336278],[-122.404929,43.7337451],[-122.4041537,43.7337673],[-122.4027071,43.7336425],[-122.400097,43.7334247],[-122.3985008,43.7332785],[-122.3967765,43.7331265],[-122.3951123,43.7329659],[-122.393453,43.7327592],[-122.3919848,43.7327412],[-122.3909369,43.7328671],[-122.3898841,43.7330179],[-122.3884355,43.7332416],[-122.3877088,43.7332999],[-122.387059,43.7333285],[-122.38588,43.7332845],[-122.3851829,43.7331748],[-122.3844433,43.7330189],[-122.3831317,43.7326231],[-122.3817776,43.7322133],[-122.3799253,43.7318265],[-122.3787571,43.7315686],[-122.3776525,43.7312494],[-122.3759999,43.7307766],[-122.3748164,43.730517],[-122.3736719,43.7303469],[-122.3725247,43.7302181],[-122.3704606,43.7301153],[-122.3697592,43.730043],[-122.3685314,43.7298066],[-122.3670226,43.7294956],[-122.3660968,43.7293318],[-122.3651556,43.7292656],[-122.3640688,43.7292415],[-122.3632187,43.7291854],[-122.3627121,43.7291107],[-122.3620575,43.7289526],[-122.3614381,43.7287538],[-122.3610456,43.7286186],[-122.3606685,43.7284158],[-122.3601711,43.7280409],[-122.3595215,43.7274872],[-122.358895,43.7271553],[-122.3581457,43.7269664],[-122.3556577,43.7266028],[-122.353729,43.7263264],[-122.352777,43.7261779],[-122.3524256,43.7261043],[-122.3521775,43.7260296],[-122.3519079,43.7259298],[-122.3515566,43.725767],[-122.3510671,43.7255315],[-122.3507734,43.7253929],[-122.3504971,43.7252756],[-122.3502289,43.7251787],[-122.3499043,43.7250876],[-122.3494162,43.7249859],[-122.3484197,43.7248812],[-122.347772,43.7247794],[-122.3472235,43.7246389],[-122.3461962,43.7243462],[-122.3458515,43.7242803],[-122.3455323,43.7242435],[-122.3450066,43.7241999],[-122.3444688,43.7241465],[-122.3440678,43.7240797],[-122.3437634,43.7239992],[-122.343463,43.7238916],[-122.3431224,43.7237279],[-122.3427925,43.7235602],[-122.3425806,43.7234264],[-122.342307,43.7232442],[-122.342032,43.7231008],[-122.3417196,43.722967],[-122.3413655,43.7228284],[-122.3410383,43.7227276],[-122.3406386,43.7226201],[-122.3400539,43.7225057],[-122.339555,43.7224291],[-122.338804,43.7223506],[-122.3364182,43.7220783],[-122.3324968,43.7216615],[-122.3313683,43.7215029],[-122.3302585,43.7212258],[-122.3292356,43.7208254],[-122.3284146,43.7204135],[-122.3270879,43.7197106],[-122.3238299,43.7180355],[-122.3205227,43.716327],[-122.3201838,43.7161509],[-122.3198531,43.7159729],[-122.3195224,43.7157552],[-122.319155,43.7154385],[-122.3188061,43.7150479],[-122.3184786,43.7146838],[-122.3181144,43.7143274],[-122.3178809,43.7141486],[-122.3176083,43.713982],[-122.3172979,43.7138304],[-122.3169662,43.7136929],[-122.3165176,43.7135942],[-122.3160479,43.7135279],[-122.3143457,43.713386],[-122.3130224,43.713319],[-122.3126415,43.7132997],[-122.3110076,43.7131858],[-122.3098755,43.7131081],[-122.3091864,43.7129889],[-122.3084847,43.7127944],[-122.3060833,43.7119946],[-122.3053706,43.7117782],[-122.3046885,43.7116659],[-122.3039924,43.7116018],[-122.3032604,43.7116278],[-122.302398,43.7117381],[-122.3013608,43.7119044],[-122.3003404,43.7119926],[-122.299478,43.7119686],[-122.2982301,43.7118263],[-122.2953593,43.7114807],[-122.2936678,43.7112759],[-122.2922117,43.7111058],[-122.2912035,43.7109733],[-122.2906515,43.7108573],[-122.290164,43.7106992],[-122.2897078,43.7104824],[-122.2891933,43.7101361],[-122.2887913,43.7097506],[-122.2882018,43.709064],[-122.2878242,43.7086795],[-122.2876625,43.7085087],[-122.2873905,43.7082474],[-122.2869747,43.7079226],[-122.2866516,43.7077372],[-122.2862349,43.707565],[-122.2855787,43.7073687],[-122.2846065,43.7072239],[-122.2824276,43.7069387],[-122.2817177,43.706796],[-122.2812345,43.7066406],[-122.2807072,43.7064063],[-122.2797576,43.7058844],[-122.2784327,43.7051413],[-122.2780559,43.7049075],[-122.2776906,43.7046402],[-122.2772271,43.7042332],[-122.2768254,43.7037096],[-122.2764532,43.7030246],[-122.2760069,43.7022106],[-122.2756054,43.7017016],[-122.2751104,43.7013077],[-122.2744348,43.7009349],[-122.2731961,43.7004334],[-122.2724337,43.7000998],[-122.2716194,43.6996635],[-122.2698257,43.6985899],[-122.2663767,43.6965226],[-122.264635,43.6954587],[-122.2625864,43.6942409],[-122.2615094,43.6935995],[-122.2605408,43.6930559],[-122.2597957,43.6927616],[-122.2591884,43.6925636],[-122.258546,43.6923814],[-122.2579651,43.6921841],[-122.2573645,43.6918882],[-122.2568238,43.6915245],[-122.2563013,43.6911448],[-122.2556884,43.6908136],[-122.2550961,43.6906028],[-122.2544384,43.6904749],[-122.2534617,43.6903564],[-122.252683,43.6902107],[-122.2522403,43.6900682],[-122.2518151,43.6898906],[-122.2513187,43.6895815],[-122.2507602,43.6891018],[-122.250243,43.688582],[-122.2498715,43.6882302],[-122.249392,43.687919],[-122.2486264,43.6875944],[-122.2470549,43.687106],[-122.2465829,43.686852],[-122.2452589,43.685636],[-122.2447929,43.6852964],[-122.244308,43.6850637],[-122.2437817,43.6848816],[-122.2427469,43.6846537],[-122.2416501,43.6844065],[-122.240913,43.6841621],[-122.2402619,43.6838624],[-122.2396993,43.6835434],[-122.238866,43.683001],[-122.2384292,43.6827208],[-122.2378987,43.6824666],[-122.2369992,43.6821584],[-122.2362863,43.6820008],[-122.2342937,43.6816495],[-122.2334848,43.681445],[-122.2326997,43.6811633],[-122.2319749,43.6807944],[-122.231178,43.680119],[-122.230495,43.6793622],[-122.2301698,43.6789679],[-122.2300772,43.6788583],[-122.2300317,43.6788034],[-122.2291326,43.6777507],[-122.2277815,43.6761074],[-122.2269414,43.6751393],[-122.2262859,43.6742393],[-122.225983,43.673555],[-122.2258185,43.6727382],[-122.2258017,43.6719767],[-122.225889,43.6713986],[-122.2260436,43.6707184],[-122.2264797,43.6699594],[-122.2269355,43.6694336],[-122.2273333,43.6690041],[-122.2279514,43.6683837],[-122.2283639,43.6679527],[-122.2287917,43.6674554],[-122.2291516,43.6669716],[-122.2295241,43.6660755],[-122.229702,43.6655195],[-122.2297918,43.6649435],[-122.2298103,43.6646333],[-122.2297786,43.6641928],[-122.2296293,43.6635657],[-122.2292865,43.6628242],[-122.2290373,43.662452],[-122.228749,43.6620907],[-122.2281886,43.6615192],[-122.2274556,43.6609543],[-122.2266585,43.6604769],[-122.2244358,43.6592128],[-122.222221,43.6579547],[-122.2203048,43.6568681],[-122.2190719,43.656165],[-122.2182805,43.6557198],[-122.2179513,43.6555333],[-122.2175232,43.6552573],[-122.2172351,43.6549607],[-122.2170483,43.6546509],[-122.2169567,43.6543094],[-122.2168874,43.6538962],[-122.2169349,43.6534822],[-122.2170724,43.6531962],[-122.2172441,43.65292],[-122.2174484,43.6526558],[-122.217684,43.6524055],[-122.2179489,43.6521711],[-122.2182443,43.6519547],[-122.2187428,43.6517809],[-122.2192852,43.6516468],[-122.2201097,43.6515747],[-122.2227142,43.6516198],[-122.2233016,43.6515846],[-122.2238585,43.6514491],[-122.2249137,43.6511334],[-122.2250985,43.6510776],[-122.2254791,43.6509626],[-122.2261113,43.6508756],[-122.2267522,43.6508949],[-122.2274574,43.6510682],[-122.2280387,43.6513668],[-122.228543,43.651759],[-122.229521,43.6531044],[-122.2298646,43.6533723],[-122.2303067,43.6536672],[-122.2307474,43.6538601],[-122.232113,43.6543097],[-122.2326428,43.6545384],[-122.2330034,43.6547652],[-122.233392,43.655122],[-122.2339455,43.6557133],[-122.234308,43.6560717],[-122.2346909,43.6563358],[-122.235159,43.6565446],[-122.2357711,43.6566903],[-122.236727,43.6568291],[-122.2373266,43.6569414],[-122.2378629,43.6571211],[-122.2384122,43.6574061],[-122.2388819,43.6578324],[-122.2396209,43.6586872],[-122.2405545,43.659747],[-122.2414034,43.6612207],[-122.2420232,43.6624371],[-122.2422115,43.66316],[-122.242258,43.6636567],[-122.2422954,43.6654608],[-122.2423132,43.66634],[-122.2423533,43.6667523],[-122.2424919,43.6671522],[-122.2428545,43.6677374],[-122.2437842,43.6691808],[-122.2443167,43.6700211],[-122.2446462,43.6703947],[-122.2450605,43.6706935],[-122.2454303,43.6708676],[-122.2457752,43.6710158],[-122.2461508,43.6711177],[-122.2465454,43.6711701],[-122.2469465,43.6711714],[-122.2472723,43.6711136],[-122.2476662,43.6710304],[-122.2482479,43.670802],[-122.2490183,43.6704301],[-122.249842,43.6700244],[-122.2506301,43.6696894],[-122.2514917,43.6694045],[-122.2528869,43.6690029],[-122.2540479,43.6686557],[-122.2546465,43.6684972],[-122.2552679,43.6683943],[-122.2561586,43.6683499],[-122.2567718,43.6683943],[-122.2574762,43.6685351],[-122.2580564,43.6687204],[-122.2587333,43.6690269],[-122.2596548,43.6694324],[-122.2605249,43.6698429],[-122.2610311,43.6700954],[-122.2614515,43.6703867],[-122.2617285,43.6706424],[-122.2620195,43.6710135],[-122.2622407,43.6714301],[-122.2624537,43.6720127],[-122.2626512,43.6724926],[-122.2629165,43.672894],[-122.2631719,43.6731655],[-122.2634956,43.6734284],[-122.2640135,43.6737402],[-122.2648543,43.6740569],[-122.2659488,43.6743903],[-122.2671795,43.6747736],[-122.2673437,43.6748193],[-122.2679092,43.6749776],[-122.2684031,43.6750632],[-122.2687901,43.6750855],[-122.2693937,43.6750764],[-122.2725184,43.6748735],[-122.2736551,43.6748297],[-122.2743791,43.674865],[-122.2751265,43.6750185],[-122.2758774,43.6753511],[-122.2764454,43.6758694],[-122.2767599,43.6765599],[-122.2769109,43.6773793],[-122.2770122,43.6778316],[-122.277189,43.6784356],[-122.2774738,43.6789531],[-122.2778548,43.6793418],[-122.2781805,43.6796406],[-122.2786275,43.6799369],[-122.2792981,43.6802463],[-122.2800765,43.680459],[-122.2809583,43.6805194],[-122.2814248,43.680434],[-122.2818899,43.6803301],[-122.2822327,43.680194],[-122.2827324,43.6798433],[-122.2830732,43.6796632],[-122.2838741,43.6794213],[-122.2847631,43.6792376],[-122.286134,43.6791422],[-122.2869878,43.6792199],[-122.2876894,43.6794674],[-122.2882087,43.6798585],[-122.2888931,43.6804786],[-122.2896332,43.68104],[-122.2899472,43.6813141],[-122.2903393,43.6818238],[-122.2907711,43.6825813],[-122.2910417,43.6838186],[-122.2912232,43.6842915],[-122.2914909,43.6846443],[-122.2918586,43.6849463],[-122.2923085,43.6851829],[-122.2928191,43.6853429],[-122.2933656,43.6854184],[-122.2941642,43.6854321],[-122.294955,43.6853403],[-122.2956361,43.6852798],[-122.2964603,43.6853117],[-122.2974837,43.6854593],[-122.3011131,43.6859852],[-122.3046838,43.6865156],[-122.3056671,43.6866795],[-122.3062974,43.6868355],[-122.3067499,43.6870058],[-122.307103,43.6871928],[-122.3074514,43.6874114],[-122.3077312,43.6876632],[-122.307979,43.687929],[-122.308263,43.688478],[-122.3086057,43.6891784],[-122.3087385,43.689692],[-122.3087096,43.6901217],[-122.3085163,43.6905641],[-122.3081224,43.6912591],[-122.3079839,43.6915878],[-122.3079183,43.6920663],[-122.30806,43.6927474],[-122.3083848,43.6932055],[-122.3087551,43.6935095],[-122.309259,43.6937765],[-122.3103828,43.6942099],[-122.3112653,43.6945277],[-122.3116699,43.6946352],[-122.3122184,43.6947413],[-122.3126475,43.6948093],[-122.3132216,43.6948088],[-122.3140677,43.6948172],[-122.3148988,43.694702],[-122.3156806,43.694468],[-122.3163812,43.6941249],[-122.3169716,43.6936866],[-122.3174277,43.6931713],[-122.3177307,43.6926],[-122.3178682,43.6919963],[-122.3178346,43.691385],[-122.3177467,43.6911295],[-122.3176311,43.6907911],[-122.3172662,43.6902391],[-122.3167342,43.689588],[-122.316018,43.6889096],[-122.3154499,43.6883137],[-122.3151871,43.6880378],[-122.3146701,43.6875655],[-122.3142063,43.6871917],[-122.3134608,43.6866097],[-122.3126184,43.6860437],[-122.3114495,43.6854103],[-122.311192,43.6852765],[-122.3107682,43.6850709],[-122.3103042,43.6848614],[-122.3094303,43.6845123],[-122.3081522,43.6840893],[-122.3070738,43.6838051],[-122.3064981,43.6836488],[-122.3061423,43.6835352],[-122.3056303,43.683287],[-122.3054279,43.683154],[-122.3052395,43.6830061],[-122.3051007,43.6828645],[-122.3049733,43.6827132],[-122.3048144,43.682511],[-122.304522,43.6821128],[-122.304353,43.6819048],[-122.3042303,43.6817744],[-122.3041123,43.6816541],[-122.3040151,43.6815726],[-122.3038454,43.6814456],[-122.3036249,43.6813123],[-122.3032605,43.6811531],[-122.3030616,43.6810882],[-122.3028845,43.6810392],[-122.3026498,43.6809888],[-122.3023608,43.6809534],[-122.3021999,43.6809383],[-122.3020417,43.6809359],[-122.3018009,43.6809364],[-122.3014388,43.6809456],[-122.3011398,43.6809558],[-122.2999727,43.6809947],[-122.2995252,43.6809989],[-122.2991706,43.6809863],[-122.2989501,43.6809642],[-122.298771,43.6809282],[-122.2985906,43.6808928],[-122.2984325,43.6808392],[-122.2981168,43.6807242],[-122.2978309,43.6805765],[-122.2975905,43.6804041],[-122.2973282,43.6802087],[-122.2971243,43.6799855],[-122.2968923,43.6795172],[-122.2967363,43.679047],[-122.2965993,43.6785698],[-122.2963895,43.6779829],[-122.2962442,43.6777097],[-122.296026,43.6774619],[-122.2957037,43.67722],[-122.2953369,43.6769991],[-122.2946429,43.6767892],[-122.2930978,43.6764657],[-122.2914282,43.6761686],[-122.2908779,43.6761147],[-122.2902084,43.6761432],[-122.2892979,43.6763359],[-122.2883778,43.6766037],[-122.2875318,43.6768612],[-122.2867625,43.677104],[-122.286218,43.6772478],[-122.2851667,43.6775555],[-122.2847588,43.6776499],[-122.2843,43.6777144],[-122.2837676,43.6777385],[-122.2832974,43.6777515],[-122.2829022,43.6777399],[-122.2825949,43.677723],[-122.282257,43.677647],[-122.2817291,43.6773997],[-122.2813963,43.6771207],[-122.2811779,43.6767693],[-122.2810896,43.6764864],[-122.2810463,43.6762002],[-122.2810165,43.6753033],[-122.281074,43.6744771],[-122.2812511,43.67372],[-122.281247,43.672982],[-122.2810133,43.6723799],[-122.2804972,43.6718499],[-122.279702,43.671405],[-122.27885,43.670993],[-122.277433,43.670307],[-122.2767779,43.6698724],[-122.2766069,43.669759],[-122.273431,43.667015],[-122.2729753,43.6666878],[-122.2723767,43.6664144],[-122.2714908,43.6662538],[-122.2704543,43.6662243],[-122.269319,43.6662032],[-122.2678993,43.6662111],[-122.2661657,43.6663564],[-122.2655133,43.6663235],[-122.2647238,43.6661837],[-122.2639177,43.6658758],[-122.2633718,43.6656633],[-122.262722,43.6654608],[-122.2622823,43.6653538],[-122.2618385,43.6652879],[-122.2611874,43.6652094],[-122.2564393,43.6646461],[-122.2555562,43.6644633],[-122.2547174,43.6641929],[-122.25397,43.6638562],[-122.2534767,43.663572],[-122.2531584,43.6632922],[-122.2528853,43.6629781],[-122.2525331,43.6624143],[-122.251427,43.6604199],[-122.2513036,43.6602355],[-122.2511548,43.6600754],[-122.2510006,43.6599241],[-122.2507592,43.6597368],[-122.2501141,43.6593109],[-122.2477603,43.6577836],[-122.2473558,43.6574816],[-122.2470005,43.6571306],[-122.246694,43.6566191],[-122.2465416,43.6560924],[-122.2464933,43.6551648],[-122.2463641,43.6546954],[-122.2461751,43.654308],[-122.245051,43.6531066],[-122.2435491,43.6515378],[-122.242803,43.650721],[-122.2425042,43.6501773],[-122.2424736,43.6496484],[-122.2425468,43.6492979],[-122.2426773,43.6488997],[-122.24293,43.6483653],[-122.2431932,43.647808],[-122.2432883,43.6473464],[-122.2431777,43.646811],[-122.2428816,43.6463129],[-122.2423727,43.6458768],[-122.2418006,43.645566],[-122.241354,43.6454529],[-122.2408953,43.6453836],[-122.2404028,43.6453813],[-122.2398224,43.6454492],[-122.2386294,43.6457161],[-122.2382341,43.6458018],[-122.2376349,43.6457738],[-122.2370547,43.6456618],[-122.2365158,43.6454701],[-122.236039,43.645206],[-122.2356047,43.6448818],[-122.235488,43.6447052],[-122.2353619,43.6444897],[-122.2352546,43.6442733],[-122.2351889,43.6440268],[-122.2351728,43.6435717],[-122.2351809,43.6431563],[-122.2351567,43.6428962],[-122.2351272,43.6427215],[-122.2350669,43.6424857],[-122.2349757,43.6422372],[-122.2348309,43.6420169],[-122.2346646,43.6418374],[-122.2343061,43.6415221],[-122.2338432,43.641274],[-122.2336306,43.6411842],[-122.2333176,43.6410916],[-122.2330539,43.6410386],[-122.2327631,43.6409988],[-122.2324222,43.6409843],[-122.2316637,43.6410023],[-122.230979,43.641036],[-122.2302981,43.6409739],[-122.2296465,43.6408183],[-122.2290386,43.6406126],[-122.2288576,43.6405097],[-122.2285813,43.6403369],[-122.2283265,43.6401525],[-122.2277582,43.6396993],[-122.2273884,43.6393332],[-122.2271903,43.6390965],[-122.2269047,43.6388395],[-122.2266166,43.6386579],[-122.2261727,43.6384162],[-122.2254391,43.6380406],[-122.2251803,43.6378805],[-122.2249295,43.6376863],[-122.2247699,43.6375311],[-122.2246586,43.6373942],[-122.2245204,43.6371681],[-122.2243246,43.6367352],[-122.2242254,43.6364906],[-122.2235562,43.6349075],[-122.2234824,43.6347784],[-122.2233818,43.634627],[-122.2232424,43.6344668],[-122.2230251,43.6342766],[-122.22271,43.6340698],[-122.2187822,43.6311069],[-122.2185416,43.6309397],[-122.218284,43.6307878],[-122.2179932,43.6306554],[-122.2177163,43.6305508],[-122.2175534,43.6305056],[-122.2171868,43.630439],[-122.2170155,43.6304454],[-122.216834,43.630474],[-122.2118165,43.6310047],[-122.2108117,43.6310437],[-122.2092166,43.6309259],[-122.2084168,43.6308197],[-122.20799,43.6306978],[-122.2076356,43.6305373],[-122.2073127,43.6303134],[-122.2070754,43.6301114],[-122.2069024,43.6299222],[-122.2067736,43.6297523],[-122.2066786,43.6295625],[-122.206606,43.6294067],[-122.2064906,43.6291194],[-122.2061162,43.6279873],[-122.2059455,43.6276345],[-122.20569,43.6272216],[-122.2056003,43.6270895],[-122.2055066,43.6269926],[-122.2052944,43.6268172],[-122.2050485,43.6266666],[-122.2047745,43.6265441],[-122.2044785,43.6264523],[-122.204238,43.6263961],[-122.2036751,43.6263381],[-122.2033473,43.6263451],[-122.2028814,43.6264072],[-122.2024501,43.6265247],[-122.2020713,43.6266859],[-122.1977495,43.6291028],[-122.1972354,43.6293195],[-122.1966884,43.629475],[-122.1961977,43.6295593],[-122.1956569,43.6295975],[-122.1951872,43.6295861],[-122.194732,43.6295349],[-122.1942881,43.6294448],[-122.193849,43.6293125],[-122.1934744,43.6291603],[-122.1930656,43.6289785],[-122.1926878,43.6287797],[-122.1923866,43.6286215],[-122.1916599,43.628184],[-122.1909902,43.6277972],[-122.1907179,43.6276187],[-122.190447,43.6273992],[-122.1899755,43.6269545],[-122.1892704,43.6262597],[-122.1888335,43.6259006],[-122.1884956,43.6257611],[-122.1880451,43.6256354],[-122.1877339,43.6255684],[-122.1872351,43.6255082],[-122.1867622,43.6254885],[-122.1846091,43.6253647],[-122.1843423,43.6253441],[-122.1833459,43.625282],[-122.1823736,43.6252082],[-122.1820544,43.6251791],[-122.1809144,43.6250752],[-122.1805979,43.62505],[-122.1802814,43.6250374],[-122.1799783,43.6250451],[-122.17867,43.6251917],[-122.1783449,43.6252073],[-122.1780123,43.6252043],[-122.1777843,43.6251781],[-122.1773519,43.6251179],[-122.1767039,43.6249949],[-122.1760679,43.6248913],[-122.1757431,43.6248539],[-122.1754172,43.6248384],[-122.1748433,43.6248568],[-122.1743873,43.6248937],[-122.1736456,43.6249733],[-122.1732862,43.6249917],[-122.1729778,43.6249908],[-122.1726452,43.6249733],[-122.1722965,43.6249063],[-122.1719988,43.6248238],[-122.171748,43.6247364],[-122.1714114,43.624583],[-122.1700515,43.6238746],[-122.1695231,43.6236782],[-122.169224,43.6235889],[-122.1689075,43.6235433],[-122.1686246,43.6235152],[-122.1681833,43.6235171],[-122.1679138,43.6235482],[-122.167502,43.6236336],[-122.1670957,43.6237753],[-122.1662656,43.6241987],[-122.1652981,43.6247297],[-122.1645231,43.6251848],[-122.1640336,43.6253488],[-122.1635502,43.6254489],[-122.1627375,43.6254976],[-122.1621134,43.6254376],[-122.161568,43.6253107],[-122.1610504,43.6251144],[-122.1576329,43.6234753],[-122.1562978,43.6228181],[-122.1550043,43.6221424],[-122.153948,43.6215939],[-122.1533768,43.6212923],[-122.1530832,43.6211214],[-122.1528344,43.6209182],[-122.1525769,43.620657],[-122.1524602,43.6205085],[-122.1523851,43.6203939],[-122.1522671,43.6201444],[-122.1521544,43.6198133],[-122.1519975,43.6192143],[-122.1519224,43.6189677],[-122.1518353,43.6187784],[-122.1516851,43.6185182],[-122.1515134,43.61829],[-122.1510333,43.6177871],[-122.1505266,43.6173647],[-122.1502481,43.6170062],[-122.1500519,43.6166202],[-122.1499431,43.6162164],[-122.1499244,43.6158053],[-122.1499269,43.6154346],[-122.1501817,43.6146733],[-122.1502809,43.6143053],[-122.1503185,43.6140179],[-122.1503265,43.6138364],[-122.1503118,43.6136645],[-122.1502675,43.6134256],[-122.1502072,43.6132023],[-122.1500811,43.612877],[-122.149428,43.6112914],[-122.1490753,43.6104369],[-122.1486676,43.6094338],[-122.1485187,43.6091183],[-122.14839,43.6089396],[-122.1482666,43.6087881],[-122.1475343,43.6080957],[-122.1470247,43.6076986],[-122.1467645,43.6074713],[-122.1466465,43.6073587],[-122.1465124,43.6071781],[-122.146153,43.6065974],[-122.1459223,43.60624],[-122.1457104,43.6060011],[-122.1454717,43.6057855],[-122.145288,43.6056408],[-122.1452035,43.6055855],[-122.1449836,43.605467],[-122.1447046,43.6053573],[-122.1444283,43.6052621],[-122.1441293,43.6051883],[-122.1438289,43.6051466],[-122.1435191,43.605131],[-122.1431798,43.6051495],[-122.1429156,43.6051805],[-122.142646,43.6052359],[-122.1423993,43.6053019],[-122.1421176,43.6054078],[-122.1418896,43.6055136],[-122.1416898,43.605634],[-122.1415329,43.6057448],[-122.1413344,43.6059079],[-122.1405177,43.6066518],[-122.1402924,43.606813],[-122.1400121,43.6069741],[-122.1396621,43.6071441],[-122.1394354,43.6072315],[-122.1391417,43.6073199],[-122.1387059,43.6073597],[-122.1382928,43.6073762],[-122.1378905,43.6073344],[-122.1376048,43.6072791],[-122.1371126,43.607113],[-122.1367398,43.6069266],[-122.1362865,43.6066751],[-122.135215,43.6060497],[-122.134822,43.6058642],[-122.134362,43.6056768],[-122.1328616,43.6051761],[-122.1318939,43.6048633],[-122.1309247,43.6045919],[-122.129928,43.6044197],[-122.1289204,43.6043202],[-122.1261128,43.6040284],[-122.1250118,43.60392],[-122.1245478,43.6039026],[-122.1243185,43.6039103],[-122.1239765,43.6039511],[-122.121529,43.6042891],[-122.1192021,43.6046217],[-122.1170539,43.6049584],[-122.1154764,43.6053098],[-122.1149039,43.6054602],[-122.1112331,43.6066205],[-122.1066034,43.6082983],[-122.1050063,43.6091062],[-122.1036172,43.6096688],[-122.1022849,43.6100783],[-122.1013586,43.6103695],[-122.1006385,43.6106012],[-122.0989857,43.6111275],[-122.0986062,43.6112351],[-122.0981704,43.6113375],[-122.0973718,43.6114569],[-122.0966197,43.6115066],[-122.0959014,43.611496],[-122.0951781,43.611421],[-122.0946926,43.6113245],[-122.0941897,43.6112037],[-122.093465,43.6109637],[-122.0927531,43.6106411],[-122.0920795,43.6102402],[-122.0907977,43.6094128],[-122.0900955,43.6089857],[-122.0895526,43.6085638],[-122.0890576,43.6080919],[-122.088515,43.6074296],[-122.0872533,43.6059672],[-122.0869613,43.6056918],[-122.0865816,43.605418],[-122.0859053,43.6051172],[-122.0854503,43.6049833],[-122.0849524,43.604885],[-122.0842487,43.6048461],[-122.0836878,43.604879],[-122.0831884,43.6049725],[-122.0824808,43.6051819],[-122.0813287,43.6055858],[-122.0807526,43.6057977],[-122.0802154,43.6059666],[-122.0795044,43.606116],[-122.0788438,43.6061817],[-122.0782162,43.6061825],[-122.077543,43.6061155],[-122.0769821,43.6060061],[-122.0764763,43.6058586],[-122.0759583,43.6056496],[-122.0757577,43.6055511],[-122.0755358,43.6054291],[-122.0752716,43.6052679],[-122.0749189,43.6049912],[-122.0745255,43.604644],[-122.0742399,43.6043364],[-122.0735632,43.6036645],[-122.0731333,43.6032038],[-122.0728241,43.6029285],[-122.0726095,43.6027741],[-122.0723239,43.6025925],[-122.0720114,43.6024313],[-122.0717324,43.6023186],[-122.0686935,43.601263],[-122.0683609,43.6011328],[-122.068027,43.6009872],[-122.0678151,43.6008813],[-122.067524,43.6006919],[-122.0672558,43.6004996],[-122.0666443,43.599983],[-122.0664351,43.5998237],[-122.0661481,43.5996693],[-122.0659724,43.5995887],[-122.0657846,43.5995008],[-122.0654695,43.5994012],[-122.0651262,43.5993177],[-122.0648499,43.5992866],[-122.0634303,43.5992521],[-122.0623915,43.599267],[-122.0611297,43.5992953],[-122.0608225,43.5993109],[-122.0605141,43.5993517],[-122.0602844,43.5993887],[-122.0599642,43.5994566],[-122.0591287,43.5996576],[-122.0588498,43.599712],[-122.0586352,43.5997411],[-122.0584072,43.5997576],[-122.0582208,43.5997683],[-122.058025,43.5997586],[-122.0576535,43.5997227],[-122.0573987,43.5996741],[-122.0570554,43.5995721],[-122.0567617,43.5994624],[-122.0564465,43.5992983],[-122.0562118,43.5991438],[-122.055961,43.598903],[-122.0553803,43.5981513],[-122.0549834,43.5974481],[-122.0527303,43.5922693],[-122.0523495,43.5912358],[-122.0521727,43.5904968],[-122.0520543,43.5898342],[-122.0520209,43.5892265],[-122.0520128,43.5891416],[-122.0520122,43.5890294],[-122.0520162,43.5888351],[-122.0520517,43.5885748],[-122.0520973,43.5883523],[-122.0522214,43.5878613],[-122.0523722,43.5873144],[-122.0525801,43.5865713],[-122.052682,43.5861341],[-122.0527062,43.5859904],[-122.0527169,43.5858446],[-122.0527236,43.5856513],[-122.0527223,43.5855076],[-122.0527115,43.5853696],[-122.0526874,43.5852297],[-122.0526525,43.5850675],[-122.0525855,43.5848344],[-122.0524728,43.5846032],[-122.0523669,43.584404],[-122.0521952,43.5841592],[-122.0518895,43.583826],[-122.0516172,43.5835491],[-122.0513396,43.5833189],[-122.050916,43.583045],[-122.0501173,43.582612],[-122.0493481,43.5822111],[-122.0476119,43.5814314],[-122.0445774,43.5801814],[-122.0444724,43.5801382],[-122.04437,43.580096],[-122.0441489,43.5800012],[-122.0427596,43.5794289],[-122.0414811,43.5788927],[-122.0406868,43.5785655],[-122.0392068,43.5779204],[-122.0380449,43.5773385],[-122.0369015,43.5766987],[-122.0357003,43.5760889],[-122.0354033,43.5759679],[-122.0350727,43.5758513],[-122.0348782,43.5757916],[-122.0345812,43.5757163],[-122.0343149,43.575656],[-122.0340333,43.575607],[-122.0336726,43.5755589],[-122.0333111,43.5755268],[-122.0325494,43.5754981],[-122.030816,43.5754766],[-122.0303218,43.5754564],[-122.0299553,43.575426],[-122.0295037,43.5753641],[-122.0290697,43.5752798],[-122.0284384,43.5750963],[-122.0280661,43.5749618],[-122.0277057,43.5748011],[-122.0271789,43.5745128],[-122.0267077,43.5742034],[-122.0257004,43.5734636],[-122.0244639,43.5725085],[-122.0235519,43.5718181],[-122.0229028,43.5712201],[-122.0225474,43.5708995],[-122.022187,43.570476],[-122.0216851,43.569714],[-122.0212376,43.5689419],[-122.0206793,43.5679608],[-122.020285,43.5672527],[-122.0199108,43.5666017],[-122.0194227,43.5657572],[-122.0191772,43.5654025],[-122.0189908,43.5651654],[-122.0186797,43.564835],[-122.0183055,43.5645173],[-122.0179622,43.5642627],[-122.0173426,43.5639303],[-122.017069,43.5638108],[-122.0166613,43.563664],[-122.0161906,43.5635202],[-122.0157199,43.5634143],[-122.0153712,43.5633618],[-122.0148951,43.5633239],[-122.0144404,43.5632987],[-122.0139255,43.5633016],[-122.0135231,43.5633434],[-122.0129156,43.5634522],[-122.0123135,43.5636057],[-122.0116858,43.5638011],[-122.0096138,43.5645241],[-122.0091163,43.5646786],[-122.0086925,43.5647826],[-122.00827,43.5648652],[-122.0079106,43.5649167],[-122.0074707,43.5649516],[-122.0069101,43.5649575],[-122.0065078,43.564939],[-122.0061323,43.5649021],[-122.0057407,43.564836],[-122.0053692,43.5647573],[-122.0049736,43.5646407],[-122.0046142,43.5645221],[-122.0041703,43.5643317],[-122.0036808,43.5640673],[-122.003379,43.563872],[-122.0030893,43.5636679],[-122.0026039,43.563287],[-122.001829,43.562572],[-122.0001235,43.5610629],[-121.9993004,43.5603557],[-121.9989829,43.5601383],[-121.9987106,43.5599692],[-121.9984438,43.5598264],[-121.9981648,43.5596913],[-121.9977397,43.5595115],[-121.9972663,43.5593511],[-121.9957147,43.5588528],[-121.9933543,43.5580304],[-121.99285,43.5577952],[-121.9923297,43.5575036],[-121.9919139,43.5571946],[-121.9914258,43.5566989],[-121.990788,43.555843],[-121.9900148,43.5547774],[-121.9896515,43.5543304],[-121.9894885,43.55419],[-121.9891942,43.5539562],[-121.9887229,43.553666],[-121.9882929,43.5534411],[-121.9878921,43.5532685],[-121.9869459,43.5529052],[-121.9837254,43.5517535],[-121.980424,43.55065],[-121.9783839,43.5500661],[-121.9762736,43.5495702],[-121.9744715,43.5491974],[-121.97369,43.5490676],[-121.9730397,43.5489916],[-121.9724,43.5489412],[-121.9706407,43.5489157],[-121.9697253,43.5489086],[-121.9688693,43.548853],[-121.9682314,43.5487804],[-121.9679055,43.5487202],[-121.9675004,43.5486395],[-121.9671357,43.5485374],[-121.9665818,43.5483634],[-121.9660775,43.5481612],[-121.9657382,43.547996],[-121.9651186,43.5476558],[-121.9646251,43.5473253],[-121.9641463,43.5469297],[-121.9637346,43.5465574],[-121.9631486,43.5460159],[-121.9621175,43.545027],[-121.9615419,43.5445326],[-121.9596697,43.5428013],[-121.9572518,43.5405737],[-121.9566429,43.5399957],[-121.9562727,43.5396029],[-121.9560877,43.5393754],[-121.9559133,43.5391402],[-121.9557135,43.5388252],[-121.9555646,43.5385617],[-121.9554533,43.538306],[-121.9553608,43.5380776],[-121.9552749,43.5377956],[-121.9552293,43.5375905],[-121.9551824,43.5373455],[-121.9551569,43.5370957],[-121.9551422,43.5368166],[-121.9551623,43.536384],[-121.9551958,43.5361157],[-121.9552629,43.5358376],[-121.95535,43.5355207],[-121.9554801,43.5351843],[-121.9556397,43.5348586],[-121.9557939,43.5346019],[-121.9559334,43.5343919],[-121.9561198,43.534141],[-121.9563988,43.533829],[-121.9567086,43.5335188],[-121.9571123,43.5331902],[-121.9574583,43.5329354],[-121.9582401,43.5324279],[-121.9633378,43.5292181],[-121.9656003,43.5277923],[-121.968623,43.5258977],[-121.9714902,43.5240968],[-121.9727482,43.5233121],[-121.9735944,43.5227743],[-121.9739887,43.5225215],[-121.9744071,43.5222288],[-121.9748296,43.5218671],[-121.9751515,43.5215491],[-121.975425,43.5212369],[-121.9757026,43.5208615],[-121.9758448,43.5206252],[-121.9760849,43.5201458],[-121.976219,43.5197831],[-121.9763075,43.5194563],[-121.9763625,43.5191412],[-121.9763933,43.5188077],[-121.9763945,43.5184796],[-121.9763598,43.5180695],[-121.9763075,43.5177282],[-121.9762176,43.5174306],[-121.9760889,43.5170853],[-121.9759615,43.5168052],[-121.9753151,43.51561],[-121.974725,43.514581],[-121.9744299,43.5140675],[-121.9741403,43.5136133],[-121.9739485,43.5133575],[-121.9736896,43.5130541],[-121.9734965,43.5128625],[-121.9732122,43.5125911],[-121.9731083,43.5125011],[-121.9727911,43.5122672],[-121.9725012,43.5120673],[-121.97191,43.5117119],[-121.9713628,43.5114084],[-121.9673073,43.5091363],[-121.9670713,43.5090079],[-121.9658728,43.5083404],[-121.9633417,43.5069259],[-121.9582597,43.504087],[-121.9557291,43.5026768],[-121.953701,43.5015364],[-121.9533625,43.5013371],[-121.9529079,43.5010365],[-121.9526249,43.5008575],[-121.9519651,43.5004051],[-121.951549,43.5000725],[-121.951141,43.4997461],[-121.9507849,43.499444],[-121.950451,43.4991551],[-121.9500513,43.4987776],[-121.9495325,43.4982461],[-121.9490294,43.4977036],[-121.9485855,43.4971676],[-121.9480437,43.4964273],[-121.9475242,43.4956414],[-121.9466731,43.4943969],[-121.945669,43.4929073],[-121.9446842,43.4914509],[-121.9441974,43.4907075],[-121.9437589,43.48997],[-121.9435349,43.4895225],[-121.9432306,43.4888655],[-121.9429964,43.4883104],[-121.9427979,43.487751],[-121.9425544,43.4868972],[-121.9423566,43.4859306],[-121.9422481,43.4849605],[-121.9422253,43.4842859],[-121.9422294,43.4836122],[-121.9422798,43.4829384],[-121.9423701,43.4822557],[-121.9443901,43.4736996],[-121.9454078,43.4694213],[-121.9459245,43.4672791],[-121.9465877,43.4645127],[-121.9472784,43.461632],[-121.9479676,43.458743],[-121.9485745,43.4561438],[-121.9495346,43.4521965],[-121.9504637,43.4482727],[-121.950833,43.4467422],[-121.9514182,43.4442709],[-121.9516148,43.443394],[-121.9516791,43.4426745],[-121.9515972,43.4419349],[-121.951403,43.441268],[-121.9511069,43.4406508],[-121.950695,43.4400553],[-121.9499908,43.4393325],[-121.9495139,43.4389337],[-121.9491071,43.4386936],[-121.9485018,43.4383655],[-121.9481014,43.4381749],[-121.9476307,43.4379879],[-121.9469185,43.4377719],[-121.9461597,43.4376062],[-121.945056,43.437453],[-121.9423687,43.4371841],[-121.9396617,43.4369213],[-121.9380227,43.4367565],[-121.9352479,43.4364842],[-121.933845,43.4363406],[-121.9324518,43.4362005],[-121.9307526,43.4360269],[-121.9290449,43.4358775],[-121.927423,43.4358247],[-121.9254212,43.4358772],[-121.9232541,43.4360489],[-121.9210582,43.4362184],[-121.9188198,43.4364013],[-121.9179235,43.4364511],[-121.9170332,43.4364667],[-121.9162199,43.4364328],[-121.9152607,43.4363603],[-121.9151755,43.4363539],[-121.9141382,43.4362148],[-121.9131123,43.4360261],[-121.9118688,43.435711],[-121.9106657,43.4353226],[-121.9094823,43.4348135],[-121.908366,43.434242],[-121.9072026,43.433495],[-121.9022086,43.4297284],[-121.897255,43.425906],[-121.894787,43.424036],[-121.889884,43.420474],[-121.8847,43.4165],[-121.8818035,43.4141779],[-121.8804655,43.4131768],[-121.879524,43.4126059],[-121.8790466,43.4123877],[-121.8779522,43.4120019],[-121.8768472,43.4117583],[-121.876308,43.411694],[-121.8755785,43.411655],[-121.8746719,43.4116726],[-121.8728346,43.4118401],[-121.8719199,43.4119103],[-121.8710429,43.4119239],[-121.87025,43.411876],[-121.86819,43.411623],[-121.867248,43.411372],[-121.866181,43.410985],[-121.8645921,43.4101801],[-121.8636936,43.4095935],[-121.8618268,43.4080678],[-121.86055,43.4068889],[-121.859558,43.405784],[-121.8590319,43.4051196],[-121.8582031,43.4038549],[-121.8576077,43.4027013],[-121.8572187,43.4016684],[-121.8570739,43.400696],[-121.8571597,43.3998171],[-121.8573797,43.3990453],[-121.858874,43.3963902],[-121.8592035,43.3954411],[-121.8593447,43.3946886],[-121.8593565,43.3939789],[-121.85918,43.3929271],[-121.8587564,43.3919523],[-121.8581327,43.3910629],[-121.8573325,43.3902249],[-121.8562263,43.3894211],[-121.8521665,43.3866674],[-121.844532,43.3814889],[-121.8437236,43.3809226],[-121.8432469,43.3805444],[-121.8422409,43.3796262],[-121.8392691,43.3762457],[-121.8386271,43.3756871],[-121.8379248,43.3751684],[-121.8371439,43.3746784],[-121.8360315,43.374123],[-121.8309685,43.3715939],[-121.827902,43.3700585],[-121.8259927,43.3691292],[-121.8250017,43.3686758],[-121.8248977,43.3686286],[-121.8232653,43.3678122],[-121.8229083,43.3676502],[-121.8170717,43.3647441],[-121.816515,43.3644157],[-121.8157439,43.3638915],[-121.8151778,43.3634907],[-121.8145817,43.3630078],[-121.8138366,43.3622958],[-121.8132533,43.3616427],[-121.8127466,43.3609276],[-121.8122573,43.3601314],[-121.8089135,43.354387],[-121.8080008,43.3527838],[-121.8071889,43.3514608],[-121.8063183,43.3499244],[-121.8055456,43.3485516],[-121.8052984,43.3479381],[-121.8050868,43.3472749],[-121.8049835,43.3467354],[-121.8049228,43.3460845],[-121.8049782,43.3451585],[-121.805138,43.3443301],[-121.8054548,43.3434673],[-121.8061338,43.3419775],[-121.8072116,43.3396307],[-121.8077439,43.3387193],[-121.8082074,43.3381515],[-121.8093376,43.3369569],[-121.8112483,43.3349225],[-121.8142568,43.3317229],[-121.8147302,43.3310922],[-121.8150861,43.3304277],[-121.8153707,43.3296824],[-121.8158557,43.327945],[-121.8163975,43.3261127],[-121.8165832,43.3253286],[-121.8166069,43.3245612],[-121.8165813,43.323076],[-121.8165377,43.3221358],[-121.8163816,43.3214005],[-121.8161062,43.3206548],[-121.8157107,43.3198398],[-121.8155285,43.3194989],[-121.8153848,43.3191248],[-121.8153127,43.3188338],[-121.8142578,43.3154141],[-121.8129145,43.311065],[-121.8123722,43.3095225],[-121.8117067,43.30798],[-121.8109672,43.3064734],[-121.8106468,43.3057021],[-121.8102894,43.304608],[-121.8101538,43.3035497],[-121.8102031,43.302599],[-121.8108193,43.2996212],[-121.8110412,43.2983297],[-121.8109919,43.2971188],[-121.8107577,43.2960155],[-121.8079355,43.2898619],[-121.8062717,43.2862825],[-121.8050886,43.2837794],[-121.8033632,43.2799664],[-121.8029608,43.2789422],[-121.8027254,43.2780769],[-121.8025489,43.2771859],[-121.8022312,43.2733219],[-121.8017017,43.2694576],[-121.8016193,43.2688921],[-121.8014817,43.2684],[-121.8013016,43.2677439],[-121.7973712,43.2574348],[-121.79554,43.2526941],[-121.7944376,43.249833],[-121.7937255,43.2479888],[-121.7930844,43.2463125],[-121.7924139,43.2444437],[-121.7922851,43.243879],[-121.7914251,43.2394836],[-121.7905912,43.2352105],[-121.7901069,43.2337745],[-121.7897437,43.232939],[-121.7885429,43.2306154],[-121.7885202,43.2305717],[-121.7881295,43.2297969],[-121.7859979,43.225671],[-121.7834588,43.2207169],[-121.7825985,43.2190711],[-121.7816926,43.2173237],[-121.7815812,43.2171034],[-121.7810058,43.2159911],[-121.7799939,43.2139906],[-121.7798102,43.2136329],[-121.7792724,43.2125949],[-121.7788683,43.2117835],[-121.7784995,43.2109733],[-121.7781832,43.2101468],[-121.7779071,43.2092612],[-121.7777738,43.208573],[-121.7776374,43.2075892],[-121.7775767,43.2066064],[-121.7776187,43.2056912],[-121.7776568,43.2048702],[-121.7776593,43.2048309],[-121.777675,43.2046515],[-121.777716,43.203817],[-121.7783224,43.1967903],[-121.7789203,43.189767],[-121.7796855,43.1806965],[-121.779925,43.179071],[-121.780206,43.177722],[-121.780768,43.176487],[-121.7852683,43.1677359],[-121.787136,43.164114],[-121.788228,43.161529],[-121.7895618,43.1572786],[-121.7908044,43.1530066],[-121.7908428,43.1528488],[-121.7918722,43.149381],[-121.7930607,43.1453361],[-121.7938295,43.1427005],[-121.7946104,43.1400501],[-121.7961645,43.1346507],[-121.8008877,43.1185568],[-121.8015101,43.1163433],[-121.8019754,43.1141102],[-121.8054685,43.0755993],[-121.8055369,43.0748185],[-121.8058285,43.0717042],[-121.8061399,43.0682988],[-121.8064573,43.0649473],[-121.8068164,43.0608755],[-121.8072117,43.0562879],[-121.8079015,43.0487454],[-121.8085771,43.0412832],[-121.8108923,43.0154991],[-121.8113268,43.010556],[-121.811851,43.004792],[-121.8134987,42.986634],[-121.8149004,42.9712405],[-121.8160042,42.9589119],[-121.8170891,42.9467221],[-121.817758,42.9392465],[-121.8180861,42.935669],[-121.8184227,42.9319157],[-121.8185096,42.9307819],[-121.8185422,42.9294943],[-121.8185425,42.9280618],[-121.8185425,42.9236659],[-121.8185447,42.9216629],[-121.8185424,42.9149942],[-121.818556,42.9071848],[-121.8185576,42.8994687],[-121.8185592,42.8978136],[-121.8185622,42.8927709],[-121.8185695,42.8804789],[-121.8185745,42.8748375],[-121.8185457,42.8691035],[-121.8185724,42.8663096],[-121.8185802,42.8493516],[-121.8185921,42.8462385],[-121.8185747,42.8433595],[-121.8185826,42.8404821],[-121.8185984,42.8390477],[-121.8186808,42.8376105],[-121.8188941,42.8360141],[-121.8191602,42.8346757],[-121.8194955,42.8333591],[-121.8199104,42.8320259],[-121.8207429,42.8293744],[-121.8224299,42.8240078],[-121.8257569,42.8133744],[-121.8260286,42.8125875],[-121.8265952,42.8106819],[-121.8277043,42.8071303],[-121.8286423,42.8041296],[-121.8295908,42.8011547],[-121.8314422,42.7952067],[-121.8327325,42.7910691],[-121.8333965,42.7889375],[-121.833681,42.7878935],[-121.833933,42.786795],[-121.8341236,42.7857531],[-121.8342632,42.7847159],[-121.834381,42.7830024],[-121.8343926,42.7811067],[-121.8342479,42.7793013],[-121.8340549,42.7775047],[-121.833217,42.7686713],[-121.8323412,42.7598319],[-121.8321921,42.7583348],[-121.8321449,42.7578491],[-121.8320831,42.7569477],[-121.8319767,42.7562779],[-121.8317335,42.7553659],[-121.8311077,42.7540304],[-121.8292972,42.7505487],[-121.8274894,42.7470699],[-121.825928,42.7440808],[-121.8243665,42.7410874],[-121.8238364,42.7400318],[-121.8232934,42.738861],[-121.8230578,42.7379887],[-121.8229747,42.737415],[-121.8229229,42.736766],[-121.8229937,42.7359691],[-121.8231685,42.7351928],[-121.8241128,42.7321139],[-121.8253112,42.728246],[-121.8255141,42.727455],[-121.8256452,42.7266267],[-121.8256603,42.7259468],[-121.8255969,42.7252196],[-121.8251701,42.7226732],[-121.8250648,42.7219257],[-121.8250001,42.7212431],[-121.824941,42.7201357],[-121.8248448,42.7191305],[-121.8246325,42.7182889],[-121.8242949,42.7174241],[-121.820848,42.7103176],[-121.8205319,42.7096016],[-121.8203215,42.7089654],[-121.8202398,42.7084198],[-121.8202414,42.7079657],[-121.8203195,42.707539],[-121.8204636,42.7069983],[-121.8208719,42.7058791],[-121.821076,42.7051793],[-121.821131,42.7049389],[-121.8211591,42.7046245],[-121.8211605,42.7043485],[-121.8211404,42.7041238],[-121.8210857,42.7036701],[-121.8209795,42.7031516],[-121.8207239,42.7024687],[-121.8203724,42.7018844],[-121.8191967,42.7002413],[-121.8189501,42.6998427],[-121.8188243,42.6996336],[-121.8187116,42.6993941],[-121.8186177,42.6991792],[-121.8185453,42.6989279],[-121.8184863,42.6986884],[-121.8184434,42.6984164],[-121.8184313,42.6981749],[-121.8184447,42.697895],[-121.8184769,42.6976486],[-121.8185386,42.6973144],[-121.8189932,42.6957817],[-121.8190992,42.6953303],[-121.8191408,42.6949912],[-121.8191515,42.6946344],[-121.8191202,42.6943318],[-121.8190308,42.693906],[-121.818902,42.6935521],[-121.8187264,42.6931697],[-121.8185882,42.6929055],[-121.8184611,42.6926801],[-121.8183486,42.6924591],[-121.8180949,42.691989],[-121.8178989,42.6915724],[-121.8177495,42.6911765],[-121.8176862,42.6909261],[-121.8176395,42.6905367],[-121.8176446,42.6901698],[-121.817699,42.689716],[-121.8177693,42.6894016],[-121.8179357,42.6888267],[-121.8183582,42.6874443],[-121.8186607,42.68647],[-121.8189497,42.6854867],[-121.8190754,42.6849202],[-121.8191262,42.6843018],[-121.8191329,42.6837848],[-121.8190693,42.6830959],[-121.8189369,42.6824886],[-121.8187662,42.6819667],[-121.8185929,42.6815428],[-121.8183165,42.6809068],[-121.8176664,42.6794549],[-121.8172196,42.6782577],[-121.8170562,42.6777049],[-121.8168972,42.6770343],[-121.8165473,42.6751095],[-121.8161425,42.6727165],[-121.8160017,42.6717681],[-121.8159181,42.671152],[-121.8158846,42.6706836],[-121.8158698,42.6703533],[-121.8158846,42.6698849],[-121.8159248,42.6694303],[-121.8159744,42.6690418],[-121.8160911,42.6685182],[-121.816282,42.667828],[-121.8167526,42.6667447],[-121.8170924,42.666118],[-121.8174283,42.6656235],[-121.8177777,42.6651261],[-121.8182438,42.6645589],[-121.8190292,42.6637598],[-121.8220563,42.6608114],[-121.8243483,42.6585914],[-121.8259592,42.6570189],[-121.8290032,42.6540672],[-121.8294579,42.6535968],[-121.8298133,42.6531638],[-121.8300936,42.652788],[-121.8302867,42.6524822],[-121.830512,42.6520689],[-121.8306716,42.6517474],[-121.8308231,42.6513893],[-121.8309291,42.6510806],[-121.8310484,42.6506387],[-121.831145,42.6501317],[-121.831204,42.6496612],[-121.8314829,42.6452962],[-121.8315031,42.6447763],[-121.8315017,42.6444449],[-121.8314722,42.644148],[-121.8314078,42.6437731],[-121.8313569,42.6435679],[-121.8312885,42.643343],[-121.8311343,42.6429652],[-121.8309197,42.6425439],[-121.8306555,42.6421444],[-121.8302156,42.6416126],[-121.8289789,42.6403386],[-121.8287359,42.6400939],[-121.8284975,42.6397778],[-121.8282697,42.6394427],[-121.828174,42.6392695],[-121.828092,42.6390952],[-121.8279736,42.6387646],[-121.8278643,42.6383468],[-121.8278354,42.6380485],[-121.8278278,42.6378061],[-121.8278703,42.637414],[-121.827925,42.6371559],[-121.8280131,42.6368677],[-121.8281194,42.6366309],[-121.8282591,42.6363382],[-121.8289029,42.6352177],[-121.8290988,42.6348814],[-121.8292125,42.6346878],[-121.8293828,42.6342469],[-121.829477,42.6340078],[-121.8295726,42.6336458],[-121.8296227,42.6333889],[-121.8296334,42.633104],[-121.8296121,42.632732],[-121.8295726,42.6324985],[-121.8295028,42.6322337],[-121.829398,42.6319454],[-121.8292431,42.6316315],[-121.8290548,42.6313321],[-121.8288316,42.6310438],[-121.8285795,42.6307679],[-121.8283487,42.6305578],[-121.8280571,42.6303199],[-121.8277443,42.6300875],[-121.8263948,42.6291753],[-121.8257884,42.6287177],[-121.8255546,42.6285266],[-121.8252493,42.6282272],[-121.8250413,42.6279848],[-121.8248317,42.627701],[-121.8246738,42.6274496],[-121.8245493,42.6272004],[-121.8244323,42.6269144],[-121.8243412,42.6266451],[-121.8242835,42.6263568],[-121.8242547,42.6260742],[-121.8242532,42.6257725],[-121.824279,42.6254417],[-121.8243488,42.6251244],[-121.8244293,42.6248641],[-121.824528,42.6245948],[-121.8246692,42.6243177],[-121.8248925,42.6239601],[-121.8251445,42.6236316],[-121.825427,42.6233322],[-121.8258006,42.6229891],[-121.8261119,42.6227612],[-121.8264566,42.6225355],[-121.82678,42.6223645],[-121.8271551,42.6222014],[-121.8275621,42.6220505],[-121.8280541,42.6218986],[-121.8284337,42.621817],[-121.8289789,42.6217354],[-121.8294997,42.6216896],[-121.8299538,42.6216829],[-121.8303213,42.6216974],[-121.8307571,42.6217265],[-121.8310426,42.6217622],[-121.8313873,42.6218259],[-121.8317988,42.6219097],[-121.8322361,42.6220204],[-121.834804,42.6226796],[-121.8356255,42.622883],[-121.8362117,42.6230193],[-121.8368313,42.623121],[-121.8372428,42.6231713],[-121.8378168,42.6231992],[-121.8383589,42.6231903],[-121.8387477,42.6231567],[-121.8392214,42.6230964],[-121.8397013,42.6230003],[-121.8401295,42.6228908],[-121.8405213,42.6227724],[-121.8409404,42.622607],[-121.8414097,42.6223902],[-121.84185,42.6221366],[-121.8422418,42.621874],[-121.8426169,42.6215734],[-121.8429965,42.621265],[-121.8433747,42.6209063],[-121.8440823,42.6202694],[-121.8448006,42.6196224],[-121.8452561,42.6192167],[-121.8456494,42.6189005],[-121.8461293,42.6185552],[-121.8465272,42.6182982],[-121.8469797,42.6180345],[-121.8475299,42.6177525],[-121.8478773,42.6175941],[-121.8484633,42.617355],[-121.8489462,42.6171874],[-121.8494018,42.6170433],[-121.8498433,42.6169151],[-121.8502376,42.6168208],[-121.8504636,42.616771],[-121.8509839,42.6166738],[-121.8531854,42.6163081],[-121.8542274,42.6161339],[-121.8546183,42.6160614],[-121.8549972,42.6159844],[-121.855421,42.6158763],[-121.8557905,42.6157668],[-121.8560003,42.6156913],[-121.8563571,42.6155427],[-121.8567024,42.6153685],[-121.8569418,42.6152368],[-121.857261,42.6150241],[-121.857485,42.6148588],[-121.8576801,42.614692],[-121.8578987,42.6144808],[-121.858063,42.6143036],[-121.858303,42.6139927],[-121.8584666,42.6137267],[-121.8585833,42.6135076],[-121.8586805,42.613288],[-121.8587516,42.6130803],[-121.8587972,42.6129268],[-121.8588422,42.6127225],[-121.8588676,42.612534],[-121.8588898,42.6122749],[-121.8588844,42.6120005],[-121.8588556,42.6116793],[-121.858812,42.6113911],[-121.8587563,42.6111201],[-121.8577334,42.6063583],[-121.8573569,42.6045922],[-121.8569438,42.6026703],[-121.8568392,42.6021382],[-121.8567467,42.6014817],[-121.856689,42.6008529],[-121.8566689,42.6004511],[-121.8566622,42.5999368],[-121.8566769,42.5995064],[-121.8567172,42.5990612],[-121.8567802,42.5985419],[-121.8568513,42.5980138],[-121.8570001,42.5970798],[-121.8575694,42.5936022],[-121.8582179,42.5896209],[-121.8587731,42.5862026],[-121.8589005,42.5855677],[-121.8590266,42.5850898],[-121.8591969,42.584519],[-121.8593685,42.5840145],[-121.8595442,42.5835652],[-121.8597226,42.5831584],[-121.8601987,42.5821995],[-121.8607056,42.5813799],[-121.8615481,42.5801306],[-121.8623994,42.5788983],[-121.8638223,42.5768374],[-121.8646391,42.5756454],[-121.8648939,42.5752987],[-121.8652573,42.5748642],[-121.8655698,42.5745304],[-121.8659292,42.5741838],[-121.8661143,42.5740169],[-121.8664745,42.5737336],[-121.8667388,42.5735369],[-121.8669646,42.5733789],[-121.8672931,42.5731655],[-121.8677008,42.5729186],[-121.8681648,42.5726727],[-121.8685631,42.5724782],[-121.8689588,42.5723083],[-121.8693946,42.5721374],[-121.8697742,42.5720011],[-121.8703066,42.5718382],[-121.8709812,42.5716446],[-121.8718636,42.5713987],[-121.8725387,42.5712129],[-121.8747703,42.5706013],[-121.8761279,42.5701854],[-121.8766795,42.5699821],[-121.8772388,42.569692],[-121.8777159,42.5693977],[-121.8781645,42.5690293],[-121.8784822,42.5686929],[-121.8788203,42.5682376],[-121.8790563,42.5677938],[-121.8792277,42.5673376],[-121.8793174,42.5668009],[-121.8793043,42.5662263],[-121.8791409,42.5655751],[-121.8788697,42.5650059],[-121.878435,42.5644259],[-121.8780472,42.5640093],[-121.8774664,42.5634662],[-121.8768356,42.5628978],[-121.8761954,42.562241],[-121.8760898,42.5621099],[-121.8757635,42.5617048],[-121.8753696,42.5609937],[-121.8751747,42.560455],[-121.8749969,42.5597075],[-121.8748352,42.5584705],[-121.8746984,42.5567294],[-121.8746882,42.555259],[-121.8747957,42.55373],[-121.8750419,42.5512306],[-121.8757481,42.5440467],[-121.875811,42.5434119],[-121.8763997,42.537472],[-121.8766634,42.5348366],[-121.8767586,42.5340677],[-121.8768807,42.533454],[-121.8770014,42.5329599],[-121.8771181,42.5325686],[-121.8773568,42.5318452],[-121.8775325,42.5314074],[-121.8778288,42.5307166],[-121.878022,42.5303479],[-121.8782955,42.5298716],[-121.8795776,42.5277595],[-121.8808343,42.5257166],[-121.8821874,42.5235027],[-121.8824799,42.5230355],[-121.8828128,42.5224815],[-121.8835028,42.5213724],[-121.883905,42.5207065],[-121.8842539,42.520088],[-121.8845116,42.5194887],[-121.8846443,42.5190963],[-121.8847664,42.5186376],[-121.8848187,42.5183381],[-121.8848589,42.5180613],[-121.8848844,42.5177944],[-121.8848978,42.5172982],[-121.8848911,42.5169799],[-121.8848584,42.5165965],[-121.8848039,42.516285],[-121.8845961,42.5153075],[-121.8831402,42.5094617],[-121.8817581,42.5037741],[-121.8809905,42.5007293],[-121.8805598,42.4989596],[-121.8803793,42.4982258],[-121.8774147,42.48617],[-121.873749,42.471332],[-121.8722023,42.4650186],[-121.8717715,42.4632729],[-121.8712728,42.4612239],[-121.8706483,42.4586976],[-121.8704475,42.4578822],[-121.8702462,42.4570611],[-121.8700519,42.4562479],[-121.8698912,42.4554219],[-121.869745,42.4545401],[-121.8696275,42.4536579],[-121.8693704,42.4517078],[-121.8690231,42.4490967],[-121.8687674,42.4471683],[-121.8686521,42.4463186],[-121.8684548,42.4448281],[-121.8684175,42.4445917],[-121.868261,42.4434521],[-121.8681656,42.4427652],[-121.86775,42.4398015],[-121.8674236,42.4386126],[-121.8668144,42.4373243],[-121.86634,42.4365936],[-121.8657039,42.4357773],[-121.8649841,42.4350197],[-121.8643755,42.4344886],[-121.8637296,42.4340392],[-121.8628294,42.433524],[-121.8589861,42.4316662],[-121.8580957,42.4311195],[-121.8573149,42.4305212],[-121.8566625,42.4298944],[-121.8559524,42.4290668],[-121.8545887,42.4274817],[-121.8529719,42.4259885],[-121.8523119,42.4253802],[-121.8516831,42.4247402],[-121.8506443,42.4235583],[-121.8500006,42.4229734],[-121.8492323,42.4223904],[-121.8468605,42.4206887],[-121.8445283,42.4190003],[-121.839848,42.415644],[-121.8390924,42.4149864],[-121.8383002,42.4142156],[-121.835943,42.4119449],[-121.8335942,42.4096644],[-121.8313916,42.4075118],[-121.8290601,42.4052397],[-121.8278097,42.4040864],[-121.8261955,42.4028096],[-121.8252861,42.4019192],[-121.8246931,42.4011294],[-121.8234469,42.3991524],[-121.8221773,42.3970936],[-121.8197107,42.3931425],[-121.8183538,42.3909607],[-121.8165957,42.3885362],[-121.8154032,42.3868519],[-121.8148588,42.3859803],[-121.8147685,42.385778],[-121.8147409,42.3857124],[-121.8145579,42.3852425],[-121.8144514,42.3849132],[-121.8143588,42.3845753],[-121.8142864,42.384175],[-121.8142312,42.3837747],[-121.814211,42.3833892],[-121.8142139,42.3830015],[-121.814266,42.3824293],[-121.8143735,42.3818505],[-121.8145567,42.3812442],[-121.8147827,42.3806453],[-121.8180278,42.3728549],[-121.8212633,42.3650591],[-121.8242691,42.3578055],[-121.8271784,42.35079],[-121.8275086,42.3499956],[-121.8282074,42.3483104],[-121.8286928,42.34713],[-121.8287262,42.3470533],[-121.8291587,42.3459022],[-121.8292403,42.345559],[-121.8293029,42.3452092],[-121.8293396,42.3448583],[-121.8293395,42.3444992],[-121.8293117,42.3442184],[-121.8292579,42.3439313],[-121.8291931,42.3436394],[-121.8290966,42.3433499],[-121.8289533,42.3429978],[-121.8287736,42.3426446],[-121.8286022,42.342374],[-121.8284097,42.3421082],[-121.8279962,42.3415764],[-121.8266716,42.3399309],[-121.826031,42.339137],[-121.8255571,42.3385713],[-121.8250645,42.338012],[-121.8244824,42.3373685],[-121.8238733,42.3367255],[-121.823068,42.3359476],[-121.8222727,42.3351606],[-121.8218324,42.33475],[-121.8212556,42.3341842],[-121.8206983,42.3336536],[-121.8201765,42.3330963],[-121.8199468,42.3328093],[-121.8197241,42.3325099],[-121.8195216,42.3322194],[-121.8193367,42.3319263],[-121.8191716,42.3316117],[-121.819008,42.3312806],[-121.8188739,42.3309445],[-121.8187539,42.3306106],[-121.8186352,42.3301761],[-121.8185426,42.3297567],[-121.818485,42.3292768],[-121.8184658,42.3287983],[-121.8184448,42.3280239],[-121.8179069,42.3048405],[-121.817809,42.2997621],[-121.8177688,42.2983039],[-121.8177205,42.2972723],[-121.8176562,42.2964331],[-121.817354,42.294226],[-121.8165607,42.2878851],[-121.8164359,42.2868084],[-121.8162714,42.28549],[-121.81607,42.283952],[-121.8159598,42.2830664],[-121.8157745,42.2816793],[-121.8155856,42.2802248],[-121.8154866,42.2794384],[-121.8154495,42.2790484],[-121.8154313,42.2786455],[-121.8154371,42.2782663],[-121.815475,42.2778573],[-121.8155453,42.2774452],[-121.8156111,42.2771545],[-121.8156944,42.2768644],[-121.8160534,42.2757785],[-121.8162945,42.275057],[-121.8164594,42.2745372],[-121.8165627,42.274114],[-121.8165968,42.2737241],[-121.8165951,42.2733261],[-121.8165345,42.2729547],[-121.8164447,42.2726259],[-121.8162875,42.2722436],[-121.8161232,42.2719524],[-121.8159346,42.2716761],[-121.8156222,42.2713169],[-121.8153006,42.2710067],[-121.8149046,42.2706968],[-121.813686,42.2698847],[-121.8133389,42.2696429],[-121.812841,42.2692827],[-121.8122448,42.2687753],[-121.8118029,42.2682223],[-121.8116052,42.2678672],[-121.8114397,42.2674975],[-121.8113589,42.267196],[-121.8112884,42.2668874],[-121.8112346,42.2661775],[-121.8112081,42.2654973],[-121.8111604,42.2649703],[-121.8110612,42.2644524],[-121.8109167,42.2640424],[-121.8107187,42.2636505],[-121.8104619,42.2632763],[-121.8101695,42.2629178],[-121.8093836,42.2622882],[-121.8083871,42.2616888],[-121.8065078,42.2605911],[-121.8048252,42.2596336],[-121.8040533,42.2591251],[-121.8037056,42.258837],[-121.803387,42.2585148],[-121.8030978,42.2581533],[-121.802817,42.25766],[-121.8027578,42.2575099],[-121.8026065,42.2571261],[-121.802107,42.255533],[-121.801698,42.254058],[-121.801644,42.253864],[-121.801493,42.253469],[-121.801453,42.2532822],[-121.8013468,42.2529384],[-121.8011783,42.2524885],[-121.8009959,42.2519735],[-121.8002691,42.2509443],[-121.7991225,42.2499859],[-121.7984235,42.2495622],[-121.7979827,42.2493525],[-121.7974753,42.249145],[-121.7973474,42.2490966],[-121.793658,42.2477324],[-121.7916903,42.2469938],[-121.7914528,42.2469069],[-121.7900895,42.2463965],[-121.7892932,42.2460549],[-121.7885243,42.2456991],[-121.7878999,42.2453781],[-121.7872951,42.2450475],[-121.7852955,42.2439104],[-121.7846554,42.2435379],[-121.7840552,42.2431487],[-121.7836481,42.2428389],[-121.7832598,42.2425115],[-121.7829474,42.2422229],[-121.7826563,42.2419197],[-121.7823558,42.2415745],[-121.7820613,42.2412026],[-121.781613,42.2405552],[-121.7808951,42.2395155],[-121.7789384,42.2366654],[-121.7783504,42.2358137],[-121.777745,42.2349567],[-121.7777019,42.2348915],[-121.7776572,42.2348268],[-121.7769352,42.2337747],[-121.7767109,42.2334527],[-121.7760521,42.2324868],[-121.7757632,42.2320601],[-121.7752752,42.2313534],[-121.7750809,42.2310825],[-121.774561,42.2303143],[-121.7740365,42.2295575],[-121.7732683,42.2284471],[-121.7731124,42.2282241],[-121.7730973,42.2282014],[-121.7729934,42.2280303],[-121.7727986,42.2276626],[-121.7723909,42.2270461],[-121.772263,42.2268177],[-121.772156,42.2266259],[-121.7720684,42.2264525],[-121.7719584,42.2262178],[-121.7718951,42.226069],[-121.7718332,42.2259205],[-121.7717846,42.2257789],[-121.7717341,42.2256359],[-121.7716945,42.2255197],[-121.7716514,42.2253815],[-121.7716118,42.2252223],[-121.7715598,42.2250118],[-121.771541,42.2249308],[-121.7714811,42.2245795],[-121.7714524,42.2243434],[-121.7714306,42.2241014],[-121.7714228,42.2239165],[-121.7714152,42.2237296],[-121.7714172,42.2235506],[-121.7714142,42.2234842],[-121.7713636,42.2208005],[-121.7713114,42.2173878],[-121.7712764,42.2151397],[-121.7712557,42.2139109],[-121.7712275,42.2121446],[-121.7711943,42.2102008],[-121.7711763,42.2091629],[-121.7711615,42.2089481],[-121.7711225,42.208691],[-121.7711015,42.2084407],[-121.7710653,42.2066686],[-121.771029,42.2044721],[-121.7710139,42.2030891],[-121.770975,42.2009011],[-121.7709394,42.1986787],[-121.7709162,42.1976646],[-121.7709146,42.1975482],[-121.7708974,42.1966052],[-121.7708798,42.1957974],[-121.770854,42.1943856],[-121.7708507,42.1930785],[-121.7708434,42.1927074],[-121.7708267,42.1916867],[-121.7708449,42.1912663],[-121.7708904,42.1908538],[-121.7709678,42.1904333],[-121.7710861,42.1899736],[-121.7712712,42.1894351],[-121.7715185,42.1889011],[-121.7718827,42.1883121],[-121.7720238,42.1880715],[-121.772262,42.187768],[-121.7725196,42.1874392],[-121.7729683,42.1869284],[-121.7733473,42.1865012],[-121.7736176,42.1862047],[-121.7739309,42.1858462],[-121.7743664,42.1853717],[-121.7749307,42.1847365],[-121.7760501,42.1835113],[-121.7768688,42.1826078],[-121.7779895,42.1813685],[-121.7790227,42.1802184],[-121.7801194,42.1790115],[-121.7813891,42.1776051],[-121.7829024,42.1759389],[-121.7834993,42.1752707],[-121.7841132,42.1746028],[-121.787736,42.170575],[-121.7879608,42.1703425],[-121.791569,42.1663456],[-121.7980471,42.1591697],[-121.7993861,42.1576479],[-121.8017112,42.1551148],[-121.80636,42.1499499],[-121.8113635,42.144413],[-121.8219627,42.1326547],[-121.8233243,42.1311268],[-121.8239128,42.1304053],[-121.8245662,42.1296044],[-121.8252838,42.1286079],[-121.8259449,42.1275944],[-121.8265539,42.1265957],[-121.8271069,42.1255803],[-121.827844,42.1240451],[-121.8286047,42.1221704],[-121.8286398,42.1220734],[-121.8393173,42.0959889],[-121.8423981,42.08846],[-121.845436,42.0810827],[-121.845492,42.0809485],[-121.8467051,42.0779974],[-121.8478253,42.0752591],[-121.8489622,42.0724559],[-121.8501686,42.0695134],[-121.8510711,42.0674068],[-121.8519097,42.065265],[-121.8523051,42.0642888],[-121.8526204,42.0636509],[-121.852915,42.0631487],[-121.853382,42.062491],[-121.8546201,42.0610123],[-121.8600795,42.0545829],[-121.8620513,42.05227],[-121.8628657,42.0513039],[-121.8684657,42.0447078],[-121.8710593,42.0416571],[-121.8729945,42.0393681],[-121.8734975,42.0387657],[-121.8737845,42.0383861],[-121.8741277,42.0378697],[-121.8744222,42.0373415],[-121.8760963,42.0340671],[-121.8770005,42.0322609],[-121.8779299,42.0304581],[-121.8782954,42.0298765],[-121.8786852,42.0292914],[-121.8795435,42.0281757],[-121.8800791,42.0275967],[-121.8805495,42.0271223],[-121.8810363,42.0266542],[-121.8820619,42.0257161],[-121.8839598,42.023974],[-121.8860208,42.0220776],[-121.8880744,42.0201958],[-121.8887713,42.0195477],[-121.8894393,42.0188914],[-121.8898883,42.0183433],[-121.8902128,42.0177707],[-121.890427,42.0173574],[-121.8905941,42.0169382],[-121.8907285,42.0164504],[-121.8908136,42.0159754],[-121.8908595,42.0154535],[-121.8908391,42.014943],[-121.8907656,42.0144602],[-121.8906404,42.0139737],[-121.8905036,42.0135954],[-121.8903405,42.0132208],[-121.8898796,42.0123595],[-121.8884847,42.0098211],[-121.8882573,42.0093208],[-121.8880629,42.0088044],[-121.8879582,42.0083237],[-121.8879084,42.0078341],[-121.8879187,42.0073413],[-121.8879826,42.0068469],[-121.8880999,42.0064323],[-121.8882528,42.0060278],[-121.8883864,42.005761],[-121.8885358,42.005497],[-121.8888619,42.0050314],[-121.8892984,42.0045448],[-121.8898069,42.0040988],[-121.8904224,42.0036614],[-121.8908365,42.0034186],[-121.8916534,42.0030363],[-121.8921884,42.0028417],[-121.8927614,42.0026808],[-121.8932908,42.0025438],[-121.8949963,42.0021595],[-121.8972322,42.0016606],[-121.8994654,42.0012063],[-121.9005898,42.000985],[-121.9016933,42.0007382],[-121.9017737,42.0007194],[-121.9061768,41.9997212],[-121.908826,41.9991189],[-121.9098246,41.9989111],[-121.9128831,41.9982042],[-121.9151547,41.9976782],[-121.9157447,41.9974908],[-121.9163574,41.997236],[-121.9169153,41.9969251],[-121.9173699,41.9965818],[-121.9178004,41.9961875],[-121.9180295,41.9959081],[-121.9183299,41.9954934],[-121.9185769,41.9949911],[-121.9187271,41.9944848],[-121.9187874,41.9940147],[-121.91877,41.9936316],[-121.9186963,41.9932253],[-121.9185568,41.9927349],[-121.9183087,41.9919211],[-121.9181746,41.9914746],[-121.9180901,41.9910723],[-121.9180686,41.9906337],[-121.9180901,41.990227],[-121.9181531,41.9898917],[-121.9182765,41.9895089],[-121.9187164,41.9885321],[-121.9188773,41.9880695],[-121.9189752,41.9876353],[-121.91899,41.9872801],[-121.9189685,41.9869531],[-121.9189202,41.9865942],[-121.9187821,41.9861799],[-121.9185997,41.9857971],[-121.9173015,41.9834964],[-121.9169783,41.9829696],[-121.9166191,41.9824951],[-121.9162705,41.9821521],[-121.9157877,41.9817653],[-121.914924,41.981227],[-121.9129499,41.9800626],[-121.9124349,41.9797515],[-121.9119682,41.9793966],[-121.9115659,41.9790576],[-121.911229,41.978731],[-121.9109436,41.9783837],[-121.9107054,41.9780419],[-121.9103708,41.977451],[-121.9102027,41.9770473],[-121.9101061,41.9759272],[-121.9101998,41.9748069],[-121.9104824,41.9737042],[-121.9109492,41.9726368],[-121.9115929,41.9716214],[-121.9146589,41.9670708],[-121.9163517,41.9645482],[-121.9169841,41.9636144],[-121.917621,41.962675],[-121.9183909,41.961541],[-121.9193932,41.9600393],[-121.920028,41.9590809],[-121.9213028,41.9572122],[-121.9223009,41.9557338],[-121.924672,41.952078],[-121.9265375,41.9494279],[-121.949592,41.9152127],[-121.9497347,41.9149996],[-121.9500218,41.9145682],[-121.9536898,41.9091089],[-121.9589514,41.9012955],[-121.9591801,41.9009619],[-121.9634125,41.8946739],[-121.9733382,41.8799671],[-121.9763624,41.8754486],[-121.9767237,41.8749358],[-121.9828119,41.8658449],[-121.9876051,41.8587194],[-121.9973006,41.8443353],[-122.0011664,41.8384722],[-122.0017906,41.8373893],[-122.0021113,41.8367554],[-122.0024533,41.835838],[-122.0027825,41.8348792],[-122.0029962,41.8339077],[-122.0031202,41.8331336],[-122.0031844,41.8322194],[-122.0031743,41.8310877],[-122.0031055,41.830053],[-122.0029666,41.8276074],[-122.0028081,41.8250802],[-122.0026841,41.8228278],[-122.0026542,41.8223786],[-122.0025061,41.820133],[-122.002288,41.816666],[-122.002212,41.815161],[-122.001855,41.808487],[-122.0012491,41.7988032],[-122.000725,41.78999],[-122.0006301,41.7882249],[-122.0005898,41.7875789],[-122.0005601,41.7871821],[-122.0000818,41.7789694],[-121.9999555,41.7767188],[-121.9999382,41.7763625],[-121.9996593,41.7713336],[-121.9991482,41.7627574],[-121.9986032,41.7537282],[-121.9984121,41.7500845],[-121.9984191,41.7483154],[-121.9992863,41.7407127],[-121.9996309,41.7374889],[-122.0002127,41.732676],[-122.0003903,41.7304631],[-122.0001007,41.7287362],[-121.9996333,41.7276918],[-121.9991024,41.7268941],[-121.998135,41.7256849],[-121.9903223,41.7161886],[-121.9861257,41.7111269],[-121.9849803,41.7094424],[-121.984549,41.7084097],[-121.9844442,41.7069376],[-121.984663,41.7056863],[-121.9850543,41.7048191],[-121.9851348,41.7046594],[-121.9852752,41.7043719],[-121.9858951,41.7036699],[-121.9897125,41.6997422],[-121.9899646,41.6992413],[-121.9902167,41.6984309],[-121.990111,41.6970952],[-121.989751,41.696248],[-121.9885965,41.6949543],[-121.9883208,41.6946278],[-121.9875013,41.6936043],[-121.9870436,41.6927988],[-121.9869128,41.6924466],[-121.9868191,41.6920488],[-121.9859067,41.6871684],[-121.9856626,41.6864613],[-121.9853381,41.6859486],[-121.9849584,41.6855168],[-121.9840426,41.6847547],[-121.9829268,41.684264],[-121.9820255,41.6840072],[-121.9807899,41.6839111],[-121.9791115,41.6839863],[-121.9768932,41.6841432],[-121.974759,41.6841467],[-121.9659394,41.6836363],[-121.9651964,41.6835755],[-121.964419,41.6834537],[-121.9633783,41.6831613],[-121.9621928,41.6826044],[-121.956781,41.678179],[-121.9537385,41.6755608],[-121.9523544,41.6740983],[-121.9512225,41.6728802],[-121.9505305,41.6718143],[-121.9502838,41.6706323],[-121.9504447,41.6697387],[-121.9510777,41.6683522],[-121.95354,41.6638038],[-121.9547148,41.662317],[-121.9557148,41.6614309],[-121.957018,41.660585],[-121.958622,41.65983],[-121.9600256,41.659235],[-121.9607334,41.6587985],[-121.9611144,41.6585077],[-121.9614914,41.6581578],[-121.9618926,41.6577092],[-121.9621821,41.6572271],[-121.962454,41.6566783],[-121.962599,41.6560407],[-121.9626316,41.6551841],[-121.9623274,41.6503355],[-121.9622893,41.649363],[-121.9625935,41.648203],[-121.9628862,41.6477017],[-121.9636221,41.6469635],[-121.9641929,41.646585],[-121.9647125,41.6462956],[-121.9653481,41.6460366],[-121.9658721,41.6458811],[-121.9661411,41.6458402],[-121.9662347,41.6458259],[-121.9663472,41.6458052],[-121.9666771,41.6457445],[-121.969001,41.6454867],[-121.9696537,41.6454237],[-121.97082,41.6452896],[-121.9763562,41.6447364],[-121.9820072,41.6441729],[-121.989566,41.643411],[-121.995401,41.642842],[-122.0010316,41.6422609],[-122.0021802,41.64214],[-122.0041605,41.6419387],[-122.0052558,41.6418582],[-122.0058093,41.641843],[-122.0061482,41.64186],[-122.0066763,41.6419144],[-122.0073158,41.6420326],[-122.0079153,41.642213],[-122.0084702,41.642435],[-122.0088866,41.642655],[-122.0090781,41.6427747],[-122.0093812,41.6429797],[-122.0095329,41.6430929],[-122.0096276,41.6431636],[-122.0100363,41.6435728],[-122.0103642,41.6439689],[-122.0105915,41.6443451],[-122.0108367,41.6448977],[-122.013269,41.650379],[-122.013626,41.6509562],[-122.0139107,41.6513808],[-122.0142427,41.6517568],[-122.0150963,41.6524121],[-122.0156995,41.6527076],[-122.0163846,41.6529884],[-122.0179992,41.6534979],[-122.0204226,41.6542462],[-122.0211598,41.6544821],[-122.0312173,41.6576507],[-122.033762,41.6583463],[-122.0349845,41.658606],[-122.0364512,41.6588291],[-122.04362,41.6594064],[-122.0454272,41.6597402],[-122.0455176,41.6597582],[-122.0459675,41.6598584],[-122.0468298,41.6600761],[-122.0475915,41.6602885],[-122.0489611,41.6607423],[-122.0505142,41.661367],[-122.0521298,41.6621481],[-122.054552,41.6633365],[-122.0606719,41.6663393],[-122.0628009,41.6673772],[-122.0643505,41.6681389],[-122.0673033,41.6695842],[-122.0688144,41.6702576],[-122.0702365,41.6707568],[-122.0710515,41.671001],[-122.0718544,41.6711994],[-122.0721671,41.6712572],[-122.07242,41.671313],[-122.0731641,41.671448],[-122.073982,41.6715654],[-122.0745855,41.6716327],[-122.0755151,41.6716893],[-122.0766222,41.6717225],[-122.0783831,41.6716813],[-122.0797573,41.6714983],[-122.0809648,41.6712945],[-122.0823083,41.6709916],[-122.0831098,41.6707694],[-122.0839389,41.6704768],[-122.0847181,41.6701751],[-122.0854076,41.6698648],[-122.0860583,41.6695646],[-122.086853,41.6691373],[-122.0873936,41.668816],[-122.088634,41.667947],[-122.089673,41.667125],[-122.090774,41.666051],[-122.0917498,41.664668],[-122.0962666,41.656877],[-122.098348,41.6533339],[-122.098863,41.6523518],[-122.0995496,41.6511854],[-122.0999439,41.6505381],[-122.1003865,41.6499829],[-122.1009578,41.6494398],[-122.101395,41.6490931],[-122.1019395,41.6487483],[-122.1023365,41.6485459],[-122.1028219,41.6483214],[-122.1033718,41.648115],[-122.1041657,41.6478985],[-122.1049355,41.6477632],[-122.1054264,41.6477101],[-122.1058435,41.6476811],[-122.1061304,41.6476801],[-122.1067085,41.6476921],[-122.1071671,41.6477302],[-122.1076231,41.6477873],[-122.1080147,41.6478614],[-122.1086517,41.6480108],[-122.1092673,41.6482242],[-122.1095154,41.6483179],[-122.1100049,41.6485274],[-122.1117966,41.6496056],[-122.1140322,41.6510026],[-122.114904,41.6515296],[-122.1152902,41.6517321],[-122.1158213,41.6519505],[-122.116524,41.6521549],[-122.1169317,41.6522471],[-122.1174521,41.6523052],[-122.1179322,41.6523333],[-122.1183613,41.6523273],[-122.1188656,41.6522952],[-122.1195361,41.652187],[-122.1200967,41.6520507],[-122.120601,41.6518603],[-122.1211347,41.6516098],[-122.1216229,41.6513132],[-122.1221727,41.6508863],[-122.122933,41.649941],[-122.1251859,41.6461952],[-122.1258005,41.6453859],[-122.1264535,41.6447328],[-122.127001,41.6442739],[-122.127703,41.643792],[-122.1284918,41.6433044],[-122.1293415,41.6429218],[-122.1301574,41.6425933],[-122.1308474,41.6423888],[-122.1316261,41.642195],[-122.132414,41.6420458],[-122.133136,41.641945],[-122.13383,41.641882],[-122.1348118,41.6418717],[-122.1371669,41.6419495],[-122.1380037,41.6419597],[-122.1385817,41.6419211],[-122.139238,41.6418049],[-122.1398252,41.6416363],[-122.1404214,41.6414165],[-122.1416624,41.6408913],[-122.1423901,41.6406285],[-122.1431601,41.6404244],[-122.143843,41.640308],[-122.1445029,41.6402713],[-122.1451556,41.6403009],[-122.1458609,41.6403989],[-122.1464982,41.6405548],[-122.1470709,41.6407645],[-122.1476378,41.6410172],[-122.149639,41.6419891],[-122.1501245,41.6421989],[-122.1506192,41.6423642],[-122.1511676,41.6425164],[-122.1517901,41.6426197],[-122.1523777,41.6426553],[-122.1530888,41.6426362],[-122.1536598,41.6425646],[-122.1543572,41.6424208],[-122.1550481,41.6422074],[-122.1556866,41.6419187],[-122.157687,41.640939],[-122.158206,41.6407617],[-122.1587022,41.640607],[-122.159269,41.6404834],[-122.1596309,41.6404392],[-122.1598616,41.640413],[-122.1600904,41.640399],[-122.1603344,41.640385],[-122.1605822,41.6403852],[-122.16083,41.6403967],[-122.1612679,41.6404298],[-122.1614906,41.6404634],[-122.1617058,41.6405083],[-122.1624798,41.640685],[-122.1632158,41.6409128],[-122.1639109,41.6411345],[-122.1643572,41.641269],[-122.1647884,41.6413979],[-122.1650817,41.6414685],[-122.1653977,41.6415391],[-122.1656768,41.6415835],[-122.165956,41.6416184],[-122.1666875,41.6416637],[-122.1670309,41.6416554],[-122.1673743,41.6416328],[-122.1680914,41.6415279],[-122.1684021,41.6414493],[-122.1687129,41.6413611],[-122.1695142,41.6410759],[-122.1709153,41.6405526],[-122.1713172,41.6404186],[-122.1717127,41.6403085],[-122.1720841,41.640219],[-122.1726545,41.6401165],[-122.1733208,41.6400455],[-122.1736618,41.6400315],[-122.1740029,41.640027],[-122.1744741,41.6400234],[-122.1763607,41.6400447],[-122.1783333,41.6400677],[-122.1787442,41.6400659],[-122.179155,41.6400593],[-122.1795844,41.6400313],[-122.1797608,41.6400172],[-122.1799628,41.6399936],[-122.180351,41.639934],[-122.1806371,41.6398696],[-122.1808595,41.6398123],[-122.1810627,41.6397455],[-122.1813224,41.6396563],[-122.1815821,41.6395576],[-122.181901,41.6394112],[-122.1822199,41.6392505],[-122.182771,41.6389391],[-122.1836541,41.6384177],[-122.1845947,41.6378629],[-122.1849466,41.6376381],[-122.186751,41.6365822],[-122.1880302,41.6358146],[-122.1888841,41.6353081],[-122.189994,41.6346226],[-122.190444,41.6343245],[-122.1910495,41.6338585],[-122.1914417,41.6335367],[-122.1916242,41.633364],[-122.1918136,41.6331862],[-122.1922427,41.632775],[-122.1926629,41.6323571],[-122.1929702,41.6320208],[-122.1931015,41.6318717],[-122.1932073,41.6317226],[-122.1934315,41.6314121],[-122.1936496,41.6309641],[-122.1937527,41.6306413],[-122.1938494,41.630309],[-122.1938737,41.6299541],[-122.1938534,41.6295848],[-122.193781,41.6291132],[-122.1937267,41.6289019],[-122.1936861,41.6287962],[-122.1935596,41.6284894],[-122.1933424,41.6280743],[-122.1928282,41.6272561],[-122.1925324,41.6267992],[-122.1922744,41.6263242],[-122.1920764,41.6258027],[-122.1919699,41.6252703],[-122.1919557,41.6247221],[-122.1920225,41.6241599],[-122.1921941,41.6234168],[-122.1928768,41.6209031],[-122.1932723,41.6194407],[-122.1934393,41.6186449],[-122.1934614,41.618109],[-122.1934097,41.6176286],[-122.1931328,41.6162349],[-122.1909672,41.6058416],[-122.190856,41.6053771],[-122.1906897,41.6047313],[-122.1902812,41.603589],[-122.189324,41.6014244],[-122.1890559,41.6008226],[-122.1876372,41.5975356],[-122.1865269,41.5951177],[-122.1862265,41.5943916],[-122.1860012,41.5936614],[-122.1856633,41.5918601],[-122.1852217,41.5895984],[-122.1848807,41.5877048],[-122.1845853,41.5857534],[-122.1846762,41.5845257],[-122.1848536,41.5832783],[-122.1849065,41.5829466],[-122.1849173,41.5828803],[-122.1850848,41.5818625],[-122.1852516,41.5806314],[-122.1856469,41.5782466],[-122.1858785,41.5765354],[-122.1860992,41.5754174],[-122.1862321,41.5748963],[-122.186397,41.574395],[-122.1867063,41.5737158],[-122.1871123,41.5730231],[-122.1883579,41.5712334],[-122.1885194,41.5709887],[-122.1886749,41.5706879],[-122.1888039,41.5703786],[-122.1888614,41.5700343],[-122.188857,41.5697117],[-122.1887925,41.5693285],[-122.1886039,41.5689236],[-122.1883275,41.5682937],[-122.1881366,41.567855],[-122.1877809,41.5670732],[-122.1874114,41.56636],[-122.1868663,41.565463],[-122.18573,41.5636327],[-122.1838984,41.5607475],[-122.1835427,41.5601444],[-122.1832642,41.5595203],[-122.183042,41.5588672],[-122.1829033,41.5581578],[-122.182484,41.5546096],[-122.1824393,41.5539647],[-122.1823416,41.5532355],[-122.1821371,41.5512626],[-122.1820804,41.5505644],[-122.1820667,41.5500906],[-122.182129,41.5496791],[-122.1822113,41.5493977],[-122.1824493,41.5489651],[-122.1828743,41.5484319],[-122.1839031,41.5472969],[-122.1843496,41.546722],[-122.1845931,41.5463157],[-122.1848097,41.5458264],[-122.1854261,41.5440558],[-122.1858944,41.5426134],[-122.1862714,41.5415637],[-122.1869003,41.5404715],[-122.1876955,41.5395937],[-122.1883155,41.5390654],[-122.1890607,41.5385708],[-122.1898327,41.538159],[-122.1906598,41.5378084],[-122.191617,41.5375438],[-122.1972951,41.5361589],[-122.1991103,41.5357267],[-122.199687,41.5355349],[-122.2000736,41.5353641],[-122.2005061,41.5351361],[-122.2009296,41.5348522],[-122.201517,41.5343856],[-122.2088016,41.5285375],[-122.2119483,41.5259798],[-122.2164203,41.5224245],[-122.217913,41.5212331],[-122.2185923,41.5207636],[-122.2194808,41.5202585],[-122.2219985,41.5189224],[-122.2233581,41.5181695],[-122.2238805,41.5177605],[-122.2243293,41.5171593],[-122.2249198,41.5158335],[-122.225815,41.51381],[-122.2261336,41.5131334],[-122.2264829,41.5126628],[-122.2269468,41.5122613],[-122.2274721,41.5119602],[-122.2281198,41.5117343],[-122.2286274,41.5116277],[-122.2290456,41.5115817],[-122.2295361,41.5115764],[-122.230061,41.5116245],[-122.2318416,41.5118982],[-122.2323174,41.5119305],[-122.2327536,41.5119278],[-122.2333558,41.5118524],[-122.2336062,41.5117947],[-122.2339375,41.511709],[-122.2341766,41.5116488],[-122.2346107,41.5114754],[-122.2364576,41.5105344],[-122.2371882,41.5103304],[-122.2376365,41.510264],[-122.2381763,41.5102556],[-122.2386072,41.5102886],[-122.239027,41.5103463],[-122.2402166,41.5107285],[-122.2428609,41.5116933],[-122.2478432,41.5135363],[-122.2490117,41.5139533],[-122.2497235,41.5141619],[-122.2506269,41.5143342],[-122.2515311,41.5144055],[-122.2524983,41.5143892],[-122.2532913,41.5143018],[-122.253955,41.5141523],[-122.260873,41.5122278],[-122.2628469,41.5116893],[-122.2636934,41.5114292],[-122.2644862,41.5111224],[-122.2651869,41.5108029],[-122.2678993,41.5093872],[-122.2688306,41.5088968],[-122.2705494,41.5080144],[-122.2715424,41.5075293],[-122.2723603,41.507209],[-122.2734879,41.5068639],[-122.274615,41.506621],[-122.279234,41.5055435],[-122.2800808,41.5053453],[-122.280649,41.5052515],[-122.2812116,41.5052327],[-122.2817743,41.5052765],[-122.2823118,41.5053975],[-122.283252,41.505719],[-122.2851919,41.5064884],[-122.2856264,41.5066365],[-122.2861862,41.5067533],[-122.2866625,41.5067742],[-122.2870776,41.5067387],[-122.2876458,41.5066198],[-122.2880803,41.5064383],[-122.2884201,41.5062339],[-122.288744,41.505914],[-122.2893142,41.5051096],[-122.2904283,41.5034346],[-122.2906957,41.5031426],[-122.2912054,41.5027441],[-122.2916177,41.5025251],[-122.2930249,41.5019049],[-122.29367,41.5016202],[-122.2941855,41.5013781],[-122.2945203,41.5011657],[-122.2948414,41.5009062],[-122.2961104,41.4997277],[-122.2966034,41.4992562],[-122.2969293,41.4988703],[-122.2971252,41.4985657],[-122.2973,41.4982373],[-122.2978429,41.4970991],[-122.2980373,41.49667],[-122.298171,41.4962697],[-122.2982276,41.4959139],[-122.2982966,41.4952846],[-122.2983348,41.4949878],[-122.2983965,41.4946583],[-122.2985655,41.4942565],[-122.2988061,41.4938791],[-122.299066,41.493566],[-122.2995633,41.4932037],[-122.3001202,41.4929007],[-122.3025601,41.4916993],[-122.3055661,41.4902041],[-122.3063564,41.4898405],[-122.3074379,41.4894149],[-122.3083161,41.4890627],[-122.309819,41.4884876],[-122.3112078,41.4879424],[-122.3116269,41.4877778],[-122.3129722,41.4872503],[-122.3134223,41.4870577],[-122.3138811,41.4868169],[-122.314147,41.4866152],[-122.31435,41.486429],[-122.3145325,41.4862279],[-122.3147239,41.4859707],[-122.3149427,41.485535],[-122.3150278,41.4852896],[-122.3150779,41.4850625],[-122.315124,41.4847724],[-122.3151361,41.4845784],[-122.3152129,41.4833337],[-122.3152701,41.4824054],[-122.3151888,41.4819408],[-122.3150378,41.481344],[-122.3143294,41.4798928],[-122.314002,41.4791881],[-122.3139021,41.4788332],[-122.3138603,41.4784434],[-122.3138556,41.4779283],[-122.3139602,41.477462],[-122.3141529,41.4769573],[-122.3144827,41.4763796],[-122.315307,41.474982],[-122.3163633,41.4732657],[-122.3172028,41.4719031],[-122.3180236,41.4705707],[-122.318453,41.4698589],[-122.318776,41.4693427],[-122.3189624,41.4690784],[-122.3191474,41.4688493],[-122.3193687,41.4686282],[-122.3195766,41.4684433],[-122.3198301,41.4682569],[-122.3201506,41.4680619],[-122.3204517,41.4679122],[-122.3208728,41.4677464],[-122.3212067,41.4676454],[-122.3215286,41.4675675],[-122.3218967,41.4675077],[-122.3222427,41.4674725],[-122.3225887,41.4674534],[-122.3232096,41.4674504],[-122.3237917,41.4674489],[-122.3242027,41.4674338],[-122.324532,41.4674002],[-122.3248639,41.4673444],[-122.3251174,41.4672821],[-122.3254151,41.4671947],[-122.3256813,41.4670851],[-122.3258872,41.4669856],[-122.3261098,41.4668625],[-122.3263324,41.4667158],[-122.3278485,41.4655953],[-122.3287162,41.464938],[-122.3300587,41.4639321],[-122.3316184,41.4627643],[-122.3318732,41.4625834],[-122.3321481,41.4624035],[-122.3324311,41.4622517],[-122.3327704,41.4620718],[-122.3343388,41.4613271],[-122.3345675,41.4612004],[-122.3347834,41.4610517],[-122.3349845,41.4608829],[-122.3351227,41.4607281],[-122.33523,41.4605864],[-122.3353299,41.4604371],[-122.3354311,41.4602185],[-122.3354794,41.4600778],[-122.3355103,41.4599381],[-122.3355384,41.4597059],[-122.3355317,41.4595311],[-122.3355009,41.4593331],[-122.3354298,41.459121],[-122.3353654,41.4589612],[-122.3352769,41.4588235],[-122.3351602,41.4586577],[-122.3349644,41.4584496],[-122.3347002,41.4582215],[-122.3342322,41.4578787],[-122.3332492,41.4572053],[-122.3328294,41.4568526],[-122.3324532,41.4564771],[-122.3323164,41.4562812],[-122.3321863,41.4560399],[-122.3320093,41.4555987],[-122.3314152,41.4539],[-122.3284634,41.4458162],[-122.3282542,41.4451205],[-122.3282435,41.4447224],[-122.3283025,41.4442922],[-122.3285868,41.4437533],[-122.3289087,41.4432829],[-122.3298528,41.4422574],[-122.3302283,41.4416623],[-122.3303463,41.4411154],[-122.3302927,41.4404317],[-122.3300898,41.4396667],[-122.3300089,41.4391025],[-122.3300647,41.4387065],[-122.3302122,41.4383647],[-122.3303342,41.4381486],[-122.3305073,41.4379746],[-122.3307271,41.4377614],[-122.3309793,41.4376006],[-122.331758,41.437162],[-122.332712,41.4366515],[-122.3336937,41.4361408],[-122.3342784,41.4357547],[-122.3345789,41.435445],[-122.3348471,41.435075],[-122.3350134,41.4345803],[-122.3350402,41.4340173],[-122.3349114,41.4335829],[-122.3346915,41.4331486],[-122.3334724,41.4317198],[-122.3332981,41.4315187],[-122.3326168,41.43066],[-122.3324559,41.4303744],[-122.332311,41.4299883],[-122.332252,41.4294051],[-122.3322842,41.4291256],[-122.332354,41.4289265],[-122.3324908,41.4285645],[-122.3331586,41.4277319],[-122.333569,41.427209],[-122.3341054,41.4265574],[-122.3344032,41.4262336],[-122.3347358,41.4259138],[-122.3351488,41.4256524],[-122.3356289,41.4254151],[-122.336226,41.425232],[-122.336734,41.4251536],[-122.337126,41.425134],[-122.3375869,41.4251456],[-122.33806,41.425191],[-122.340305,41.425665],[-122.3414011,41.4258354],[-122.3417846,41.4258676],[-122.3421494,41.4258535],[-122.342592,41.4257851],[-122.3430104,41.4256946],[-122.3435924,41.4254794],[-122.3440323,41.4252502],[-122.3445553,41.4247997],[-122.3448235,41.4244738],[-122.345124,41.4239509],[-122.3452232,41.4236955],[-122.3463041,41.4207671],[-122.3466823,41.4197232],[-122.3470176,41.4188503],[-122.3472617,41.4181242],[-122.3473904,41.4174142],[-122.347377,41.4167564],[-122.3471678,41.4149682],[-122.3471276,41.4144493],[-122.347139,41.414002],[-122.3472277,41.413518],[-122.3473979,41.4130654],[-122.3477858,41.4123936],[-122.3483241,41.4118048],[-122.3487601,41.4114612],[-122.3491797,41.4111908],[-122.349653,41.4108881],[-122.3523454,41.4091644],[-122.3529337,41.4087524],[-122.353383,41.4083339],[-122.3538769,41.4076831],[-122.3542386,41.4069582],[-122.3547578,41.4059093],[-122.3595421,41.395628],[-122.359733,41.395213],[-122.3600542,41.3945278],[-122.3602098,41.3941766],[-122.3609224,41.3926661],[-122.3617039,41.391024],[-122.3618179,41.3908282],[-122.3621971,41.3902484],[-122.3626437,41.3897076],[-122.3633274,41.3890207],[-122.363514,41.3888517],[-122.3636836,41.3887221],[-122.3642032,41.3883108],[-122.364763,41.3879356],[-122.3651008,41.3877443],[-122.3672752,41.3865206],[-122.369418,41.3853354],[-122.370128,41.3848884],[-122.3707422,41.3844319],[-122.3713669,41.3838477],[-122.37192,41.3832287],[-122.3724929,41.3823769],[-122.3727766,41.3818343],[-122.372998,41.3813226],[-122.3730948,41.3810466],[-122.3731731,41.3807707],[-122.3732399,41.3805103],[-122.3732851,41.3802499],[-122.3733449,41.3798773],[-122.3734213,41.3794148],[-122.3735455,41.378758],[-122.3736404,41.3784388],[-122.3738045,41.3779867],[-122.3740855,41.3774589],[-122.3744305,41.3769525],[-122.3747829,41.3765364],[-122.3753973,41.3759283],[-122.3758736,41.3755997],[-122.377571,41.374594],[-122.3788799,41.3739617],[-122.3808282,41.3729505],[-122.3819526,41.3723515],[-122.3826907,41.371804],[-122.3832143,41.3713209],[-122.3836606,41.3708121],[-122.3840898,41.3700069],[-122.3842958,41.3692598],[-122.3849732,41.3646829],[-122.3850693,41.3640425],[-122.3853437,41.3619032],[-122.3853859,41.3613595],[-122.385368,41.36088],[-122.3852512,41.3603651],[-122.385032,41.3598508],[-122.3846742,41.3592811],[-122.3828104,41.3567426],[-122.3819903,41.3557526],[-122.3815055,41.3551952],[-122.3808938,41.3546134],[-122.3802441,41.3541379],[-122.3796503,41.3537982],[-122.3790235,41.3534869],[-122.3775708,41.3527715],[-122.3769853,41.3524511],[-122.3764444,41.3521067],[-122.3758373,41.3516755],[-122.3751587,41.3510755],[-122.3745638,41.3504493],[-122.3733321,41.3490056],[-122.3730505,41.3487056],[-122.3727295,41.3484067],[-122.3722833,41.3480774],[-122.371834,41.3478233],[-122.3713392,41.3475961],[-122.3708442,41.3474075],[-122.3644669,41.3452467],[-122.3635501,41.3449462],[-122.3627551,41.3446366],[-122.3616907,41.3441278],[-122.3601143,41.3432184],[-122.3593914,41.3428592],[-122.3586362,41.3425361],[-122.3575211,41.3421649],[-122.3565134,41.341922],[-122.3554392,41.3417538],[-122.3533252,41.3415522],[-122.351943,41.3414174],[-122.3518249,41.3414057],[-122.3495102,41.3411697],[-122.3487871,41.3410945],[-122.3480641,41.3409751],[-122.3470453,41.3407379],[-122.3458396,41.3403546],[-122.3451358,41.3400469],[-122.3443554,41.3396494],[-122.3436468,41.3392139],[-122.3430369,41.3387629],[-122.3424866,41.3382712],[-122.341877,41.337642],[-122.3413334,41.3369644],[-122.3408315,41.3363025],[-122.340282,41.3356432],[-122.3396898,41.335041],[-122.339134,41.3345704],[-122.3385923,41.3341857],[-122.337727,41.3336468],[-122.3363753,41.3330112],[-122.3318908,41.3308618],[-122.3310738,41.3304729],[-122.3297701,41.3298721],[-122.3293838,41.329724],[-122.3289374,41.3295838],[-122.3280361,41.3293491],[-122.3265234,41.3291315],[-122.3251501,41.3289503],[-122.3242435,41.3286683],[-122.3234871,41.3281446],[-122.3230794,41.3277055],[-122.3228216,41.3272322],[-122.3227863,41.3271264],[-122.3227292,41.326935],[-122.3226763,41.3266899],[-122.3226799,41.3261629],[-122.3226941,41.3258377],[-122.3227118,41.3255219],[-122.3227091,41.3252581],[-122.3227005,41.3251303],[-122.3226486,41.3248628],[-122.3225592,41.3246097],[-122.3223101,41.3240912],[-122.3222882,41.3240434],[-122.3214403,41.3223538],[-122.3213532,41.3221805],[-122.3209278,41.3212907],[-122.3205249,41.3205063],[-122.3203877,41.320237],[-122.320177,41.319858],[-122.3198078,41.3193237],[-122.3193918,41.3187664],[-122.3191881,41.3184997],[-122.3188788,41.3180662],[-122.3185564,41.3176308],[-122.3182963,41.3173184],[-122.3178557,41.3169102],[-122.3173255,41.3165011],[-122.3165703,41.3159235],[-122.3159333,41.3154312],[-122.3156783,41.3152237],[-122.3154312,41.3149882],[-122.3153409,41.3148854],[-122.3153195,41.3148626],[-122.3152452,41.3147835],[-122.3151682,41.314681],[-122.3149908,41.314445],[-122.314781,41.3141542],[-122.3145422,41.3137503],[-122.3144495,41.3135227],[-122.3142548,41.3130448],[-122.3141094,41.312539],[-122.3140716,41.3122805],[-122.3140587,41.3121461],[-122.314053,41.312087],[-122.3140486,41.3119746],[-122.3140499,41.3119018],[-122.3140529,41.3117398],[-122.3140767,41.311386],[-122.3141752,41.3108064],[-122.3143267,41.309949],[-122.3145179,41.3089024],[-122.3147913,41.3073512],[-122.314835,41.3069052],[-122.3148197,41.3064941],[-122.3147479,41.3061107],[-122.31464,41.3057829],[-122.31453,41.3055129],[-122.3142505,41.3050273],[-122.3140016,41.3047029],[-122.3136772,41.3043493],[-122.3121655,41.3029537],[-122.3115222,41.3024955],[-122.3112079,41.3022833],[-122.3098972,41.3014505],[-122.3094148,41.3010402],[-122.3089648,41.3005514],[-122.3086853,41.3000981],[-122.3085135,41.2996393],[-122.3083819,41.2989962],[-122.3084471,41.2983428],[-122.3085782,41.2979224],[-122.308771,41.297551],[-122.3097199,41.2960009],[-122.3099012,41.2955872],[-122.3102405,41.2948519],[-122.3107511,41.2937583],[-122.3110385,41.2928335],[-122.311179,41.292303],[-122.3113554,41.2915591],[-122.3114689,41.2912944],[-122.3115779,41.2910589],[-122.3118428,41.290689],[-122.3123768,41.2900837],[-122.3132609,41.2894388],[-122.3139304,41.2888519],[-122.3142823,41.2882521],[-122.3145741,41.2876717],[-122.315132,41.2859432],[-122.3151234,41.2852467],[-122.3149947,41.2846082],[-122.3147715,41.28406],[-122.3142651,41.2833892],[-122.3139475,41.2830925],[-122.3134411,41.2827829],[-122.3128489,41.282454],[-122.3119649,41.2821573],[-122.3113297,41.2820154],[-122.309038,41.2818541],[-122.3084715,41.2817574],[-122.3078621,41.2816348],[-122.3067807,41.281293],[-122.3061528,41.2809779],[-122.3042292,41.2798759],[-122.303861,41.279648],[-122.3027108,41.2789284],[-122.3022121,41.2786393],[-122.3015453,41.2782562],[-122.3011194,41.278058],[-122.3006597,41.2778773],[-122.3000556,41.2777131],[-122.2966953,41.2769493],[-122.2903409,41.2755281],[-122.2865484,41.2746746],[-122.2861755,41.2745968],[-122.2858695,41.2745013],[-122.2856157,41.2744085],[-122.2853235,41.2742636],[-122.2850291,41.2740711],[-122.2848251,41.2738889],[-122.2846115,41.27369],[-122.2844895,41.2735214],[-122.2841498,41.2730016],[-122.2838371,41.2724778],[-122.2830903,41.2711725],[-122.2828484,41.2707976],[-122.2827022,41.2706333],[-122.282518,41.270478],[-122.2808001,41.2694265],[-122.2800296,41.2689945],[-122.2790966,41.2686043],[-122.2787714,41.2684354],[-122.2784926,41.2682693],[-122.2782522,41.2680789],[-122.2780973,41.2678989],[-122.2778507,41.2675009],[-122.27775,41.2671083],[-122.2776576,41.266302],[-122.2775777,41.2659736],[-122.2774591,41.2656461],[-122.2768917,41.2646275],[-122.2767635,41.2643143],[-122.2766992,41.2638878],[-122.276664,41.260282],[-122.2766638,41.2595772],[-122.27654,41.2588453],[-122.2763175,41.2584313],[-122.2761434,41.2581676],[-122.2756911,41.2576821],[-122.2744686,41.2564658],[-122.2739067,41.2559179],[-122.2736553,41.2557468],[-122.27336,41.2555961],[-122.2730669,41.255506],[-122.2727388,41.2554368],[-122.272204,41.2553488],[-122.2717494,41.2552926],[-122.2693598,41.2549641],[-122.2687075,41.2549189],[-122.268141,41.2549318],[-122.2677548,41.2548738],[-122.267214,41.2546866],[-122.2668071,41.2544414],[-122.266511,41.2541371],[-122.266313,41.2538091],[-122.2662421,41.253538],[-122.2662444,41.2532791],[-122.266302,41.2529021],[-122.266493,41.2525379],[-122.2668535,41.2521894],[-122.2671969,41.2519894],[-122.2677522,41.2518365],[-122.2682354,41.2517635],[-122.2687418,41.2518022],[-122.2697428,41.2520725],[-122.2710764,41.2525185],[-122.2713265,41.2526331],[-122.2715485,41.2527766],[-122.2723896,41.2535768],[-122.2737639,41.2547491],[-122.2745431,41.2554636],[-122.27555,41.256529],[-122.2759881,41.2567656],[-122.2767736,41.2570697],[-122.2771764,41.2572931],[-122.2776144,41.2575746],[-122.2780198,41.2577912],[-122.2789365,41.2582286],[-122.2793171,41.2585139],[-122.2796708,41.2588526],[-122.2801195,41.2593888],[-122.2802773,41.2595401],[-122.2805817,41.2597399],[-122.2810612,41.2599888],[-122.2814058,41.2601474],[-122.2819881,41.2603699],[-122.2823411,41.2605332],[-122.2825134,41.2606507],[-122.2827087,41.2608077],[-122.2828776,41.2609829],[-122.2831887,41.2613734],[-122.2833384,41.2615261],[-122.2835272,41.2616689],[-122.2837917,41.2618269],[-122.2840455,41.261942],[-122.2846123,41.2621594],[-122.284945,41.2623272],[-122.285199,41.262507],[-122.2853792,41.2627009],[-122.2858818,41.2633282],[-122.2862176,41.2636521],[-122.2864584,41.2638528],[-122.286751,41.2640712],[-122.2872644,41.264366],[-122.2876322,41.2645906],[-122.2879282,41.2648222],[-122.2881482,41.265086],[-122.2885229,41.2656657],[-122.2887267,41.2659228],[-122.2889445,41.266147],[-122.2892274,41.2663747],[-122.28953,41.266557],[-122.2898465,41.2667068],[-122.2902724,41.266858],[-122.2907094,41.2669573],[-122.2917674,41.2671455],[-122.292097,41.2671916],[-122.292408,41.2672158],[-122.2926985,41.267207],[-122.2929789,41.2671645],[-122.2932741,41.2671062],[-122.294804,41.2667209],[-122.2952416,41.2666199],[-122.2956825,41.2665866],[-122.2961159,41.266601],[-122.2965227,41.2666936],[-122.2968651,41.2668252],[-122.2976737,41.2671908],[-122.2979917,41.2673565],[-122.2982253,41.2674975],[-122.2984041,41.2676346],[-122.2986725,41.2679229],[-122.2989424,41.2682052],[-122.2993212,41.2684318],[-122.3000703,41.2688181],[-122.3003869,41.2689517],[-122.3008015,41.2690556],[-122.3012189,41.2690972],[-122.301629,41.2690766],[-122.3025056,41.2689635],[-122.3028838,41.2688852],[-122.303316,41.268748],[-122.3036282,41.2685641],[-122.3037877,41.2684019],[-122.3039214,41.2681898],[-122.3040042,41.2679288],[-122.3040044,41.2676774],[-122.303934,41.2674443],[-122.3038047,41.2672199],[-122.303622,41.2670253],[-122.3033853,41.2668822],[-122.3031172,41.266775],[-122.3028272,41.2667074],[-122.3025254,41.2666818],[-122.3022747,41.2666974],[-122.30202,41.2667468],[-122.3018053,41.2668227],[-122.3013164,41.2670262],[-122.3010637,41.2671144],[-122.3007135,41.2671875],[-122.3004079,41.2672158],[-122.3000852,41.267204],[-122.2997422,41.2671559],[-122.299475,41.2670772],[-122.2991562,41.2669434],[-122.2989475,41.2668238],[-122.2979973,41.2661523],[-122.2977356,41.2659841],[-122.2974891,41.2658428],[-122.2971818,41.2657004],[-122.2968627,41.2655827],[-122.2965502,41.2654937],[-122.2962408,41.2654429],[-122.2959869,41.265421],[-122.2957233,41.2654229],[-122.2944791,41.2654538],[-122.2943062,41.2654584],[-122.2941624,41.2654652],[-122.2938423,41.2654941],[-122.2934096,41.2655396],[-122.2930851,41.2655557],[-122.2928102,41.2655461],[-122.2926653,41.2655285],[-122.2924963,41.2654993],[-122.292263,41.2654383],[-122.2920896,41.2653808],[-122.291913,41.2653067],[-122.2916126,41.2651737],[-122.2908253,41.2648218],[-122.2904465,41.2646505],[-122.2898611,41.2643884],[-122.2893139,41.2641469],[-122.2889867,41.2640134],[-122.2878038,41.2635925],[-122.2876201,41.2635093],[-122.2874156,41.263404],[-122.2871909,41.2632477],[-122.2869904,41.2630718],[-122.2868163,41.2628908],[-122.2866584,41.2627246],[-122.2860121,41.2620446],[-122.2856648,41.2616635],[-122.2855669,41.2615405],[-122.2854582,41.2613656],[-122.2853892,41.2611831],[-122.2853315,41.2609628],[-122.2852966,41.2607829],[-122.2852463,41.2604114],[-122.2852322,41.2602556],[-122.2851947,41.2601044],[-122.2851384,41.2599371],[-122.2850606,41.2597788],[-122.2849278,41.2595943],[-122.2848232,41.2594834],[-122.2846804,41.2593589],[-122.2845476,41.2592636],[-122.284376,41.2591623],[-122.2842043,41.2590857],[-122.2840273,41.2590217],[-122.2838382,41.2589703],[-122.2836471,41.258934],[-122.2833621,41.2588997],[-122.2829182,41.2588644],[-122.2824448,41.258813],[-122.2822758,41.2587873],[-122.2819948,41.2587233],[-122.2818225,41.2586638],[-122.2816374,41.2585957],[-122.281447,41.2585125],[-122.2812941,41.2584233],[-122.2811707,41.2583447],[-122.2810413,41.2582509],[-122.2809293,41.2581577],[-122.2807724,41.2580064],[-122.2806146,41.2578332],[-122.2802288,41.2573959],[-122.2800193,41.2571547],[-122.2798188,41.2569517],[-122.2796872,41.2568243],[-122.2794942,41.2566673],[-122.279287,41.2565183],[-122.2790691,41.2563847],[-122.2781885,41.2559547],[-122.2778238,41.255779],[-122.2774683,41.2556032],[-122.2772504,41.2554849],[-122.2771532,41.2554176],[-122.2771014,41.255378],[-122.2769448,41.2552512],[-122.2768396,41.2551244],[-122.2767254,41.2549611],[-122.276596,41.2547217],[-122.2765499,41.2545971],[-122.2765249,41.2544169],[-122.2765188,41.2542684],[-122.2765884,41.2537605],[-122.2766217,41.2535489],[-122.2766217,41.2533732],[-122.2765998,41.2532174],[-122.2765484,41.2530257],[-122.2764659,41.2528471],[-122.2763373,41.252656],[-122.2761512,41.2524558],[-122.2759885,41.2523199],[-122.2758645,41.2522402],[-122.2756647,41.2521316],[-122.2754741,41.2520497],[-122.275235,41.2519706],[-122.2746245,41.251783],[-122.2743718,41.2516811],[-122.274241,41.2516095],[-122.2740481,41.2514826],[-122.2739119,41.2513672],[-122.2737742,41.2512244],[-122.2736532,41.2510566],[-122.2735714,41.2508934],[-122.2735261,41.250741],[-122.273495,41.250518],[-122.2734754,41.2503252],[-122.2734784,41.2501767],[-122.2734897,41.2497473],[-122.2734935,41.2495482],[-122.2734958,41.2494259],[-122.2734897,41.2493059],[-122.2734746,41.2491558],[-122.2734436,41.2489965],[-122.2733861,41.2488617],[-122.273293,41.2486768],[-122.273225,41.2485602],[-122.2731508,41.2484698],[-122.2730252,41.2483401],[-122.2729201,41.248248],[-122.2727627,41.2481342],[-122.2725471,41.2480131],[-122.272103,41.2477969],[-122.2718246,41.2476701],[-122.2716385,41.2475956],[-122.2714782,41.2475393],[-122.2712648,41.2474829],[-122.2710666,41.2474437],[-122.2708404,41.2474204],[-122.270534,41.2474135],[-122.2701232,41.247434],[-122.2695437,41.2474676],[-122.2688871,41.2474926],[-122.2684695,41.2474835],[-122.2681419,41.2474556],[-122.2677856,41.2474016],[-122.2674452,41.2473151],[-122.2672379,41.2472355],[-122.2669976,41.2471222],[-122.2669051,41.2470721],[-122.2666012,41.2468348],[-122.2664632,41.2466672],[-122.2662897,41.2463532],[-122.2661966,41.2460994],[-122.2661832,41.2459542],[-122.266201,41.245803],[-122.266623,41.244883],[-122.2666942,41.2447633],[-122.2668175,41.2445808],[-122.2668833,41.2444497],[-122.2669476,41.2442661],[-122.2669704,41.2440423],[-122.2669597,41.2435784],[-122.2669651,41.2433616],[-122.26702,41.2430742],[-122.2671511,41.2426478],[-122.2672847,41.2423233],[-122.26748,41.2420466],[-122.2676088,41.2419095],[-122.2677885,41.2417683],[-122.2681452,41.2415424],[-122.2684604,41.2413246],[-122.2685838,41.2412238],[-122.2687595,41.2410665],[-122.2688976,41.2408698],[-122.2690022,41.2407135],[-122.269135,41.2404362],[-122.2692141,41.2402456],[-122.2693509,41.2398957],[-122.269403,41.2396685],[-122.2694467,41.2393489],[-122.269493,41.2390032],[-122.269595,41.2386734],[-122.2697411,41.2384152],[-122.2699651,41.2381873],[-122.2702266,41.2379907],[-122.2704573,41.2378757],[-122.2707081,41.2377849],[-122.2712432,41.2376599],[-122.2714873,41.2376165],[-122.2716643,41.2375752],[-122.2718697,41.2375233],[-122.2723228,41.2373916],[-122.2724877,41.2373432],[-122.272709,41.2372817],[-122.2729652,41.2372192],[-122.2731838,41.2371819],[-122.2733635,41.2371506],[-122.2736062,41.2371254],[-122.274085,41.237085],[-122.2750063,41.2370156],[-122.2752263,41.2370023],[-122.2754963,41.2369795],[-122.2756621,41.236966],[-122.2758847,41.2369358],[-122.2760229,41.2369006],[-122.2761587,41.2368731],[-122.2763113,41.236821],[-122.2764964,41.2367433],[-122.276615,41.2366811],[-122.2767846,41.2365909],[-122.2769777,41.2364497],[-122.2770984,41.2363307],[-122.2771816,41.2362389],[-122.2772406,41.2361693],[-122.2772923,41.2360864],[-122.2773481,41.2359995],[-122.2774039,41.2358879],[-122.2774585,41.2357195],[-122.2775383,41.2353565],[-122.2775801,41.2351356],[-122.2776025,41.2350469],[-122.277646,41.2349067],[-122.2776942,41.2347857],[-122.2777617,41.2346683],[-122.2778256,41.2345711],[-122.2779141,41.2344627],[-122.2780188,41.2343553],[-122.2781418,41.2342481],[-122.2782692,41.2341598],[-122.2784526,41.234051],[-122.2787304,41.2338887],[-122.2788773,41.2337864],[-122.2789767,41.2337076],[-122.2790828,41.2336227],[-122.2792001,41.2335085],[-122.2792624,41.2334313],[-122.2793154,41.2333618],[-122.2793563,41.2333034],[-122.2794063,41.2332141],[-122.2794474,41.2331326],[-122.279476,41.2330517],[-122.27951,41.232929],[-122.2795397,41.2328022],[-122.2795522,41.2327376],[-122.2795522,41.2326486],[-122.2795494,41.2325637],[-122.2795352,41.2324418],[-122.279487,41.2322451],[-122.2792872,41.2317189],[-122.2792243,41.2315487],[-122.2791971,41.2314607],[-122.2791753,41.2313655],[-122.2791658,41.2312888],[-122.2791576,41.2311639],[-122.279157,41.2310701],[-122.2791731,41.2309249],[-122.2792067,41.2307544],[-122.2792375,41.23059],[-122.2792684,41.2303479],[-122.2792657,41.2302784],[-122.2792536,41.2302047],[-122.2792187,41.2300171],[-122.2791852,41.2299203],[-122.2791544,41.2298356],[-122.2791168,41.2297519],[-122.2790471,41.229655],[-122.2789612,41.229538],[-122.278866,41.229422],[-122.2785869,41.2291176],[-122.2785182,41.2290418],[-122.2784474,41.2289558],[-122.278378,41.2288545],[-122.2783304,41.2287665],[-122.2782945,41.2286967],[-122.2782583,41.2286171],[-122.2782311,41.2285496],[-122.2782093,41.2284698],[-122.2781862,41.2283613],[-122.2781767,41.2282795],[-122.2781685,41.2282048],[-122.278178,41.2280922],[-122.2781848,41.2280206],[-122.2782066,41.2279029],[-122.2782531,41.2277477],[-122.2782977,41.2276461],[-122.2783494,41.2275529],[-122.2784583,41.2274025],[-122.2786394,41.2272172],[-122.27874,41.2271153],[-122.2788928,41.2269832],[-122.2792093,41.2267098],[-122.2794615,41.226492],[-122.2795621,41.2263971],[-122.279666,41.2262893],[-122.2797603,41.2261674],[-122.2798229,41.2260712],[-122.2798876,41.2259404],[-122.2799295,41.2258474],[-122.279963,41.2257314],[-122.2799872,41.2256053],[-122.2800046,41.2254944],[-122.2800194,41.2253703],[-122.2800663,41.2247762],[-122.2800837,41.2245462],[-122.2800744,41.2243788],[-122.280073,41.2242386],[-122.2800623,41.2241054],[-122.2800489,41.223941],[-122.2800274,41.2238331],[-122.2799765,41.2236112],[-122.2799131,41.2233505],[-122.2798256,41.2229839],[-122.2797495,41.222639],[-122.2796515,41.2221975],[-122.2795312,41.2217662],[-122.2794655,41.2216048],[-122.2793864,41.2214424],[-122.2792818,41.221276],[-122.2791731,41.2211368],[-122.2790578,41.2210167],[-122.2789532,41.220928],[-122.2788459,41.2208402],[-122.2787333,41.2207565],[-122.2785871,41.2206657],[-122.2784181,41.2205799],[-122.2778065,41.2203035],[-122.2773989,41.2201341],[-122.2772607,41.2200746],[-122.2771132,41.2200271],[-122.2769737,41.2199848],[-122.2768343,41.2199505],[-122.2767055,41.2199222],[-122.2765459,41.219897],[-122.2763702,41.2198718],[-122.2761945,41.2198587],[-122.2759666,41.2198526],[-122.2756688,41.2198657],[-122.2753483,41.219891],[-122.2748157,41.2199351],[-122.2747092,41.2199364],[-122.2745889,41.2199292],[-122.2744666,41.2199162],[-122.2742923,41.21988],[-122.2741236,41.2198432],[-122.2739785,41.2198004],[-122.2737957,41.2197245],[-122.2736882,41.2196739],[-122.2735425,41.2195952],[-122.2733915,41.2194905],[-122.2732882,41.2194144],[-122.273182,41.2193168],[-122.2730657,41.2192242],[-122.2729893,41.2191364],[-122.2729491,41.2190698],[-122.2728324,41.2188782],[-122.272756,41.2186855],[-122.2724072,41.2173854],[-122.2723529,41.2171818],[-122.2723295,41.2170973],[-122.2723059,41.2170114],[-122.2722509,41.2168065],[-122.2720425,41.2160364],[-122.2719321,41.2156553],[-122.2718542,41.2154875],[-122.2717606,41.2153149],[-122.2715141,41.2149451],[-122.2711943,41.2145163],[-122.2709072,41.2140946],[-122.2705856,41.2136574],[-122.2702609,41.2132047],[-122.2702036,41.2131277],[-122.270129,41.2130066],[-122.2700596,41.2128429],[-122.2700178,41.2127044],[-122.2699973,41.2126059],[-122.269978,41.2124836],[-122.2699698,41.2123301],[-122.2699807,41.2122175],[-122.2700013,41.2121142],[-122.2700188,41.212023],[-122.2700734,41.2118596],[-122.2707205,41.2104219],[-122.2709575,41.209967],[-122.2712241,41.2095328],[-122.271393,41.20928],[-122.2715411,41.2090323],[-122.2716563,41.2088076],[-122.2717399,41.2086075],[-122.2717667,41.2085227],[-122.271785,41.2084649],[-122.2718474,41.2082882],[-122.271876,41.2081807],[-122.2718961,41.208058],[-122.2719195,41.2078378],[-122.2719304,41.2075983],[-122.2719317,41.2074243],[-122.2719317,41.2072349],[-122.2719086,41.2070721],[-122.2718768,41.2068623],[-122.271812,41.2065266],[-122.271754,41.2062474],[-122.2717277,41.2060301],[-122.2717125,41.2058155],[-122.2717158,41.2057652],[-122.2717245,41.205674],[-122.2717718,41.205456],[-122.2718989,41.2050887],[-122.2720744,41.2047693],[-122.2726958,41.2040884],[-122.2732406,41.2034567],[-122.2735127,41.2030135],[-122.2736555,41.2025867],[-122.2736938,41.2022165],[-122.2737,41.2020151],[-122.273721,41.2017039],[-122.2737617,41.2010982],[-122.2737685,41.2009099],[-122.2737984,41.2007461],[-122.273827,41.2006007],[-122.2738695,41.2004603],[-122.2739141,41.2003212],[-122.2739862,41.2001503],[-122.2741141,41.1999425],[-122.2744412,41.1995276],[-122.2749018,41.1990396],[-122.2755817,41.1984351],[-122.2767699,41.1974624],[-122.2774029,41.1969437],[-122.2780748,41.1963611],[-122.2787195,41.1958087],[-122.2790352,41.1955261],[-122.2791889,41.1953828],[-122.2793236,41.1952446],[-122.2802134,41.1943324],[-122.2806964,41.1938451],[-122.2810692,41.1934642],[-122.2812582,41.1932823],[-122.2812824,41.1932591],[-122.2833668,41.1911309],[-122.2840521,41.1904184],[-122.2843203,41.1901086],[-122.284445,41.1899421],[-122.2845483,41.1897968],[-122.2847575,41.1894809],[-122.2849182,41.1892275],[-122.2849995,41.1890973],[-122.2850956,41.1889505],[-122.2852708,41.1886327],[-122.2853676,41.1884566],[-122.2854941,41.1881649],[-122.2855937,41.1879449],[-122.2856543,41.1877869],[-122.2857105,41.1875822],[-122.2857534,41.1873976],[-122.2857939,41.1870991],[-122.2858036,41.1869381],[-122.2857918,41.1866611],[-122.2857844,41.186472],[-122.2857568,41.1863017],[-122.2857061,41.1860715],[-122.2856218,41.1857956],[-122.2855538,41.1855932],[-122.285302,41.1849291],[-122.2850552,41.1842786],[-122.2849707,41.1840581],[-122.2849112,41.1838743],[-122.2848679,41.1837631],[-122.2847985,41.183574],[-122.2847364,41.1833915],[-122.2846772,41.183218],[-122.2846477,41.1831056],[-122.2846152,41.1829543],[-122.2845945,41.1827997],[-122.2845753,41.182664],[-122.2845679,41.1825071],[-122.2845679,41.1823213],[-122.2845738,41.1821711],[-122.2845989,41.1819887],[-122.2846226,41.1818474],[-122.2846669,41.1816404],[-122.2847349,41.1814446],[-122.2848132,41.1812444],[-122.2849005,41.181073],[-122.2849714,41.1809284],[-122.2850645,41.1807749],[-122.2851636,41.1806347],[-122.2853291,41.1804178],[-122.2855982,41.1800929],[-122.2857741,41.1798782],[-122.2860931,41.1794659],[-122.286475,41.1789972],[-122.2869374,41.1784452],[-122.2872493,41.1780558],[-122.2874311,41.1778421],[-122.2875702,41.1776642],[-122.2876617,41.1775729],[-122.2877667,41.1774728],[-122.2878687,41.1773826],[-122.287986,41.1772944],[-122.2883094,41.1770534],[-122.2886215,41.1768759],[-122.2890984,41.1766771],[-122.2908501,41.1759301],[-122.2914799,41.1756659],[-122.2915628,41.1756322],[-122.2921865,41.1753743],[-122.2925413,41.1752141],[-122.2927615,41.1750951],[-122.2929729,41.1749749],[-122.2931644,41.1748577],[-122.2933809,41.1747001],[-122.2936233,41.174502],[-122.2937627,41.1743621],[-122.2938998,41.1742239],[-122.2940032,41.1741059],[-122.294188,41.1738767],[-122.2945398,41.1733749],[-122.2949027,41.1728485],[-122.295443,41.1720786],[-122.2959692,41.1713357],[-122.2964275,41.1706637],[-122.2965945,41.1704096],[-122.2967599,41.1701284],[-122.296797,41.1700223],[-122.2968387,41.1698511],[-122.2968621,41.1696729],[-122.296865,41.1695605],[-122.2968575,41.1693794],[-122.2968384,41.1691766],[-122.2968163,41.168973],[-122.2968059,41.168874],[-122.2967895,41.1686859],[-122.2967911,41.1685023],[-122.296803,41.1683298],[-122.2968236,41.1680439],[-122.2968399,41.1679459],[-122.2968473,41.1678547],[-122.2968544,41.1677094],[-122.2968517,41.1675843],[-122.2968473,41.1674385],[-122.2968325,41.1673339],[-122.2967965,41.1671687],[-122.2967379,41.1669767],[-122.2966226,41.1666139],[-122.296336,41.1657515],[-122.2961112,41.1650393],[-122.2958983,41.1643794],[-122.2958081,41.1640389],[-122.2956892,41.1636564],[-122.2955332,41.1631553],[-122.2953292,41.1625054],[-122.2952287,41.1621548],[-122.2951193,41.1618221],[-122.2950424,41.1615617],[-122.2949533,41.1613059],[-122.294819,41.1608293],[-122.294645,41.1602496],[-122.2945635,41.1600203],[-122.294459,41.1597999],[-122.2943757,41.1596642],[-122.2942421,41.1595025],[-122.2940727,41.1593504],[-122.2939471,41.159257],[-122.293797,41.1591714],[-122.2936178,41.1590846],[-122.2934675,41.1590171],[-122.293276,41.158945],[-122.2931487,41.1589032],[-122.2929499,41.1588274],[-122.2927981,41.1587691],[-122.2926539,41.1587074],[-122.2925112,41.1586336],[-122.2924201,41.158584],[-122.2923032,41.1585051],[-122.2921802,41.158408],[-122.2920713,41.1583074],[-122.2919434,41.1581611],[-122.291849,41.1580303],[-122.291778,41.1578868],[-122.2917339,41.1577599],[-122.2917021,41.1576525],[-122.2916849,41.1575594],[-122.2916732,41.1573176],[-122.2916645,41.1569913],[-122.2916504,41.1560375],[-122.2916398,41.155882],[-122.2916307,41.155738],[-122.2916186,41.155602],[-122.2915925,41.155446],[-122.2915503,41.1552465],[-122.291491,41.1550385],[-122.2914401,41.1548832],[-122.2913332,41.1546156],[-122.2912239,41.1543653],[-122.2910697,41.1540224],[-122.2909992,41.1538361],[-122.2909477,41.1536976],[-122.2909096,41.1535453],[-122.2908945,41.1534097],[-122.2908945,41.1532749],[-122.2909081,41.1531103],[-122.2909196,41.1530246],[-122.2909734,41.1528634],[-122.2910417,41.1527148],[-122.2911434,41.1525696],[-122.2912132,41.1524885],[-122.291301,41.152396],[-122.2914455,41.1522724],[-122.2915806,41.1521798],[-122.2917303,41.1520814],[-122.2918508,41.1520175],[-122.291989,41.1519547],[-122.2921309,41.1519109],[-122.2923396,41.1518484],[-122.2925112,41.1517958],[-122.2927068,41.1517433],[-122.2929347,41.1516906],[-122.2930854,41.1516614],[-122.2932307,41.1516438],[-122.2933537,41.1516323],[-122.293514,41.1516283],[-122.2936497,41.1516289],[-122.2937849,41.1516348],[-122.2939412,41.151654],[-122.2941021,41.1516849],[-122.2942697,41.1517243],[-122.2944725,41.1517775],[-122.2947893,41.1518576],[-122.2950008,41.1519089],[-122.295198,41.1519447],[-122.2954304,41.1519752],[-122.2956586,41.1519986],[-122.2959055,41.1520141],[-122.2961803,41.1520152],[-122.2963594,41.1520094],[-122.2965628,41.151997],[-122.2968027,41.1519752],[-122.2970729,41.1519398],[-122.2972571,41.151907],[-122.2974676,41.1518667],[-122.2976604,41.1518152],[-122.2977606,41.1517878],[-122.2978966,41.1517396],[-122.2980536,41.151678],[-122.2982691,41.151566],[-122.2984058,41.1514792],[-122.2985332,41.1513952],[-122.299353,41.1508379],[-122.2996202,41.1506584],[-122.299787,41.1505557],[-122.299898,41.1504927],[-122.3000665,41.1504173],[-122.300235,41.1503498],[-122.3003898,41.1502949],[-122.3005486,41.1502516],[-122.3007982,41.1501886],[-122.3010122,41.1501383],[-122.3012156,41.1501001],[-122.3014798,41.1500572],[-122.3017318,41.150024],[-122.3019218,41.1500084],[-122.3020643,41.1500058],[-122.3022495,41.1500103],[-122.3024331,41.1500286],[-122.3026229,41.1500595],[-122.3028127,41.1501041],[-122.3029736,41.1501566],[-122.3031075,41.15021],[-122.3032544,41.1502755],[-122.3034821,41.1503898],[-122.3036142,41.1504504],[-122.3036954,41.150483],[-122.3037979,41.1505236],[-122.3039193,41.1505659],[-122.3040453,41.1506001],[-122.3041451,41.1506265],[-122.3042624,41.1506539],[-122.3043732,41.1506733],[-122.3044795,41.1506905],[-122.3046571,41.1507099],[-122.3047937,41.1507236],[-122.3049288,41.1507305],[-122.3050791,41.1507339],[-122.3052764,41.1507362],[-122.30539,41.1507333],[-122.3055725,41.150727],[-122.3057622,41.1507122],[-122.3059429,41.1506973],[-122.3061584,41.1506733],[-122.3063679,41.150639],[-122.3066002,41.150599],[-122.3068294,41.1505533],[-122.3077885,41.1503497],[-122.3088492,41.1501151],[-122.3099551,41.1498754],[-122.3107687,41.1497028],[-122.3115376,41.1495354],[-122.3118245,41.1494681],[-122.311879,41.1494553],[-122.3121168,41.1494011],[-122.3123712,41.1493274],[-122.3126754,41.1492285],[-122.3130175,41.1491141],[-122.3134041,41.1489655],[-122.3137754,41.1488126],[-122.3141085,41.1486615],[-122.3143642,41.1485261],[-122.314716,41.148311],[-122.3148842,41.1481768],[-122.314995,41.1480831],[-122.3150719,41.1480024],[-122.3151696,41.1479105],[-122.3152698,41.1478053],[-122.3153678,41.1476697],[-122.3154701,41.1475149],[-122.315534,41.1474176],[-122.3157054,41.1471183],[-122.3157722,41.1470063],[-122.3158208,41.1469133],[-122.3158664,41.1468176],[-122.3159089,41.1467159],[-122.3159432,41.1465939],[-122.3159711,41.1464667],[-122.3159908,41.1463524],[-122.3159899,41.1462392],[-122.3159893,41.1461249],[-122.3159772,41.1460094],[-122.3159574,41.1458997],[-122.3159277,41.145787],[-122.3158481,41.1455419],[-122.3157646,41.1453121],[-122.3156376,41.1449802],[-122.315603,41.1448945],[-122.3155748,41.1448171],[-122.3154383,41.1444525],[-122.31537,41.1442284],[-122.3153062,41.1440215],[-122.3152646,41.1438528],[-122.3152242,41.1436488],[-122.3152183,41.1434877],[-122.3152229,41.1433362],[-122.3152412,41.1431385],[-122.3152744,41.1429842],[-122.3153472,41.1427777],[-122.3154425,41.1425575],[-122.3156068,41.1422541],[-122.3158365,41.141864],[-122.316147,41.1413578],[-122.3163992,41.1410204],[-122.3166952,41.1406364],[-122.3170353,41.1402367],[-122.3173328,41.1399149],[-122.3176303,41.1395927],[-122.3180448,41.1391422],[-122.3183689,41.1388007],[-122.318527,41.1386233],[-122.3187186,41.1384191],[-122.3193953,41.1377057],[-122.3198004,41.1372677],[-122.3204054,41.1366207],[-122.3204961,41.1365252],[-122.3206178,41.1363777],[-122.320729,41.1362275],[-122.3208486,41.1360519],[-122.320923,41.1359273],[-122.320977,41.135818],[-122.3210277,41.1356986],[-122.3210672,41.1355751],[-122.321091,41.1354325],[-122.3211006,41.135287],[-122.32109,41.1351361],[-122.3210742,41.1350029],[-122.3210323,41.1348606],[-122.3209807,41.1347439],[-122.3209195,41.1346239],[-122.3208122,41.134449],[-122.3206751,41.1342725],[-122.3203856,41.1339424],[-122.3202716,41.1338354],[-122.3201911,41.1337502],[-122.320132,41.1336792],[-122.3200501,41.133556],[-122.319962,41.1333833],[-122.319915,41.1332644],[-122.3198915,41.1331384],[-122.319877,41.1330003],[-122.3198831,41.1328528],[-122.3198983,41.1326882],[-122.3199309,41.1325558],[-122.3201463,41.1317295],[-122.3202785,41.1311831],[-122.3203406,41.1309616],[-122.3203769,41.1308581],[-122.3204175,41.1307604],[-122.3204736,41.1306449],[-122.3205662,41.130494],[-122.3206908,41.1303312],[-122.320929,41.1300332],[-122.3211218,41.1297553],[-122.3213071,41.1295064],[-122.3215393,41.1291974],[-122.321679,41.1290041],[-122.3217458,41.1288943],[-122.3218322,41.128753],[-122.321896,41.1286211],[-122.3219598,41.1284873],[-122.3220214,41.128326],[-122.322101,41.1280539],[-122.3221803,41.1277273],[-122.3222573,41.1273358],[-122.3222968,41.1271128],[-122.3223385,41.1268881],[-122.3224258,41.1264359],[-122.322523,41.1259547],[-122.3225756,41.1257048],[-122.3226794,41.1252251],[-122.3227219,41.1250066],[-122.3227902,41.1247618],[-122.3228615,41.1245777],[-122.3229319,41.1244248],[-122.3230315,41.1241969],[-122.3231408,41.1239922],[-122.3233834,41.1235254],[-122.3238325,41.1226823],[-122.324051,41.1223097],[-122.3241837,41.1221191],[-122.3243856,41.1218618],[-122.3246103,41.1216205],[-122.3247925,41.1214307],[-122.3256608,41.1205227],[-122.3259843,41.1201937],[-122.3264138,41.1197427],[-122.3265215,41.1196204],[-122.3266885,41.1194305],[-122.3267902,41.1193013],[-122.3268737,41.1191847],[-122.326955,41.1190447],[-122.3270286,41.1188907],[-122.3270893,41.1187407],[-122.3271303,41.1186186],[-122.3271576,41.1185145],[-122.327188,41.1183541],[-122.3272099,41.1181703],[-122.3272077,41.1179232],[-122.3271925,41.117762],[-122.3271501,41.1174457],[-122.3270696,41.1167572],[-122.3270529,41.1165646],[-122.3270119,41.1163336],[-122.3269777,41.1161541],[-122.326898,41.1158761],[-122.3267948,41.1155639],[-122.3266657,41.1152597],[-122.3265248,41.1149029],[-122.3262437,41.1142018],[-122.3260388,41.1136939],[-122.3258657,41.1132502],[-122.3256942,41.1128301],[-122.3255419,41.1124221],[-122.3254734,41.1122406],[-122.3254331,41.1121087],[-122.3253876,41.1119406],[-122.3253687,41.1118139],[-122.3253542,41.1117039],[-122.3253567,41.1116128],[-122.3253572,41.1115609],[-122.3253663,41.1114625],[-122.3253769,41.1113516],[-122.3254134,41.1112292],[-122.3254522,41.1111201],[-122.3255014,41.1109993],[-122.3255918,41.110844],[-122.3256426,41.1107706],[-122.3257215,41.1106642],[-122.3257883,41.1105853],[-122.3258566,41.1105132],[-122.325931,41.1104372],[-122.3261739,41.1102399],[-122.327112,41.1094397],[-122.328202,41.1085345],[-122.3292795,41.1076418],[-122.329507,41.1074678],[-122.329676,41.1073426],[-122.3298157,41.1072568],[-122.3300434,41.1071276],[-122.3302149,41.1070361],[-122.3304175,41.1069423],[-122.3306491,41.1068451],[-122.3308161,41.1067913],[-122.3309825,41.1067407],[-122.3313337,41.1066598],[-122.3320562,41.1065084],[-122.3321064,41.1065008],[-122.3325163,41.1064127],[-122.3327835,41.1063486],[-122.3330583,41.1062743],[-122.3331998,41.1062206],[-122.3333907,41.1061542],[-122.333561,41.1060776],[-122.3336867,41.1060181],[-122.3338461,41.1059343],[-122.3339919,41.1058499],[-122.3341437,41.1057424],[-122.3342469,41.1056543],[-122.3343354,41.1055741],[-122.3344366,41.105453],[-122.3345034,41.1053581],[-122.3345611,41.105278],[-122.3346856,41.1050849],[-122.334722,41.1050252],[-122.3347858,41.1049371],[-122.3348524,41.1048565],[-122.3349391,41.1047553],[-122.335097,41.1046237],[-122.3351987,41.1045471],[-122.3353265,41.1044553],[-122.3357164,41.1041639],[-122.3359532,41.1039946],[-122.3361864,41.1038435],[-122.3367653,41.1034764],[-122.3372596,41.1031572],[-122.3378337,41.1028016],[-122.3382517,41.1025069],[-122.338946,41.1020049],[-122.3393741,41.1016901],[-122.3398469,41.1013574],[-122.3402405,41.1010647],[-122.3405448,41.1008533],[-122.340897,41.1006302],[-122.3415247,41.1002703],[-122.3421609,41.0999129],[-122.3425476,41.0996912],[-122.342889,41.099494],[-122.3430613,41.0993785],[-122.3432765,41.0992158],[-122.3434209,41.0990907],[-122.3435602,41.0989528],[-122.3436548,41.0988543],[-122.3437254,41.0987813],[-122.3438232,41.0986561],[-122.3439229,41.0985279],[-122.3439969,41.098419],[-122.3440605,41.0983089],[-122.3441069,41.0982137],[-122.344178,41.0980749],[-122.3441842,41.0980014],[-122.3442117,41.0978408],[-122.3442428,41.0977718],[-122.3442239,41.0976703],[-122.3441937,41.0974648],[-122.3440945,41.097153],[-122.3440675,41.0968597],[-122.3440579,41.0966253],[-122.3440511,41.0964148],[-122.3440976,41.0961784],[-122.3441754,41.0958691],[-122.3442182,41.0956838],[-122.3442944,41.0954226],[-122.3443624,41.0951619],[-122.3444394,41.0948886],[-122.3445289,41.0946918],[-122.3446078,41.0945356],[-122.3448467,41.0941061],[-122.3449239,41.0939612],[-122.3451658,41.0935925],[-122.3456456,41.0929226],[-122.345765,41.0927466],[-122.3460494,41.0924573],[-122.3463356,41.0922358],[-122.3465876,41.0920803],[-122.3470501,41.0918084],[-122.3476122,41.0915291],[-122.3479545,41.0913652],[-122.3482569,41.0912765],[-122.3486808,41.0911728],[-122.3490863,41.0911174],[-122.3505485,41.090972],[-122.3508772,41.0908714],[-122.3510659,41.0907969],[-122.3512393,41.0907302],[-122.3513889,41.0906592],[-122.3515202,41.0905779],[-122.3517387,41.0903868],[-122.3520304,41.0899717],[-122.3521305,41.0896033],[-122.3521265,41.0893019],[-122.352039,41.0890246],[-122.3517992,41.0886383],[-122.3511765,41.0879549],[-122.350913,41.0874853],[-122.3508459,41.0872199],[-122.3508941,41.0869138],[-122.3512637,41.0860081],[-122.3512998,41.0855378],[-122.3511207,41.0850527],[-122.3504987,41.0843716],[-122.3503109,41.0840438],[-122.3502356,41.0837068],[-122.3502792,41.0832896],[-122.3503457,41.0830924],[-122.3504931,41.0825707],[-122.3505592,41.0823186],[-122.3510849,41.0804724],[-122.3511399,41.0802754],[-122.3511949,41.0801549],[-122.3513334,41.0799088],[-122.3515374,41.0795326],[-122.3516763,41.07931],[-122.3517764,41.0791322],[-122.3521181,41.0786037],[-122.3521994,41.0784817],[-122.352431,41.0781398],[-122.3525083,41.0780206],[-122.3525737,41.0779298],[-122.352641,41.0778479],[-122.3527242,41.0777501],[-122.352823,41.0776603],[-122.3529227,41.0775722],[-122.3530086,41.0775087],[-122.3530825,41.0774594],[-122.3531427,41.0774205],[-122.3532321,41.0773739],[-122.3533387,41.0773156],[-122.3538536,41.0770863],[-122.3539524,41.0770395],[-122.354047,41.0769864],[-122.3541499,41.0769329],[-122.3542395,41.0768763],[-122.3543135,41.0768296],[-122.3543908,41.0767778],[-122.3544699,41.0767065],[-122.3545249,41.0766495],[-122.3545827,41.0765906],[-122.3546349,41.0765367],[-122.3547129,41.076426],[-122.3547518,41.0763423],[-122.3548053,41.0762437],[-122.3548429,41.0761363],[-122.3548928,41.0759872],[-122.3549427,41.0757682],[-122.355007,41.0755085],[-122.3550802,41.0751798],[-122.3550952,41.0750951],[-122.3551335,41.0749025],[-122.3551696,41.0747574],[-122.3551833,41.0746044],[-122.3551994,41.0743923],[-122.3552074,41.0742364],[-122.3552074,41.0740951],[-122.3552023,41.0739746],[-122.3551885,41.0737867],[-122.3551696,41.0735987],[-122.3551466,41.0734609],[-122.3551233,41.0733297],[-122.3550424,41.07279],[-122.3550252,41.0725542],[-122.3550106,41.0724309],[-122.3550131,41.0723014],[-122.35502,41.0721563],[-122.3550321,41.0720604],[-122.355064,41.0719168],[-122.3551266,41.0717143],[-122.3551627,41.0715873],[-122.3551839,41.0715289],[-122.3552401,41.0713981],[-122.3553587,41.0711842],[-122.3554808,41.0709769],[-122.3556286,41.0707601],[-122.3558913,41.0704274],[-122.3560567,41.0702239],[-122.3562123,41.0700373],[-122.3564486,41.0697599],[-122.3568734,41.0692665],[-122.3572549,41.0688137],[-122.3574875,41.0685313],[-122.3576658,41.0683329],[-122.3578463,41.0681164],[-122.3580079,41.0679025],[-122.3581807,41.0676725],[-122.3584342,41.0672934],[-122.3589104,41.0665274],[-122.3591511,41.0661618],[-122.3593557,41.0658132],[-122.3595296,41.0655081],[-122.3598391,41.0650057],[-122.360094,41.0645847],[-122.3604935,41.0639404],[-122.3607327,41.0635449],[-122.3608816,41.0633081],[-122.3609958,41.0631314],[-122.361111,41.062981],[-122.3611969,41.0628838],[-122.3613121,41.062784],[-122.361425,41.0626949],[-122.3615665,41.0626064],[-122.3616645,41.0625494],[-122.3617763,41.0624923],[-122.3618911,41.0624462],[-122.3620221,41.0624016],[-122.3621614,41.0623575],[-122.3623092,41.0623199],[-122.3624364,41.0622953],[-122.3625504,41.0622778],[-122.3627752,41.0622611],[-122.362947,41.0622564],[-122.3631516,41.0622655],[-122.363241,41.0622733],[-122.3633838,41.0622949],[-122.3643887,41.0624942],[-122.3650309,41.0626297],[-122.3651956,41.0626647],[-122.3653607,41.0626907],[-122.3654793,41.0627075],[-122.3656082,41.0627192],[-122.3656959,41.0627256],[-122.3658575,41.0627321],[-122.365983,41.0627347],[-122.3661016,41.0627321],[-122.3662352,41.062721],[-122.3663819,41.0627075],[-122.3665159,41.0626894],[-122.366678,41.062663],[-122.3667962,41.0626375],[-122.3669199,41.0626064],[-122.3671039,41.0625468],[-122.3673033,41.0624664],[-122.3674277,41.0624094],[-122.367611,41.0623044],[-122.367752,41.0622202],[-122.3679394,41.0620853],[-122.3680804,41.0619557],[-122.3682059,41.06183],[-122.3682832,41.0617392],[-122.368391,41.061607],[-122.36845,41.061515],[-122.3685222,41.0613646],[-122.368586,41.061199],[-122.3686187,41.061106],[-122.3686552,41.0609533],[-122.3686789,41.0608184],[-122.3687118,41.060649],[-122.3688506,41.0600603],[-122.3688984,41.0597096],[-122.3689878,41.0592805],[-122.36905,41.0589686],[-122.3690759,41.0588331],[-122.3691088,41.0587074],[-122.3691249,41.0585885],[-122.3691826,41.0584063],[-122.3692277,41.0582609],[-122.3693303,41.0580523],[-122.3694238,41.0579071],[-122.3695161,41.0577768],[-122.3696128,41.0576765],[-122.3697675,41.0575162],[-122.3699179,41.0573512],[-122.3700615,41.0572318],[-122.37026,41.0571008],[-122.3704497,41.0569919],[-122.3706322,41.0569005],[-122.3708653,41.0567862],[-122.3710321,41.0567079],[-122.3712043,41.0566309],[-122.3713302,41.0565756],[-122.3714845,41.0564955],[-122.3716319,41.0564053],[-122.3717604,41.0563142],[-122.3719311,41.0561862],[-122.3721851,41.0559947],[-122.3724633,41.0557829],[-122.3726171,41.0556624],[-122.3727164,41.0555908],[-122.3728162,41.0555228],[-122.3729893,41.0554081],[-122.3731642,41.055312],[-122.3733644,41.0552221],[-122.3735211,41.05516],[-122.3736826,41.0551066],[-122.3738723,41.055057],[-122.374075,41.0550102],[-122.3742299,41.0549888],[-122.3744149,41.0549655],[-122.3746444,41.0549525],[-122.3747918,41.0549514],[-122.3749788,41.054955],[-122.3752166,41.0549658],[-122.3755836,41.0549924],[-122.3757595,41.0550031],[-122.3758719,41.0550042],[-122.3759697,41.0550053],[-122.37607,41.0550058],[-122.3762382,41.0550009],[-122.37639,41.0549921],[-122.3764966,41.0549842],[-122.376644,41.0549701],[-122.3768133,41.0549393],[-122.3769403,41.0549144],[-122.3770526,41.0548853],[-122.3771636,41.0548534],[-122.3772803,41.0548127],[-122.3773955,41.0547628],[-122.3775139,41.0547081],[-122.3775912,41.0546641],[-122.3776974,41.0545975],[-122.3777897,41.054532],[-122.3778612,41.0544693],[-122.3779357,41.0544011],[-122.3780116,41.0543157],[-122.378067,41.0542492],[-122.378121,41.0541688],[-122.3781736,41.0540874],[-122.3782217,41.0540081],[-122.3782504,41.0539326],[-122.3783005,41.0538232],[-122.3783487,41.0537011],[-122.3783735,41.0535888],[-122.378394,41.0535107],[-122.3784101,41.0534095],[-122.3784261,41.0533137],[-122.3784377,41.0532058],[-122.3784377,41.0530946],[-122.37843,41.0529982],[-122.3784158,41.0529152],[-122.3783881,41.0528129],[-122.3783595,41.0527335],[-122.3783137,41.0526191],[-122.3782568,41.0525201],[-122.378168,41.0523994],[-122.3780647,41.0522804],[-122.377945,41.0521095],[-122.3778131,41.0519174],[-122.377719,41.0517624],[-122.377666,41.0516406],[-122.3776189,41.0515207],[-122.3775947,41.0513966],[-122.3775664,41.0512631],[-122.3775639,41.0511355],[-122.3775708,41.0509682],[-122.3775956,41.0508328],[-122.3776379,41.0506963],[-122.3776817,41.0505917],[-122.3777374,41.0504789],[-122.3778496,41.0503243],[-122.3779459,41.0502043],[-122.3780425,41.0500857],[-122.3784826,41.0496032],[-122.378753,41.0493535],[-122.3789993,41.0491441],[-122.3791821,41.04901],[-122.37935,41.0489077],[-122.3794692,41.0488362],[-122.3796492,41.0487558],[-122.3798666,41.0486699],[-122.3801034,41.0485887],[-122.3803278,41.0485323],[-122.3809375,41.0483872],[-122.3815232,41.0482505],[-122.3817772,41.0481889],[-122.3819734,41.0481392],[-122.3821537,41.0480843],[-122.382323,41.0480227],[-122.3825277,41.0479414],[-122.3827229,41.0478488],[-122.3829283,41.0477327],[-122.3830864,41.0476187],[-122.3832177,41.0475252],[-122.3833623,41.0474206],[-122.3835067,41.0473006],[-122.3836136,41.0472069],[-122.3837607,41.047064],[-122.3839198,41.0469099],[-122.3840175,41.0468174],[-122.3841141,41.0467365],[-122.3842058,41.046671],[-122.3843124,41.0465961],[-122.3843926,41.0465455],[-122.384483,41.0464861],[-122.3845897,41.0464343],[-122.3846802,41.0463947],[-122.384797,41.0463521],[-122.3849137,41.0463166],[-122.3850497,41.0462835],[-122.3851808,41.046256],[-122.3853063,41.046234],[-122.3854362,41.0462197],[-122.3855817,41.0462165],[-122.3863131,41.0462914],[-122.3867273,41.0464094],[-122.3874927,41.0464972],[-122.3881033,41.0464772],[-122.38831,41.0464451],[-122.3885207,41.0463835],[-122.3889596,41.0461641],[-122.3892518,41.045899],[-122.3894989,41.0455179],[-122.3896885,41.0450132],[-122.3897854,41.0447087],[-122.3900534,41.0442963],[-122.390203,41.044128],[-122.3903508,41.0439776],[-122.3904986,41.0438271],[-122.3906465,41.0436766],[-122.3911661,41.0433525],[-122.391675,41.042991],[-122.392172,41.04256],[-122.392524,41.041932],[-122.392694,41.040991],[-122.392731,41.040786],[-122.3927941,41.0405409],[-122.39292,41.040138],[-122.392924,41.040121],[-122.3929742,41.0399728],[-122.3930319,41.0398299],[-122.3930768,41.0396919],[-122.393102,41.039462],[-122.393064,41.038911],[-122.392857,41.038369],[-122.3927621,41.0380742],[-122.3927079,41.0378017],[-122.392712,41.037453],[-122.392806,41.037112],[-122.393197,41.035648],[-122.393542,41.035055],[-122.394491,41.033784],[-122.394812,41.033338],[-122.394963,41.032988],[-122.395007,41.03271],[-122.394975,41.032355],[-122.394805,41.031981],[-122.3945889,41.0316849],[-122.393937,41.0313137],[-122.393416,41.031205],[-122.392555,41.031013],[-122.3921436,41.0308228],[-122.3918179,41.0305731],[-122.3916623,41.0304254],[-122.3915403,41.0302807],[-122.3914477,41.0301078],[-122.3913632,41.0298933],[-122.3913324,41.0297628],[-122.3913243,41.0295938],[-122.3913632,41.0292792],[-122.3914316,41.0290677],[-122.391644,41.028673],[-122.392734,41.027213],[-122.3928503,41.0270014],[-122.3929963,41.0267262],[-122.3932628,41.0262957],[-122.3936454,41.0257344],[-122.393998,41.025326],[-122.394347,41.025081],[-122.3951531,41.0245558],[-122.3955369,41.0241826],[-122.3957772,41.0239056],[-122.3959832,41.0235764],[-122.3961246,41.0230566],[-122.3961425,41.0220812],[-122.3962496,41.021499],[-122.3963931,41.0211338],[-122.3966509,41.0207971],[-122.3968887,41.0206028],[-122.3970829,41.0204741],[-122.3973807,41.0203295],[-122.398062,41.020158],[-122.398961,41.01993],[-122.399411,41.019729],[-122.399822,41.019449],[-122.400514,41.018633],[-122.400982,41.018024],[-122.401389,41.017506],[-122.401672,41.01723],[-122.402083,41.016932],[-122.402483,41.016596],[-122.4028088,41.0163302],[-122.4032134,41.0160848],[-122.4037623,41.0159008],[-122.4045796,41.0158267],[-122.4051448,41.0157919],[-122.4055411,41.015768],[-122.4057108,41.0157606],[-122.4061055,41.0157237],[-122.4067183,41.015705],[-122.4072203,41.0157294],[-122.40769,41.0158054],[-122.4082418,41.0159243],[-122.4089658,41.0160763],[-122.40942,41.0160946],[-122.4096327,41.016071],[-122.4098755,41.0160346],[-122.4101361,41.0159545],[-122.41044,41.0158152],[-122.4106626,41.0156815],[-122.4109097,41.0154922],[-122.411152,41.015181],[-122.4112285,41.0149815],[-122.411278,41.014735],[-122.4112983,41.0144528],[-122.411256,41.0142187],[-122.411177,41.014018],[-122.4109853,41.0137346],[-122.4108017,41.0135127],[-122.4103765,41.0131255],[-122.4101228,41.0129559],[-122.4099021,41.0128496],[-122.4094302,41.0126628],[-122.4089891,41.0124896],[-122.408762,41.0123589],[-122.4082115,41.0119335],[-122.4078211,41.0114946],[-122.40727,41.010429],[-122.407123,41.010117],[-122.406965,41.0097356],[-122.4068634,41.0092546],[-122.406861,41.0088564],[-122.406834,41.0072001],[-122.4068191,41.006693],[-122.4067749,41.0061107],[-122.406679,41.005314],[-122.406617,41.004768],[-122.406547,41.004384],[-122.406434,41.004058],[-122.406089,41.003023],[-122.405994,41.002663],[-122.405994,41.002289],[-122.406089,41.002011],[-122.406252,41.001718],[-122.406472,41.001512],[-122.406975,41.001162],[-122.407528,41.000985],[-122.4077224,41.0009379],[-122.4077866,41.0009239],[-122.407861,41.000903],[-122.408176,41.000807],[-122.408609,41.000572],[-122.408968,41.000222],[-122.409137,40.999834],[-122.4092,40.999589],[-122.409194,40.999364],[-122.409156,40.999076],[-122.408961,40.998692],[-122.408622,40.998232],[-122.408477,40.997791],[-122.408496,40.997479],[-122.408647,40.997038],[-122.408829,40.996769],[-122.409112,40.996501],[-122.409408,40.996314],[-122.409829,40.996156],[-122.410363,40.996065],[-122.410966,40.996002],[-122.4120834,40.9958659],[-122.4124302,40.9958171],[-122.412777,40.9957683],[-122.4137965,40.9956426],[-122.4141658,40.9955784],[-122.414575,40.9953739],[-122.4150467,40.9949818],[-122.4152738,40.9946195],[-122.4153461,40.994379],[-122.4153816,40.9941437],[-122.4152955,40.9936775],[-122.4151023,40.9933015],[-122.4148674,40.992913],[-122.4147229,40.9924632],[-122.4147052,40.9921526],[-122.4148068,40.9917266],[-122.4150767,40.9912377],[-122.415361,40.990792],[-122.415747,40.990504],[-122.416222,40.990304],[-122.416716,40.990204],[-122.4173438,40.9901728],[-122.417803,40.9902396],[-122.4186334,40.9905562],[-122.4195717,40.9910273],[-122.4201292,40.9912348],[-122.420733,40.991409],[-122.421383,40.991414],[-122.422158,40.991305],[-122.42282,40.991143],[-122.423494,40.990852],[-122.42379,40.990598],[-122.42401,40.990368],[-122.424173,40.990046],[-122.424274,40.989677],[-122.424324,40.989087],[-122.424368,40.988589],[-122.424412,40.987965],[-122.424506,40.987706],[-122.424626,40.987484],[-122.424664,40.987414],[-122.425009,40.987078],[-122.4255,40.986819],[-122.426273,40.986584],[-122.426691,40.986461],[-122.42714,40.986253],[-122.427586,40.985937],[-122.427894,40.98563],[-122.428077,40.985299],[-122.428265,40.984647],[-122.428498,40.983659],[-122.428542,40.983458],[-122.428762,40.98246],[-122.4290127,40.9815786],[-122.4290565,40.9808306],[-122.4289729,40.979326],[-122.4290933,40.978869],[-122.429447,40.9784079],[-122.4299784,40.9780847],[-122.4303876,40.9779655],[-122.4309938,40.9777784],[-122.4312828,40.9776361],[-122.431666,40.9773339],[-122.431926,40.976924],[-122.4320503,40.976591],[-122.4320352,40.9760875],[-122.4319393,40.9758359],[-122.4317781,40.9755719],[-122.4314324,40.9752393],[-122.4312633,40.9751435],[-122.430736,40.9748815],[-122.4303015,40.9745934],[-122.4300423,40.9743151],[-122.4298716,40.9740104],[-122.4297697,40.9736499],[-122.4296483,40.9730687],[-122.4296467,40.9726316],[-122.4297953,40.9721677],[-122.4300057,40.9718442],[-122.4303025,40.9715434],[-122.4309105,40.9711518],[-122.4315826,40.9707323],[-122.4318681,40.970483],[-122.4323163,40.9700145],[-122.4329167,40.9694321],[-122.4334025,40.9689185],[-122.4336203,40.9686104],[-122.4337788,40.9682639],[-122.434156,40.9666234],[-122.4344111,40.9661942],[-122.4348239,40.9657987],[-122.4352185,40.9655324],[-122.4356491,40.9653046],[-122.4361002,40.9651532],[-122.4365099,40.9650389],[-122.4374032,40.9648047],[-122.4376787,40.9647334],[-122.43794,40.964631],[-122.438262,40.964478],[-122.438557,40.964287],[-122.438982,40.963898],[-122.4392619,40.9635436],[-122.4394576,40.9630937],[-122.4394865,40.9627998],[-122.4394783,40.9626459],[-122.4394483,40.9624622],[-122.4393573,40.9622797],[-122.4392649,40.9621153],[-122.439157,40.9619672],[-122.4386406,40.9615453],[-122.4384531,40.9614698],[-122.437895,40.961323],[-122.43721,40.961126],[-122.436255,40.960877],[-122.435733,40.960723],[-122.435293,40.960483],[-122.434928,40.960167],[-122.434708,40.959774],[-122.43457,40.959332],[-122.434457,40.958795],[-122.434294,40.958498],[-122.434118,40.958321],[-122.433828,40.958119],[-122.433382,40.957956],[-122.432992,40.957832],[-122.432596,40.957668],[-122.432288,40.957472],[-122.431811,40.957103],[-122.431559,40.956815],[-122.431339,40.956403],[-122.431251,40.956062],[-122.431327,40.955602],[-122.431647,40.954834],[-122.432144,40.953976],[-122.432313,40.95366],[-122.432401,40.953242],[-122.432339,40.952816],[-122.432175,40.951967],[-122.432106,40.951639],[-122.432062,40.95131],[-122.432119,40.950797],[-122.432376,40.950265],[-122.432766,40.949689],[-122.43315,40.949142],[-122.434287,40.947968],[-122.43491,40.9474392],[-122.4353381,40.9470064],[-122.4355986,40.9466884],[-122.4357901,40.9463525],[-122.4358844,40.9461742],[-122.4359997,40.9458532],[-122.4360425,40.9455538],[-122.4359967,40.9452941],[-122.4359721,40.9452074],[-122.435929,40.9450846],[-122.4357804,40.9447798],[-122.4353736,40.9442291],[-122.435025,40.9437834],[-122.4347373,40.9434255],[-122.4342642,40.9429847],[-122.4337311,40.9426814],[-122.4329941,40.9424332],[-122.4325046,40.9423073],[-122.432181,40.942261],[-122.431653,40.942237],[-122.431088,40.94229],[-122.4305808,40.9424488],[-122.4299666,40.9427576],[-122.4294316,40.9430258],[-122.428919,40.943326],[-122.4285319,40.9436739],[-122.4280295,40.9441138],[-122.4278017,40.9443036],[-122.4275105,40.9444764],[-122.4272183,40.9445821],[-122.4269523,40.944649],[-122.4265607,40.9446863],[-122.426361,40.9446973],[-122.426103,40.9446803],[-122.4257589,40.9446094],[-122.4254626,40.9445259],[-122.4248514,40.9442469],[-122.4240803,40.9438666],[-122.4234345,40.9433512],[-122.4228128,40.9428259],[-122.4222674,40.9424702],[-122.4216133,40.9419235],[-122.4207381,40.9407483],[-122.4204368,40.9402978],[-122.4202393,40.9398842],[-122.419978,40.9390638],[-122.4198816,40.9387507],[-122.4196334,40.9383283],[-122.4193454,40.9380563],[-122.4191969,40.9379492],[-122.4189444,40.9378162],[-122.418643,40.9377055],[-122.41851,40.937672],[-122.418032,40.937614],[-122.417699,40.937614],[-122.417196,40.937691],[-122.416737,40.93783],[-122.416083,40.938104],[-122.415593,40.938219],[-122.415077,40.938233],[-122.414675,40.938209],[-122.414009,40.938156],[-122.413563,40.938108],[-122.413186,40.937974],[-122.412803,40.937667],[-122.4124475,40.9371411],[-122.4120674,40.9367071],[-122.4115915,40.9363865],[-122.4111273,40.9360671],[-122.4108084,40.9356499],[-122.4104807,40.9350798],[-122.4102572,40.9345883],[-122.4099099,40.9337766],[-122.4098558,40.9336522],[-122.4088236,40.9312482],[-122.4080024,40.92954],[-122.4075339,40.9286599],[-122.4071849,40.9280724],[-122.4067103,40.9275376],[-122.4061236,40.9270705],[-122.4054414,40.9266846],[-122.4053046,40.926605],[-122.4049703,40.9264174],[-122.4047002,40.9262659],[-122.4040884,40.9259225],[-122.4030486,40.925339],[-122.402154,40.9247967],[-122.4014355,40.9242523],[-122.400712,40.9235542],[-122.3975624,40.9200056],[-122.3970478,40.9194723],[-122.396618,40.919107],[-122.396113,40.91875],[-122.395377,40.918318],[-122.39384,40.917739],[-122.393146,40.91758],[-122.392454,40.917465],[-122.391418,40.917451],[-122.391354,40.91745],[-122.389123,40.91745],[-122.388375,40.917412],[-122.387927,40.917356],[-122.387476,40.917292],[-122.38703,40.917182],[-122.386395,40.916966],[-122.385829,40.916688],[-122.38527,40.916386],[-122.384119,40.915729],[-122.3832451,40.915144],[-122.382762,40.914784],[-122.3822707,40.9141757],[-122.381812,40.913408],[-122.381687,40.912909],[-122.381618,40.912353],[-122.381724,40.911149],[-122.381775,40.91054],[-122.381775,40.910109],[-122.3817594,40.9096771],[-122.3816826,40.9093309],[-122.3815903,40.9091111],[-122.3812551,40.9085178],[-122.3805028,40.9076116],[-122.3800791,40.9071291],[-122.3794412,40.9064343],[-122.3783273,40.9051787],[-122.3782592,40.9051072],[-122.376374,40.9030137],[-122.3757697,40.9023471],[-122.375343,40.9018935],[-122.374804,40.901237],[-122.3745732,40.9007668],[-122.3742857,40.9001152],[-122.374124,40.8994113],[-122.3741004,40.8989768],[-122.374137,40.8982965],[-122.374393,40.8973751],[-122.374923,40.8962321],[-122.3758903,40.8942912],[-122.3764844,40.8930922],[-122.3767507,40.8925682],[-122.3771153,40.8918457],[-122.3779102,40.8902865],[-122.3786496,40.889179],[-122.3796541,40.8881557],[-122.3806421,40.8874079],[-122.381802,40.886744],[-122.3827794,40.8862725],[-122.3830567,40.8861405],[-122.3834903,40.8859196],[-122.3839695,40.8856701],[-122.385188,40.884824],[-122.385933,40.884223],[-122.3871058,40.8829381],[-122.3883755,40.8815118],[-122.3885496,40.8813305],[-122.3887263,40.8811293],[-122.3890784,40.8807308],[-122.389349,40.880335],[-122.389689,40.87985],[-122.390041,40.879035],[-122.390173,40.878484],[-122.39026,40.877573],[-122.3904216,40.8749062],[-122.3904884,40.872854],[-122.390521,40.8723755],[-122.3905814,40.8715943],[-122.3905679,40.8708799],[-122.3904722,40.8703652],[-122.3903549,40.8699214],[-122.3902338,40.8696209],[-122.3899449,40.8690658],[-122.3896157,40.8685808],[-122.3891926,40.8680559],[-122.388749,40.8676289],[-122.3867078,40.8658291],[-122.385886,40.865119],[-122.384993,40.864381],[-122.3843565,40.8639253],[-122.3838506,40.8636291],[-122.3823818,40.8628259],[-122.3820627,40.8626086],[-122.3817514,40.8623944],[-122.381127,40.8618068],[-122.3805005,40.8611693],[-122.3798911,40.8605493],[-122.3792817,40.8599292],[-122.3786722,40.8593091],[-122.3780628,40.858689],[-122.3774533,40.8580689],[-122.3768439,40.8574488],[-122.3762408,40.8568247],[-122.3758098,40.8563807],[-122.373653,40.854171],[-122.373627,40.854145],[-122.3723463,40.8527781],[-122.371246,40.8517478],[-122.3702499,40.8509198],[-122.3684072,40.8495031],[-122.367279,40.848652],[-122.366794,40.848259],[-122.366456,40.847985],[-122.365607,40.847424],[-122.364752,40.846988],[-122.36418,40.846796],[-122.363602,40.846657],[-122.362753,40.846523],[-122.361283,40.846403],[-122.359912,40.846254],[-122.358988,40.846029],[-122.358102,40.84566],[-122.357461,40.845281],[-122.356851,40.844777],[-122.3559057,40.8438227],[-122.354808,40.8426475],[-122.3538671,40.8416025],[-122.3531036,40.8407465],[-122.3524377,40.8400243],[-122.3517718,40.839302],[-122.3511059,40.8385797],[-122.35044,40.8378573],[-122.3497742,40.837135],[-122.3491063,40.8364568],[-122.348764,40.836097],[-122.348742,40.836074],[-122.348624,40.8358933],[-122.3482591,40.835363],[-122.3478656,40.834643],[-122.3475767,40.8339788],[-122.3474196,40.8334532],[-122.34725,40.8327426],[-122.3471989,40.8322594],[-122.3472099,40.8317451],[-122.3472876,40.8310756],[-122.347369,40.8304412],[-122.347617,40.829547],[-122.347938,40.828646],[-122.3480251,40.8283183],[-122.348076,40.827864],[-122.348044,40.827246],[-122.347975,40.826843],[-122.347862,40.826474],[-122.3476396,40.8259395],[-122.3473068,40.8254366],[-122.3470519,40.8251381],[-122.3465381,40.8246666],[-122.3459438,40.8242527],[-122.3452803,40.8239043],[-122.3445599,40.8236279],[-122.343902,40.823457],[-122.343267,40.823347],[-122.3425237,40.823316],[-122.3417886,40.8233476],[-122.3413803,40.8233815],[-122.3405982,40.8235056],[-122.3399677,40.8236969],[-122.3393856,40.8239211],[-122.3390516,40.8240848],[-122.3383335,40.824522],[-122.3367661,40.8253615],[-122.3359323,40.8257877],[-122.335108,40.8261668],[-122.3343325,40.8264563],[-122.3334798,40.8266548],[-122.3327089,40.8267094],[-122.3322928,40.8267188],[-122.3320909,40.8267078],[-122.3313911,40.8266282],[-122.330494,40.82644],[-122.329645,40.826076],[-122.3290003,40.8257342],[-122.3284776,40.8253327],[-122.3278366,40.8246108],[-122.3275782,40.8241549],[-122.3273859,40.8236312],[-122.327284,40.823112],[-122.3272947,40.8222983],[-122.3274298,40.8217854],[-122.327703,40.820758],[-122.3279788,40.8200151],[-122.3281165,40.8195712],[-122.3282721,40.8188841],[-122.3282809,40.8183083],[-122.3282503,40.8178192],[-122.3282336,40.8173486],[-122.3278547,40.8163613],[-122.3273752,40.8156466],[-122.32643,40.8145452],[-122.3259616,40.8140025],[-122.3255274,40.8134885],[-122.325057,40.812836],[-122.324824,40.812308],[-122.324648,40.811795],[-122.324522,40.811133],[-122.3242207,40.8089202],[-122.3235355,40.8042713],[-122.323152,40.801356],[-122.3228475,40.7990837],[-122.3226864,40.7979767],[-122.322538,40.7970074],[-122.322456,40.7965334],[-122.322366,40.796105],[-122.3222061,40.7956763],[-122.3219491,40.7952403],[-122.321518,40.794738],[-122.321109,40.79434],[-122.320826,40.79412],[-122.320122,40.793717],[-122.31955,40.793482],[-122.317375,40.792715],[-122.316841,40.792465],[-122.316181,40.792101],[-122.315064,40.791286],[-122.314201,40.790662],[-122.313321,40.789972],[-122.312906,40.789535],[-122.312453,40.78896],[-122.311976,40.788135],[-122.3117061,40.7874377],[-122.3115507,40.786577],[-122.311544,40.7857083],[-122.3116859,40.7848463],[-122.3119743,40.7840054],[-122.3124041,40.7831999],[-122.3129681,40.7824434],[-122.3131527,40.7822444],[-122.3145755,40.7809675],[-122.315571,40.780098],[-122.3165794,40.7791491],[-122.3180209,40.7778823],[-122.3187202,40.7772155],[-122.3193059,40.7764886],[-122.3197692,40.7757127],[-122.320103,40.7748995],[-122.3203023,40.7740614],[-122.320364,40.7732112],[-122.320267,40.772277],[-122.320066,40.771495],[-122.319619,40.769515],[-122.319274,40.768661],[-122.318853,40.767678],[-122.3187032,40.7670784],[-122.3186409,40.7667519],[-122.3186181,40.7664382],[-122.31864,40.7660805],[-122.3188957,40.7623984],[-122.3189271,40.7618829],[-122.3189537,40.7613509],[-122.319,40.760537],[-122.3190302,40.7598654],[-122.3190676,40.759192],[-122.3191151,40.7583414],[-122.3191277,40.7581007],[-122.3192138,40.7564574],[-122.3193352,40.7551329],[-122.3195266,40.7538355],[-122.3198361,40.7523457],[-122.3202558,40.7508164],[-122.3205596,40.7498072],[-122.3208328,40.7487828],[-122.3210746,40.747859],[-122.3213153,40.7469393],[-122.3219467,40.744527],[-122.322135,40.7438073],[-122.3226256,40.7419504],[-122.3227894,40.7414561],[-122.3229814,40.741045],[-122.3231744,40.7406647],[-122.3234633,40.7402141],[-122.3235144,40.7401481],[-122.3235788,40.7400544],[-122.3237748,40.7397837],[-122.3240576,40.7394314],[-122.3246836,40.7387353],[-122.3248924,40.7385079],[-122.3252861,40.7380752],[-122.3256359,40.7376707],[-122.3258669,40.7373608],[-122.3259598,40.7372184],[-122.3262083,40.7368153],[-122.3263314,40.7365946],[-122.3265194,40.7362017],[-122.3265689,40.7360923],[-122.3265899,40.7360233],[-122.3266487,40.7358757],[-122.3271317,40.7345974],[-122.3273541,40.7339801],[-122.328692,40.7303164],[-122.3288387,40.7299258],[-122.3288791,40.7298353],[-122.329022,40.7294787],[-122.329224,40.728963],[-122.3294025,40.7283837],[-122.329544,40.7279592],[-122.3297272,40.7274856],[-122.3298788,40.7270874],[-122.3300385,40.7265909],[-122.3302694,40.7254407],[-122.3303391,40.7250472],[-122.3303761,40.7247099],[-122.3304245,40.724441],[-122.3304993,40.7241667],[-122.3305717,40.723871],[-122.3308938,40.723086],[-122.3310168,40.7228501],[-122.3312722,40.7224418],[-122.3316287,40.7220364],[-122.3317743,40.7218817],[-122.3321221,40.7216067],[-122.3324869,40.7213591],[-122.3329188,40.7211165],[-122.3334237,40.7208706],[-122.3341499,40.7205639],[-122.3347654,40.720292],[-122.3350522,40.7201531],[-122.3353924,40.7199695],[-122.33593,40.7196405],[-122.3361665,40.7194774],[-122.3365211,40.7192045],[-122.3367902,40.7189398],[-122.3371242,40.7185822],[-122.3373455,40.7182606],[-122.337441,40.7180673],[-122.3375028,40.7178967],[-122.337618,40.7176123],[-122.3377082,40.7173025],[-122.3378148,40.7168208],[-122.3378555,40.7165435],[-122.3379025,40.7162804],[-122.3380067,40.715634],[-122.3381246,40.7151285],[-122.3381624,40.7149289],[-122.3382176,40.7147381],[-122.3383511,40.7143433],[-122.3384939,40.7140051],[-122.3385636,40.7138835],[-122.3387925,40.713582],[-122.3390482,40.7132789],[-122.3393386,40.7129824],[-122.3397414,40.7126551],[-122.3399507,40.712505],[-122.3401899,40.7123652],[-122.3403924,40.7122415],[-122.3406194,40.7121363],[-122.3411992,40.711906],[-122.3415157,40.7118097],[-122.3419929,40.7116823],[-122.3423373,40.7115949],[-122.3426926,40.7115178],[-122.3431536,40.7114215],[-122.3438416,40.7112809],[-122.3442441,40.7111946],[-122.345385,40.710945],[-122.3463117,40.710751],[-122.3467792,40.7106478],[-122.3472384,40.7105426],[-122.3478333,40.7103977],[-122.348591,40.710187],[-122.3492813,40.7099654],[-122.350106,40.709669],[-122.3508543,40.709384],[-122.3516657,40.7090484],[-122.352221,40.708825],[-122.3532737,40.7083819],[-122.3538263,40.7081566],[-122.3543711,40.7079075],[-122.3549826,40.7076495],[-122.3560389,40.7071868],[-122.3562982,40.7070706],[-122.356562,40.706922],[-122.3568305,40.7067848],[-122.3572986,40.7065097],[-122.3575193,40.706376],[-122.35775,40.706212],[-122.3581757,40.7059143],[-122.3585595,40.705603],[-122.3590275,40.705162],[-122.3593955,40.7047706],[-122.3595157,40.7046132],[-122.3597648,40.7043055],[-122.3599065,40.7041066],[-122.3600516,40.7038992],[-122.360364,40.703378],[-122.3606048,40.7028368],[-122.3608214,40.7022755],[-122.3611117,40.7013463],[-122.3615402,40.6998796],[-122.3618415,40.6988789],[-122.3620141,40.6982437],[-122.3622548,40.6974737],[-122.362705,40.6959442],[-122.3629066,40.6952502],[-122.3630876,40.6946222],[-122.3633162,40.6938515],[-122.3634967,40.6933008],[-122.3636953,40.6927611],[-122.3639185,40.6923077],[-122.3641705,40.691885],[-122.3646095,40.6912487],[-122.3648522,40.6909511],[-122.3651344,40.6906416],[-122.3655193,40.6902603],[-122.3659398,40.6898898],[-122.366626,40.689361],[-122.368122,40.6884904],[-122.3692622,40.6878148],[-122.3700317,40.6873514],[-122.3705443,40.6870644],[-122.3708086,40.686901],[-122.3711406,40.6866868],[-122.3714031,40.6865054],[-122.3718096,40.6861941],[-122.3721951,40.6858653],[-122.3725099,40.6855668],[-122.372792,40.6852813],[-122.3731412,40.6848731],[-122.3734873,40.6843948],[-122.3738146,40.6838966],[-122.3743891,40.6830118],[-122.3745674,40.6827454],[-122.3748299,40.6823944],[-122.3750669,40.6821011],[-122.3752416,40.6819021],[-122.3753651,40.6817558],[-122.3755852,40.6815364],[-122.3761953,40.6809842],[-122.3766257,40.6806474],[-122.3770849,40.6803482],[-122.3771236,40.6803234],[-122.3777048,40.6799732],[-122.3783203,40.6796657],[-122.378639,40.6795196],[-122.3789943,40.6793698],[-122.3793743,40.6792292],[-122.3796042,40.6791503],[-122.3798321,40.6790791],[-122.3803021,40.6789413],[-122.3806945,40.6788414],[-122.3809402,40.6787869],[-122.3812802,40.6787197],[-122.3815294,40.6786762],[-122.3818489,40.6786256],[-122.3821863,40.6785819],[-122.3826705,40.6785331],[-122.3832137,40.6784921],[-122.3833567,40.6784865],[-122.3838052,40.6784583],[-122.3840153,40.678445],[-122.3844177,40.6784215],[-122.385079,40.678373],[-122.3857176,40.6783159],[-122.385962,40.6782908],[-122.3862234,40.6782553],[-122.3866016,40.6781949],[-122.3868204,40.6781557],[-122.387011,40.6781175],[-122.3873569,40.6780411],[-122.3877605,40.6779417],[-122.3880314,40.6778641],[-122.388367,40.6777624],[-122.3887715,40.6776219],[-122.3888283,40.6776022],[-122.3892292,40.6774386],[-122.3894518,40.6773421],[-122.3896773,40.6772433],[-122.3899728,40.6771003],[-122.3902408,40.6769617],[-122.3905923,40.6767669],[-122.3907631,40.6766658],[-122.3910416,40.6764911],[-122.3913273,40.6762933],[-122.3914633,40.6761977],[-122.3916237,40.6760743],[-122.3917811,40.675954],[-122.3919293,40.6758345],[-122.3921999,40.6755987],[-122.3924643,40.675349],[-122.3925954,40.6752177],[-122.3927039,40.6751062],[-122.3928449,40.6749516],[-122.3929717,40.674807],[-122.3930985,40.6746539],[-122.3932539,40.6744596],[-122.3934123,40.6742368],[-122.3935306,40.6740705],[-122.393675,40.6738417],[-122.3938297,40.6735766],[-122.3939839,40.6732855],[-122.3941247,40.6729805],[-122.3942209,40.6727425],[-122.3943146,40.6724767],[-122.3943839,40.672257],[-122.3944478,40.6720306],[-122.3944885,40.6718548],[-122.3945128,40.6717346],[-122.3945403,40.6716027],[-122.3945819,40.6713368],[-122.3946126,40.6710692],[-122.3946317,40.6708178],[-122.3946341,40.6705995],[-122.3946283,40.6702273],[-122.3945916,40.6697434],[-122.3945147,40.6690731],[-122.3944579,40.6685313],[-122.3943997,40.6680012],[-122.3943107,40.6671959],[-122.3942054,40.6662312],[-122.3941559,40.6657577],[-122.3940687,40.6649542],[-122.3939577,40.6639334],[-122.3939295,40.6636704],[-122.3938963,40.6633943],[-122.393881,40.6632707],[-122.393869,40.6631409],[-122.393816,40.6626411],[-122.3937375,40.6619579],[-122.3936749,40.661388],[-122.393648,40.6611494],[-122.393622,40.6609138],[-122.3935914,40.6606924],[-122.393143,40.6565237],[-122.3931303,40.6564033],[-122.3930629,40.6557616],[-122.3930055,40.6552318],[-122.3929391,40.6546925],[-122.3929289,40.6545459],[-122.3925883,40.6514794],[-122.3925447,40.6510683],[-122.3925108,40.6507371],[-122.3924231,40.6499496],[-122.3923287,40.6491569],[-122.3922646,40.6483385],[-122.3922585,40.6479943],[-122.3922704,40.6476912],[-122.3922937,40.6474164],[-122.392357,40.6469976],[-122.3924247,40.6466788],[-122.3925104,40.6463599],[-122.3926209,40.6460183],[-122.3927427,40.6457046],[-122.3928218,40.6455256],[-122.3928919,40.6453724],[-122.3930322,40.6450993],[-122.3932275,40.6447622],[-122.3934748,40.6443806],[-122.3938669,40.6438502],[-122.3943346,40.6433524],[-122.3947143,40.6429773],[-122.3956995,40.6420146],[-122.3957453,40.6419685],[-122.3958898,40.6418215],[-122.3960233,40.6416822],[-122.3962314,40.6414568],[-122.3964265,40.6412246],[-122.3967949,40.6407346],[-122.3970185,40.6403905],[-122.3971184,40.6402193],[-122.3972143,40.6400435],[-122.3972877,40.6399073],[-122.3974403,40.6395765],[-122.3975712,40.6392466],[-122.3976861,40.6389138],[-122.3978209,40.6384069],[-122.3978724,40.6381535],[-122.3979119,40.6378956],[-122.3979997,40.6371354],[-122.3980358,40.6367975],[-122.3981246,40.6359874],[-122.3982226,40.6350166],[-122.3982513,40.6347415],[-122.3982709,40.634451],[-122.3982776,40.634026],[-122.3982575,40.6336011],[-122.3981916,40.6331218],[-122.3981708,40.6329944],[-122.398142,40.632859],[-122.3980573,40.6325069],[-122.3979538,40.6321588],[-122.3978731,40.6319434],[-122.3977324,40.6315765],[-122.3975236,40.6310907],[-122.3968735,40.6295737],[-122.3966446,40.6290341],[-122.396262,40.6281776],[-122.3960412,40.6277515],[-122.3957282,40.6271933],[-122.3956321,40.6270346],[-122.3952972,40.626513],[-122.3950184,40.6261047],[-122.3947303,40.6257195],[-122.3944216,40.6253387],[-122.3938024,40.6246248],[-122.3930633,40.6237957],[-122.3925106,40.6231748],[-122.391412,40.6219325],[-122.3908922,40.6213613],[-122.3903293,40.6207339],[-122.389779,40.6200968],[-122.389286,40.619431],[-122.3889231,40.6186795],[-122.3887319,40.6180637],[-122.3886273,40.6173083],[-122.388582,40.616218],[-122.3885393,40.6152932],[-122.3885355,40.6152038],[-122.3885273,40.6150063],[-122.3885203,40.6148876],[-122.3885034,40.6144898],[-122.3884176,40.6125406],[-122.388403,40.6121716],[-122.3883752,40.6115385],[-122.3883322,40.6105593],[-122.388325,40.6104208],[-122.3883093,40.6100753],[-122.3882882,40.6095998],[-122.3882187,40.6079577],[-122.3881736,40.607247],[-122.3881849,40.606884],[-122.3882317,40.6065719],[-122.3882796,40.6063026],[-122.388343,40.6060205],[-122.3885452,40.605395],[-122.3887123,40.6049762],[-122.3889399,40.6044926],[-122.3892341,40.6039866],[-122.3896703,40.6033776],[-122.3898869,40.6031044],[-122.3903368,40.6026238],[-122.3907416,40.6022574],[-122.3910108,40.602025],[-122.391428,40.6016974],[-122.3916295,40.6015424],[-122.3919275,40.6013104],[-122.3924242,40.6009253],[-122.3927353,40.6006865],[-122.3929583,40.6005147],[-122.3931132,40.6003957],[-122.3932677,40.6002771],[-122.3935496,40.6000583],[-122.3937081,40.599936],[-122.3939832,40.5997235],[-122.3941909,40.5995628],[-122.3944503,40.5993619],[-122.3950486,40.5989018],[-122.3951956,40.5987869],[-122.3955678,40.5984989],[-122.3957541,40.5983561],[-122.3958349,40.5982927],[-122.3961051,40.5980857],[-122.3963217,40.5979189],[-122.3966677,40.5976502],[-122.397307,40.597156],[-122.3975107,40.5969975],[-122.397713,40.5968386],[-122.3978272,40.5967483],[-122.3980812,40.5965365],[-122.3983485,40.5962949],[-122.3984669,40.59618],[-122.3985565,40.5960876],[-122.3987414,40.5958876],[-122.3988657,40.5957337],[-122.3989874,40.5955758],[-122.3991004,40.595417],[-122.3992028,40.5952591],[-122.3993338,40.5950363],[-122.3994219,40.5948658],[-122.3994997,40.594704],[-122.3995408,40.5946063],[-122.3995801,40.5945093],[-122.3996407,40.5943474],[-122.3996732,40.5942525],[-122.3997267,40.5940681],[-122.3997744,40.5938765],[-122.3998466,40.5934415],[-122.3998637,40.5931995],[-122.3998713,40.5929461],[-122.3998471,40.5925878],[-122.3998086,40.5923246],[-122.3997522,40.5920421],[-122.3996806,40.5917858],[-122.3995809,40.5914972],[-122.3994469,40.5911931],[-122.3992885,40.5908992],[-122.3991713,40.5907128],[-122.399104,40.5906049],[-122.3990287,40.590501],[-122.3988886,40.5903114],[-122.3987299,40.5901184],[-122.3986008,40.5899785],[-122.3984724,40.5898408],[-122.3983601,40.5897337],[-122.3981007,40.589495],[-122.3977974,40.5892384],[-122.3973778,40.5888826],[-122.3971467,40.5886907],[-122.3969831,40.588548],[-122.396855,40.5884362],[-122.396211,40.5878879],[-122.3960134,40.5877246],[-122.3957044,40.5874466],[-122.3952997,40.5870234],[-122.3951596,40.5868632],[-122.3949571,40.5866182],[-122.3947234,40.5863184],[-122.3943215,40.5858108],[-122.394253,40.5857242],[-122.3941991,40.5856436],[-122.3939674,40.5852962],[-122.3937059,40.5848621],[-122.3936591,40.5847794],[-122.3936097,40.5846899],[-122.3935069,40.5844952],[-122.3933539,40.5841962],[-122.3931848,40.5838384],[-122.3929977,40.5833717],[-122.3928904,40.5830828],[-122.3928312,40.5829078],[-122.3928245,40.5828888],[-122.3927942,40.5827995],[-122.3927673,40.5827064],[-122.3926866,40.5824271],[-122.3925341,40.5818648],[-122.3925112,40.5817774],[-122.3924853,40.5816823],[-122.3924023,40.5812968],[-122.3923042,40.580801],[-122.3921995,40.5802101],[-122.3921852,40.5801236],[-122.3914488,40.5759816],[-122.391367,40.5755552],[-122.3911166,40.5741153],[-122.3910719,40.5738512],[-122.3909902,40.5733138],[-122.3904769,40.5704531],[-122.390158,40.5686341],[-122.3900177,40.5678208],[-122.3896378,40.5656453],[-122.3887737,40.5608081],[-122.3887529,40.5606779],[-122.3887149,40.5604756],[-122.3886848,40.5603017],[-122.3886398,40.5600506],[-122.3886155,40.5599072],[-122.3885566,40.5595736],[-122.3885219,40.5593777],[-122.3884966,40.5592269],[-122.3884297,40.558852],[-122.3883831,40.5585928],[-122.3883018,40.5581343],[-122.3882889,40.5580604],[-122.3881312,40.5571683],[-122.387392,40.5529867],[-122.3873728,40.5528743],[-122.3873145,40.5525438],[-122.3869978,40.5507395],[-122.386987,40.5506797],[-122.3866716,40.5488899],[-122.3864011,40.5473836],[-122.3862493,40.5465005],[-122.3862241,40.5463492],[-122.3861994,40.5462158],[-122.3848871,40.5388052],[-122.384776,40.5381868],[-122.3844249,40.5361542],[-122.3831728,40.529094],[-122.3831439,40.5289595],[-122.3831305,40.5288856],[-122.3829661,40.527912],[-122.3829557,40.5278501],[-122.3829146,40.5275945],[-122.382441,40.524976],[-122.381115,40.51733],[-122.380565,40.514275],[-122.3804441,40.513613],[-122.3803361,40.5130222],[-122.3801544,40.5119521],[-122.3797445,40.5096265],[-122.3796703,40.5092021],[-122.3795046,40.5082694],[-122.379408,40.5077654],[-122.3792871,40.5072368],[-122.3791788,40.5068641],[-122.3790705,40.5065261],[-122.3789364,40.5061595],[-122.3787861,40.505801],[-122.3783486,40.5049086],[-122.3782168,40.5046793],[-122.37798,40.5042944],[-122.3777005,40.5038869],[-122.377409,40.5034922],[-122.3771274,40.5031492],[-122.376816,40.502838],[-122.3760789,40.5020477],[-122.3758339,40.5018237],[-122.3755624,40.5015868],[-122.3753243,40.5014001],[-122.3752044,40.5013056],[-122.3748368,40.5010253],[-122.3743884,40.5007084],[-122.3737036,40.5002395],[-122.3730901,40.4998194],[-122.3727622,40.499595],[-122.3706872,40.4981742],[-122.3705558,40.4980847],[-122.3661204,40.4950517],[-122.362802,40.492785],[-122.3622244,40.4923954],[-122.3617715,40.4920822],[-122.359422,40.490479],[-122.357789,40.4893614],[-122.353316,40.4863055],[-122.3460934,40.4813615],[-122.3428559,40.4791531],[-122.337742,40.4756596],[-122.3351664,40.4739014],[-122.3336281,40.4728496],[-122.3321728,40.4718566],[-122.3312341,40.4711978],[-122.330563,40.470755],[-122.3296737,40.4701487],[-122.326724,40.468139],[-122.3250401,40.46697],[-122.324953,40.4669093],[-122.3245591,40.4666443],[-122.322741,40.4653974],[-122.3218153,40.4647639],[-122.3216951,40.4646846],[-122.3200958,40.4635874],[-122.317998,40.4621522],[-122.3146944,40.4598929],[-122.3111879,40.4574859],[-122.309743,40.4565046],[-122.3088839,40.4559115],[-122.307525,40.4549827],[-122.305508,40.4536065],[-122.304574,40.4529755],[-122.303719,40.4523867],[-122.302713,40.4516984],[-122.30119,40.4506597],[-122.3010983,40.4505968],[-122.2979615,40.4484449],[-122.2978879,40.4483944],[-122.2978152,40.4483454],[-122.2977406,40.4482951],[-122.2968172,40.4476625],[-122.2965421,40.447474],[-122.294617,40.446179],[-122.293294,40.445278],[-122.2908538,40.4435792],[-122.2883339,40.4418626],[-122.2833595,40.4384654],[-122.2813681,40.4370868],[-122.2772894,40.4343029],[-122.2748437,40.4326178],[-122.2741,40.4321158],[-122.2731533,40.4314647],[-122.2729983,40.4313495],[-122.272544,40.4310451],[-122.2719484,40.4306352],[-122.2716214,40.4304218],[-122.269389,40.428871],[-122.2676965,40.4277307],[-122.2668725,40.4271774],[-122.264344,40.425428],[-122.2564517,40.4200339],[-122.2507295,40.4160788],[-122.2504145,40.4158425],[-122.2501315,40.4155995],[-122.2497681,40.4152625],[-122.2490814,40.4145488],[-122.2486573,40.4140128],[-122.2483093,40.4134999],[-122.2479294,40.4129273],[-122.247566,40.4123493],[-122.2471349,40.4116538],[-122.2467345,40.4109729],[-122.2463421,40.4102859],[-122.2459473,40.4095371],[-122.2457649,40.409193],[-122.2452043,40.4080908],[-122.244874,40.4073673],[-122.2446504,40.4067075],[-122.2445097,40.406032],[-122.2444841,40.4056005],[-122.2444769,40.4051702],[-122.2445096,40.4048396],[-122.2445601,40.404511],[-122.2446719,40.4040747],[-122.2448112,40.4036444],[-122.24498,40.403225],[-122.2452191,40.4028002],[-122.2454934,40.4023968],[-122.245829,40.401964],[-122.246182,40.40159],[-122.2465348,40.4012644],[-122.2468928,40.4009578],[-122.2472817,40.4006923],[-122.2478644,40.400326],[-122.2486289,40.3998915],[-122.2487169,40.3998428],[-122.249935,40.399147],[-122.2505635,40.3987862],[-122.2512717,40.3983785],[-122.2528802,40.3974496],[-122.2534432,40.3971313],[-122.2552251,40.3961062],[-122.2570028,40.395088],[-122.2578526,40.3945965],[-122.2634847,40.3913531],[-122.263571,40.3913024],[-122.2648835,40.3905541],[-122.2666894,40.3895139],[-122.2668723,40.3894087],[-122.2677866,40.3888829],[-122.2689337,40.3882247],[-122.2705017,40.3873324],[-122.2716377,40.3866711],[-122.2728254,40.3859877],[-122.2732297,40.3857587],[-122.274413,40.3850705],[-122.2752257,40.3845865],[-122.2767526,40.3836706],[-122.2788363,40.3822024],[-122.279711,40.381553],[-122.281688,40.380065],[-122.2831877,40.3789697],[-122.2833586,40.3788485],[-122.2849038,40.377679],[-122.2864065,40.376608],[-122.2973722,40.3684725],[-122.2978722,40.3680988],[-122.2983547,40.3677523],[-122.29861,40.3675641],[-122.2989345,40.367324],[-122.3002818,40.3663232],[-122.3067289,40.3615374],[-122.307862,40.360694],[-122.3085101,40.3602215],[-122.3093493,40.3595858],[-122.3101772,40.3589645],[-122.3111576,40.3581467],[-122.3116041,40.3577267],[-122.3120389,40.3572934],[-122.3127321,40.3565154],[-122.3130554,40.3561285],[-122.3133641,40.3557351],[-122.3141569,40.3545746],[-122.3148872,40.3531252],[-122.316306,40.3495772],[-122.3165984,40.348874],[-122.3169514,40.3480074],[-122.3228646,40.3332387],[-122.3229647,40.333],[-122.3239894,40.3304124],[-122.3246746,40.3286725],[-122.3257644,40.3259405],[-122.3260564,40.3252537],[-122.3267713,40.3234171],[-122.3271498,40.3222216],[-122.3273894,40.3213239],[-122.327517,40.3208132],[-122.3275438,40.3206889],[-122.3276589,40.3201765],[-122.3277573,40.3196673],[-122.3279332,40.3186505],[-122.328077,40.3175788],[-122.3281618,40.3164937],[-122.3281821,40.3155665],[-122.3281868,40.3146944],[-122.3281534,40.3138301],[-122.3280888,40.3129348],[-122.3279846,40.3119948],[-122.3278236,40.3109827],[-122.3275436,40.3091079],[-122.3268127,40.3044147],[-122.3267821,40.3042145],[-122.3264641,40.3021019],[-122.3264289,40.3018651],[-122.3262105,40.3004324],[-122.3260995,40.299752],[-122.3260071,40.2991186],[-122.3259248,40.2985493],[-122.3258191,40.2978421],[-122.3256843,40.2969405],[-122.3255954,40.2963919],[-122.3253972,40.295117],[-122.3252753,40.2944521],[-122.3251895,40.294065],[-122.3251186,40.2938018],[-122.3250401,40.2935414],[-122.3248758,40.2930549],[-122.3247011,40.2926669],[-122.3245153,40.2922874],[-122.3243001,40.2918951],[-122.3240301,40.2914679],[-122.3237602,40.2911006],[-122.3235186,40.2907821],[-122.3231267,40.2903307],[-122.3229698,40.2901674],[-122.3226103,40.2898282],[-122.3222508,40.2895089],[-122.3210354,40.2884791],[-122.3200289,40.2876358],[-122.3194896,40.2871933],[-122.3183951,40.2862665],[-122.3173067,40.2853021],[-122.3167159,40.2847499],[-122.3159244,40.283966],[-122.3151698,40.2831775],[-122.3148101,40.2827947],[-122.314252,40.282166],[-122.313737,40.281509],[-122.3133002,40.2808239],[-122.3129498,40.2801671],[-122.3126128,40.2794906],[-122.3121348,40.2783544],[-122.3119009,40.2777286],[-122.3116629,40.2770384],[-122.3115501,40.2766427],[-122.311462,40.276247],[-122.311368,40.2756468],[-122.3113294,40.2750325],[-122.311345,40.2747501],[-122.3114698,40.2732455],[-122.3118567,40.2695044],[-122.3122584,40.2656316],[-122.3123408,40.2647025],[-122.3123736,40.2641309],[-122.312396,40.2635469],[-122.3124144,40.2622521],[-122.3124325,40.2602247],[-122.3124311,40.2598239],[-122.312404,40.2593896],[-122.3123483,40.2590187],[-122.3122704,40.2586564],[-122.312171,40.2583142],[-122.312078,40.2580819],[-122.311978,40.2578554],[-122.3118744,40.2576289],[-122.3117563,40.2574191],[-122.3115315,40.2570637],[-122.3112698,40.2567076],[-122.3106757,40.2559897],[-122.3097084,40.2549184],[-122.3092603,40.2543402],[-122.3088629,40.2537775],[-122.3085026,40.2532143],[-122.3079779,40.2522482],[-122.3074538,40.251268],[-122.3071708,40.2507819],[-122.3070766,40.2506201],[-122.3067312,40.2501085],[-122.3063543,40.2496223],[-122.3057419,40.2489581],[-122.3051208,40.2483898],[-122.3044669,40.2478664],[-122.3040307,40.2475712],[-122.303588,40.2472858],[-122.3030979,40.2470019],[-122.3024073,40.2466505],[-122.3018363,40.2463994],[-122.3015686,40.2462909],[-122.3013009,40.2461773],[-122.3003137,40.2457958],[-122.2960962,40.2441319],[-122.2958946,40.2440499],[-122.2957469,40.2439915],[-122.2918995,40.2424844],[-122.2871098,40.240595],[-122.2853778,40.2399152],[-122.2827406,40.2388831],[-122.2819768,40.2385869],[-122.2815414,40.2384138],[-122.2801541,40.2378603],[-122.2784851,40.2372022],[-122.2781656,40.2370762],[-122.2732861,40.2351473],[-122.2726492,40.2348656],[-122.2719778,40.234521],[-122.2713129,40.2341184],[-122.2706236,40.2336088],[-122.2700098,40.2330599],[-122.2694818,40.2324968],[-122.2689325,40.2318802],[-122.2674434,40.2300788],[-122.2670409,40.2295676],[-122.2666578,40.2290681],[-122.2662443,40.2284671],[-122.2658694,40.2278298],[-122.2655634,40.2272145],[-122.265324,40.226604],[-122.2645051,40.2244855],[-122.2632542,40.221256],[-122.2630125,40.2206198],[-122.262816,40.220015],[-122.2626958,40.2195265],[-122.262607,40.219031],[-122.2625478,40.2185648],[-122.2625101,40.2181224],[-122.2624657,40.2161972],[-122.2624435,40.2157731],[-122.2623568,40.2151779],[-122.2622086,40.2146275],[-122.2619532,40.2140536],[-122.261621,40.2135229],[-122.2612466,40.2130517],[-122.2608134,40.212613],[-122.2604342,40.2123121],[-122.2599626,40.2119883],[-122.2594877,40.2117093],[-122.2509398,40.2073329],[-122.2498546,40.2067529],[-122.2491435,40.2063202],[-122.2484977,40.2058564],[-122.2478856,40.2053587],[-122.247207,40.2047133],[-122.2466016,40.2040418],[-122.2459797,40.2032016],[-122.245622,40.202601],[-122.2448145,40.2011225],[-122.2444856,40.2005106],[-122.2443288,40.2002284],[-122.2439425,40.1994876],[-122.2435333,40.1987112],[-122.2434179,40.1984999],[-122.2430585,40.1978421],[-122.2414792,40.1948919],[-122.2408869,40.1937445],[-122.2405436,40.1930758],[-122.2402861,40.1924595],[-122.2400458,40.1917383],[-122.2398815,40.1908421],[-122.2398107,40.1902671],[-122.2397883,40.1896376],[-122.2397883,40.189214],[-122.2398741,40.1882763],[-122.240063,40.1874895],[-122.2402947,40.1867879],[-122.2406809,40.1858306],[-122.2417538,40.1832733],[-122.2418968,40.1829322],[-122.2420907,40.1823855],[-122.2421998,40.1818768],[-122.2422338,40.1813422],[-122.2422032,40.1808821],[-122.2421328,40.1804622],[-122.242062,40.1801877],[-122.2419713,40.1798997],[-122.2418393,40.1796099],[-122.2416766,40.1792797],[-122.2415317,40.1790311],[-122.2409274,40.1782586],[-122.2406405,40.1779019],[-122.239426,40.1765202],[-122.2378933,40.1747317],[-122.2353003,40.171732],[-122.2342106,40.1704827],[-122.2338845,40.1701032],[-122.2336804,40.1698657],[-122.2281756,40.1634455],[-122.2278735,40.1630879],[-122.225071,40.15984],[-122.2236593,40.1582022],[-122.2230125,40.1574613],[-122.221571,40.155754],[-122.2212221,40.1553227],[-122.2206402,40.1546047],[-122.2199044,40.153652],[-122.2191641,40.1526413],[-122.2177557,40.1506336],[-122.2158311,40.1478172],[-122.2129614,40.1436471],[-122.2126346,40.1431812],[-122.2116376,40.1416886],[-122.2112321,40.141077],[-122.2103745,40.1398691],[-122.2094481,40.138516],[-122.2061139,40.1336478],[-122.2059747,40.1334677],[-122.2005755,40.1255507],[-122.1947102,40.117015],[-122.1939083,40.115811],[-122.1931063,40.1146197],[-122.191545,40.1123758],[-122.191053,40.1116652],[-122.1901811,40.1104146],[-122.1891371,40.1088796],[-122.186292,40.1047343],[-122.1841892,40.101659],[-122.1820947,40.0985974],[-122.1818427,40.0982385],[-122.176407,40.090261],[-122.1733364,40.0858016],[-122.1724259,40.0844794],[-122.1720365,40.0839256],[-122.1704924,40.0816686],[-122.165689,40.0746447],[-122.1655058,40.0743742],[-122.1652852,40.0740486],[-122.165028,40.0736696],[-122.164607,40.0730501],[-122.1638216,40.0719043],[-122.1632486,40.0710748],[-122.1626487,40.0702008],[-122.1622732,40.0696483],[-122.1621466,40.0694448],[-122.162029,40.0692486],[-122.1618937,40.0690146],[-122.1617714,40.0688157],[-122.16164,40.0686132],[-122.1612657,40.0680579],[-122.1608868,40.0675208],[-122.1602421,40.0665703],[-122.1597065,40.065792],[-122.1590683,40.0648626],[-122.1585418,40.0640875],[-122.1578705,40.0631115],[-122.1571926,40.0621241],[-122.1563201,40.0608555],[-122.1559041,40.0602541],[-122.1552583,40.0593067],[-122.1548157,40.0586627],[-122.1544554,40.058145],[-122.1539741,40.0574383],[-122.1534396,40.0566549],[-122.1528409,40.0557813],[-122.1521623,40.0547912],[-122.1515873,40.0539535],[-122.1509276,40.0529819],[-122.1507642,40.0527409],[-122.1506001,40.0525021],[-122.1503231,40.052095],[-122.1502744,40.0520272],[-122.1498906,40.0514628],[-122.1498387,40.0513923],[-122.1494291,40.0508314],[-122.1491777,40.0504955],[-122.1485806,40.0496556],[-122.1481712,40.0490646],[-122.1477649,40.0484755],[-122.1475463,40.0481546],[-122.1472201,40.047673],[-122.1464136,40.0464906],[-122.1459898,40.0458723],[-122.145472,40.0451169],[-122.1452641,40.0448124],[-122.1448976,40.0442798],[-122.1445514,40.0437689],[-122.1440164,40.0429889],[-122.1434411,40.0421472],[-122.1430373,40.0415599],[-122.1424343,40.0406824],[-122.1419533,40.0399696],[-122.1413109,40.0390318],[-122.1404594,40.0377856],[-122.1395137,40.0364074],[-122.1386089,40.0350809],[-122.1377898,40.0338854],[-122.1365956,40.0321348],[-122.1360304,40.0313092],[-122.1356305,40.0307284],[-122.135151,40.030108],[-122.1350233,40.0299376],[-122.1348494,40.0297388],[-122.1346484,40.0295329],[-122.1344377,40.0293387],[-122.1342201,40.0291604],[-122.1339568,40.0289641],[-122.1337517,40.0288272],[-122.1334687,40.0286501],[-122.1331917,40.0285003],[-122.1329422,40.0283762],[-122.1326207,40.0282318],[-122.132313,40.028114],[-122.1320233,40.0280121],[-122.1316962,40.0279124],[-122.1313525,40.0278243],[-122.1310143,40.0277511],[-122.1306706,40.0276937],[-122.1303144,40.0276513],[-122.1299388,40.0276195],[-122.1295965,40.0276046],[-122.1292985,40.0276035],[-122.1290157,40.0276088],[-122.1287261,40.0276269],[-122.1283877,40.0276574],[-122.1275331,40.0277448],[-122.127207,40.0277781],[-122.1262806,40.0278763],[-122.1257213,40.0279283],[-122.1248978,40.0280142],[-122.1240442,40.0281023],[-122.1234801,40.0281586],[-122.1230255,40.0282042],[-122.1225929,40.028248],[-122.1221052,40.0282976],[-122.1216413,40.0283463],[-122.1208967,40.0284207],[-122.1203123,40.0284756],[-122.1179778,40.0287305],[-122.1174856,40.0287786],[-122.1171656,40.0288111],[-122.1165746,40.0288719],[-122.1157175,40.0289606],[-122.1121268,40.0293275],[-122.1111463,40.0294268],[-122.1103729,40.0295053],[-122.1100583,40.0295372],[-122.1097672,40.0295584],[-122.1095023,40.0295731],[-122.1093531,40.0295792],[-122.1090895,40.0295819],[-122.1087962,40.029574],[-122.1085037,40.0295551],[-122.1082128,40.0295252],[-122.1079242,40.0294844],[-122.1076385,40.0294328],[-122.1073565,40.0293705],[-122.1070789,40.0292977],[-122.1068062,40.0292145],[-122.1065392,40.0291211],[-122.1062786,40.0290179],[-122.1060248,40.0289049],[-122.1058449,40.0288219],[-122.1055705,40.0286829],[-122.1053224,40.0285353],[-122.1050923,40.0283931],[-122.1048504,40.0282282],[-122.1047009,40.0281201],[-122.1045199,40.0279729],[-122.1043657,40.0278442],[-122.1041977,40.0276955],[-122.1040168,40.0275197],[-122.1038505,40.0273393],[-122.1036901,40.027147],[-122.1035317,40.0269455],[-122.1033958,40.0267481],[-122.1032683,40.0265475],[-122.1031518,40.0263451],[-122.1023336,40.0247569],[-122.1017533,40.0236308],[-122.1010758,40.0223259],[-122.100514,40.0212329],[-122.1002244,40.0206662],[-122.0997487,40.0197327],[-122.0990835,40.0184609],[-122.0988772,40.018057],[-122.0987258,40.0177608],[-122.0982233,40.0167845],[-122.0977133,40.0157884],[-122.0971047,40.0146142],[-122.0966515,40.0137389],[-122.096228,40.0129095],[-122.0958338,40.0121275],[-122.095222,40.0109464],[-122.0948123,40.0101579],[-122.0942722,40.0091387],[-122.0938228,40.0082538],[-122.0933838,40.007404],[-122.0928683,40.006398],[-122.0924524,40.0056033],[-122.0918052,40.0043596],[-122.0912886,40.0033488],[-122.0907161,40.0022396],[-122.0901239,40.001095],[-122.0896051,40.0000942],[-122.0891708,39.9992456],[-122.088804,39.9985249],[-122.0884019,39.9977544],[-122.0879992,39.9969661],[-122.0874931,39.9959902],[-122.0868194,39.9946795],[-122.0861392,39.993366],[-122.0855383,39.9921801],[-122.0850276,39.9912017],[-122.0843334,39.9898593],[-122.0839501,39.9891179],[-122.0833285,39.9879156],[-122.0832032,39.98767],[-122.0828621,39.9870039],[-122.0823676,39.986046],[-122.0820669,39.9854572],[-122.0817979,39.9849421],[-122.0815793,39.9845208],[-122.0814867,39.9843423],[-122.0813688,39.9841153],[-122.0809873,39.9833735],[-122.0805743,39.9825755],[-122.0802092,39.9818662],[-122.0800662,39.9815851],[-122.0799805,39.9814164],[-122.0798735,39.9812058],[-122.0795319,39.9805471],[-122.079412,39.9803149],[-122.0791465,39.9798005],[-122.0787834,39.9790963],[-122.078406,39.9783652],[-122.0780005,39.9775818],[-122.0775628,39.9767284],[-122.0771554,39.9759393],[-122.0766506,39.9749789],[-122.0763325,39.9743569],[-122.0760175,39.9737317],[-122.0755695,39.9728636],[-122.075129,39.9720097],[-122.0747209,39.9712171],[-122.0743553,39.9705089],[-122.0739871,39.9697977],[-122.0736325,39.9691033],[-122.0732376,39.9683452],[-122.0728807,39.9676548],[-122.0724142,39.9667458],[-122.0719774,39.965895],[-122.0715958,39.9651559],[-122.0712272,39.9644416],[-122.0706397,39.9633016],[-122.0702753,39.9625999],[-122.0698648,39.9617953],[-122.0694134,39.9609241],[-122.0689385,39.9600029],[-122.068556,39.9592592],[-122.0682368,39.9586453],[-122.0681963,39.9585674],[-122.0681563,39.9584906],[-122.0678023,39.9577928],[-122.0674317,39.9570713],[-122.0671022,39.956438],[-122.0667239,39.9556928],[-122.0662681,39.9548134],[-122.0659177,39.9541349],[-122.065571,39.9534483],[-122.0651794,39.9526899],[-122.0648119,39.9519776],[-122.0644986,39.9513708],[-122.0640894,39.9505755],[-122.0636313,39.9496929],[-122.0632345,39.9489282],[-122.06282,39.9481187],[-122.0622058,39.9469254],[-122.0617594,39.9460701],[-122.0614466,39.9454517],[-122.0611617,39.9448952],[-122.060955,39.9445012],[-122.0595492,39.9417621],[-122.05927,39.9412207],[-122.0588897,39.940502],[-122.0584619,39.9396612],[-122.0581367,39.9390352],[-122.057808,39.9383944],[-122.0574931,39.9377808],[-122.0570911,39.9369908],[-122.0566868,39.9362162],[-122.0563912,39.935648],[-122.0560178,39.9349099],[-122.0559436,39.9347651],[-122.0558112,39.9345104],[-122.0553629,39.933644],[-122.0548067,39.9325615],[-122.0546633,39.9322903],[-122.0543173,39.9316137],[-122.0538353,39.9306759],[-122.0532727,39.9295937],[-122.0528956,39.9288613],[-122.0525444,39.928174],[-122.0521523,39.927409],[-122.0515326,39.9262098],[-122.0511376,39.9254525],[-122.0506874,39.9245798],[-122.0500065,39.9232616],[-122.0496654,39.9225873],[-122.0493079,39.9218995],[-122.0489392,39.9211884],[-122.0486831,39.9206823],[-122.0484264,39.9201903],[-122.0482102,39.9197534],[-122.0479524,39.9192645],[-122.0477583,39.918902],[-122.0475851,39.9185852],[-122.0474257,39.9182982],[-122.0472358,39.9179549],[-122.0468838,39.9173564],[-122.0466066,39.9168887],[-122.0463474,39.9164751],[-122.0460716,39.9160308],[-122.0455588,39.9152357],[-122.0451291,39.9145723],[-122.0446758,39.9138635],[-122.0441701,39.9130667],[-122.0436448,39.9122383],[-122.0432224,39.9115865],[-122.0430215,39.9112761],[-122.0429445,39.9111538],[-122.0428713,39.9110376],[-122.0428136,39.910946],[-122.0420024,39.9096857],[-122.0416804,39.9091808],[-122.0413817,39.9087175],[-122.0410062,39.9081358],[-122.0406983,39.9076568],[-122.0403167,39.9070672],[-122.0399522,39.9064969],[-122.0394572,39.9057268],[-122.0389061,39.9048748],[-122.0384413,39.9041414],[-122.0379477,39.9033724],[-122.0376401,39.9028922],[-122.0372518,39.9022909],[-122.0368913,39.9017351],[-122.0365056,39.9011294],[-122.0360264,39.9003894],[-122.035541,39.8996391],[-122.0350002,39.8987876],[-122.0346614,39.8982626],[-122.0344253,39.8978968],[-122.0339661,39.8971769],[-122.0335429,39.8965298],[-122.0332274,39.8960393],[-122.0329687,39.8956345],[-122.0327469,39.895291],[-122.0324556,39.8948347],[-122.0321674,39.8943962],[-122.0314402,39.8932625],[-122.0307628,39.8922056],[-122.0302579,39.8914187],[-122.0297875,39.8906834],[-122.0291825,39.8897465],[-122.0285766,39.8888015],[-122.0280195,39.8879299],[-122.0274261,39.8870091],[-122.0269677,39.8862972],[-122.0264765,39.8855352],[-122.025976,39.8847605],[-122.0254841,39.8839916],[-122.025386,39.8838387],[-122.0248954,39.8830769],[-122.0244493,39.8823838],[-122.0239552,39.8816138],[-122.0232531,39.8805177],[-122.0226224,39.8795405],[-122.0219424,39.8784781],[-122.0214049,39.877638],[-122.0208404,39.8767647],[-122.0203258,39.8759629],[-122.0196639,39.8749402],[-122.0190785,39.8740246],[-122.0185136,39.8731396],[-122.0179814,39.8723142],[-122.0173707,39.8713654],[-122.0167888,39.870459],[-122.0159941,39.8692183],[-122.0153821,39.8682703],[-122.0149807,39.8676457],[-122.0147577,39.8672987],[-122.0143633,39.8666871],[-122.0139717,39.8660789],[-122.0138215,39.8658457],[-122.0136291,39.8655469],[-122.0129744,39.864526],[-122.0124991,39.8637864],[-122.0123547,39.8635617],[-122.0121839,39.8632959],[-122.0115071,39.8622441],[-122.0107864,39.8611235],[-122.0106391,39.8608931],[-122.0100988,39.8600479],[-122.0090411,39.8583962],[-122.0085569,39.8576495],[-122.0082683,39.8571972],[-122.0082115,39.8571081],[-122.0079614,39.856716],[-122.0075266,39.8560354],[-122.0069097,39.8550824],[-122.0063989,39.8542853],[-122.0058552,39.8534397],[-122.0053351,39.8526348],[-122.0048884,39.8519351],[-122.0043868,39.8511509],[-122.0036077,39.8499081],[-122.0022092,39.8477359],[-122.0016997,39.8469502],[-122.0012582,39.8462584],[-122.0007791,39.8455161],[-122.0003596,39.8448645],[-121.9998046,39.8439951],[-121.999372,39.8433203],[-121.998899,39.8425848],[-121.9980748,39.8412996],[-121.9974524,39.8403329],[-121.9971466,39.839854],[-121.9966919,39.8391461],[-121.9964933,39.8388376],[-121.9964271,39.8387349],[-121.9961934,39.8383718],[-121.9956758,39.8375669],[-121.9951598,39.8367613],[-121.9946105,39.8359107],[-121.9943569,39.8355177],[-121.9941142,39.835138],[-121.9936147,39.8343597],[-121.9932182,39.833744],[-121.992501,39.8326274],[-121.9920319,39.8318973],[-121.9915494,39.8311463],[-121.990884,39.8301144],[-121.9905059,39.8295217],[-121.9903469,39.8292724],[-121.9897378,39.8283208],[-121.989437,39.8278564],[-121.9891589,39.8274194],[-121.9885986,39.8265475],[-121.9880968,39.8257677],[-121.9875691,39.8249434],[-121.9870375,39.8241163],[-121.9867321,39.8236428],[-121.9864328,39.8231784],[-121.9860288,39.8225435],[-121.9856505,39.8219604],[-121.9850122,39.820962],[-121.9841711,39.8196513],[-121.9835092,39.8186212],[-121.9827565,39.8174433],[-121.9821999,39.8165716],[-121.9815716,39.8155944],[-121.9811477,39.8149351],[-121.9809078,39.8145614],[-121.9802988,39.8136108],[-121.9799568,39.8130785],[-121.9794859,39.8123395],[-121.979034,39.8116402],[-121.9786869,39.8111017],[-121.978322,39.8105301],[-121.9780229,39.8100633],[-121.9777506,39.8096362],[-121.9773242,39.8089715],[-121.9768561,39.8082396],[-121.976324,39.8074145],[-121.9758278,39.8066425],[-121.9753479,39.8058939],[-121.974845,39.805113],[-121.9744211,39.8044491],[-121.973923,39.8036717],[-121.9734104,39.8028682],[-121.9730193,39.8022625],[-121.9725572,39.801543],[-121.9720689,39.8007755],[-121.9716274,39.8000968],[-121.9711992,39.7994308],[-121.9708159,39.7988288],[-121.9703275,39.7980713],[-121.9699482,39.7974748],[-121.9695274,39.7968203],[-121.9690694,39.7961037],[-121.9687407,39.7955895],[-121.9684832,39.7951922],[-121.9682661,39.794854],[-121.9677892,39.7941075],[-121.9673354,39.7934057],[-121.9670078,39.7928918],[-121.9666901,39.7923953],[-121.9664974,39.7920939],[-121.9663137,39.7918099],[-121.9660591,39.7914135],[-121.9657134,39.7908722],[-121.9655387,39.7906026],[-121.9654288,39.7904329],[-121.9649926,39.7897508],[-121.964915,39.7896277],[-121.9647772,39.7894093],[-121.9645227,39.7890058],[-121.9642502,39.7885908],[-121.9640664,39.7883059],[-121.963978,39.7881688],[-121.9637584,39.7878284],[-121.9633373,39.7872102],[-121.9631466,39.7869223],[-121.962713,39.7863206],[-121.9621104,39.7854961],[-121.9614795,39.784664],[-121.9601334,39.7830297],[-121.9592799,39.7820768],[-121.958871,39.7816302],[-121.9584891,39.7812311],[-121.9579335,39.7806692],[-121.9574878,39.7802094],[-121.9570832,39.7798165],[-121.9566155,39.7793707],[-121.9562362,39.7790118],[-121.9559693,39.7787668],[-121.9556169,39.7784495],[-121.9552826,39.7781534],[-121.9548374,39.7777649],[-121.9543062,39.7773113],[-121.9538034,39.7768952],[-121.9533859,39.776556],[-121.9529674,39.7762256],[-121.952487,39.7758471],[-121.9521177,39.7755793],[-121.9520714,39.7755441],[-121.9516754,39.775248],[-121.9512719,39.7749373],[-121.9509127,39.7746767],[-121.9504074,39.7743216],[-121.9500501,39.7740706],[-121.9497528,39.7738657],[-121.9494458,39.7736598],[-121.9491214,39.7734413],[-121.9488414,39.7732543],[-121.948526,39.7730494],[-121.9481938,39.7728349],[-121.9479133,39.7726557],[-121.9475787,39.7724478],[-121.9472978,39.7722749],[-121.9470158,39.7721054],[-121.9466474,39.7718833],[-121.9464227,39.7717482],[-121.9461408,39.77158],[-121.9458379,39.7714049],[-121.945521,39.7712258],[-121.9452031,39.7710449],[-121.9446081,39.7707122],[-121.9442732,39.770537],[-121.9439916,39.7703848],[-121.943657,39.7702071],[-121.9433361,39.7700376],[-121.9429582,39.7698441],[-121.9426608,39.7696939],[-121.9422694,39.7694975],[-121.941948,39.7693431],[-121.9418458,39.7692922],[-121.9405735,39.7686931],[-121.9401771,39.7685143],[-121.9397755,39.7683308],[-121.9393816,39.7681554],[-121.9385527,39.7677977],[-121.9374846,39.7673455],[-121.9360142,39.7667175],[-121.9344899,39.7660677],[-121.9328026,39.7653506],[-121.9314295,39.764768],[-121.9302852,39.7642776],[-121.9298342,39.764089],[-121.9290116,39.7637367],[-121.9285707,39.7635515],[-121.9282924,39.7634346],[-121.9277965,39.7632217],[-121.9271273,39.7629365],[-121.925391,39.7621994],[-121.9242784,39.7617268],[-121.9239017,39.7615672],[-121.9237783,39.761515],[-121.9232376,39.761286],[-121.9217916,39.7606716],[-121.9190857,39.7595196],[-121.9176535,39.7589059],[-121.9172062,39.7587114],[-121.917076,39.7586563],[-121.9167651,39.7585244],[-121.9166985,39.7584959],[-121.9162688,39.7583116],[-121.9159688,39.7581837],[-121.9155696,39.7580123],[-121.9150739,39.7578038],[-121.9141168,39.7573987],[-121.9137991,39.757263],[-121.9136506,39.7572004],[-121.9130139,39.7569296],[-121.9128432,39.7568638],[-121.912586,39.7567476],[-121.9117245,39.7563766],[-121.9112735,39.7561872],[-121.9108443,39.7560043],[-121.9106559,39.7559239],[-121.91,39.7556465],[-121.9095052,39.7554343],[-121.9089247,39.7551862],[-121.9085323,39.7550198],[-121.9082022,39.7548795],[-121.9078144,39.7547176],[-121.9073685,39.7545241],[-121.9067467,39.7542596],[-121.9061049,39.7539867],[-121.9052124,39.7536068],[-121.9048013,39.7534315],[-121.903286,39.7527868],[-121.901885,39.7521901],[-121.9011552,39.7518812],[-121.9002857,39.7515119],[-121.8997731,39.7512909],[-121.8993615,39.7511141],[-121.8989503,39.75094],[-121.898637,39.7508079],[-121.8982066,39.7506243],[-121.8978294,39.7504653],[-121.8975267,39.7503378],[-121.897186,39.7501893],[-121.8968069,39.7500262],[-121.8959525,39.7496654],[-121.8948891,39.7492112],[-121.8939023,39.7487931],[-121.8929065,39.7483662],[-121.8922247,39.7480762],[-121.8915775,39.7478042],[-121.8904143,39.7473036],[-121.8897395,39.7470144],[-121.8890057,39.7467035],[-121.888687,39.7465689],[-121.8882687,39.7463911],[-121.8878657,39.7462239],[-121.8872008,39.7459363],[-121.8862109,39.7455176],[-121.8852299,39.7451001],[-121.8844164,39.7447534],[-121.8833409,39.7442918],[-121.8821991,39.743807],[-121.8821153,39.7437707],[-121.8820193,39.7437309],[-121.8819357,39.7436957],[-121.8817973,39.7436375],[-121.8810427,39.7433102],[-121.8803106,39.7429961],[-121.8799217,39.7428316],[-121.8792946,39.7425677],[-121.8788122,39.7423639],[-121.8775342,39.7418165],[-121.8767864,39.7414935],[-121.876439,39.741349],[-121.8755864,39.7409885],[-121.8747571,39.7406327],[-121.8740859,39.7403456],[-121.8731544,39.7399498],[-121.871974,39.7394467],[-121.8710954,39.7390745],[-121.8702504,39.7387167],[-121.8694387,39.7383676],[-121.8687988,39.7380962],[-121.8684856,39.7379659],[-121.8680803,39.7377915],[-121.8680003,39.7377571],[-121.8679456,39.7377337],[-121.8673089,39.7374611],[-121.866683,39.7371901],[-121.8659182,39.7368537],[-121.865523,39.7366758],[-121.8650983,39.7364799],[-121.8646948,39.736293],[-121.8642466,39.7360799],[-121.863912,39.7359138],[-121.8634937,39.7357068],[-121.8631241,39.7355161],[-121.8626983,39.7353009],[-121.8622724,39.7350845],[-121.8617541,39.7348055],[-121.8613446,39.7345851],[-121.8608564,39.7343129],[-121.8605344,39.7341322],[-121.8602191,39.7339512],[-121.8597813,39.7336989],[-121.8592842,39.7334045],[-121.8587916,39.7331055],[-121.8582035,39.7327449],[-121.8575564,39.732335],[-121.8571082,39.7320448],[-121.8568639,39.7318832],[-121.8567219,39.731786],[-121.8566563,39.7317411],[-121.8565919,39.7316968],[-121.8565231,39.7316495],[-121.855462,39.7309203],[-121.8547525,39.73041],[-121.8539861,39.7298494],[-121.8531869,39.7292337],[-121.8523492,39.7285615],[-121.8520507,39.7283258],[-121.8517662,39.7280861],[-121.8514899,39.7278536],[-121.8512407,39.727641],[-121.8509099,39.7273585],[-121.8505991,39.7270818],[-121.8502884,39.7268063],[-121.850218,39.7267439],[-121.8499992,39.7265499],[-121.84985,39.7264175],[-121.8494621,39.7260746],[-121.8491407,39.7257859],[-121.8490998,39.7257492],[-121.8483477,39.725088],[-121.8482692,39.7250188],[-121.848191,39.7249492],[-121.8475373,39.7243658],[-121.8474814,39.7243156],[-121.8474318,39.724272],[-121.8473092,39.7241632],[-121.8461577,39.7231437],[-121.8459866,39.7229926],[-121.8459334,39.7229451],[-121.8458781,39.7228968],[-121.8455472,39.7226072],[-121.845156,39.7222604],[-121.8444458,39.7216327],[-121.8443835,39.7215776],[-121.8443405,39.7215397],[-121.8436668,39.720945],[-121.843583,39.720871],[-121.842867,39.7202313],[-121.8427861,39.7201618],[-121.842239,39.7196915],[-121.8420087,39.7194842],[-121.8418937,39.7193802],[-121.8418729,39.719362],[-121.8416671,39.7191816],[-121.8414921,39.7190241],[-121.8413588,39.7189049],[-121.8411691,39.7187372],[-121.8409879,39.7185777],[-121.84047,39.7181226],[-121.839606,39.7173401],[-121.8387711,39.7166042],[-121.8380841,39.7159939],[-121.8377104,39.7156684],[-121.8373508,39.7153488],[-121.8370109,39.7150436],[-121.8367172,39.7147844],[-121.8360043,39.7141516],[-121.8355034,39.7137106],[-121.834825,39.7131099],[-121.8341593,39.7125253],[-121.8334239,39.7118726],[-121.8331473,39.7116202],[-121.8325616,39.7111043],[-121.8320775,39.7106733],[-121.831698,39.710342],[-121.8314343,39.71011],[-121.8313755,39.7100519],[-121.830691,39.7094552],[-121.8298424,39.7087041],[-121.8295175,39.7084147],[-121.8291462,39.7080896],[-121.8288711,39.7078409],[-121.8284451,39.7074686],[-121.828079,39.7071382],[-121.8279269,39.7070075],[-121.8276147,39.706729],[-121.8273363,39.7064842],[-121.8271605,39.7063272],[-121.8268081,39.7060153],[-121.8263849,39.7056413],[-121.8260567,39.7053518],[-121.8257186,39.7050496],[-121.8254029,39.7047689],[-121.8250291,39.704435],[-121.8246545,39.7040945],[-121.8243545,39.7038178],[-121.8241435,39.7036157],[-121.8238319,39.7033071],[-121.8235634,39.7030381],[-121.8233031,39.7027741],[-121.823043,39.7025018],[-121.8228636,39.7023108],[-121.8226615,39.7020917],[-121.8224686,39.7018802],[-121.8222812,39.7016729],[-121.8220615,39.7014216],[-121.8218335,39.7011552],[-121.8216973,39.7009945],[-121.8216534,39.7009427],[-121.8213346,39.7005556],[-121.821291,39.7005029],[-121.8210921,39.7002555],[-121.8208982,39.7000056],[-121.8207142,39.6997658],[-121.8205352,39.6995248],[-121.820332,39.6992481],[-121.8202085,39.6990754],[-121.8200159,39.6988024],[-121.819902,39.6986385],[-121.8198006,39.6984854],[-121.8196469,39.6982604],[-121.8195134,39.6980635],[-121.8193673,39.6978346],[-121.8191945,39.6975643],[-121.8190501,39.6973283],[-121.8189012,39.6970831],[-121.8187374,39.6968035],[-121.81859,39.6965469],[-121.81845,39.6962991],[-121.8183309,39.6960909],[-121.8182133,39.6958641],[-121.8180882,39.6956361],[-121.8179816,39.6954213],[-121.8178753,39.6952133],[-121.8177206,39.6948988],[-121.8175031,39.6944366],[-121.8172815,39.6939426],[-121.8168869,39.6929846],[-121.8163086,39.6914356],[-121.8159047,39.6903535],[-121.8154956,39.6892558],[-121.8151639,39.6883595],[-121.814839,39.6874838],[-121.8146081,39.6868776],[-121.8144431,39.6864273],[-121.8140731,39.6854577],[-121.8137666,39.6846196],[-121.813494,39.6838765],[-121.8131723,39.6830127],[-121.8128813,39.6822368],[-121.8124839,39.6811731],[-121.8121757,39.6803442],[-121.8119318,39.6796842],[-121.8118171,39.6793763],[-121.8117185,39.6791019],[-121.8115829,39.6787455],[-121.8114604,39.6784119],[-121.8111889,39.6776975],[-121.8109851,39.6771405],[-121.8109717,39.6771026],[-121.8107186,39.6764311],[-121.8104224,39.6756313],[-121.8101162,39.6748082],[-121.8097001,39.6736967],[-121.8094753,39.6730917],[-121.809097,39.6720699],[-121.8086768,39.6709441],[-121.8081474,39.6695219],[-121.8078315,39.6686725],[-121.8074711,39.6677062],[-121.8070801,39.6666575],[-121.8067031,39.6656476],[-121.806297,39.6645575],[-121.8061213,39.6640837],[-121.805827,39.6632995],[-121.8052796,39.6618249],[-121.8047283,39.6603506],[-121.8045932,39.6599862],[-121.8042991,39.6591933],[-121.8038108,39.6578759],[-121.8034003,39.6567688],[-121.8029756,39.6556317],[-121.802495,39.6543373],[-121.8020467,39.6531299],[-121.8016945,39.6521804],[-121.8013,39.6511224],[-121.800859,39.6499349],[-121.8005083,39.6489922],[-121.7994216,39.6460748],[-121.7990923,39.6451891],[-121.798704,39.6441473],[-121.7983213,39.6431148],[-121.7979474,39.6421106],[-121.7974403,39.640751],[-121.7969111,39.6393326],[-121.7964395,39.6380673],[-121.7960699,39.6370793],[-121.7956554,39.6359523],[-121.7951084,39.6344936],[-121.7944399,39.6326903],[-121.7940981,39.6317683],[-121.7936829,39.6306533],[-121.793285,39.6295785],[-121.7928046,39.628291],[-121.7923267,39.6270106],[-121.7919518,39.6260061],[-121.7915546,39.6249384],[-121.7911036,39.6237307],[-121.7906899,39.6226222],[-121.7902611,39.6214699],[-121.7898311,39.6203083],[-121.7895412,39.6195302],[-121.7892355,39.61872],[-121.788813,39.6175795],[-121.7883977,39.6164609],[-121.7880064,39.6154041],[-121.7874632,39.6139535],[-121.7870576,39.612864],[-121.7868034,39.6121784],[-121.7863188,39.6108685],[-121.785906,39.6097566],[-121.7855079,39.6086823],[-121.7853535,39.6082735],[-121.7852202,39.6079205],[-121.7850851,39.6075468],[-121.7847002,39.6065087],[-121.7842536,39.6053271],[-121.7839475,39.6045258],[-121.7838048,39.6041207],[-121.7835404,39.6034075],[-121.7831319,39.602306],[-121.7826298,39.6009658],[-121.7823351,39.6001636],[-121.7820236,39.5993355],[-121.7818355,39.5988151],[-121.7816006,39.5981808],[-121.7811707,39.5970359],[-121.7807055,39.595789],[-121.7803686,39.5948911],[-121.7803138,39.5947341],[-121.7800035,39.5938968],[-121.7798598,39.5935069],[-121.7798277,39.5934199],[-121.7796154,39.592844],[-121.7792126,39.5917718],[-121.7785586,39.5900122],[-121.7781007,39.5887404],[-121.7779337,39.5882993],[-121.7777928,39.5879155],[-121.7775922,39.587373],[-121.7773989,39.5868597],[-121.7769913,39.5857638],[-121.7766635,39.5848805],[-121.7762336,39.5837209],[-121.7758603,39.5827136],[-121.7755508,39.5818913],[-121.7751829,39.5809065],[-121.7748433,39.5799862],[-121.774566,39.579249],[-121.7742534,39.5784005],[-121.7739386,39.5775572],[-121.7735949,39.5766358],[-121.7732589,39.5757284],[-121.7730018,39.5750378],[-121.772891,39.5747466],[-121.7725878,39.5739376],[-121.772288,39.5731311],[-121.7720399,39.5724603],[-121.7716795,39.5714939],[-121.771335,39.57057],[-121.7709777,39.5696051],[-121.7706363,39.5686863],[-121.7702513,39.5676531],[-121.7698717,39.5666283],[-121.7697634,39.5663381],[-121.7695102,39.5656596],[-121.7691809,39.5647699],[-121.768902,39.5640254],[-121.7686004,39.5632053],[-121.7681909,39.5621141],[-121.7678255,39.5611288],[-121.7675254,39.5603144],[-121.7671314,39.5592541],[-121.7668264,39.5584383],[-121.7664511,39.5574358],[-121.7661149,39.556523],[-121.7657299,39.5554966],[-121.7653392,39.5544384],[-121.76504,39.5536302],[-121.7646076,39.5524693],[-121.7643152,39.5516814],[-121.7638679,39.5504793],[-121.7634088,39.5492447],[-121.7629812,39.5480933],[-121.7626385,39.5471744],[-121.7624178,39.5465724],[-121.7623985,39.5465198],[-121.7620233,39.5455162],[-121.7613014,39.54357],[-121.7604264,39.5412156],[-121.7599982,39.540076],[-121.7599287,39.5398786],[-121.7597777,39.5394728],[-121.7595115,39.5387539],[-121.759395,39.5384431],[-121.759208,39.5379394],[-121.7591749,39.5378501],[-121.7589782,39.5373331],[-121.7583606,39.535659],[-121.7578641,39.5343209],[-121.7573667,39.5329806],[-121.7569594,39.5318777],[-121.7567479,39.5313151],[-121.7566176,39.5309643],[-121.7565563,39.5307993],[-121.756194,39.5298237],[-121.7559762,39.5292294],[-121.7556223,39.5282731],[-121.7552526,39.5272868],[-121.7548751,39.5262641],[-121.7544705,39.5251803],[-121.754052,39.5240545],[-121.7537021,39.5231092],[-121.7533582,39.5221771],[-121.7530735,39.5214163],[-121.7527633,39.5205729],[-121.7524278,39.5196801],[-121.7520979,39.5187832],[-121.7518831,39.5182102],[-121.7517487,39.5178517],[-121.7514516,39.5170524],[-121.7512267,39.5164384],[-121.7510234,39.515904],[-121.7508846,39.5155232],[-121.7507035,39.5150324],[-121.7503364,39.5140497],[-121.7498187,39.5126582],[-121.7493555,39.51141],[-121.7492403,39.5110989],[-121.7491863,39.5109529],[-121.7488719,39.5101034],[-121.7484829,39.5090672],[-121.7480434,39.507877],[-121.7476315,39.5067674],[-121.7472101,39.5056313],[-121.7468315,39.5046046],[-121.7463879,39.5034173],[-121.745826,39.5018974],[-121.7456078,39.5013102],[-121.7455157,39.501062],[-121.7452487,39.5003423],[-121.7450019,39.4996817],[-121.7449598,39.4995691],[-121.7445447,39.4984421],[-121.7442048,39.4975296],[-121.74387,39.4966301],[-121.7436385,39.4960124],[-121.7432544,39.4949691],[-121.7429157,39.494055],[-121.7428237,39.4938086],[-121.7425865,39.493173],[-121.7424115,39.4927073],[-121.7421084,39.4918821],[-121.7419675,39.4915216],[-121.7417362,39.490888],[-121.7416695,39.4907097],[-121.7412282,39.4895128],[-121.7408768,39.4885718],[-121.7405753,39.4877643],[-121.7401895,39.486727],[-121.7397742,39.4855953],[-121.7392815,39.4842578],[-121.7388174,39.4830135],[-121.7385314,39.4822214],[-121.7382603,39.4814878],[-121.7378716,39.4804439],[-121.7374236,39.4792224],[-121.7371282,39.4784255],[-121.7370271,39.4781549],[-121.7369352,39.4778942],[-121.7368787,39.4777421],[-121.7363139,39.4762694],[-121.7362843,39.4761923],[-121.7361688,39.4758788],[-121.7359488,39.4752864],[-121.7357355,39.4747103],[-121.7353088,39.4735527],[-121.7349928,39.4726916],[-121.7348122,39.472185],[-121.7347701,39.4720671],[-121.7344902,39.4713192],[-121.7343227,39.4708697],[-121.7341815,39.4704821],[-121.7340683,39.4701788],[-121.7339584,39.4698826],[-121.7338404,39.4695615],[-121.7336685,39.4691011],[-121.7335093,39.4686696],[-121.7331396,39.4676738],[-121.7327208,39.466551],[-121.7324516,39.4658191],[-121.7320947,39.4648609],[-121.7318175,39.4641176],[-121.7314683,39.4631722],[-121.7310588,39.4620737],[-121.7308045,39.461379],[-121.7304484,39.4604305],[-121.7304182,39.4603493],[-121.730251,39.4599008],[-121.7297954,39.458668],[-121.7293625,39.4574949],[-121.7289301,39.456333],[-121.7284027,39.4549089],[-121.7283743,39.4548324],[-121.7280156,39.4538685],[-121.7275246,39.4525407],[-121.7271657,39.451579],[-121.7269551,39.451013],[-121.7267104,39.4503382],[-121.7262808,39.4491925],[-121.7258381,39.448006],[-121.7255934,39.447338],[-121.7251919,39.446252],[-121.7250202,39.4457909],[-121.7246112,39.4446829],[-121.7242209,39.4436357],[-121.7237509,39.4423699],[-121.7233928,39.4414056],[-121.7232182,39.440933],[-121.7231507,39.4407502],[-121.7227841,39.4397613],[-121.7223549,39.4386092],[-121.721906,39.4373994],[-121.7215438,39.4364211],[-121.72136,39.4359245],[-121.7213037,39.4357722],[-121.7211986,39.4354883],[-121.7209062,39.434702],[-121.7205872,39.4338321],[-121.7202595,39.4329552],[-121.7199964,39.43225],[-121.7198385,39.431818],[-121.7196819,39.4313922],[-121.7193467,39.4304956],[-121.7189416,39.4293963],[-121.7186475,39.428603],[-121.7185004,39.4282041],[-121.718428,39.4280079],[-121.718295,39.4276471],[-121.7180949,39.4271087],[-121.717935,39.4266794],[-121.7177331,39.4261368],[-121.7174164,39.4252777],[-121.7170962,39.4244143],[-121.7167631,39.4235186],[-121.7164605,39.4226979],[-121.7162125,39.422035],[-121.7159659,39.421376],[-121.7158995,39.4211969],[-121.7155309,39.4201968],[-121.7154675,39.4200308],[-121.7151947,39.4192931],[-121.7150206,39.4188147],[-121.7149064,39.4185094],[-121.7147596,39.4181101],[-121.7145149,39.4174542],[-121.7142762,39.416808],[-121.7139897,39.4160332],[-121.7136776,39.4151882],[-121.7134939,39.4147022],[-121.7133529,39.4143257],[-121.7131263,39.4137046],[-121.712867,39.4130121],[-121.7127153,39.4126257],[-121.712265,39.4113921],[-121.7119688,39.4105841],[-121.7117429,39.409995],[-121.7115988,39.4095898],[-121.7113748,39.4089848],[-121.7110246,39.4080405],[-121.7109087,39.4077356],[-121.7108872,39.4076713],[-121.7108477,39.4075617],[-121.7105419,39.4067396],[-121.7100195,39.4053331],[-121.7095535,39.4040783],[-121.7091967,39.4031172],[-121.7089013,39.4023114],[-121.7086207,39.4015543],[-121.7084254,39.4010345],[-121.7081416,39.4002588],[-121.707868,39.3995235],[-121.70763,39.3988825],[-121.7072814,39.3979487],[-121.7068795,39.3968562],[-121.706588,39.3960666],[-121.7061756,39.3949528],[-121.7060376,39.3945776],[-121.7059674,39.3943869],[-121.7057518,39.3938145],[-121.7055515,39.3932724],[-121.7052131,39.3923508],[-121.7047528,39.3911086],[-121.7039537,39.3889511],[-121.7035736,39.387924],[-121.7033085,39.3872047],[-121.7029347,39.3861921],[-121.7025523,39.3851563],[-121.7022217,39.384266],[-121.7017019,39.3828553],[-121.7014329,39.38214],[-121.7006403,39.3799862],[-121.700571,39.3797987],[-121.7000138,39.3782972],[-121.6996569,39.3773293],[-121.6991636,39.3760017],[-121.6990103,39.3755724],[-121.6989554,39.3754165],[-121.698904,39.3752706],[-121.6988617,39.3751503],[-121.698644,39.3745719],[-121.698421,39.3739904],[-121.6974657,39.3714257],[-121.6971645,39.3705813],[-121.6966704,39.3692516],[-121.6962812,39.3681875],[-121.6960452,39.3675572],[-121.6954909,39.3660676],[-121.6954664,39.3660027],[-121.695139,39.3651358],[-121.6951036,39.3650419],[-121.6947095,39.3639793],[-121.6943177,39.3629274],[-121.6939252,39.3618635],[-121.6935601,39.3608437],[-121.6933475,39.3602673],[-121.6929565,39.3592226],[-121.6926336,39.3583406],[-121.6922384,39.3572761],[-121.6918747,39.356291],[-121.691639,39.3556519],[-121.6912797,39.3546819],[-121.690835,39.3534797],[-121.6904026,39.3523087],[-121.6897675,39.3505904],[-121.6892839,39.3492855],[-121.6890414,39.3486598],[-121.6889887,39.3484871],[-121.6886004,39.3474464],[-121.6881925,39.34634],[-121.6876775,39.3449569],[-121.6873154,39.3439701],[-121.6871818,39.3436365],[-121.6866565,39.3421875],[-121.6861096,39.3407085],[-121.6853654,39.3386961],[-121.6846357,39.3367228],[-121.6843636,39.335987],[-121.6841539,39.3354179],[-121.6839233,39.3348051],[-121.6836894,39.3341981],[-121.6836345,39.3340503],[-121.6834322,39.3334654],[-121.683177,39.3327758],[-121.682821,39.3318119],[-121.6824621,39.3308477],[-121.6821097,39.3298937],[-121.6817922,39.3290348],[-121.6815072,39.328266],[-121.6811464,39.327291],[-121.6807653,39.326253],[-121.6803986,39.3252638],[-121.6800757,39.3243925],[-121.6797082,39.3234032],[-121.6793185,39.3223407],[-121.6790726,39.3216818],[-121.6786496,39.3205403],[-121.6782951,39.3195757],[-121.6779668,39.3186957],[-121.6777033,39.317972],[-121.6774194,39.3172089],[-121.6770418,39.316185],[-121.6766575,39.3151518],[-121.6763897,39.3144263],[-121.676147,39.3137628],[-121.6758949,39.3130826],[-121.6755842,39.3122383],[-121.675055,39.310949],[-121.6748191,39.3102892],[-121.674348,39.3090185],[-121.673015,39.3053999],[-121.672915,39.3051496],[-121.672885,39.3050684],[-121.6716135,39.3015376],[-121.6633015,39.2790398],[-121.6625648,39.2770374],[-121.6622108,39.2760523],[-121.6612084,39.2733538],[-121.6602265,39.2706972],[-121.6599725,39.2700161],[-121.6596519,39.2691403],[-121.6592487,39.2680483],[-121.6589176,39.2671556],[-121.6584909,39.2659985],[-121.6582365,39.2653153],[-121.6578054,39.2641543],[-121.657706,39.2638811],[-121.6575668,39.263483],[-121.6573645,39.2629294],[-121.6569855,39.2619026],[-121.6566141,39.2608977],[-121.6563449,39.2601703],[-121.6559295,39.2590404],[-121.6556655,39.2583291],[-121.6553943,39.2575948],[-121.6551214,39.256854],[-121.6548868,39.2562128],[-121.6546081,39.2554582],[-121.6543819,39.2548428],[-121.6541523,39.254234],[-121.6538446,39.2534008],[-121.6535911,39.2527158],[-121.6533476,39.2520593],[-121.6532181,39.2517019],[-121.6529535,39.2509895],[-121.6526791,39.2502524],[-121.652618,39.2500843],[-121.6523434,39.249344],[-121.6520636,39.2485857],[-121.65188,39.248076],[-121.6517241,39.2476595],[-121.6515377,39.247151],[-121.6510992,39.245966],[-121.6508008,39.2451581],[-121.650653,39.2447527],[-121.6505076,39.2443666],[-121.6502031,39.2435375],[-121.6498843,39.2426711],[-121.6495814,39.2418597],[-121.6492598,39.240983],[-121.6489277,39.2400923],[-121.6485619,39.2390997],[-121.6483064,39.2384002],[-121.6480324,39.2376623],[-121.6477705,39.236956],[-121.6475294,39.2362985],[-121.6472388,39.2355118],[-121.6470384,39.234971],[-121.6468673,39.2345067],[-121.646637,39.2338776],[-121.6463411,39.2330937],[-121.6462099,39.2327292],[-121.6460789,39.2323687],[-121.6457581,39.2315012],[-121.6454603,39.2306994],[-121.6452375,39.2300939],[-121.6450127,39.2294881],[-121.6447944,39.2288942],[-121.6446579,39.2285239],[-121.6445257,39.2281702],[-121.6442399,39.2273972],[-121.643923,39.2265357],[-121.6437671,39.226114],[-121.6436281,39.2257378],[-121.6433044,39.224846],[-121.6430235,39.2240927],[-121.6427595,39.2233805],[-121.6425011,39.2226779],[-121.6422033,39.2218683],[-121.6418407,39.2208795],[-121.6415724,39.2201563],[-121.641261,39.2193207],[-121.6410736,39.2188144],[-121.6410184,39.2186653],[-121.6408938,39.218321],[-121.6407253,39.2178691],[-121.6405624,39.2174251],[-121.6403145,39.216746],[-121.6400649,39.2160712],[-121.6399555,39.2157768],[-121.6398377,39.2154554],[-121.6395092,39.2145685],[-121.6390995,39.2134534],[-121.6387687,39.2125625],[-121.638381,39.211508],[-121.6380536,39.210634],[-121.6378273,39.2100131],[-121.6375271,39.2091944],[-121.6372374,39.2084091],[-121.6369395,39.2076082],[-121.6366157,39.2067192],[-121.6363219,39.205927],[-121.6359873,39.2050207],[-121.6356924,39.2042215],[-121.6353587,39.2033097],[-121.6350691,39.2025405],[-121.634793,39.2017802],[-121.6345457,39.2011192],[-121.6342683,39.200364],[-121.6340347,39.1997237],[-121.633833,39.1991812],[-121.6336459,39.1986739],[-121.633106,39.1972135],[-121.6320612,39.1943748],[-121.631709,39.1934168],[-121.6315162,39.1929011],[-121.6313198,39.1923708],[-121.6312013,39.1920457],[-121.63104,39.1916023],[-121.6307083,39.1907072],[-121.6303592,39.1897566],[-121.6300918,39.1890334],[-121.6298342,39.1883382],[-121.6295232,39.1874939],[-121.6293709,39.1870836],[-121.6290417,39.1861835],[-121.6287237,39.1853333],[-121.6284646,39.1846239],[-121.6282302,39.1839795],[-121.6279919,39.1833426],[-121.6277415,39.1826672],[-121.6275028,39.1820004],[-121.6272645,39.181362],[-121.6270771,39.180859],[-121.6269647,39.1805513],[-121.6268521,39.180247],[-121.6266602,39.1797274],[-121.6263796,39.1789687],[-121.6261494,39.1783465],[-121.625943,39.1777938],[-121.625782,39.1773553],[-121.6256133,39.1768936],[-121.6254427,39.1764341],[-121.6252731,39.1759692],[-121.6250994,39.1755018],[-121.6248198,39.1747349],[-121.6245302,39.1739617],[-121.6241674,39.1729773],[-121.6234406,39.1710147],[-121.623094,39.1700782],[-121.6228047,39.1692754],[-121.6226366,39.1688125],[-121.6224531,39.168319],[-121.6221389,39.1675092],[-121.6220618,39.1673194],[-121.6219727,39.1671098],[-121.6218811,39.1669214],[-121.6217805,39.1667357],[-121.6216712,39.166553],[-121.6216064,39.1664544],[-121.6215533,39.1663736],[-121.621427,39.1661976],[-121.6212924,39.1660253],[-121.6211498,39.165857],[-121.6210296,39.1657309],[-121.6208582,39.1655629],[-121.6206813,39.1654001],[-121.6205005,39.1652499],[-121.6203528,39.1651313],[-121.6201738,39.1649923],[-121.6198645,39.1647619],[-121.6196481,39.1646309],[-121.6193824,39.1644871],[-121.6191047,39.1643516],[-121.6188935,39.1642596],[-121.6186026,39.1641365],[-121.618354,39.1640456],[-121.6181039,39.163966],[-121.6178275,39.1638909],[-121.617511,39.1638121],[-121.6171784,39.1637494],[-121.6169108,39.1637063],[-121.616641,39.1636716],[-121.6163451,39.1636475],[-121.6160725,39.1636328],[-121.615769,39.1636258],[-121.6147296,39.1636214],[-121.613452,39.1636074],[-121.6125723,39.1636165],[-121.6104707,39.163606],[-121.6097855,39.1636033],[-121.6090815,39.1635937],[-121.6083086,39.1635674],[-121.6079895,39.1635497],[-121.6076018,39.163523],[-121.607148,39.1634893],[-121.6067319,39.1634507],[-121.6063178,39.1634088],[-121.6058404,39.1633587],[-121.6054529,39.1633058],[-121.6050897,39.1632587],[-121.604717,39.1632021],[-121.60427,39.1631324],[-121.6038362,39.1630568],[-121.6030193,39.1628976],[-121.6023725,39.1627577],[-121.6017217,39.1626023],[-121.600952,39.1624008],[-121.6002911,39.1622118],[-121.5996353,39.1620087],[-121.5992224,39.1618743],[-121.5987871,39.1617267],[-121.5983609,39.1615721],[-121.5979424,39.1614135],[-121.5975307,39.1612569],[-121.5970949,39.1610791],[-121.5967566,39.1609365],[-121.5964391,39.1607973],[-121.595989,39.1605869],[-121.595551,39.1603789],[-121.5951718,39.1601907],[-121.5947226,39.1599558],[-121.5934898,39.1592507],[-121.5931515,39.1590313],[-121.5927928,39.1587952],[-121.5923018,39.1584164],[-121.5921238,39.1582706],[-121.5919716,39.1581316],[-121.591851,39.158005],[-121.5917513,39.1578739],[-121.5916698,39.1577403],[-121.5915958,39.1575839],[-121.5915425,39.1574267],[-121.5915109,39.1572531],[-121.5915034,39.1571078],[-121.5915158,39.1569489],[-121.5915334,39.1568235],[-121.5915991,39.1566005],[-121.5916647,39.1564628],[-121.5917336,39.1563432],[-121.5918454,39.1561916],[-121.5919898,39.1560069],[-121.5923156,39.1556335],[-121.5928854,39.1550194],[-121.5977783,39.1498156],[-121.5978458,39.1497427],[-121.5992402,39.1482578],[-121.5993166,39.1481765],[-121.5993903,39.1480976],[-121.5995799,39.1478949],[-121.5996889,39.1477621],[-121.5997878,39.147635],[-121.5998679,39.1475247],[-121.5999837,39.1473424],[-121.6000768,39.1471721],[-121.6001649,39.1469932],[-121.6002405,39.1468168],[-121.6002928,39.1466661],[-121.6003421,39.1465025],[-121.6003885,39.1463106],[-121.6004151,39.146172],[-121.6004346,39.1460115],[-121.6004477,39.1458283],[-121.6004531,39.1456611],[-121.6004441,39.1454801],[-121.6004213,39.1452017],[-121.600402,39.1450142],[-121.6003694,39.1447961],[-121.5997456,39.1404515],[-121.5997165,39.1402464],[-121.5996866,39.1400789],[-121.5996539,39.1399108],[-121.599624,39.1397797],[-121.5995883,39.1396594],[-121.5994941,39.1393875],[-121.5994168,39.1392096],[-121.5993575,39.1390921],[-121.5992255,39.1388601],[-121.599147,39.1387396],[-121.5990605,39.1386168],[-121.5989476,39.1384727],[-121.5988359,39.1383386],[-121.5987235,39.138218],[-121.5985931,39.1380864],[-121.5984315,39.1379349],[-121.5982595,39.1377927],[-121.5980236,39.1376196],[-121.5977441,39.1374261],[-121.5937926,39.1347563],[-121.593673,39.1346755],[-121.5915336,39.1332122],[-121.5914076,39.1331267],[-121.5891855,39.1316181],[-121.5861472,39.1295449],[-121.5779343,39.1239613],[-121.5775762,39.123714],[-121.5673767,39.1167683],[-121.567181,39.1166321],[-121.5669127,39.1164386],[-121.5666797,39.1162637],[-121.5664642,39.1161009],[-121.5662189,39.1159047],[-121.5660264,39.1157496],[-121.5657775,39.1155401],[-121.5655338,39.1153236],[-121.5653642,39.1151738],[-121.5651877,39.115008],[-121.5650085,39.1148314],[-121.5648251,39.1146528],[-121.5646472,39.1144762],[-121.5644721,39.1142944],[-121.5643012,39.1141121],[-121.5641372,39.1139295],[-121.5639704,39.1137408],[-121.5638019,39.113551],[-121.5636414,39.1133632],[-121.5632379,39.1128407],[-121.563095,39.112642],[-121.5629626,39.1124559],[-121.5628068,39.1122269],[-121.5626827,39.1120375],[-121.5625352,39.1118086],[-121.5624014,39.111586],[-121.5622856,39.1113859],[-121.5621518,39.1111495],[-121.5620332,39.1109291],[-121.5619271,39.1107226],[-121.5618223,39.1105096],[-121.5617271,39.1103064],[-121.561632,39.1100977],[-121.5615451,39.1098923],[-121.5614637,39.1096868],[-121.5613714,39.1094568],[-121.5613065,39.1092813],[-121.5612252,39.1090598],[-121.561148,39.1088255],[-121.5610873,39.1086319],[-121.5610156,39.1083836],[-121.5609591,39.1081803],[-121.560897,39.1079374],[-121.5608487,39.1077309],[-121.5607987,39.1074964],[-121.5607467,39.1072526],[-121.5605205,39.1060837],[-121.5604854,39.1059026],[-121.5584588,39.0954288],[-121.5570478,39.0881355],[-121.5549112,39.0770906],[-121.5548771,39.0769142],[-121.5507614,39.0556337],[-121.5507541,39.0555957],[-121.550708,39.0553576],[-121.5493619,39.0483961],[-121.5465958,39.0340887],[-121.5451049,39.0263806],[-121.5449595,39.0256235],[-121.5351143,38.9746927],[-121.5350847,38.974541],[-121.5344403,38.9708825],[-121.5344211,38.9707884],[-121.5336666,38.9668438],[-121.5336531,38.9667927],[-121.5334634,38.965795],[-121.5334479,38.9657154],[-121.5325588,38.9612829],[-121.5325467,38.9612196],[-121.5315816,38.9561021],[-121.5315293,38.9558279],[-121.5311738,38.9539823],[-121.5294256,38.9449048],[-121.5293775,38.9446554],[-121.5283289,38.9391547],[-121.5256348,38.9250201],[-121.5246565,38.9198866],[-121.5241856,38.9174153],[-121.5241634,38.9172903],[-121.5228804,38.9105882],[-121.5228256,38.9103022],[-121.520192,38.8965426],[-121.5201556,38.8963522],[-121.5200896,38.8960093],[-121.5199853,38.8954653],[-121.5199234,38.8951349],[-121.5198938,38.8949802],[-121.5189467,38.8899565],[-121.5189373,38.889906],[-121.5189087,38.8897387],[-121.5189043,38.8897057],[-121.5187555,38.8888728],[-121.5174998,38.8822143],[-121.5174512,38.8819622],[-121.5162304,38.87563],[-121.515125,38.8697917],[-121.5151068,38.8696954],[-121.5150901,38.869609],[-121.5144454,38.8661586],[-121.5143531,38.8656654],[-121.514338,38.8655954],[-121.5119152,38.8529507],[-121.5118912,38.8528133],[-121.5118393,38.8525248],[-121.5118251,38.8524519],[-121.5106356,38.8463439],[-121.5106114,38.8462194],[-121.5105799,38.8460472],[-121.5104622,38.8454312],[-121.5096535,38.8411977],[-121.509622,38.841033],[-121.5096093,38.8409659],[-121.5094743,38.8402523],[-121.508561,38.835267],[-121.5085282,38.8350921],[-121.5063667,38.8237525],[-121.5061772,38.8227827],[-121.5061489,38.8226244],[-121.5056692,38.8200827],[-121.5056215,38.8198434],[-121.504513,38.8140159],[-121.5044745,38.8138015],[-121.5035987,38.8092219],[-121.5032446,38.8073466],[-121.5024786,38.8033105],[-121.5024738,38.8032853],[-121.5024164,38.8029921],[-121.5019582,38.8005795],[-121.5019169,38.8003672],[-121.5013263,38.7973782],[-121.5008025,38.7947273],[-121.5000004,38.7903201],[-121.4999368,38.789982],[-121.4994468,38.787457],[-121.4980494,38.7802567],[-121.4968037,38.7737098],[-121.4947693,38.7630157],[-121.4947458,38.7628934],[-121.4925364,38.7512614],[-121.4924736,38.750931],[-121.4898899,38.7373261],[-121.489884,38.7372949],[-121.4877184,38.7257864],[-121.4873704,38.7240545],[-121.4873625,38.724012],[-121.4859672,38.7167043],[-121.4859446,38.7165836],[-121.485527,38.7143842],[-121.4849487,38.7113382],[-121.4827987,38.7000136],[-121.482451,38.6981822],[-121.4824355,38.6981011],[-121.4806282,38.6885113],[-121.4805935,38.6883287],[-121.4800104,38.6852636],[-121.4800034,38.6852264],[-121.4774226,38.6717193],[-121.4763794,38.6660976],[-121.4763209,38.6657809],[-121.4763018,38.6656773],[-121.4762821,38.6655702],[-121.4761774,38.6650028],[-121.4761238,38.6647146],[-121.4760828,38.6645106],[-121.4750985,38.6594552],[-121.4750223,38.6590591],[-121.4747533,38.6575168],[-121.4747277,38.6573905],[-121.474709,38.6572987],[-121.4747037,38.6572595],[-121.474264,38.6550885],[-121.4707838,38.6367669],[-121.4676965,38.6205341],[-121.467566,38.6198479],[-121.4675179,38.6195971],[-121.4674558,38.6192615],[-121.4665453,38.6143412],[-121.4664827,38.6139309],[-121.4664248,38.6135388],[-121.4663828,38.6132852],[-121.4663445,38.6129845],[-121.4663363,38.6127088],[-121.4663258,38.6125362],[-121.4663265,38.6123341],[-121.4663271,38.6121604],[-121.4663216,38.6119908],[-121.4663213,38.6118803],[-121.4663207,38.6117441],[-121.4663264,38.6116174],[-121.4663373,38.6114663],[-121.4663465,38.6111671],[-121.466363,38.6109745],[-121.4663804,38.6107798],[-121.4663897,38.6106792],[-121.4664145,38.610534],[-121.4664465,38.6103841],[-121.4664545,38.6102332],[-121.4664739,38.6100832],[-121.4664892,38.6099404],[-121.4665161,38.6098161],[-121.4665567,38.6096182],[-121.4665877,38.6094389],[-121.4666204,38.6092608],[-121.4666642,38.6090757],[-121.4667138,38.6088963],[-121.4667868,38.6086562],[-121.466869,38.6084014],[-121.4670404,38.6078823],[-121.4671351,38.6076105],[-121.4671785,38.6074874],[-121.4672241,38.6073448],[-121.4672924,38.6071697],[-121.4673785,38.6069821],[-121.4679406,38.6056692],[-121.4695534,38.6019302],[-121.4699165,38.601094],[-121.4701456,38.6005662],[-121.4702693,38.6002842],[-121.4704001,38.59999],[-121.4705479,38.5996503],[-121.4705749,38.5995869],[-121.4706408,38.5994326],[-121.471871,38.5965819],[-121.4719969,38.5963095],[-121.4720579,38.5961664],[-121.4721156,38.5960317],[-121.4721888,38.5958695],[-121.4724207,38.5953353],[-121.4725805,38.5949654],[-121.4727084,38.5946591],[-121.4729806,38.5940261],[-121.4730163,38.5939431],[-121.473767,38.5922254],[-121.4738488,38.5920426],[-121.4738901,38.591943],[-121.4739706,38.5917607],[-121.4740164,38.5916645],[-121.4741185,38.5914274],[-121.474157,38.591337],[-121.4742007,38.5912372],[-121.474242,38.5911408],[-121.4742742,38.5910665],[-121.474315,38.5909617],[-121.4743457,38.5908763],[-121.4743715,38.590799],[-121.4744001,38.5907111],[-121.474427,38.5906078],[-121.4744565,38.5904943],[-121.4744868,38.5903797],[-121.4745179,38.5902499],[-121.4745715,38.5900502],[-121.4745987,38.5899466],[-121.4746237,38.5898393],[-121.4746639,38.5896889],[-121.4747042,38.5895333],[-121.4747592,38.5893215],[-121.4748337,38.5890328],[-121.4749039,38.5887593],[-121.4749515,38.5885785],[-121.4749906,38.5884246],[-121.4750288,38.5882752],[-121.4751076,38.5880212],[-121.4751637,38.587857],[-121.4752376,38.587636],[-121.4752835,38.5875003],[-121.4753303,38.5873702],[-121.4753515,38.5873122],[-121.4753726,38.5872542],[-121.4754098,38.5871628],[-121.4754678,38.5870379],[-121.4755152,38.5869369],[-121.4755803,38.5868132],[-121.4756449,38.586704],[-121.4757194,38.5865901],[-121.4758074,38.5864799],[-121.4758907,38.5863932],[-121.4759937,38.5863013],[-121.4761094,38.5862142],[-121.4761938,38.5861631],[-121.4762691,38.5861195],[-121.4763715,38.5860723],[-121.4765077,38.5860201],[-121.4766125,38.5859852],[-121.476778,38.5859444],[-121.4769033,38.5859226],[-121.4770513,38.5859069],[-121.4771718,38.5859011],[-121.477292,38.5859029],[-121.4774098,38.5859103],[-121.4775371,38.5859272],[-121.4777035,38.585957],[-121.4779294,38.5860048],[-121.4781474,38.586049],[-121.4783569,38.5860917],[-121.478703,38.5861719],[-121.4790952,38.5862745],[-121.4797443,38.5864489],[-121.4805361,38.5866612],[-121.48192,38.5870308],[-121.4823357,38.5871403],[-121.4826397,38.5872232],[-121.4828437,38.5872777],[-121.4829206,38.5872982],[-121.483455,38.587446],[-121.486619,38.58829],[-121.4868368,38.5883484],[-121.486981,38.588387],[-121.4871955,38.5884446],[-121.487361,38.588489],[-121.487564,38.588544],[-121.4878662,38.5885997],[-121.488152,38.58864],[-121.48839,38.588664],[-121.488558,38.588672],[-121.4887269,38.588678],[-121.488969,38.5886749],[-121.4891869,38.5886638],[-121.4895829,38.5886221],[-121.4898094,38.5885897],[-121.4902557,38.5885221],[-121.4924156,38.5881982],[-121.4937714,38.5879951],[-121.4940245,38.5879553],[-121.4943125,38.5879136],[-121.4944119,38.587898],[-121.4945405,38.5878769],[-121.4946345,38.5878595],[-121.4947369,38.5878384],[-121.4948394,38.5878125],[-121.4949819,38.5877728],[-121.4950527,38.5877517],[-121.4952014,38.5876993],[-121.4953493,38.5876391],[-121.4955488,38.5875458],[-121.4956323,38.587504],[-121.4957481,38.587446],[-121.4961302,38.5872172],[-121.4963375,38.5870891],[-121.49655,38.5869582],[-121.4966848,38.5868885],[-121.4967675,38.5868508],[-121.4968216,38.5868261],[-121.4968953,38.5867973],[-121.49701,38.5867559],[-121.4971287,38.5867182],[-121.4972326,38.5866878],[-121.4973696,38.586657],[-121.497478,38.5866375],[-121.4975974,38.5866191],[-121.497783,38.5865941],[-121.4978487,38.5865853],[-121.500917,38.5861786],[-121.5010298,38.5861637],[-121.5011134,38.5861545],[-121.5012072,38.5861451],[-121.5012802,38.5861396],[-121.5013722,38.5861351],[-121.5015277,38.586129],[-121.5015492,38.586128],[-121.5015987,38.5861261],[-121.5016766,38.5861227],[-121.5018686,38.586114],[-121.5019535,38.5861085],[-121.5020473,38.5861012],[-121.502173,38.5860898],[-121.5022897,38.586078],[-121.5024174,38.5860594],[-121.5025571,38.5860385],[-121.5027001,38.5860126],[-121.5028518,38.5859821],[-121.5030675,38.5859315],[-121.5032567,38.5858922],[-121.5033652,38.5858722],[-121.5034647,38.5858573],[-121.5035328,38.585847],[-121.50367,38.5858327],[-121.5038153,38.5858216],[-121.5039566,38.585816],[-121.5040918,38.5858152],[-121.5043154,38.5858224],[-121.5043918,38.5858287],[-121.5045323,38.5858427],[-121.504617,38.5858536],[-121.5047372,38.585871],[-121.5048958,38.5859002],[-121.5050686,38.5859401],[-121.5052809,38.5859972],[-121.5057658,38.5861269],[-121.5069597,38.5864455],[-121.5081133,38.5867533],[-121.5089907,38.5869854],[-121.5093225,38.587074],[-121.5096579,38.5871627],[-121.5098926,38.5872192],[-121.5101621,38.5872789],[-121.5102747,38.5873028],[-121.5103871,38.5873254],[-121.5106387,38.5873721],[-121.5109131,38.5874177],[-121.5111918,38.5874562],[-121.5114625,38.5874863],[-121.5116631,38.5875069],[-121.5119253,38.5875273],[-121.5120699,38.5875372],[-121.5122213,38.5875471],[-121.5128794,38.5875807],[-121.5131798,38.5875964],[-121.5132334,38.5875992],[-121.5133584,38.5876056],[-121.5169673,38.5877911],[-121.5171543,38.5878007],[-121.5266322,38.5882878],[-121.5272467,38.5883201],[-121.5329316,38.5886105],[-121.5345711,38.5886431],[-121.5350999,38.5886306],[-121.536834,38.5885711],[-121.5382904,38.5884503],[-121.5389374,38.5883792],[-121.5404284,38.5881734],[-121.5424491,38.5877972],[-121.5447411,38.5872909],[-121.546167,38.5869658],[-121.5469569,38.5867918],[-121.5471779,38.5867405],[-121.5567185,38.5846041],[-121.5591609,38.5840568],[-121.5625231,38.5833072],[-121.5653542,38.5826706],[-121.5679028,38.5820941],[-121.5687637,38.5819006],[-121.5775748,38.57992],[-121.5885096,38.5774709],[-121.5943289,38.5761557],[-121.6016846,38.5745117],[-121.6040364,38.5739816],[-121.6081073,38.573089],[-121.6083869,38.5730261],[-121.6321704,38.5676725],[-121.6387584,38.5661864],[-121.638837,38.5661686],[-121.6428218,38.565268],[-121.6447228,38.5648424],[-121.6452584,38.5647221],[-121.6461917,38.5645139],[-121.6471718,38.5642868],[-121.6521545,38.5631595],[-121.6606368,38.5612387],[-121.6651024,38.5602244],[-121.6657054,38.560084],[-121.6676235,38.55962],[-121.675343,38.557869],[-121.675591,38.5578128],[-121.67618,38.5576749],[-121.6826256,38.5562173],[-121.6901885,38.5545068],[-121.7124572,38.5494419],[-121.7125372,38.5494237],[-121.7315097,38.5451207],[-121.7335654,38.5446454],[-121.7341718,38.544513],[-121.734242,38.5444964],[-121.7347155,38.5443832],[-121.7350465,38.5442956],[-121.7353433,38.5442081],[-121.7356151,38.5441274],[-121.7358767,38.5440426],[-121.7359346,38.5440222],[-121.7359491,38.5440171],[-121.7360053,38.5439963],[-121.7361938,38.5439265],[-121.7364432,38.5438218],[-121.7366993,38.5437137],[-121.736931,38.5436028],[-121.7371496,38.5434919],[-121.7371903,38.5434696],[-121.7373529,38.5433806],[-121.7375675,38.5432584],[-121.7377179,38.5431663],[-121.7378299,38.5430929],[-121.7380027,38.542977],[-121.7381752,38.5428506],[-121.7383961,38.5426784],[-121.7386154,38.5424991],[-121.7386404,38.5424779],[-121.7388392,38.5422906],[-121.7390302,38.5421061],[-121.7392596,38.5418782],[-121.7394842,38.5416462],[-121.7401556,38.5408921],[-121.7407177,38.5402723],[-121.7412383,38.5396856],[-121.7413406,38.5395616],[-121.7419199,38.538913],[-121.7420594,38.5387568],[-121.742554,38.5381947],[-121.7427059,38.5380243],[-121.7523469,38.5272102],[-121.7569783,38.5220151],[-121.7583737,38.5204402],[-121.7601476,38.5184521],[-121.7602283,38.5183616],[-121.7620613,38.5163053],[-121.7621409,38.5162146],[-121.764428,38.5136419],[-121.7656494,38.512268],[-121.7670127,38.5107511],[-121.7710374,38.5062198],[-121.7711742,38.5060593],[-121.7743937,38.5024314],[-121.7754113,38.5012903],[-121.7765332,38.5000342],[-121.7770853,38.4994096],[-121.7775206,38.4989193],[-121.7801973,38.4959112],[-121.7809081,38.4951125],[-121.7825335,38.4932892],[-121.784817,38.490728],[-121.786192,38.4891797],[-121.7875023,38.4877069],[-121.7877077,38.4874762],[-121.7913968,38.4833315],[-121.7940214,38.4803899],[-121.7957575,38.4784344],[-121.7966818,38.4773876],[-121.7973011,38.4767002],[-121.7990533,38.4747337],[-121.7994881,38.4742414],[-121.8003517,38.4732855],[-121.800944,38.472594],[-121.8014659,38.472021],[-121.8031977,38.4700716],[-121.8039575,38.4692128],[-121.8051587,38.4678764],[-121.8057447,38.4672138],[-121.807914,38.4648],[-121.809625,38.462889],[-121.8106417,38.4617239],[-121.8115704,38.460682],[-121.8135403,38.4584666],[-121.8166923,38.4549217],[-121.8186768,38.4526954],[-121.82022,38.450947],[-121.820722,38.4503953],[-121.821587,38.449429],[-121.8224889,38.4484155],[-121.8225308,38.4483677],[-121.8241592,38.4465459],[-121.8250429,38.4455972],[-121.8258396,38.4447141],[-121.8270053,38.4433943],[-121.8279052,38.4423846],[-121.8290226,38.4411337],[-121.8308482,38.4390824],[-121.8322254,38.4375367],[-121.8329109,38.4367608],[-121.8335795,38.4360187],[-121.835063,38.4343498],[-121.8363186,38.4329234],[-121.8394905,38.4293212],[-121.8411664,38.427441],[-121.8421791,38.4262998],[-121.8429543,38.4254226],[-121.8441871,38.4240402],[-121.8442866,38.4239271],[-121.8461207,38.4218639],[-121.8462181,38.4217545],[-121.8473048,38.4205337],[-121.8498583,38.4176558],[-121.8506825,38.4167317],[-121.8510801,38.4162971],[-121.8516393,38.4156488],[-121.853328,38.4137518],[-121.8542853,38.4126761],[-121.8561628,38.4105681],[-121.8575348,38.4090275],[-121.8586747,38.4077443],[-121.8597597,38.406519],[-121.8608701,38.4052841],[-121.8625321,38.4033906],[-121.8627595,38.4031277],[-121.8634631,38.4023262],[-121.8639478,38.4018064],[-121.8652033,38.4003963],[-121.8664681,38.3989814],[-121.8703855,38.3945564],[-121.8710727,38.3937801],[-121.8718923,38.3928636],[-121.8727162,38.3919412],[-121.8728651,38.3917773],[-121.8731239,38.3914882],[-121.875017,38.389339],[-121.8757168,38.3885684],[-121.8765857,38.3875878],[-121.8775289,38.3865322],[-121.8780385,38.3859441],[-121.878534,38.3853989],[-121.8794807,38.3843309],[-121.8804593,38.3832198],[-121.881463,38.3820959],[-121.8823814,38.381066],[-121.8834963,38.3798079],[-121.8859684,38.377032],[-121.88806,38.3746708],[-121.888485,38.3741857],[-121.889967,38.372494],[-121.89078,38.371598],[-121.890812,38.371563],[-121.8909296,38.3714335],[-121.890948,38.371413],[-121.891139,38.371203],[-121.892003,38.370206],[-121.8935387,38.368479],[-121.894572,38.367325],[-121.895177,38.3666468],[-121.8952445,38.366586],[-121.8954073,38.3663867],[-121.8954163,38.3663743],[-121.8958163,38.3659377],[-121.8968536,38.3647809],[-121.8970246,38.364598],[-121.8971753,38.3644346],[-121.8981609,38.3633384],[-121.901286,38.359789],[-121.9020823,38.3589218],[-121.902359,38.358584],[-121.902933,38.357956],[-121.9037953,38.3569791],[-121.9059861,38.354519],[-121.9075222,38.3527954],[-121.9097117,38.3503058],[-121.9101499,38.3497932],[-121.911173,38.3486],[-121.911265,38.348496],[-121.9113481,38.348403],[-121.9131124,38.346429],[-121.9141959,38.345211],[-121.9162807,38.3428576],[-121.9167477,38.3423311],[-121.9179851,38.3409379],[-121.9193823,38.3393659],[-121.9207041,38.3378628],[-121.9213375,38.3371503],[-121.921772,38.336681],[-121.9257898,38.332119],[-121.9269013,38.3308827],[-121.9276438,38.330046],[-121.9278228,38.3298461],[-121.9279647,38.329702],[-121.9288889,38.3286472],[-121.929487,38.327972],[-121.930647,38.326658],[-121.932203,38.324928],[-121.9323646,38.324745],[-121.9328023,38.3242513],[-121.933826,38.32309],[-121.934697,38.322104],[-121.935403,38.321304],[-121.939272,38.316922],[-121.939736,38.316419],[-121.940219,38.315872],[-121.941114,38.314778],[-121.941892,38.313742],[-121.942656,38.312622],[-121.943633,38.3110068],[-121.944225,38.310028],[-121.946586,38.306064],[-121.94745,38.304631],[-121.9482527,38.3033216],[-121.9490587,38.3019429],[-121.949575,38.301108],[-121.9498437,38.3006434],[-121.950302,38.299851],[-121.950352,38.299769],[-121.951683,38.297572],[-121.9520361,38.2970326],[-121.952369,38.296567],[-121.9529229,38.2958218],[-121.953575,38.295053],[-121.954619,38.293919],[-121.955231,38.29335],[-121.9559,38.292747],[-121.9568494,38.2919955],[-121.9573631,38.2915988],[-121.9579786,38.2911681],[-121.958836,38.290603],[-121.9595879,38.2901387],[-121.9601777,38.2897979],[-121.9612913,38.2891867],[-121.9652784,38.2869982],[-121.966789,38.2861723],[-121.9690683,38.2849219],[-121.9711556,38.2837753],[-121.980323,38.27876],[-121.9824,38.277619],[-121.9846457,38.2763808],[-121.9851022,38.2761269],[-121.9869,38.275142],[-121.987708,38.274697],[-121.988697,38.274153],[-121.9904072,38.2732161],[-121.9908354,38.2729803],[-121.991776,38.272474],[-121.992243,38.272195],[-121.9924226,38.2720995],[-121.9940662,38.2712019],[-121.9941737,38.2711421],[-121.995678,38.270325],[-121.9968141,38.2696927],[-121.9969351,38.269626],[-121.9975706,38.2692759],[-121.9987075,38.26865],[-121.999453,38.268243],[-122.0006282,38.2675965],[-122.0018107,38.2669414],[-122.0025019,38.2665582],[-122.0032467,38.2661475],[-122.003985,38.265731],[-122.004747,38.265314],[-122.0052036,38.2650735],[-122.0053215,38.2650106],[-122.0067726,38.2642024],[-122.0094134,38.2627485],[-122.0120066,38.2613239],[-122.0148493,38.2597563],[-122.0154634,38.2594135],[-122.0173028,38.2583995],[-122.0179128,38.2580769],[-122.0198088,38.2570237],[-122.0198602,38.2569951],[-122.0199625,38.2569401],[-122.020028,38.2569044],[-122.0207732,38.2564982],[-122.0221952,38.2557189],[-122.0245162,38.2544244],[-122.0259668,38.2536377],[-122.026563,38.2532968],[-122.02738,38.252847],[-122.0282682,38.2523543],[-122.0290908,38.2519064],[-122.0299371,38.2514341],[-122.0304157,38.2511743],[-122.0312174,38.25073],[-122.0325565,38.24999],[-122.0333431,38.2495614],[-122.0342617,38.2490541],[-122.0352935,38.248485],[-122.036081,38.248045],[-122.0363635,38.2478825],[-122.0366321,38.2477215],[-122.0369062,38.2475536],[-122.0371753,38.2473805],[-122.0374659,38.2471804],[-122.0377551,38.2469748],[-122.0381614,38.2466804],[-122.0385289,38.2463955],[-122.0391608,38.2458689],[-122.0393949,38.2456617],[-122.0397001,38.2453821],[-122.0400194,38.2450686],[-122.0402711,38.2448079],[-122.0404289,38.2446464],[-122.040962,38.2440624],[-122.0414318,38.2434994],[-122.041514,38.2434008],[-122.0419328,38.2428074],[-122.0420014,38.2427041],[-122.0421991,38.2423876],[-122.0423864,38.2420769],[-122.0426202,38.2416736],[-122.0428403,38.2412675],[-122.043261,38.240465],[-122.0434455,38.2401191],[-122.0437204,38.2395965],[-122.0441138,38.2388495],[-122.0443758,38.2383593],[-122.0445748,38.2379782],[-122.0447662,38.237618],[-122.0450666,38.2370512],[-122.0453182,38.2365744],[-122.0456923,38.2358665],[-122.0457953,38.2356702],[-122.046417,38.234492],[-122.0470814,38.2332294],[-122.0474287,38.2325713],[-122.047953,38.231578],[-122.0481752,38.2311625],[-122.0483574,38.2308078],[-122.0485643,38.2304175],[-122.0487907,38.2299877],[-122.0492973,38.2290237],[-122.0498264,38.2280323],[-122.0501209,38.2274707],[-122.0512016,38.2254213],[-122.0518449,38.2242044],[-122.0522521,38.2234278],[-122.0523844,38.2231783],[-122.0524591,38.2230373],[-122.0527309,38.2225172],[-122.0530036,38.2220002],[-122.053286,38.2214666],[-122.053544,38.2209783],[-122.0538811,38.2203402],[-122.0542208,38.2196934],[-122.0544296,38.2192952],[-122.0546882,38.2188101],[-122.0550065,38.2182015],[-122.0553416,38.2175674],[-122.055624,38.2170289],[-122.0559606,38.2163916],[-122.0561453,38.2160417],[-122.0562972,38.215752],[-122.0565583,38.2152541],[-122.0569081,38.2145937],[-122.0574272,38.2136067],[-122.0578307,38.2128459],[-122.0580177,38.2124895],[-122.0585075,38.2115601],[-122.058981,38.2106591],[-122.0593926,38.20988],[-122.0597911,38.2091255],[-122.0602666,38.2082213],[-122.060516,38.2077473],[-122.0606548,38.207487],[-122.0607731,38.2072653],[-122.0610595,38.2067187],[-122.0613383,38.2061905],[-122.061644,38.2056117],[-122.0618818,38.2051335],[-122.0620108,38.2048744],[-122.0625019,38.2039438],[-122.0636722,38.2017419],[-122.0645694,38.2000263],[-122.0646138,38.1999414],[-122.0654099,38.1984629],[-122.0663109,38.1967355],[-122.0672317,38.19498],[-122.0682022,38.1931803],[-122.068272,38.1930439],[-122.0684421,38.1927204],[-122.068911,38.1917926],[-122.0695308,38.1906344],[-122.070015,38.1897179],[-122.0706527,38.1884991],[-122.0709507,38.1879296],[-122.0718141,38.1862984],[-122.0727676,38.1844648],[-122.0733765,38.1833052],[-122.0742141,38.1817035],[-122.0749092,38.1803757],[-122.0753972,38.179524],[-122.0755249,38.179286],[-122.0760079,38.1783637],[-122.0762904,38.1777465],[-122.076832,38.1767098],[-122.0774875,38.1754706],[-122.0782677,38.1739902],[-122.0788717,38.1728413],[-122.079642,38.1713763],[-122.0803223,38.1700966],[-122.0814015,38.1680431],[-122.082556,38.1658634],[-122.0835154,38.1640465],[-122.0844224,38.1623229],[-122.0852165,38.1608079],[-122.0864086,38.1585735],[-122.0877262,38.1560621],[-122.0877818,38.1559572],[-122.0883799,38.1548068],[-122.0890121,38.1536063],[-122.0890604,38.1535139],[-122.0894029,38.152893],[-122.0894582,38.1527994],[-122.0896866,38.1523513],[-122.0897702,38.1521964],[-122.0902275,38.1513],[-122.0907503,38.1503002],[-122.0916375,38.1486277],[-122.0922098,38.1475251],[-122.0926035,38.1467794],[-122.0930709,38.1458847],[-122.0936289,38.1448265],[-122.0942255,38.1436848],[-122.0948982,38.142412],[-122.0953801,38.1415001],[-122.0960492,38.1402177],[-122.0966809,38.139017],[-122.0974672,38.1375351],[-122.0981242,38.1362812],[-122.0983633,38.13583],[-122.0989177,38.134784],[-122.0995385,38.1335965],[-122.0999213,38.1328327],[-122.1001895,38.1322049],[-122.1004745,38.1314343],[-122.1006252,38.1309463],[-122.1007547,38.1304736],[-122.1008678,38.129975],[-122.1009547,38.1295023],[-122.1010349,38.1289018],[-122.1010929,38.128233],[-122.1011238,38.1275185],[-122.1011214,38.1272997],[-122.1011199,38.1271644],[-122.1011307,38.1266767],[-122.1011229,38.1262528],[-122.1011254,38.1258945],[-122.1011119,38.1256681],[-122.1011134,38.1255451],[-122.1011116,38.125359],[-122.1010961,38.124403],[-122.1010822,38.1237555],[-122.1010733,38.1232492],[-122.1010716,38.1229415],[-122.1010608,38.1225222],[-122.1010485,38.1219028],[-122.1010444,38.1214871],[-122.1010422,38.1213564],[-122.1010295,38.120779],[-122.1010241,38.1202432],[-122.1010117,38.1196084],[-122.1009692,38.1190099],[-122.1009757,38.1177951],[-122.1009267,38.1163356],[-122.1008938,38.1151147],[-122.1008803,38.1143196],[-122.100861,38.1131747],[-122.1008552,38.1119508],[-122.1008513,38.1107952],[-122.1008426,38.1093462],[-122.1008281,38.1083061],[-122.1008301,38.1078986],[-122.1008397,38.1074577],[-122.1008629,38.1070106],[-122.1008938,38.1065271],[-122.1008968,38.106494],[-122.1009248,38.106185],[-122.1009576,38.1058003],[-122.1010137,38.1053319],[-122.1010736,38.1049122],[-122.1011634,38.1043207],[-122.1012426,38.1038661],[-122.1013509,38.1033414],[-122.1014726,38.1027575],[-122.1015963,38.1022618],[-122.1017422,38.1017022],[-122.1019586,38.1008749],[-122.1022456,38.0997937],[-122.1025673,38.0986011],[-122.1026967,38.0981114],[-122.1029243,38.0972591],[-122.1030915,38.0966325],[-122.1033299,38.0957406],[-122.1034421,38.0953173],[-122.1034688,38.0952167],[-122.1036354,38.0945849],[-122.1038487,38.0937642],[-122.1040012,38.0931902],[-122.1041032,38.09282],[-122.1041993,38.0924849],[-122.104417,38.091836],[-122.104692,38.091247],[-122.1048128,38.0909777],[-122.1050711,38.0904753],[-122.1052573,38.0901305],[-122.1054457,38.089811],[-122.1057381,38.0893413],[-122.1060588,38.0888725],[-122.1062824,38.088564],[-122.1065549,38.0882111],[-122.1068139,38.0878902],[-122.1071559,38.0874963],[-122.107478,38.087144],[-122.1078545,38.0867556],[-122.1082017,38.0864182],[-122.1084825,38.0861639],[-122.1087531,38.0859236],[-122.1093418,38.0854421],[-122.1097466,38.0851236],[-122.1100265,38.0849212],[-122.1103191,38.0847122],[-122.1109106,38.0842733],[-122.1114405,38.0838897],[-122.112054,38.0834405],[-122.1130856,38.0826792],[-122.1141403,38.0819011],[-122.1150891,38.0812115],[-122.1161098,38.0804691],[-122.1167606,38.0799727],[-122.117164,38.0796659],[-122.1175576,38.0793466],[-122.1178278,38.0791199],[-122.1181233,38.0788778],[-122.1183292,38.0786873],[-122.1185328,38.0784927],[-122.1188896,38.0781068],[-122.1191651,38.0778144],[-122.1193699,38.0775865],[-122.1195863,38.0773447],[-122.1197766,38.077115],[-122.1199731,38.07688],[-122.1205235,38.0762205],[-122.1210913,38.0755364],[-122.1218395,38.0746329],[-122.1231561,38.0730636],[-122.123597,38.072525],[-122.1239679,38.0720894],[-122.1245691,38.0713647],[-122.1250828,38.0707439],[-122.1257734,38.0699183],[-122.1264078,38.0691649],[-122.1270418,38.0683874],[-122.1272547,38.0681364],[-122.1274397,38.0679311],[-122.1276196,38.0677185],[-122.1278727,38.0674176],[-122.1288687,38.0662301],[-122.1292852,38.0657311],[-122.1295594,38.0653963],[-122.1298144,38.0650498],[-122.1300293,38.0647291],[-122.130175,38.064478],[-122.1303205,38.0641904],[-122.1304012,38.0639876],[-122.1304907,38.0637559],[-122.1305574,38.0635475],[-122.130611,38.063319],[-122.1306518,38.0631109],[-122.130681,38.062908],[-122.1307093,38.0626456],[-122.1307212,38.0623768],[-122.1307087,38.0620581],[-122.1306828,38.0618264],[-122.1306359,38.0615638],[-122.1305427,38.0611856],[-122.1304337,38.0608678],[-122.1303264,38.060601],[-122.1300558,38.0600483],[-122.1293074,38.0585508],[-122.1291454,38.0582184],[-122.1290147,38.0579248],[-122.1288963,38.0576014],[-122.1288388,38.0574166],[-122.1287502,38.057068],[-122.1287053,38.0568035],[-122.1286772,38.0565067],[-122.1286689,38.0561617],[-122.1286819,38.0558018],[-122.1287746,38.0541919],[-122.1288652,38.0525587],[-122.1288973,38.0518095],[-122.1289378,38.0509852],[-122.1289545,38.0507466],[-122.1289569,38.0504784],[-122.1289441,38.0502434],[-122.1289021,38.0499383],[-122.128861,38.0497305],[-122.1287966,38.0494629],[-122.1286803,38.0491305],[-122.1285341,38.0488115],[-122.1283888,38.0485682],[-122.1282362,38.04833],[-122.1281344,38.0481706],[-122.1250595,38.0441765],[-122.121109,38.0390443],[-122.1204824,38.03823],[-122.1184743,38.0356203],[-122.1182529,38.0353007],[-122.1180938,38.0350158],[-122.118038,38.0348985],[-122.117997,38.03479],[-122.1179213,38.0346057],[-122.1178819,38.0344681],[-122.117801,38.0341053],[-122.1177593,38.0337317],[-122.1177583,38.0335364],[-122.1177739,38.0331103],[-122.1178342,38.0326438],[-122.1179732,38.0315327],[-122.1180246,38.0310971],[-122.118077,38.0306318],[-122.1181689,38.0300025],[-122.1181885,38.0298381],[-122.1182502,38.0293217],[-122.1183083,38.0290078],[-122.1183966,38.0286187],[-122.1184866,38.0283292],[-122.1186056,38.028018],[-122.1187729,38.0276481],[-122.1188817,38.027453],[-122.1190558,38.0271961],[-122.1191939,38.0270055],[-122.1193664,38.0267981],[-122.1195231,38.0266213],[-122.1197076,38.0264299],[-122.1199563,38.0262023],[-122.1202294,38.0259803],[-122.1204771,38.0257941],[-122.1207524,38.0256139],[-122.121089,38.0254144],[-122.1214211,38.0252444],[-122.1216837,38.0251236],[-122.1218396,38.0250583],[-122.1220104,38.024991],[-122.1222104,38.0249165],[-122.1224548,38.0248378],[-122.1227114,38.0247636],[-122.1229826,38.0246898],[-122.1230609,38.0246689],[-122.1231803,38.0246371],[-122.1235422,38.0245486],[-122.1243419,38.0243539],[-122.1254774,38.0240811],[-122.1266245,38.0238039],[-122.1276242,38.0235637],[-122.1279322,38.0234903],[-122.1282247,38.0234169],[-122.1285368,38.0233302],[-122.1287932,38.0232559],[-122.1290384,38.023174],[-122.1293226,38.023072],[-122.1295774,38.0229655],[-122.129906,38.0228124],[-122.130133,38.0226923],[-122.1304596,38.0225034],[-122.1307277,38.0223319],[-122.1310859,38.0220986],[-122.1311669,38.022046],[-122.1318569,38.021598],[-122.1324584,38.0212053],[-122.132694,38.0210629],[-122.1329743,38.0209038],[-122.1332544,38.0207553],[-122.1334897,38.0206352],[-122.1337445,38.0205184],[-122.134028,38.0204031],[-122.1342821,38.0203061],[-122.1345478,38.0202135],[-122.1348376,38.0201233],[-122.1351499,38.0200321],[-122.1354903,38.0199482],[-122.1357842,38.0198837],[-122.136277,38.0197964],[-122.1367927,38.0197092],[-122.1371451,38.0196532],[-122.1372204,38.0196402],[-122.1373028,38.019626],[-122.1376713,38.0195647],[-122.138411,38.0194427],[-122.138771,38.0193922],[-122.1391276,38.0193435],[-122.1394477,38.0193111],[-122.1397679,38.0192854],[-122.1401328,38.0192565],[-122.1403922,38.0192341],[-122.1405611,38.0192226],[-122.1407372,38.0192106],[-122.1409143,38.0191986],[-122.1410074,38.0191924],[-122.1411348,38.0191838],[-122.1411864,38.0191802],[-122.1414189,38.0191618],[-122.1417148,38.0191457],[-122.1420397,38.0191412],[-122.1422177,38.019145],[-122.1423891,38.0191487],[-122.142716,38.019169],[-122.1429432,38.0191927],[-122.1431457,38.0192179],[-122.1434481,38.0192669],[-122.1437887,38.019333],[-122.1440817,38.0193963],[-122.14444,38.0194956],[-122.1447259,38.0195817],[-122.1449714,38.0196575],[-122.1458846,38.0199517],[-122.1461872,38.020046],[-122.1467832,38.0202323],[-122.1473235,38.0204012],[-122.1476805,38.0205176],[-122.1479892,38.0206223],[-122.1482684,38.0207224],[-122.1489455,38.0209859],[-122.1494808,38.021199],[-122.151264,38.0219138],[-122.1527908,38.0225217],[-122.1540486,38.0230231],[-122.1560827,38.0238282],[-122.1571297,38.0242423],[-122.1581685,38.0246544],[-122.1586689,38.0248489],[-122.1591851,38.0250371],[-122.159712,38.025222],[-122.160177,38.0253665],[-122.1607061,38.0255295],[-122.161153,38.0256807],[-122.1615956,38.0258515],[-122.1620568,38.0260552],[-122.1622328,38.0261329],[-122.1623279,38.0261779],[-122.163427,38.0266974],[-122.1647072,38.0273099],[-122.164853,38.027378],[-122.1665223,38.0281963],[-122.1670002,38.0284197],[-122.1679004,38.0288381],[-122.168751,38.0292417],[-122.1691579,38.029459],[-122.1694363,38.029638],[-122.1697076,38.0298502],[-122.1699077,38.0300446],[-122.1701057,38.0302777],[-122.1702683,38.0305033],[-122.1705408,38.0309597],[-122.1707194,38.0312696],[-122.1708664,38.031495],[-122.1710554,38.0317501],[-122.1712379,38.0319547],[-122.1714394,38.03215],[-122.171588,38.0322669],[-122.1716676,38.0323295],[-122.1719375,38.0325146],[-122.1725583,38.032891],[-122.1729965,38.0331619],[-122.1732484,38.0333346],[-122.1734802,38.0335337],[-122.1736921,38.0337429],[-122.1738477,38.0339152],[-122.1740462,38.0341747],[-122.1742166,38.0344591],[-122.1743438,38.0347292],[-122.1744472,38.0350105],[-122.1745208,38.0353005],[-122.1745743,38.0356381],[-122.1746127,38.035949],[-122.1747267,38.0367924],[-122.1748099,38.0374208],[-122.1748774,38.0378841],[-122.1749315,38.0381433],[-122.1750083,38.038402],[-122.1751021,38.0386194],[-122.1752285,38.0388773],[-122.175302,38.038984],[-122.1753976,38.0391228],[-122.1755449,38.0393098],[-122.1758466,38.0396621],[-122.1761367,38.0399847],[-122.1763618,38.0402266],[-122.1765709,38.0405005],[-122.1767637,38.0407696],[-122.1769546,38.0410536],[-122.1772172,38.0415152],[-122.1776257,38.0422544],[-122.1778657,38.0426392],[-122.1779424,38.0427656],[-122.1780798,38.0429922],[-122.1781493,38.0431066],[-122.178351,38.0434389],[-122.1785868,38.0438202],[-122.1787989,38.0441256],[-122.1789985,38.044383],[-122.179247,38.0446568],[-122.1795476,38.0449407],[-122.1799158,38.0452482],[-122.1803235,38.0455295],[-122.1806496,38.0457303],[-122.1810901,38.0459807],[-122.1817973,38.0463721],[-122.1821748,38.0465905],[-122.1826221,38.0468786],[-122.1829897,38.0471533],[-122.1833296,38.0474418],[-122.1837172,38.0478168],[-122.1837565,38.0478558],[-122.1843071,38.0484026],[-122.1845511,38.0486404],[-122.1847144,38.0487996],[-122.1850152,38.0490616],[-122.1853075,38.0493018],[-122.1856685,38.0495515],[-122.1859273,38.0496966],[-122.1861673,38.0498311],[-122.1874734,38.0505924],[-122.1884601,38.0511551],[-122.1896016,38.0518087],[-122.1899202,38.0519853],[-122.1902801,38.0521527],[-122.1906551,38.0523082],[-122.1910824,38.0524305],[-122.1915134,38.0525169],[-122.1922505,38.0525773],[-122.1925926,38.0525947],[-122.192865,38.0526121],[-122.1929511,38.0526177],[-122.1930604,38.0526243],[-122.1936418,38.0526595],[-122.1940837,38.0526801],[-122.1944858,38.0526967],[-122.1953458,38.052738],[-122.195982,38.0527713],[-122.1962069,38.0527816],[-122.1965691,38.052801],[-122.197022,38.0528253],[-122.1976606,38.0528632],[-122.1982824,38.0529408],[-122.1990227,38.0530768],[-122.1993504,38.0531436],[-122.1998988,38.0532554],[-122.2013808,38.0535762],[-122.2017129,38.0536481],[-122.2019137,38.0536936],[-122.2050247,38.0543982],[-122.2056551,38.054541],[-122.2069769,38.0548451],[-122.2079038,38.0550614],[-122.2105903,38.0556831],[-122.212573,38.0561427],[-122.2149076,38.0566901],[-122.2157144,38.0568726],[-122.216135,38.0569537],[-122.2164526,38.0570078],[-122.2169504,38.0570348],[-122.2172336,38.057028],[-122.2176284,38.0569807],[-122.2179803,38.0569199],[-122.2184868,38.0567847],[-122.2190189,38.0565888],[-122.2200608,38.0562144],[-122.2206669,38.0560008],[-122.2210874,38.0558724],[-122.2212762,38.0558318],[-122.2215166,38.0557845],[-122.2217569,38.0557507],[-122.2219886,38.0557304],[-122.2222633,38.0557169],[-122.2226581,38.0557169],[-122.2230272,38.0557372],[-122.2232675,38.0557642],[-122.2237761,38.0558152],[-122.2257137,38.0560684],[-122.2277788,38.0563188],[-122.2278843,38.0563328],[-122.22797,38.0563427],[-122.2288729,38.0564442],[-122.2303039,38.0565873],[-122.2314954,38.0566943],[-122.2331836,38.0568494],[-122.2333532,38.0568655],[-122.2336668,38.0568953],[-122.2347088,38.0569943],[-122.2347954,38.0570025],[-122.235713,38.0570889],[-122.2359919,38.0571163],[-122.2361936,38.0571362],[-122.2364854,38.0571835],[-122.2368631,38.0572511],[-122.2371206,38.0573187],[-122.2374038,38.0574065],[-122.2385711,38.0578052],[-122.2390432,38.0579337],[-122.2394724,38.0579945],[-122.239953,38.0580148],[-122.2402191,38.058008],[-122.2405796,38.0579742],[-122.2409572,38.0579134],[-122.241023,38.0578984],[-122.2413435,38.0578255],[-122.2416782,38.0577241],[-122.2421245,38.057562],[-122.242588,38.0573524],[-122.2434721,38.0569132],[-122.2437334,38.0567802],[-122.2441741,38.0565371],[-122.2451641,38.055961],[-122.2452595,38.0559027],[-122.2460173,38.0554495],[-122.2464464,38.0551589],[-122.2468756,38.0548142],[-122.2470644,38.0546318],[-122.2472962,38.0543952],[-122.2477511,38.053868],[-122.2481974,38.05328],[-122.2485235,38.0528813],[-122.2488068,38.0525771],[-122.2490557,38.0523609],[-122.249296,38.0521851],[-122.2495116,38.0520414],[-122.2497605,38.0518994],[-122.2502583,38.0516764],[-122.250326,38.0516541],[-122.2507304,38.051521],[-122.2512111,38.0514128],[-122.2517604,38.0513452],[-122.2524384,38.0513047],[-122.2537173,38.0512506],[-122.2556914,38.0511763],[-122.2573232,38.051115],[-122.2593646,38.0508734],[-122.2599823,38.0506481],[-122.2604207,38.050399],[-122.2608327,38.0500881],[-122.2611331,38.049811],[-122.2613484,38.0495552],[-122.2615193,38.0493108],[-122.2616481,38.0490742],[-122.2617597,38.0487904],[-122.2618369,38.0485673],[-122.261897,38.0482699],[-122.2619828,38.0476819],[-122.2621631,38.0464314],[-122.2623004,38.0454783],[-122.2623175,38.0453296],[-122.2625099,38.0439864],[-122.2627038,38.0426326],[-122.2627725,38.0422811],[-122.2628411,38.0420513],[-122.2631828,38.0413197],[-122.2633669,38.0410176],[-122.2634102,38.0409466],[-122.2638073,38.0405261],[-122.264223,38.0401788],[-122.2646092,38.0399152],[-122.264944,38.0397327],[-122.2653302,38.0395501],[-122.2658452,38.0393676],[-122.2672528,38.0389418],[-122.2673808,38.0389042],[-122.2675253,38.0388617],[-122.2694157,38.0383063],[-122.2710637,38.0378196],[-122.2721537,38.0374951],[-122.2724627,38.0373869],[-122.2728661,38.0372044],[-122.2731751,38.0370354],[-122.2734755,38.0368326],[-122.273939,38.0364202],[-122.2741622,38.0361431],[-122.2742823,38.0359606],[-122.2743939,38.0357713],[-122.2744969,38.0355549],[-122.2746276,38.0351206],[-122.2747115,38.0346355],[-122.2749003,38.0332497],[-122.2750033,38.0327156],[-122.2751111,38.032235],[-122.2752951,38.0316271],[-122.2754325,38.0312418],[-122.2755784,38.030897],[-122.2761449,38.0296935],[-122.2762822,38.0294299],[-122.2766084,38.0289566],[-122.2768401,38.0286862],[-122.2771491,38.0283684],[-122.2774409,38.0281183],[-122.2778186,38.0278343],[-122.2789859,38.0270635],[-122.2793034,38.0268201],[-122.279518,38.0266173],[-122.2796639,38.0264483],[-122.2797927,38.0262455],[-122.2799128,38.0260291],[-122.2800759,38.0257181],[-122.2804536,38.024927],[-122.2807711,38.0242779],[-122.2809771,38.0239264],[-122.2814835,38.0232299],[-122.2818097,38.0228175],[-122.2821273,38.0224929],[-122.2825221,38.0221887],[-122.2828397,38.0219858],[-122.2831916,38.0218168],[-122.2835263,38.0216883],[-122.2840155,38.0215396],[-122.28489,38.0212866],[-122.2852011,38.0211944],[-122.285367,38.0211476],[-122.2853993,38.0211385],[-122.2867432,38.0207552],[-122.286764,38.0207493],[-122.286799,38.0207393],[-122.287423,38.0205524],[-122.2875131,38.0205233],[-122.2878007,38.0204307],[-122.2882516,38.0202401],[-122.2886075,38.0200452],[-122.2890195,38.0197545],[-122.2893542,38.0194637],[-122.2897233,38.0190783],[-122.2903444,38.0182743],[-122.290733,38.0177867],[-122.291549,38.0167706],[-122.291638,38.0166579],[-122.292075,38.0161031],[-122.2926587,38.0153795],[-122.2930192,38.0149467],[-122.2940251,38.0138861],[-122.2942981,38.0136146],[-122.294931,38.0129952],[-122.2950207,38.012908],[-122.2952241,38.0127187],[-122.295914,38.0120816],[-122.2965629,38.0115152],[-122.2972238,38.010981],[-122.2976921,38.0106609],[-122.2981078,38.0104671],[-122.2984082,38.0103453],[-122.2987344,38.0102439],[-122.2990777,38.0101695],[-122.2995442,38.0101061],[-122.3000133,38.0100951],[-122.3002107,38.0101086],[-122.3038499,38.0103386],[-122.3046996,38.0103859],[-122.3051202,38.0103791],[-122.3054893,38.0103656],[-122.3057725,38.0103386],[-122.3060987,38.010298],[-122.3063911,38.0102381],[-122.3080985,38.0099125],[-122.3084847,38.0098517],[-122.308871,38.0098111],[-122.3092916,38.0098178],[-122.309652,38.0098517],[-122.3100297,38.0099193],[-122.3125377,38.0106051],[-122.3138492,38.0109945],[-122.3143127,38.0110824],[-122.3147332,38.011123],[-122.3148785,38.0111268],[-122.3149907,38.0111298],[-122.3152225,38.0111365],[-122.3156173,38.0111027],[-122.3160893,38.0110283],[-122.3165528,38.0109066],[-122.317085,38.010697],[-122.3174884,38.0104671],[-122.3178686,38.0102028],[-122.3210589,38.0074238],[-122.3220717,38.0066326],[-122.3228271,38.006078],[-122.3240459,38.0052259],[-122.3245608,38.0048809],[-122.3266465,38.0035418],[-122.3277795,38.0028317],[-122.3280713,38.0026423],[-122.328758,38.0022162],[-122.3292129,38.0019457],[-122.3298394,38.0016211],[-122.3302514,38.001452],[-122.3309368,38.0011795],[-122.3316934,38.0009582],[-122.3321826,38.0008365],[-122.3325774,38.0007553],[-122.3331782,38.0006539],[-122.3338563,38.0005863],[-122.3344829,38.0005457],[-122.3349549,38.0005457],[-122.3354699,38.0005592],[-122.3359592,38.0005863],[-122.3365601,38.0006598],[-122.3372724,38.0007824],[-122.3378072,38.0008898],[-122.339521,38.0012507],[-122.3407657,38.0015128],[-122.3427655,38.0019254],[-122.3441388,38.0022095],[-122.3448941,38.0023245],[-122.3455369,38.0023786],[-122.3460614,38.0024191],[-122.3466365,38.0024259],[-122.3472974,38.0024056],[-122.3479497,38.0023515],[-122.3485333,38.0022636],[-122.3493831,38.0020945],[-122.3500268,38.0019186],[-122.3505075,38.0017631],[-122.3509313,38.0015964],[-122.3516404,38.0013032],[-122.3524215,38.0008838],[-122.3531856,38.0003873],[-122.3537637,37.9999326],[-122.354284,37.9994703],[-122.3547217,37.9990036],[-122.3551766,37.9984422],[-122.3556916,37.997617],[-122.3559707,37.9970508],[-122.3561878,37.9964653],[-122.356299,37.9960682],[-122.3563825,37.9956661],[-122.3564537,37.995201],[-122.3565269,37.9944318],[-122.3576271,37.9822597],[-122.3576385,37.982133],[-122.3578538,37.9796447],[-122.3578643,37.9795365],[-122.3579511,37.978646],[-122.3584028,37.9735731],[-122.3587382,37.9701723],[-122.3587787,37.9696856],[-122.3589307,37.9676425],[-122.3589773,37.966961],[-122.359003,37.9667445],[-122.359124,37.9655275],[-122.359134,37.9653986],[-122.3592434,37.9640446],[-122.3594946,37.9612152],[-122.3595084,37.9610487],[-122.3597315,37.9587116],[-122.3597327,37.9587011],[-122.3597387,37.9586458],[-122.3597454,37.9585839],[-122.3597477,37.958563],[-122.3599268,37.956559],[-122.3599739,37.9559864],[-122.3600629,37.9550008],[-122.3600863,37.9547354],[-122.3600893,37.9546976],[-122.3601734,37.9536457],[-122.360194,37.9531397],[-122.3602011,37.9524499],[-122.3601781,37.9515486],[-122.3601286,37.9507855],[-122.3600959,37.9504177],[-122.3600531,37.9500074],[-122.3599941,37.9495689],[-122.3599284,37.9491411],[-122.3598531,37.9487083],[-122.3597566,37.9482648],[-122.3596562,37.9477927],[-122.3595535,37.9473459],[-122.3594473,37.9469487],[-122.3593231,37.9465189],[-122.3591999,37.9461215],[-122.3590573,37.945673],[-122.3589058,37.945244],[-122.3587573,37.9448546],[-122.3586059,37.9444917],[-122.3584176,37.9440374],[-122.3582411,37.9436276],[-122.3580271,37.9431658],[-122.3578116,37.9427453],[-122.3575753,37.9422874],[-122.35734,37.9418544],[-122.3571183,37.9414631],[-122.3568823,37.9410705],[-122.3564777,37.940429],[-122.3561467,37.9399307],[-122.3558384,37.939493],[-122.3554664,37.9389969],[-122.355142,37.9385705],[-122.3550364,37.9384369],[-122.3549285,37.9383043],[-122.3547553,37.938094],[-122.3546943,37.9380199],[-122.3543598,37.9376131],[-122.3540412,37.9372505],[-122.3537224,37.9368926],[-122.3535031,37.9366553],[-122.3533858,37.9365283],[-122.3530599,37.9361883],[-122.3527234,37.9358512],[-122.3526887,37.9358169],[-122.3524363,37.9355829],[-122.3520222,37.9352015],[-122.3516705,37.9348916],[-122.3512609,37.9345476],[-122.3508723,37.9342321],[-122.3504772,37.9339273],[-122.35006,37.933608],[-122.349613,37.9332755],[-122.3483569,37.9323519],[-122.3475944,37.931789],[-122.346757,37.9311793],[-122.3457871,37.9304646],[-122.3449813,37.9298889],[-122.3444234,37.9294894],[-122.3440249,37.9292002],[-122.3428097,37.9282979],[-122.3427465,37.928252],[-122.3413647,37.9272483],[-122.338902,37.9254119],[-122.3387537,37.9253014],[-122.3386799,37.9252463],[-122.338518,37.9251344],[-122.3384328,37.9250706],[-122.3382078,37.9249024],[-122.3347846,37.9223941],[-122.333231,37.9212566],[-122.3303671,37.9191465],[-122.3290281,37.9181444],[-122.327466,37.9168444],[-122.3263931,37.9158151],[-122.3253031,37.9146428],[-122.3246656,37.9138974],[-122.3243492,37.9135023],[-122.323905,37.9129531],[-122.3231289,37.9119924],[-122.3230737,37.9119242],[-122.3230314,37.9118713],[-122.3217522,37.9102883],[-122.3202973,37.9084975],[-122.319847,37.9079396],[-122.3196222,37.9076659],[-122.319149,37.9070729],[-122.3175555,37.9050968],[-122.3173205,37.9048109],[-122.3167047,37.9040352],[-122.3166012,37.9039082],[-122.3165075,37.9037908],[-122.3156618,37.902743],[-122.3150744,37.9020171],[-122.3137523,37.9003768],[-122.3133309,37.8998553],[-122.3117608,37.8979115],[-122.3113625,37.8974175],[-122.3113,37.8973415],[-122.3104209,37.8962494],[-122.3101285,37.8958745],[-122.3099765,37.8956695],[-122.3098367,37.8954699],[-122.3097176,37.8952898],[-122.3095989,37.8951041],[-122.3094782,37.8949026],[-122.3093598,37.8946935],[-122.3092417,37.8944747],[-122.3091255,37.8942402],[-122.3090152,37.8940008],[-122.3089139,37.8937627],[-122.3088255,37.8935422],[-122.3087423,37.8933073],[-122.3086639,37.8930719],[-122.3085972,37.8928508],[-122.3085403,37.8926479],[-122.3084902,37.8924566],[-122.3084385,37.8922551],[-122.308331,37.8918308],[-122.3082302,37.8914341],[-122.3078845,37.8900645],[-122.3077439,37.8895123],[-122.3075988,37.8889376],[-122.3073926,37.888124],[-122.3072156,37.8874252],[-122.3070891,37.8869246],[-122.3068143,37.8858365],[-122.3066177,37.8850579],[-122.3065094,37.8846396],[-122.3063732,37.8841398],[-122.3063372,37.8840151],[-122.3062856,37.8838297],[-122.3062328,37.8836498],[-122.3061815,37.8834783],[-122.3061315,37.8833103],[-122.305994,37.8828721],[-122.3058066,37.8822881],[-122.3056569,37.8818237],[-122.3052037,37.880417],[-122.3047304,37.8789463],[-122.304675,37.8787784],[-122.3046554,37.8787187],[-122.3046356,37.8786569],[-122.3046247,37.8786231],[-122.3040896,37.8769584],[-122.3036461,37.8755802],[-122.3029556,37.8734302],[-122.3023899,37.871671],[-122.3014181,37.8686512],[-122.3011652,37.8678629],[-122.3007441,37.8665488],[-122.3005825,37.8660476],[-122.2995499,37.8628408],[-122.2989852,37.8610846],[-122.2987999,37.8605113],[-122.2984103,37.8592969],[-122.2978534,37.8575686],[-122.2975765,37.8567075],[-122.2971138,37.8552697],[-122.2968354,37.8544024],[-122.2963929,37.8530237],[-122.2962494,37.8525821],[-122.2961112,37.8521527],[-122.2959856,37.8517792],[-122.2959215,37.8515805],[-122.2958695,37.8514196],[-122.2955188,37.8503323],[-122.295495,37.8502616],[-122.2953361,37.8498152],[-122.295234,37.8495604],[-122.2951788,37.8494222],[-122.2951641,37.8493785],[-122.2951202,37.8492522],[-122.2950658,37.8491027],[-122.2949598,37.8487618],[-122.2948783,37.8485059],[-122.2948159,37.8483098],[-122.2944848,37.8472788],[-122.2944177,37.8470738],[-122.2942268,37.8464977],[-122.294148,37.8462538],[-122.2939623,37.845682],[-122.2939306,37.8455912],[-122.2939051,37.8455214],[-122.293881,37.8454581],[-122.2938509,37.8453861],[-122.2938167,37.8453078],[-122.2936948,37.8450161],[-122.2936584,37.8449274],[-122.2936388,37.8448723],[-122.2936106,37.8447871],[-122.2935617,37.8446342],[-122.2933727,37.844049],[-122.2931149,37.8432491],[-122.293069,37.843109],[-122.2930213,37.842968],[-122.292707,37.8420774],[-122.2925263,37.8415619],[-122.2923392,37.8410331],[-122.2923108,37.8409493],[-122.2922837,37.8408619],[-122.2922529,37.8407603],[-122.2922456,37.8407359],[-122.2922376,37.840709],[-122.2922254,37.8406656],[-122.2921745,37.840498],[-122.2921585,37.8404455],[-122.2921427,37.8403934],[-122.2921273,37.8403413],[-122.292116,37.8403017],[-122.2921055,37.8402617],[-122.2920902,37.8401972],[-122.2920871,37.8401843],[-122.2920734,37.8401152],[-122.2920623,37.8400479],[-122.2920536,37.839979],[-122.2920476,37.8399099],[-122.2920421,37.8398284],[-122.292037,37.839722],[-122.2920249,37.8396091],[-122.2920156,37.8395334],[-122.2920061,37.8394628],[-122.2919915,37.8393869],[-122.2919742,37.8393027],[-122.2919181,37.8390788],[-122.291776,37.8385855],[-122.2917409,37.8384652],[-122.2917048,37.8383303],[-122.2916762,37.83822],[-122.2916443,37.8380883],[-122.2916131,37.8379563],[-122.2915825,37.8378213],[-122.2915543,37.837686],[-122.2915266,37.8375484],[-122.2915007,37.837414],[-122.2914591,37.8371812],[-122.2914345,37.8370438],[-122.2913682,37.8366889],[-122.2911854,37.8357144],[-122.2911019,37.8351349],[-122.2910389,37.834583],[-122.290992,37.8340725],[-122.2909665,37.8337092],[-122.2908927,37.8322348],[-122.2908927,37.831898],[-122.2909025,37.8314389],[-122.2909102,37.8311582],[-122.290925,37.8309102],[-122.2909487,37.8306828],[-122.2909718,37.8303422],[-122.2909811,37.8300675],[-122.2910298,37.8291705],[-122.2910926,37.8284078],[-122.2911679,37.8277888],[-122.2911859,37.8276428],[-122.2912375,37.8272566],[-122.2913146,37.8266979],[-122.2914635,37.8259193],[-122.2915319,37.8256153],[-122.2915735,37.8254348],[-122.2916245,37.825218],[-122.2917095,37.8249233],[-122.2919189,37.8242208],[-122.2919572,37.8240949],[-122.2921914,37.8233222],[-122.2922762,37.8230689],[-122.2923744,37.822826],[-122.2924814,37.8225923],[-122.2925672,37.8224192],[-122.292696,37.8221887],[-122.2928467,37.8219275],[-122.2931269,37.8215441],[-122.2936996,37.8208851],[-122.2939947,37.8205885],[-122.2942682,37.820348],[-122.2947161,37.8199762],[-122.2953049,37.8195323],[-122.2956952,37.8192166],[-122.2965293,37.81851],[-122.2967949,37.8183114],[-122.2971623,37.8180353],[-122.2975915,37.817718],[-122.2979375,37.8174622],[-122.298834,37.8167281],[-122.2989925,37.8165952],[-122.2995934,37.8160918],[-122.3001922,37.8155903],[-122.3010193,37.8148938],[-122.3017995,37.8142451],[-122.3020616,37.8140257],[-122.3023051,37.8138218],[-122.3029302,37.8132989],[-122.3029878,37.8132508],[-122.3033404,37.8129548],[-122.3034753,37.8128389],[-122.3036052,37.8127256],[-122.3037385,37.8126025],[-122.3038526,37.8124916],[-122.3039664,37.8123751],[-122.3040771,37.8122566],[-122.3041867,37.8121332],[-122.3043078,37.8119893],[-122.3044015,37.8118735],[-122.304503,37.8117385],[-122.304591,37.811616],[-122.3046722,37.8114965],[-122.3047498,37.8113774],[-122.3048194,37.8112651],[-122.3048845,37.8111538],[-122.3049494,37.811038],[-122.3050066,37.8109288],[-122.3050673,37.810808],[-122.3051278,37.8106801],[-122.3051804,37.8105581],[-122.305229,37.8104417],[-122.3052743,37.8103241],[-122.3053166,37.8102088],[-122.3053565,37.8100916],[-122.3053911,37.8099798],[-122.3054243,37.8098649],[-122.3054545,37.8097486],[-122.3054834,37.8096318],[-122.3055073,37.8095216],[-122.3055288,37.8094091],[-122.3055469,37.809303],[-122.3055632,37.8091953],[-122.3055773,37.8090862],[-122.3055899,37.8089686],[-122.3055994,37.8088531],[-122.3056064,37.808735],[-122.3056099,37.8086263],[-122.3056121,37.8085217],[-122.3056126,37.8084086],[-122.3056095,37.8083097],[-122.3056038,37.8082],[-122.305598,37.80812],[-122.3055905,37.8080345],[-122.305582,37.8079475],[-122.30557,37.8078492],[-122.3055521,37.8077243],[-122.30553,37.8075971],[-122.3055071,37.8074798],[-122.3054838,37.8073763],[-122.3054608,37.8072794],[-122.3053331,37.806924],[-122.3052216,37.8066189],[-122.3051357,37.8064425],[-122.3049641,37.8060967],[-122.3047924,37.8057848],[-122.3045006,37.8053779],[-122.3040972,37.8048693],[-122.3038225,37.8045573],[-122.3035393,37.8042725],[-122.3031118,37.8038937],[-122.3026381,37.8035468],[-122.3022175,37.8032824],[-122.3017712,37.8030314],[-122.3014381,37.8028629],[-122.300252,37.8022719],[-122.2998057,37.8020684],[-122.2994709,37.8019328],[-122.2991533,37.8018243],[-122.297429,37.8013266],[-122.2971028,37.8012385],[-122.2966893,37.8011374],[-122.2961767,37.801025],[-122.2945865,37.8006627],[-122.2924976,37.8001864],[-122.2923337,37.800149],[-122.2921503,37.8001064],[-122.2908917,37.7998167],[-122.2905913,37.7997489],[-122.2901526,37.7996499],[-122.2899061,37.7995943],[-122.2894497,37.7994912],[-122.2878809,37.7991458],[-122.2875254,37.7990624],[-122.2868303,37.7988995],[-122.2865842,37.7988419],[-122.2855173,37.7985867],[-122.2849422,37.7984307],[-122.2846744,37.7983511],[-122.2845168,37.7983043],[-122.2843967,37.7982672],[-122.2838951,37.798112],[-122.2829713,37.7977758],[-122.2818673,37.7973408],[-122.2815744,37.7972285],[-122.281473,37.7971884],[-122.2812346,37.7970941],[-122.2808791,37.7969709],[-122.2805858,37.7968713],[-122.2802937,37.7967713],[-122.2801811,37.7967265],[-122.2793358,37.7963902],[-122.2791833,37.7963295],[-122.2790866,37.7962913],[-122.278128,37.795913],[-122.2780194,37.7958702],[-122.2779182,37.7958305],[-122.2769206,37.7954389],[-122.276841,37.7954076],[-122.2767389,37.7953683],[-122.2766646,37.7953393],[-122.2756606,37.7949481],[-122.2755493,37.7949047],[-122.2754528,37.7948668],[-122.2749611,37.7946734],[-122.2743701,37.7944412],[-122.2742751,37.7944035],[-122.2741351,37.7943488],[-122.274082,37.7943281],[-122.2736944,37.7941851],[-122.273482,37.7941126],[-122.2732803,37.794047],[-122.2732469,37.7940369],[-122.2731441,37.7940032],[-122.2730143,37.7939534],[-122.2728185,37.7938756],[-122.2722246,37.7936424],[-122.2716299,37.7934073],[-122.2710352,37.7931755],[-122.270438,37.792942],[-122.2702447,37.7928649],[-122.2700741,37.792804],[-122.2698772,37.7927413],[-122.2697074,37.7926934],[-122.2691733,37.792559],[-122.2686243,37.7924212],[-122.2685523,37.7924039],[-122.2684167,37.792368],[-122.2684065,37.7923654],[-122.2683482,37.7923504],[-122.2683258,37.7923446],[-122.2681898,37.7923051],[-122.2679978,37.7922473],[-122.2674557,37.7920768],[-122.2673461,37.7920507],[-122.2664616,37.7918372],[-122.2659895,37.7917206],[-122.2656469,37.7916458],[-122.2654994,37.7916157],[-122.2643123,37.7913553],[-122.2642305,37.7913419],[-122.2641283,37.7913232],[-122.2631887,37.7911588],[-122.2628917,37.7911062],[-122.2614238,37.7908526],[-122.2600404,37.7906116],[-122.2599738,37.7906008],[-122.2598891,37.790587],[-122.2583969,37.7903264],[-122.2569318,37.7900715],[-122.2558696,37.7898882],[-122.2547564,37.7896805],[-122.2538186,37.7894835],[-122.2526349,37.7891961],[-122.2517309,37.7889523],[-122.2510872,37.7887658],[-122.2504636,37.788574],[-122.2494149,37.7882221],[-122.2485203,37.7879179],[-122.2474203,37.7875056],[-122.2463474,37.7870774],[-122.2457171,37.7868103],[-122.245009,37.7864796],[-122.2443786,37.7861744],[-122.2435552,37.7857526],[-122.242536,37.7852057],[-122.2421792,37.7849979],[-122.2409427,37.7842433],[-122.2400469,37.7836518],[-122.2392315,37.7830964],[-122.238842,37.7828295],[-122.2384054,37.7825304],[-122.2374237,37.78185],[-122.2368202,37.7814366],[-122.2345835,37.7798996],[-122.2332274,37.7789702],[-122.2328388,37.7786973],[-122.2327231,37.7786161],[-122.2323087,37.7783294],[-122.231826,37.7780083],[-122.2310427,37.7774647],[-122.2309508,37.7774009],[-122.2308936,37.777362],[-122.2302703,37.7769377],[-122.2298921,37.7766688],[-122.2295495,37.7764403],[-122.2292296,37.7762253],[-122.22875,37.7758922],[-122.2272461,37.774848],[-122.225875,37.7739026],[-122.2253431,37.7735328],[-122.2232505,37.7720965],[-122.2204156,37.770143],[-122.2201041,37.7699279],[-122.2190442,37.7691958],[-122.2186619,37.7689339],[-122.2183265,37.7687019],[-122.2177857,37.7683355],[-122.2157993,37.766974],[-122.2141632,37.7658503],[-122.2133562,37.7652737],[-122.2128608,37.7649106],[-122.2124181,37.7645713],[-122.2119551,37.7642058],[-122.2114293,37.7637777],[-122.210832,37.7632705],[-122.2090758,37.7617419],[-122.2088568,37.7615515],[-122.2087407,37.7614502],[-122.2068161,37.7597707],[-122.2049707,37.7581613],[-122.2039032,37.7572123],[-122.2034941,37.7568476],[-122.202694,37.756144],[-122.2026451,37.7561004],[-122.2025918,37.7560529],[-122.2025557,37.7560228],[-122.202263,37.7557671],[-122.2021678,37.7556844],[-122.2014278,37.7550379],[-122.2013275,37.7549502],[-122.2012695,37.7548992],[-122.201126,37.7547782],[-122.2001293,37.7539147],[-122.1993354,37.7532297],[-122.1990537,37.7529858],[-122.1976077,37.7517175],[-122.1974868,37.7516111],[-122.1974189,37.7515513],[-122.1965097,37.7507516],[-122.1961664,37.750451],[-122.1951075,37.7495263],[-122.1949851,37.7494219],[-122.1948863,37.7493376],[-122.1944531,37.7489611],[-122.1940038,37.748572],[-122.193808,37.7484023],[-122.1935076,37.7481547],[-122.1925903,37.7473694],[-122.1916368,37.7465423],[-122.191213,37.7461753],[-122.1907637,37.7457772],[-122.1904043,37.7454733],[-122.1898665,37.7449919],[-122.1893032,37.7444998],[-122.1886837,37.7439579],[-122.1880815,37.7434298],[-122.1874619,37.7428953],[-122.1869094,37.7424117],[-122.186149,37.7417436],[-122.1854637,37.7411497],[-122.1847703,37.740541],[-122.1834158,37.7393585],[-122.1829357,37.7389417],[-122.1818762,37.7380238],[-122.1816222,37.7377981],[-122.18153,37.7377174],[-122.1811306,37.7373614],[-122.1805217,37.7368366],[-122.1804144,37.7367442],[-122.1796942,37.7361142],[-122.1793053,37.7357705],[-122.178734,37.735271],[-122.1780749,37.7347013],[-122.1774702,37.7341741],[-122.1773781,37.7340886],[-122.1773201,37.7340433],[-122.1772617,37.7339937],[-122.1746039,37.7316699],[-122.1740525,37.7311887],[-122.1731328,37.7303843],[-122.1711626,37.728665],[-122.1703397,37.7279453],[-122.1700199,37.7276663],[-122.168912,37.7266981],[-122.1666301,37.7247039],[-122.1660071,37.7241599],[-122.1644736,37.7228191],[-122.1644498,37.7227988],[-122.164404,37.7227588],[-122.16427,37.7226424],[-122.1642141,37.7225938],[-122.1641931,37.7225754],[-122.1630182,37.7215478],[-122.1622306,37.7208598],[-122.1620446,37.7206973],[-122.16193,37.7205971],[-122.161815,37.7204973],[-122.1616914,37.7203885],[-122.1615743,37.7202865],[-122.1598096,37.7187504],[-122.1590238,37.71806],[-122.158955,37.7179996],[-122.1588946,37.7179469],[-122.1581566,37.7173025],[-122.158088,37.7172426],[-122.158037,37.7171979],[-122.1563452,37.7157152],[-122.155709,37.715159],[-122.155669,37.7151238],[-122.155581,37.7150476],[-122.155538,37.7150105],[-122.1531971,37.7129631],[-122.1506489,37.7107347],[-122.1461881,37.7068325],[-122.144229,37.7051192],[-122.1425508,37.7036514],[-122.142536,37.7036397],[-122.142287,37.7034027],[-122.141908,37.7030833],[-122.141699,37.7029074],[-122.140703,37.7020355],[-122.1406309,37.7019725],[-122.140608,37.7019535],[-122.140503,37.7018609],[-122.140379,37.7017528],[-122.140294,37.701679],[-122.1402749,37.701661],[-122.1398997,37.7013333],[-122.1374591,37.6991972],[-122.1347307,37.6968106],[-122.1325145,37.6948728],[-122.1324183,37.6947881],[-122.1301981,37.6928467],[-122.1301587,37.6928122],[-122.1300878,37.6927503],[-122.12992,37.6926034],[-122.1298283,37.6925232],[-122.1298035,37.6925015],[-122.1284257,37.6912958],[-122.1275194,37.6905009],[-122.1263543,37.6894835],[-122.1232196,37.6867408],[-122.1230943,37.6866319],[-122.1223646,37.6859913],[-122.1220695,37.6857337],[-122.119778,37.6837288],[-122.1153263,37.679835],[-122.115247,37.6797656],[-122.1144276,37.6790486],[-122.1137559,37.6784608],[-122.1107167,37.6758013],[-122.1086828,37.6740285],[-122.1067835,37.6723609],[-122.1055444,37.6712829],[-122.1048319,37.6706618],[-122.1044883,37.6703606],[-122.1041584,37.6700655],[-122.1038455,37.6697918],[-122.0997244,37.6661841],[-122.0996362,37.6661072],[-122.0982782,37.6649193],[-122.0968848,37.6637003],[-122.0948576,37.6619273],[-122.0943775,37.6615065],[-122.0926945,37.6600342],[-122.0919596,37.6593906],[-122.0899098,37.6575965],[-122.0893442,37.6571021],[-122.089221,37.6569944],[-122.0885206,37.6563823],[-122.0884446,37.6563154],[-122.0881784,37.6560813],[-122.08766,37.6556268],[-122.0832339,37.6517524],[-122.0807851,37.6496147],[-122.0801615,37.6490637],[-122.0797302,37.6486863],[-122.0766804,37.6460142],[-122.0766524,37.6459907],[-122.0722466,37.6421315],[-122.0719879,37.6419041],[-122.0699572,37.6401246],[-122.0665353,37.6371274],[-122.0648603,37.635659],[-122.0637165,37.6346558],[-122.0634336,37.6344076],[-122.063354,37.6343378],[-122.063255,37.6342515],[-122.0631898,37.6341944],[-122.0630768,37.6340954],[-122.0608182,37.6321163],[-122.0598379,37.631255],[-122.0587677,37.6303264],[-122.0570076,37.6287875],[-122.0528936,37.6251659],[-122.0527801,37.6250663],[-122.0526807,37.624979],[-122.0525915,37.6249003],[-122.0524764,37.6247999],[-122.052437,37.6247652],[-122.0521867,37.6245463],[-122.0505355,37.6230965],[-122.04913,37.6218623],[-122.0410314,37.614758],[-122.0377085,37.6118416],[-122.034069,37.6086453],[-122.0339822,37.608569],[-122.03098,37.6059343],[-122.0309471,37.6059054],[-122.0285355,37.6037867],[-122.0245424,37.6002789],[-122.0242789,37.6000468],[-122.0239921,37.5997953],[-122.0237132,37.5995523],[-122.023437,37.5993128],[-122.0231703,37.5990814],[-122.0229028,37.5988512],[-122.022632,37.5986187],[-122.0223722,37.5983972],[-122.0213081,37.5974981],[-122.0208494,37.5971151],[-122.0193745,37.5958965],[-122.0190425,37.5956253],[-122.0189907,37.595583],[-122.0188444,37.5954643],[-122.0187595,37.5953954],[-122.0186339,37.5952928],[-122.0185906,37.595258],[-122.0175725,37.5944416],[-122.0162598,37.5934076],[-122.015532,37.5928424],[-122.0146744,37.5921895],[-122.0138,37.5915327],[-122.0130114,37.590961],[-122.0122684,37.5904254],[-122.0115711,37.5899451],[-122.010761,37.5893989],[-122.0099644,37.5888824],[-122.0093448,37.5884913],[-122.0090796,37.5883304],[-122.0087601,37.5881364],[-122.0078589,37.587588],[-122.0058714,37.58647],[-122.0051391,37.5860726],[-122.004313,37.5856411],[-122.0034467,37.5852032],[-122.0024462,37.5847101],[-122.0014618,37.5842446],[-122.0003353,37.5837409],[-121.9993107,37.5832924],[-121.9981949,37.582829],[-121.9970603,37.5823869],[-121.9958104,37.5819214],[-121.994539,37.5814686],[-121.9932569,37.5810393],[-121.9919298,37.5806185],[-121.9907771,37.5802959],[-121.9906654,37.5802646],[-121.9905894,37.5802423],[-121.9892417,37.5798468],[-121.9877101,37.5794471],[-121.9861357,37.5790751],[-121.9845129,37.5787287],[-121.9828889,37.5784115],[-121.982533,37.5783413],[-121.981599,37.5781774],[-121.9772807,37.5775014],[-121.9768998,37.5774334],[-121.9765028,37.5773271],[-121.976138,37.5771826],[-121.9757786,37.5769998],[-121.9754788,37.5767856],[-121.9735954,37.5751367],[-121.9733614,37.574934],[-121.9721866,37.5739175],[-121.9720295,37.5737816],[-121.970819,37.5727165],[-121.970719,37.5726306],[-121.9706383,37.5725611],[-121.9704095,37.572323],[-121.9703467,37.5722465],[-121.9702743,37.5721581],[-121.97023,37.572094],[-121.9701794,37.5720161],[-121.9701176,37.5718933],[-121.9700544,37.5717213],[-121.9700146,37.571511],[-121.9700066,37.5714253],[-121.9700115,37.5712701],[-121.9700197,37.5711537],[-121.9700481,37.5710333],[-121.9700904,37.5709183],[-121.9701767,37.5707339],[-121.9703288,37.5705263],[-121.9704953,37.5703505],[-121.9707472,37.5701767],[-121.9708923,37.5700954],[-121.9710408,37.5700224],[-121.9711914,37.5699623],[-121.9713507,37.5699064],[-121.9715183,37.5698547],[-121.9716723,37.5698121],[-121.9719192,37.5697418],[-121.9720406,37.5697072],[-121.9722641,37.5696462],[-121.9734706,37.5693102],[-121.9745776,37.5690019],[-121.9747081,37.5689645],[-121.9778833,37.5680872],[-121.9835857,37.5665112],[-121.9865261,37.5656967],[-121.9885421,37.5651384],[-121.9954428,37.5632242],[-121.9956969,37.5631537],[-121.9963192,37.5629815],[-122.0044618,37.560724],[-122.0047614,37.560638],[-122.0050455,37.5605362],[-122.0053147,37.560428],[-122.0055871,37.5603032],[-122.0058241,37.560182],[-122.0060763,37.5600368],[-122.0061436,37.5599946],[-122.0063135,37.5598881],[-122.0065407,37.5597263],[-122.0069052,37.5594161],[-122.007106,37.5592106],[-122.0072843,37.5590058],[-122.0074639,37.5587814],[-122.0075813,37.5586338],[-122.0076458,37.5585542],[-122.0084165,37.5575657],[-122.0109031,37.5543848],[-122.0109682,37.5543016],[-122.0110432,37.5542051],[-122.013604,37.5509102],[-122.0165355,37.5471775],[-122.0172924,37.5462127],[-122.0173334,37.5461605],[-122.01743,37.5460393],[-122.0174743,37.545985],[-122.0175516,37.5458902],[-122.0197621,37.5431809],[-122.0202784,37.5425504],[-122.0222356,37.5401497],[-122.0223077,37.5400613],[-122.0223783,37.539975],[-122.0252245,37.5364955],[-122.0267201,37.5346671],[-122.0282562,37.5327662],[-122.0297161,37.5309865],[-122.0297564,37.5309374],[-122.0298439,37.5308307],[-122.0298956,37.5307671],[-122.0301979,37.5303951],[-122.0304454,37.5300906],[-122.031004,37.5294034],[-122.0312062,37.5291549],[-122.0314008,37.5289151],[-122.0320222,37.5281555],[-122.0326421,37.5273944],[-122.0327477,37.5272657],[-122.0328194,37.5271783],[-122.0328915,37.5270861],[-122.0329006,37.5270745],[-122.033029,37.5268897],[-122.0331298,37.5266769],[-122.0331902,37.5264685],[-122.0332024,37.5262482],[-122.0331851,37.5260377],[-122.0331287,37.525827],[-122.0330105,37.525597],[-122.0328656,37.5253895],[-122.0326862,37.5252132],[-122.0323866,37.525009],[-122.03206,37.5248344],[-122.0315947,37.5246156],[-122.0311282,37.5244025],[-122.0308674,37.5242827],[-122.0307281,37.5242187],[-122.0303456,37.524043],[-122.0298016,37.5237936],[-122.0296761,37.5237325],[-122.0289753,37.5233858],[-122.0280819,37.5229688],[-122.0274656,37.5226825],[-122.0268926,37.5224327],[-122.0261873,37.5221072],[-122.0252837,37.5216858],[-122.0241046,37.5211326],[-122.0208884,37.5196374],[-122.0173003,37.5179834],[-122.0147301,37.5167856],[-122.0121185,37.5155756],[-122.0107216,37.5149317],[-122.0100885,37.5146349],[-122.0097135,37.5144395],[-122.0093897,37.5142564],[-122.0088567,37.513914],[-122.0083655,37.513565],[-122.0075129,37.5128119],[-122.0066469,37.5119933],[-122.0057882,37.5111728],[-122.0057834,37.5111685],[-122.0054636,37.510869],[-122.0053338,37.5107475],[-122.0043357,37.5098134],[-122.0039753,37.5094761],[-122.0035949,37.5091392],[-122.0032767,37.5088476],[-122.0029706,37.5085708],[-122.0024297,37.508056],[-122.0008585,37.506568],[-122.000695,37.5064131],[-121.997993,37.5038524],[-121.9943869,37.5004464],[-121.994272,37.5003379],[-121.9924502,37.4985979],[-121.9924396,37.4985872],[-121.9923761,37.4985275],[-121.9923142,37.4984687],[-121.9911515,37.4973626],[-121.990956,37.4971766],[-121.9902784,37.4965344],[-121.9891754,37.4954889],[-121.981952,37.4886368],[-121.9811748,37.4878995],[-121.9810942,37.4878222],[-121.9780052,37.4848593],[-121.9758319,37.4828365],[-121.975617,37.4826282],[-121.9754251,37.4824345],[-121.9752455,37.4822431],[-121.975067,37.4820444],[-121.9749086,37.4818504],[-121.9747528,37.4816493],[-121.9746014,37.4814418],[-121.9744814,37.4812584],[-121.9743641,37.4810778],[-121.9742325,37.4808511],[-121.9741188,37.4806425],[-121.9740141,37.4804267],[-121.9739135,37.4802063],[-121.9738142,37.4799685],[-121.9737338,37.4797402],[-121.9736585,37.4795116],[-121.9735957,37.4792952],[-121.97354,37.479065],[-121.9734924,37.478842],[-121.9734551,37.4786191],[-121.9734238,37.4783863],[-121.9734039,37.4781733],[-121.9733904,37.4779521],[-121.973385,37.47775],[-121.973385,37.4775062],[-121.9739638,37.4700236],[-121.9739679,37.4699709],[-121.9741434,37.4677184],[-121.974479,37.4633565],[-121.9745269,37.4627231],[-121.9746225,37.4614882],[-121.9746673,37.4607975],[-121.9747598,37.4596005],[-121.9749689,37.4570152],[-121.9751781,37.4542999],[-121.9753012,37.4527087],[-121.9756003,37.4486175],[-121.9762785,37.4396961],[-121.9763348,37.4392361],[-121.9764367,37.4387271],[-121.9765843,37.4382458],[-121.9767577,37.4377801],[-121.97707,37.4369416],[-121.9772133,37.4365285],[-121.9773483,37.4360893],[-121.9774513,37.4356093],[-121.9775173,37.4351566],[-121.977552,37.434635],[-121.9775432,37.4310142],[-121.9775437,37.4289559],[-121.9775428,37.4282428],[-121.9775429,37.4281872],[-121.9775398,37.4272707],[-121.9775391,37.4272025],[-121.9775396,37.4271598],[-121.9775463,37.4263311],[-121.9775217,37.4257115],[-121.977359,37.4235369],[-121.9773471,37.423409],[-121.9772442,37.4220426],[-121.9771888,37.4216605],[-121.9771345,37.421345],[-121.9770547,37.4210701],[-121.9769385,37.4207081],[-121.9767963,37.420382],[-121.9766199,37.4200649],[-121.9764407,37.4197886],[-121.9762417,37.419515],[-121.9760448,37.4192679],[-121.9758246,37.4190243],[-121.974654,37.4178399],[-121.9746,37.4177844],[-121.974297,37.4174722],[-121.9740308,37.4171844],[-121.9737518,37.4168414],[-121.9735651,37.4165644],[-121.9735122,37.4164829],[-121.9734515,37.4163996],[-121.9733681,37.4162801],[-121.971273,37.4131724],[-121.9691918,37.4101064],[-121.9675963,37.4077229],[-121.9675148,37.4076011],[-121.9674717,37.4075362],[-121.9661871,37.4056294],[-121.966007,37.4053646],[-121.9637676,37.4020714],[-121.9606723,37.3974881],[-121.9593312,37.3954978],[-121.9589432,37.3949203],[-121.9588724,37.3948149],[-121.9588306,37.3947528],[-121.9566401,37.3914934],[-121.9561369,37.3907469],[-121.9554787,37.3897702],[-121.9536312,37.387056],[-121.9531407,37.3862963],[-121.9530184,37.3861192],[-121.9526607,37.3855898],[-121.9520811,37.3847239],[-121.951497,37.3838551],[-121.9506064,37.3825387],[-121.9501465,37.3818456],[-121.9497644,37.3812932],[-121.9494414,37.3808111],[-121.9483951,37.3792636],[-121.9477591,37.3781395],[-121.9474888,37.3776513],[-121.9470336,37.3768297],[-121.9469043,37.376596],[-121.9468121,37.3764276],[-121.9466708,37.3761683],[-121.9465357,37.3759089],[-121.9464504,37.3757329],[-121.9463702,37.375556],[-121.9463137,37.3754195],[-121.946235,37.3752106],[-121.9461912,37.3750969],[-121.9461514,37.3749831],[-121.9461146,37.3748694],[-121.9460459,37.3746419],[-121.9459954,37.3744703],[-121.9459118,37.374154],[-121.945834,37.3738006],[-121.9457644,37.3734886],[-121.9457028,37.3731458],[-121.9456485,37.3727953],[-121.9455767,37.3721933],[-121.9455547,37.371941],[-121.9455194,37.3712588],[-121.9455211,37.3710372],[-121.9455157,37.3706034],[-121.9455201,37.3703357],[-121.9455235,37.3699447],[-121.9455162,37.3694218],[-121.9455163,37.3692869],[-121.9455209,37.3688326],[-121.9455238,37.3683087],[-121.9455167,37.3674423],[-121.9455176,37.366508],[-121.9455191,37.364067],[-121.9455111,37.363882],[-121.9454929,37.3636861],[-121.9454778,37.3635141],[-121.945456,37.3633355],[-121.9454233,37.3631639],[-121.9453785,37.3629644],[-121.9453327,37.3627795],[-121.9452729,37.3625759],[-121.9452084,37.362391],[-121.9451302,37.3621677],[-121.9450511,37.3619719],[-121.9449635,37.3617782],[-121.9448738,37.3615787],[-121.9447799,37.3613915],[-121.9446656,37.3611865],[-121.9438896,37.359793],[-121.9430496,37.3582564],[-121.9423342,37.3569711],[-121.9421983,37.3567417],[-121.9420633,37.3565533],[-121.9418843,37.3563277],[-121.9416671,37.3560957],[-121.9414715,37.3559136],[-121.9412602,37.3557493],[-121.9411031,37.3556415],[-121.9410787,37.3556271],[-121.9407915,37.3554581],[-121.940626,37.3553691],[-121.9402572,37.3552053],[-121.9398095,37.355007],[-121.9397137,37.3549656],[-121.9391555,37.3547308],[-121.9386778,37.3545238],[-121.9384097,37.3544072],[-121.9381783,37.3543112],[-121.9374484,37.3540177],[-121.9371214,37.3538878],[-121.9367404,37.3537364],[-121.9363307,37.3535719],[-121.9357609,37.3533045],[-121.9354607,37.3531551],[-121.9352448,37.3530391],[-121.9344917,37.3526181],[-121.9342396,37.352477],[-121.9341601,37.3524325],[-121.9327519,37.3516482],[-121.9316062,37.3510401],[-121.9305151,37.3504793],[-121.9240605,37.3472107],[-121.9234748,37.3469031],[-121.9219195,37.3461096],[-121.9196224,37.3449476],[-121.9182742,37.3442655],[-121.9165272,37.3433888],[-121.9152529,37.3427429],[-121.9150315,37.3426342],[-121.9143749,37.3422984],[-121.9138818,37.3420503],[-121.9134653,37.3418392],[-121.9130229,37.34162],[-121.9128454,37.3415415],[-121.9125965,37.3414408],[-121.9124374,37.3413869],[-121.9123348,37.3413538],[-121.9122428,37.3413238],[-121.912034,37.3412624],[-121.9116488,37.3411494],[-121.9112635,37.3410324],[-121.9111479,37.3409924],[-121.9109917,37.3409332],[-121.9108408,37.3408711],[-121.9106873,37.3408005],[-121.9105333,37.3407264],[-121.9103862,37.340648],[-121.910254,37.3405732],[-121.9101149,37.3404886],[-121.9099788,37.3403999],[-121.9098507,37.3403089],[-121.9097251,37.3402149],[-121.909604,37.3401143],[-121.9094843,37.3400109],[-121.9089716,37.339547],[-121.9087591,37.3393399],[-121.9086045,37.3391653],[-121.9085116,37.3390502],[-121.9084253,37.3389317],[-121.908341,37.3388051],[-121.9082621,37.3386749],[-121.9081549,37.3384704],[-121.9080676,37.3382936],[-121.907819,37.3377871],[-121.9077465,37.337651],[-121.9076676,37.3375171],[-121.907567,37.3373674],[-121.9074582,37.3372224],[-121.9072989,37.3370376],[-121.9071246,37.336858],[-121.9069948,37.3367411],[-121.9067944,37.3365498],[-121.9066963,37.3364584],[-121.9059667,37.3357907],[-121.9057434,37.3355847],[-121.9047337,37.3346597],[-121.9046369,37.3345809],[-121.9045017,37.3344488],[-121.9044822,37.3344303],[-121.9044673,37.3344161],[-121.9043455,37.33429],[-121.9041576,37.334059],[-121.904064,37.3339442],[-121.9038499,37.3336851],[-121.9037536,37.3335564],[-121.9036953,37.3334753],[-121.9035965,37.3333234],[-121.9035106,37.333165],[-121.903461,37.3330491],[-121.9034205,37.3329277],[-121.9033806,37.3327645],[-121.9033672,37.3326962],[-121.9033409,37.3324328],[-121.9033175,37.3321125],[-121.9033086,37.3319982],[-121.9032946,37.3318404],[-121.9032887,37.3317766],[-121.903264,37.3314326],[-121.9031817,37.3309925],[-121.9031626,37.3309025],[-121.9031275,37.3307316],[-121.9031166,37.3306815],[-121.9031093,37.330643],[-121.9031001,37.3305846],[-121.9030926,37.3305233],[-121.9030845,37.3304509],[-121.9029833,37.3291379],[-121.9029497,37.3286842],[-121.9028481,37.3273621],[-121.9028483,37.327319],[-121.9028492,37.3272126],[-121.9028647,37.3269737],[-121.9028704,37.3268866],[-121.9028755,37.3267708],[-121.9028851,37.3266073],[-121.9028812,37.3264623],[-121.9028786,37.326421],[-121.9028606,37.3261919],[-121.9028556,37.326119],[-121.9028408,37.3259261],[-121.9028183,37.3256397],[-121.9028163,37.3256124],[-121.9027736,37.3250622],[-121.9027486,37.3247591],[-121.9027116,37.3243762],[-121.9026869,37.3241981],[-121.9026488,37.323983],[-121.9026211,37.3238644],[-121.9025726,37.3236949],[-121.9025166,37.3235249],[-121.9024649,37.3233937],[-121.9023979,37.3232411],[-121.902281,37.323015],[-121.9021611,37.3228169],[-121.9019766,37.3225596],[-121.9017957,37.3223414],[-121.9016361,37.3221676],[-121.901547,37.3220773],[-121.9014927,37.3220226],[-121.9014395,37.3219692],[-121.9013208,37.321867],[-121.9006856,37.3212626],[-121.8999066,37.320528],[-121.89968,37.3203153],[-121.899618,37.3202552],[-121.89954,37.3201837],[-121.8993086,37.3199716],[-121.8991284,37.3198111],[-121.8989536,37.3196649],[-121.8987891,37.319536],[-121.8986103,37.3193991],[-121.8984328,37.3192786],[-121.8982674,37.3191785],[-121.8981078,37.3190816],[-121.8978926,37.3189628],[-121.8977968,37.3189171],[-121.8976536,37.3188523],[-121.8974751,37.3187709],[-121.8973602,37.3187241],[-121.8972409,37.3186773],[-121.897032,37.3186008],[-121.8968514,37.3185386],[-121.8966088,37.3184656],[-121.896323,37.3183947],[-121.8960989,37.3183456],[-121.8958778,37.3183049],[-121.8956447,37.3182685],[-121.8954167,37.3182408],[-121.8951728,37.3182184],[-121.8949278,37.3182032],[-121.894694,37.3181905],[-121.8944024,37.318178],[-121.8942823,37.3181728],[-121.893145,37.3181283],[-121.8929819,37.3181214],[-121.8928149,37.3181151],[-121.8922531,37.3180937],[-121.891922,37.3180749],[-121.8916006,37.318047],[-121.8912935,37.3180165],[-121.8910494,37.3179861],[-121.890854,37.3179556],[-121.8906794,37.3179291],[-121.8905157,37.3178974],[-121.8903526,37.3178636],[-121.8901261,37.3178021],[-121.8899432,37.3177491],[-121.8898425,37.3177184],[-121.8897146,37.3176749],[-121.8895328,37.317605],[-121.8893563,37.3175296],[-121.8891944,37.317454],[-121.8890326,37.3173694],[-121.8888869,37.3172918],[-121.8887097,37.3171864],[-121.8884727,37.3170303],[-121.8883274,37.3169181],[-121.8881384,37.3167608],[-121.8879775,37.3166208],[-121.8878846,37.3165353],[-121.8877887,37.3164427],[-121.8876145,37.3162696],[-121.8875589,37.3162086],[-121.887447,37.3160858],[-121.8873594,37.3159861],[-121.8872388,37.3158445],[-121.8871089,37.3156868],[-121.8866742,37.3151508],[-121.8866608,37.3151336],[-121.8862806,37.3146621],[-121.885998,37.3143116],[-121.8838803,37.3116851],[-121.8835975,37.3113333],[-121.8829089,37.3104768],[-121.8828698,37.3104301],[-121.8827241,37.3102501],[-121.8826884,37.3102043],[-121.8815904,37.3088462],[-121.8809656,37.3080734],[-121.8807892,37.307852],[-121.8787439,37.3053159],[-121.8784675,37.3049705],[-121.877316,37.3035442],[-121.8767267,37.3028127],[-121.8757287,37.3015739],[-121.8741418,37.2995999],[-121.8736046,37.298945],[-121.8731525,37.2984478],[-121.8727852,37.2980604],[-121.8723126,37.2976086],[-121.8718852,37.2972203],[-121.8717821,37.2971339],[-121.871475,37.2968765],[-121.8710436,37.2965306],[-121.8706204,37.2962163],[-121.8702894,37.2959776],[-121.8699359,37.2957401],[-121.8695624,37.295495],[-121.8691209,37.2952266],[-121.8686516,37.294954],[-121.8680829,37.2946484],[-121.8674953,37.2943534],[-121.866989,37.2941225],[-121.866454,37.2938895],[-121.8660095,37.2937101],[-121.865488,37.2935148],[-121.8648195,37.2932816],[-121.8638387,37.292956],[-121.8582947,37.2911157],[-121.8544601,37.2898412],[-121.8544499,37.2898377],[-121.8528933,37.2893204],[-121.8524039,37.2891564],[-121.851205,37.28876],[-121.8509175,37.2886639],[-121.8483822,37.2878161],[-121.8471218,37.2873946],[-121.8465929,37.2871937],[-121.8461285,37.2869995],[-121.8456642,37.2867832],[-121.8451542,37.286518],[-121.8446859,37.2862543],[-121.8443159,37.2860118],[-121.8439511,37.2857656],[-121.8435973,37.2855022],[-121.8432424,37.285217],[-121.8429927,37.2850071],[-121.8427429,37.2847816],[-121.8405635,37.2826462],[-121.8395655,37.2816722],[-121.8374509,37.2795945],[-121.836068,37.2782378],[-121.8321851,37.2744422],[-121.8315342,37.2738639],[-121.8310198,37.2734487],[-121.8305885,37.2731185],[-121.8299641,37.2726724],[-121.829343,37.2722315],[-121.82929,37.272193],[-121.82924,37.2721578],[-121.829183,37.2721181],[-121.822504,37.26741],[-121.822375,37.2673191],[-121.822349,37.2673006],[-121.822301,37.2672657],[-121.822203,37.2672001],[-121.822145,37.2671619],[-121.82208,37.2671151],[-121.8220682,37.2671059],[-121.8207674,37.2662666],[-121.8105108,37.2600819],[-121.8104518,37.2600465],[-121.8103265,37.2599712],[-121.8102585,37.2599303],[-121.7937679,37.2500672],[-121.7702986,37.2360222],[-121.7691401,37.2353422],[-121.7681613,37.2347961],[-121.7672362,37.2343043],[-121.7662261,37.233787],[-121.7638882,37.2326274],[-121.7625998,37.23199],[-121.7594442,37.2304288],[-121.7550134,37.2282254],[-121.7536173,37.227499],[-121.7525724,37.2269418],[-121.7516138,37.226375],[-121.7503795,37.225543],[-121.749065,37.2245316],[-121.7487174,37.2242301],[-121.7479529,37.2235946],[-121.7474004,37.2230989],[-121.7466802,37.2224124],[-121.746612,37.2223474],[-121.7463281,37.2220768],[-121.7454853,37.2212197],[-121.7435364,37.2192156],[-121.7423536,37.2181024],[-121.7395862,37.2157314],[-121.7391158,37.2153284],[-121.738865,37.2151394],[-121.7383133,37.2146978],[-121.7382076,37.2146071],[-121.7344386,37.2113722],[-121.7334513,37.210507],[-121.7324015,37.2095366],[-121.7308014,37.207977],[-121.7298316,37.2070251],[-121.7291076,37.2063227],[-121.7279349,37.2051777],[-121.7237475,37.2010992],[-121.7220565,37.1994409],[-121.7215738,37.1989706],[-121.7212657,37.1986643],[-121.7195225,37.1969674],[-121.7189217,37.1964],[-121.7156532,37.1931877],[-121.7146528,37.1922171],[-121.7130298,37.1906241],[-121.7115502,37.1891853],[-121.7110443,37.1886909],[-121.7110338,37.1886806],[-121.7107105,37.1883663],[-121.7084944,37.1862012],[-121.7060209,37.1837843],[-121.7058775,37.1836443],[-121.7052583,37.1830399],[-121.7030593,37.1808898],[-121.7022681,37.1801015],[-121.7016038,37.1794741],[-121.6999014,37.1778052],[-121.6985896,37.176522],[-121.697684,37.1756403],[-121.6953628,37.1733706],[-121.6949468,37.1729678],[-121.6936457,37.1716959],[-121.6931279,37.1711907],[-121.6907118,37.168831],[-121.6892519,37.1674028],[-121.6891155,37.1672737],[-121.6878988,37.1660766],[-121.6868998,37.1651104],[-121.6861003,37.16433],[-121.685078,37.1633305],[-121.6842111,37.1624768],[-121.6839175,37.1621894],[-121.6819004,37.1602331],[-121.6801667,37.1585367],[-121.6765835,37.1550346],[-121.6765165,37.1549691],[-121.676445,37.1549002],[-121.6733521,37.1518982],[-121.6718436,37.1504086],[-121.667691,37.1463557],[-121.6656978,37.1444124],[-121.6627078,37.1414971],[-121.6624845,37.1412774],[-121.6548349,37.1337998],[-121.6527386,37.1317498],[-121.6511066,37.1301559],[-121.6501403,37.1292162],[-121.650004,37.1290835],[-121.647269,37.1264234],[-121.6471581,37.1263158],[-121.6436736,37.1229137],[-121.643515,37.1227593],[-121.6432745,37.1225203],[-121.642275,37.121543],[-121.6361915,37.1155943],[-121.6361012,37.1155014],[-121.6347837,37.1142314],[-121.6213406,37.1011102],[-121.6211585,37.1009324],[-121.6202035,37.1000012],[-121.6201219,37.0999207],[-121.6194419,37.0992494],[-121.6189445,37.0987634],[-121.6182878,37.0981252],[-121.6173716,37.0972264],[-121.6169185,37.0967438],[-121.6164443,37.0961018],[-121.616276,37.0958197],[-121.6160589,37.0954565],[-121.6152938,37.0942099],[-121.6136887,37.0914851],[-121.6123412,37.0891504],[-121.6119464,37.0884862],[-121.6109164,37.0867129],[-121.6108297,37.0865681],[-121.610143,37.0854207],[-121.610037,37.0852426],[-121.6099862,37.0851519],[-121.6099135,37.085022],[-121.6095226,37.0843349],[-121.6070383,37.0801003],[-121.6051897,37.0769588],[-121.604732,37.0761824],[-121.6037859,37.0745735],[-121.6029876,37.0732136],[-121.6016269,37.0708979],[-121.6006675,37.069276],[-121.6004188,37.0688482],[-121.6001498,37.0683835],[-121.599937,37.0680014],[-121.5998895,37.0679146],[-121.599856,37.0678546],[-121.5983212,37.0650704],[-121.5971849,37.0630055],[-121.5965259,37.0618062],[-121.5950753,37.0591783],[-121.5945735,37.0582661],[-121.59347,37.0562596],[-121.5930283,37.0554493],[-121.5926909,37.0548307],[-121.5923929,37.0542571],[-121.5913013,37.0521314],[-121.590431,37.0504279],[-121.5901461,37.0498808],[-121.5900407,37.0496752],[-121.5893451,37.0483173],[-121.588166,37.0460155],[-121.587335,37.0443946],[-121.5866824,37.0431231],[-121.585872,37.0415373],[-121.585777,37.0413515],[-121.584633,37.0391299],[-121.5833291,37.0365759],[-121.5831702,37.0362677],[-121.582359,37.0346926],[-121.582319,37.0346197],[-121.5808219,37.0316844],[-121.5798567,37.029795],[-121.5798019,37.029689],[-121.5797686,37.0296203],[-121.579464,37.0290532],[-121.5790001,37.0281475],[-121.5788145,37.0277847],[-121.5781917,37.0265556],[-121.5774189,37.0250413],[-121.5763054,37.0228964],[-121.5755372,37.0213819],[-121.5746984,37.019728],[-121.5746247,37.0195837],[-121.5745901,37.0195159],[-121.574518,37.0193756],[-121.5744732,37.0192845],[-121.5744443,37.0192316],[-121.5740179,37.018452],[-121.5738234,37.0181472],[-121.5733185,37.0174084],[-121.5731866,37.0172162],[-121.5728712,37.0167651],[-121.5720269,37.0155476],[-121.5715265,37.0148238],[-121.5711536,37.0142718],[-121.5708751,37.0137692],[-121.570532,37.0130302],[-121.5705046,37.0129712],[-121.5701907,37.0122831],[-121.5699174,37.011672],[-121.5696844,37.011175],[-121.5694113,37.0105811],[-121.5692405,37.0101904],[-121.5690858,37.009856],[-121.5690246,37.0097296],[-121.568809,37.009284],[-121.5686397,37.0089458],[-121.5684954,37.0086467],[-121.5683575,37.0083452],[-121.5682265,37.0080577],[-121.568107,37.0077932],[-121.5679854,37.0075257],[-121.5678465,37.0072202],[-121.5677746,37.0070707],[-121.5676757,37.0068772],[-121.5676043,37.0067487],[-121.5675402,37.0066343],[-121.5674552,37.0064951],[-121.567333,37.0063056],[-121.5671447,37.0060224],[-121.5669527,37.0057351],[-121.566909,37.0056673],[-121.5668694,37.0056048],[-121.5667862,37.0054709],[-121.5667094,37.0053425],[-121.5666214,37.0051852],[-121.5665507,37.005046],[-121.566417,37.0047683],[-121.5662569,37.0044158],[-121.5660454,37.003948],[-121.5659758,37.0037913],[-121.5659133,37.0036429],[-121.5658698,37.0035354],[-121.5658223,37.0034085],[-121.565783,37.0032971],[-121.5657356,37.0031501],[-121.5656639,37.0029146],[-121.5655992,37.0026726],[-121.5655489,37.002486],[-121.5655063,37.002328],[-121.5654596,37.0021649],[-121.5654016,37.0019718],[-121.5653516,37.0018257],[-121.5652921,37.0016615],[-121.5652209,37.0014843],[-121.5651526,37.0013248],[-121.5650456,37.0010884],[-121.564816,37.0005861],[-121.5646953,37.0003181],[-121.5646111,37.0001331],[-121.5645091,36.9999111],[-121.564414,36.9997052],[-121.5642222,36.9992962],[-121.5640704,36.9989794],[-121.5638271,36.9984741],[-121.5635805,36.9979717],[-121.5633341,36.9974849],[-121.5630357,36.9969112],[-121.5627936,36.9964606],[-121.5625358,36.9959964],[-121.5622626,36.9955178],[-121.5621039,36.9952437],[-121.5619447,36.9949736],[-121.5616967,36.9945655],[-121.5614096,36.9941015],[-121.5610226,36.9934979],[-121.5606634,36.9929578],[-121.560319,36.9924532],[-121.5599988,36.9919986],[-121.559788,36.9917067],[-121.5596535,36.9915186],[-121.5595531,36.9913836],[-121.5594671,36.9912655],[-121.5593796,36.991148],[-121.5593004,36.991039],[-121.5592252,36.990934],[-121.5591595,36.9908384],[-121.5590888,36.9907351],[-121.5587933,36.9902987],[-121.5586095,36.9900348],[-121.5584171,36.9897686],[-121.5582967,36.9896135],[-121.5580206,36.989272],[-121.5578728,36.9890951],[-121.5576398,36.9888163],[-121.5574794,36.9886282],[-121.5572981,36.9884179],[-121.5571274,36.9882206],[-121.5567636,36.9878095],[-121.5565763,36.9876018],[-121.5563855,36.9873924],[-121.5562024,36.9871936],[-121.5560275,36.9870052],[-121.5558323,36.9867989],[-121.5553297,36.9862762],[-121.5550142,36.985955],[-121.5545239,36.9854691],[-121.5542623,36.9852132],[-121.5539722,36.9849364],[-121.5537011,36.9846816],[-121.5534098,36.9844112],[-121.5531444,36.98417],[-121.5528751,36.9839284],[-121.5525783,36.9836679],[-121.5523371,36.9834595],[-121.5520559,36.9832206],[-121.5514373,36.9826993],[-121.5499443,36.9814381],[-121.5454265,36.9776229],[-121.5447894,36.9770849],[-121.5443449,36.9767134],[-121.5439625,36.9763828],[-121.5437173,36.9761536],[-121.5435497,36.9759928],[-121.5432056,36.9755831],[-121.5430009,36.9752776],[-121.5427096,36.9747664],[-121.542596,36.9745184],[-121.5424262,36.9740628],[-121.5423857,36.9739083],[-121.5422867,36.973397],[-121.5422586,36.9730673],[-121.5422519,36.9727214],[-121.5422935,36.9722317],[-121.5423677,36.9717581],[-121.5427765,36.9696066],[-121.5427962,36.9695001],[-121.542839,36.9692754],[-121.5429019,36.9689744],[-121.5430425,36.9682178],[-121.5441054,36.962691],[-121.5462858,36.9512353],[-121.5478648,36.9429379],[-121.548764,36.9381925],[-121.5490507,36.9365926],[-121.5491043,36.9361879],[-121.5491326,36.9357037],[-121.5491407,36.9352021],[-121.5491097,36.9347592],[-121.5490425,36.934301],[-121.5489264,36.9336939],[-121.5485027,36.9318183],[-121.5484597,36.9316291],[-121.5482934,36.9308923],[-121.5482133,36.9305198],[-121.5481577,36.9302629],[-121.5481193,36.9299828],[-121.548106,36.9298859],[-121.5480856,36.9296252],[-121.5480756,36.9294623],[-121.5480676,36.9292828],[-121.5480643,36.9291192],[-121.5480578,36.9287727],[-121.5480422,36.9282393],[-121.5479925,36.9275983],[-121.547992,36.9275622],[-121.5479077,36.9219621],[-121.5479138,36.9212626],[-121.5480077,36.9205784],[-121.5481231,36.9201559],[-121.5484516,36.9193828],[-121.5489848,36.9186166],[-121.5494199,36.9181458],[-121.5497416,36.9178569],[-121.5499705,36.917676],[-121.5501817,36.9175281],[-121.5504946,36.9173213],[-121.5508795,36.9171048],[-121.5509716,36.9170592],[-121.5520404,36.9165417],[-121.5531641,36.916],[-121.5537276,36.9157207],[-121.5541819,36.915457],[-121.5547239,36.915108],[-121.5552388,36.9147433],[-121.5556283,36.9144451],[-121.5559908,36.9141391],[-121.5563483,36.9138252],[-121.5566764,36.9135054],[-121.5572094,36.9129587],[-121.5576982,36.9123903],[-121.5581068,36.9118499],[-121.558472,36.9113242],[-121.5590514,36.9103543],[-121.5591838,36.9100749],[-121.5592308,36.9099598],[-121.5592884,36.9098099],[-121.559338,36.9096465],[-121.5593786,36.9094772],[-121.5594042,36.9093023],[-121.5594264,36.908913],[-121.5594266,36.9079908],[-121.5594504,36.9076392],[-121.5595221,36.9071903],[-121.5596265,36.9067903],[-121.5597584,36.9063869],[-121.5598993,36.9060571],[-121.5604362,36.9049406],[-121.5605535,36.9045628],[-121.5606305,36.9041994],[-121.5606633,36.9037791],[-121.5606585,36.9030685],[-121.560659,36.9024834],[-121.5607427,36.9016397],[-121.560779,36.9013512],[-121.5607961,36.9010537],[-121.5607849,36.900749],[-121.5607749,36.9005423],[-121.5607281,36.9001855],[-121.5607196,36.8997414],[-121.5607275,36.89966],[-121.5607616,36.8994677],[-121.5607865,36.899368],[-121.5608592,36.899161],[-121.5609117,36.8990481],[-121.5609555,36.8989593],[-121.5610053,36.8988761],[-121.5610595,36.8987955],[-121.5611203,36.8987086],[-121.5611855,36.8986282],[-121.5612532,36.8985479],[-121.5613878,36.8984117],[-121.5614802,36.8983279],[-121.5615547,36.8982686],[-121.5617033,36.8981566],[-121.5618006,36.8980959],[-121.561897,36.8980378],[-121.5619813,36.8979917],[-121.5620941,36.8979341],[-121.5621891,36.897891],[-121.5623509,36.8978283],[-121.5624808,36.8977823],[-121.5625743,36.8977535],[-121.5626615,36.8977303],[-121.5627382,36.8977112],[-121.5628223,36.8976937],[-121.5628913,36.8976804],[-121.5630209,36.8976597],[-121.5631208,36.8976461],[-121.5632236,36.8976378],[-121.5633465,36.8976302],[-121.5634476,36.897627],[-121.5635767,36.8976257],[-121.5638806,36.8976392],[-121.5657367,36.8977484],[-121.5715166,36.8980883],[-121.5760913,36.8983706],[-121.5770637,36.8984956],[-121.5779393,36.8986721],[-121.5787363,36.898939],[-121.58034,36.8997791],[-121.5807311,36.8999948],[-121.5814697,36.9004023],[-121.5820546,36.9006389],[-121.5824528,36.9007654],[-121.5849549,36.9015144],[-121.5854343,36.9016579],[-121.5859731,36.9018005],[-121.585997,36.9018068],[-121.5865154,36.9019065],[-121.5871591,36.9019889],[-121.5875387,36.9019927],[-121.5879089,36.9019841],[-121.5886699,36.9019267],[-121.589262,36.9018844],[-121.5898456,36.9018791],[-121.5912724,36.9019863],[-121.5920847,36.9020302],[-121.5929085,36.9019884],[-121.593811,36.9018379],[-121.597436,36.9013385],[-121.5982069,36.90124],[-121.5985702,36.9012049],[-121.5986697,36.901197],[-121.5988172,36.9011884],[-121.599102,36.9011771],[-121.5993908,36.9011722],[-121.5999511,36.9011796],[-121.6003407,36.9012059],[-121.6007182,36.9012388],[-121.6011938,36.9013007],[-121.6016063,36.9013711],[-121.6018382,36.9014154],[-121.6020794,36.9014681],[-121.6025081,36.9015753],[-121.6027162,36.9016332],[-121.6029149,36.901693],[-121.6033117,36.9018201],[-121.6036922,36.9019491],[-121.6070638,36.9031109],[-121.6081408,36.903483],[-121.6097116,36.9040238],[-121.6101552,36.9041804],[-121.6106116,36.9043627],[-121.6109113,36.9044957],[-121.6113464,36.9047119],[-121.611641,36.9048723],[-121.6120355,36.9051061],[-121.6124733,36.9053937],[-121.6128285,36.9056447],[-121.6135124,36.9061273],[-121.613769,36.9063068],[-121.6162504,36.9080523],[-121.6173103,36.9087924],[-121.6177851,36.9090951],[-121.6182194,36.9093198],[-121.6186443,36.9094818],[-121.6192298,36.9096142],[-121.6201377,36.9096602],[-121.6211677,36.9096191],[-121.6217764,36.9095855],[-121.6233397,36.9095104],[-121.6235803,36.9095123],[-121.6238649,36.9095395],[-121.6241734,36.9095978],[-121.624555,36.909718],[-121.6248523,36.9098639],[-121.6250987,36.9100102],[-121.6255737,36.9103442],[-121.6259956,36.9106519],[-121.626294,36.9108526],[-121.6264724,36.9109514],[-121.6266258,36.9110304],[-121.626937,36.9111473],[-121.6272551,36.9112244],[-121.6275792,36.911265],[-121.6279486,36.9112632],[-121.6283088,36.9112192],[-121.6287937,36.9110728],[-121.6291216,36.9109026],[-121.6294331,36.9106885],[-121.6297294,36.9103823],[-121.629991,36.9100617],[-121.630196,36.9097913],[-121.6303916,36.9095191],[-121.6304762,36.9094111],[-121.6305871,36.9092695],[-121.6312125,36.9085196],[-121.6329321,36.9062118],[-121.6332275,36.9058105],[-121.6334895,36.9054074],[-121.6336942,36.9050684],[-121.6338437,36.904738],[-121.6340214,36.9043044],[-121.6341416,36.9039005],[-121.6341937,36.9036919],[-121.6342286,36.90348],[-121.6342668,36.9031986],[-121.6342915,36.902917],[-121.6343032,36.9026479],[-121.6343406,36.9018962],[-121.6343589,36.901261],[-121.6344159,36.9003996],[-121.6346399,36.898987],[-121.6347672,36.8984498],[-121.6350921,36.8973976],[-121.6355063,36.8963735],[-121.635901,36.895574],[-121.6359131,36.8955495],[-121.636046,36.895302],[-121.6361992,36.8950909],[-121.6364061,36.8948059],[-121.6367996,36.894341],[-121.6374454,36.8937848],[-121.6379091,36.8934669],[-121.6384264,36.893179],[-121.6388735,36.8929737],[-121.6392626,36.8928247],[-121.6396185,36.8927061],[-121.6400326,36.8925996],[-121.6406093,36.8924814],[-121.6412177,36.8923959],[-121.6436788,36.8920831],[-121.6509202,36.8911914],[-121.65174,36.8910856],[-121.6527946,36.8909873],[-121.6534255,36.8909633],[-121.6540572,36.8909725],[-121.654616,36.8910171],[-121.6556219,36.8911694],[-121.6619023,36.8923498],[-121.6739601,36.894616],[-121.6903136,36.8977089],[-121.6905301,36.8977498],[-121.7041605,36.9003277],[-121.705623,36.9006043],[-121.7084917,36.9011405],[-121.709688,36.9013226],[-121.7107601,36.9014252],[-121.7119757,36.9014827],[-121.7124444,36.9014884],[-121.7129316,36.9014811],[-121.7134429,36.901469],[-121.7139689,36.9014434],[-121.7141777,36.9014279],[-121.7145001,36.901404],[-121.7150402,36.9013392],[-121.716505,36.9010717],[-121.7165628,36.9010599],[-121.7178936,36.9007976],[-121.7203819,36.900315],[-121.7217867,36.9000492],[-121.7286986,36.8987057],[-121.7321396,36.8980403],[-121.7356685,36.8973566],[-121.7366185,36.8971723],[-121.7381613,36.896874],[-121.7399405,36.8965293],[-121.7404342,36.8964379],[-121.7414229,36.8961917],[-121.7419318,36.8960423],[-121.7424361,36.8958751],[-121.7429094,36.8956979],[-121.7433758,36.8955069],[-121.7438036,36.8953035],[-121.7441959,36.8950685],[-121.7446023,36.8947759],[-121.7449911,36.8944411],[-121.7453218,36.8941287],[-121.7456297,36.8937798],[-121.7459551,36.8933606],[-121.7462348,36.8929202],[-121.7463685,36.8926726],[-121.7464917,36.8924221],[-121.7466694,36.8919466],[-121.7467795,36.8916092],[-121.7468728,36.8911709],[-121.746884,36.8910995],[-121.7468967,36.8910281],[-121.7468988,36.8910189],[-121.7469743,36.890413],[-121.7470089,36.8897841],[-121.7470143,36.8893732],[-121.7470038,36.8891871],[-121.7469908,36.8890416],[-121.7469377,36.8886852],[-121.7468807,36.8882807],[-121.7468714,36.8881672],[-121.7468405,36.8877902],[-121.7467868,36.8871059],[-121.7467305,36.8864119],[-121.746686,36.885927],[-121.746496,36.883497],[-121.7464556,36.8829249],[-121.7464514,36.8823554],[-121.7464561,36.8821198],[-121.7465951,36.8808138],[-121.7466505,36.8803785],[-121.7467065,36.8798165],[-121.7467203,36.8794624],[-121.7467051,36.879129],[-121.7466693,36.8788981],[-121.7466188,36.8786609],[-121.7465151,36.8782609],[-121.746389,36.877864],[-121.7459209,36.8763567],[-121.7458719,36.8762041],[-121.7455421,36.8750498],[-121.7455057,36.8748891],[-121.7454814,36.8746949],[-121.745456,36.874359],[-121.7454811,36.8738936],[-121.7455327,36.87344],[-121.7458964,36.8709501],[-121.7460501,36.8700162],[-121.7461431,36.8696445],[-121.7462374,36.8693208],[-121.7464078,36.8688779],[-121.7465988,36.8684449],[-121.7468048,36.8680636],[-121.7470204,36.8676989],[-121.7474441,36.867118],[-121.7477717,36.8667407],[-121.7481184,36.8663737],[-121.7485051,36.8660152],[-121.7505303,36.8642922],[-121.7525675,36.8625637],[-121.7530508,36.8621264],[-121.75331,36.8618693],[-121.7534108,36.8617598],[-121.753554,36.8616043],[-121.7538484,36.8612617],[-121.7541314,36.8609054],[-121.7544274,36.860483],[-121.7547667,36.859923],[-121.7549614,36.8595515],[-121.7551317,36.8591749],[-121.7553777,36.8585598],[-121.7556953,36.8575458],[-121.75612,36.8562108],[-121.756707,36.8544082],[-121.7567654,36.8541952],[-121.7568228,36.8540076],[-121.7569074,36.8537493],[-121.7569895,36.8534857],[-121.757079,36.853097],[-121.75714,36.852692],[-121.7571651,36.8523847],[-121.75717,36.852076],[-121.757145,36.85169],[-121.757055,36.851212],[-121.75692,36.850782],[-121.756689,36.850273],[-121.755101,36.84754],[-121.754267,36.846145],[-121.753903,36.845639],[-121.753616,36.845313],[-121.75313,36.844823],[-121.752682,36.844474],[-121.752344,36.844228],[-121.751617,36.843796],[-121.751077,36.843537],[-121.750152,36.843192],[-121.749053,36.842843],[-121.746872,36.842191],[-121.746302,36.842007],[-121.745531,36.841703],[-121.745213,36.841561],[-121.745144,36.841528],[-121.744736,36.841329],[-121.744351,36.84113],[-121.7439141,36.840886],[-121.743889,36.840872],[-121.743831,36.84084],[-121.7436829,36.8407441],[-121.743008,36.840307],[-121.742404,36.839852],[-121.742295,36.839763],[-121.742248,36.839721],[-121.741797,36.839323],[-121.741295,36.838836],[-121.740588,36.838027],[-121.740118,36.837385],[-121.739812,36.836899],[-121.739618,36.836565],[-121.739287,36.835901],[-121.7390631,36.8353422],[-121.7389704,36.8350715],[-121.73888,36.8347803],[-121.7387786,36.8343939],[-121.738605,36.833483],[-121.738544,36.832837],[-121.738524,36.832346],[-121.738529,36.831831],[-121.738577,36.831254],[-121.738676,36.830578],[-121.738807,36.830056],[-121.739006,36.82938],[-121.739184,36.828927],[-121.739574,36.827834],[-121.7409171,36.8242363],[-121.7409699,36.824095],[-121.744511,36.814501],[-121.74488,36.813515],[-121.7449776,36.8132587],[-121.7450594,36.8130413],[-121.7450943,36.8129466],[-121.745279,36.812446],[-121.746163,36.810022],[-121.7466907,36.8086464],[-121.746722,36.8085647],[-121.7479286,36.8053122],[-121.7481275,36.8048082],[-121.7483768,36.8042537],[-121.7486402,36.8037634],[-121.7489238,36.8032968],[-121.7491432,36.8029784],[-121.749362,36.802678],[-121.75008,36.801725],[-121.7532011,36.7976541],[-121.753741,36.796908],[-121.754114,36.796289],[-121.754443,36.795509],[-121.754604,36.794949],[-121.75471,36.794222],[-121.754689,36.793408],[-121.7546004,36.7929167],[-121.7545078,36.7925064],[-121.7535523,36.7893653],[-121.7534419,36.7889935],[-121.7533849,36.7888017],[-121.753328,36.78861],[-121.751457,36.782602],[-121.751176,36.781715],[-121.750977,36.781051],[-121.750334,36.778864],[-121.747628,36.770069],[-121.7471556,36.7685489],[-121.7468644,36.7676025],[-121.7467727,36.7673075],[-121.7467112,36.7671031],[-121.7465041,36.7664302],[-121.7464078,36.7661229],[-121.7462739,36.765691],[-121.7460794,36.765068],[-121.7460754,36.7650552],[-121.7460554,36.7649917],[-121.745753,36.7640159],[-121.7451861,36.762157],[-121.7445406,36.7600712],[-121.7439162,36.7580201],[-121.7436838,36.7572633],[-121.7433412,36.7561587],[-121.7431503,36.7555499],[-121.742359,36.752978],[-121.7421893,36.7523949],[-121.7419688,36.751729],[-121.7418942,36.7514779],[-121.7414153,36.7499233],[-121.740767,36.747778],[-121.7405703,36.7471382],[-121.7403134,36.7463023],[-121.7403064,36.7462793],[-121.7399336,36.7450614],[-121.738421,36.7401964],[-121.738361,36.7400074],[-121.7382392,36.7395988],[-121.737818,36.738212],[-121.737256,36.736786],[-121.7364833,36.7351301],[-121.7360071,36.7342945],[-121.7354906,36.73346],[-121.734863,36.7325552],[-121.7345333,36.7321048],[-121.7341775,36.7316606],[-121.7337535,36.7311417],[-121.7332984,36.7306225],[-121.7328302,36.730109],[-121.7327448,36.7300205],[-121.7323439,36.7296051],[-121.7292966,36.7264681],[-121.7291323,36.726299],[-121.7280395,36.7251683],[-121.7266725,36.7237631],[-121.7264665,36.7235515],[-121.7252602,36.7223121],[-121.7237977,36.7207971],[-121.7217889,36.7187307],[-121.720815,36.717735],[-121.718591,36.7154357],[-121.7166511,36.7134393],[-121.7160714,36.7128503],[-121.714788,36.711498],[-121.711165,36.707765],[-121.7109378,36.7075539],[-121.707585,36.704094],[-121.707241,36.7037443],[-121.7071,36.703601],[-121.705495,36.701961],[-121.703832,36.700237],[-121.7029239,36.6993197],[-121.7019808,36.6984318],[-121.7010505,36.6976426],[-121.700031,36.6968267],[-121.6989104,36.6959962],[-121.6977499,36.6951949],[-121.6965013,36.6943995],[-121.6945934,36.6932987],[-121.694232,36.6931106],[-121.6936794,36.6928229],[-121.6927603,36.6923823],[-121.6921176,36.6920844],[-121.6912965,36.6917174],[-121.6904467,36.6913733],[-121.6886488,36.6906931],[-121.6881797,36.6905303],[-121.6881533,36.6905211],[-121.6870018,36.690122],[-121.686491,36.689945],[-121.6846209,36.6892804],[-121.6811797,36.688064],[-121.6810415,36.6880131],[-121.6790908,36.6873293],[-121.6764027,36.6863794],[-121.6738031,36.6854661],[-121.6696826,36.6840133],[-121.6664954,36.682888],[-121.6647689,36.6822817],[-121.6620718,36.6813205],[-121.6608595,36.680902],[-121.6604354,36.6807527],[-121.659613,36.6804629],[-121.656498,36.6793656],[-121.655015,36.6788271],[-121.65473,36.6787225],[-121.6536634,36.6783568],[-121.6533466,36.6782451],[-121.652446,36.6779277],[-121.6515557,36.677576],[-121.6512939,36.6774616],[-121.6508828,36.677269],[-121.6505176,36.6770678],[-121.6494666,36.6764413],[-121.6487665,36.6759417],[-121.648088,36.675396],[-121.6476412,36.6749598],[-121.6475295,36.6748491],[-121.6473549,36.6746648],[-121.6472319,36.6745309],[-121.646881,36.674123],[-121.6460585,36.6731722],[-121.645268,36.6722726],[-121.6444835,36.6713585],[-121.6437483,36.6705114],[-121.643664,36.6704142],[-121.6435972,36.670337],[-121.6414634,36.667869],[-121.6406919,36.6669756],[-121.640074,36.6663024],[-121.639336,36.665545],[-121.6383841,36.6646355],[-121.6373977,36.6637666],[-121.6363741,36.6629124],[-121.6361655,36.6627501],[-121.6356842,36.6623801],[-121.634922,36.6618195],[-121.634434,36.6614615],[-121.6340641,36.6611941],[-121.6335211,36.6607962],[-121.6331604,36.6605411],[-121.6322479,36.6598742],[-121.6321233,36.659783],[-121.6318799,36.6596047],[-121.6310356,36.6589822],[-121.6285865,36.6572078],[-121.6278667,36.6566803],[-121.6275656,36.65647],[-121.6265505,36.6557203],[-121.6254074,36.6548848],[-121.6246172,36.6543099],[-121.6195675,36.6506339],[-121.6183548,36.6497497],[-121.6180497,36.6495436],[-121.613375,36.6461282],[-121.6117667,36.6449512],[-121.6116694,36.6448749],[-121.610886,36.6443038],[-121.6091048,36.6430041],[-121.608654,36.6426752],[-121.6084096,36.6424976],[-121.6047,36.6397762],[-121.6028848,36.6384602],[-121.6027589,36.6383609],[-121.597935,36.6348464],[-121.5940306,36.6320122],[-121.5901165,36.6291707],[-121.587173,36.6270076],[-121.5869028,36.6268115],[-121.5862689,36.6263505],[-121.5854747,36.6257691],[-121.5844058,36.6249832],[-121.582256,36.6234164],[-121.5806966,36.6222919],[-121.5805834,36.6222095],[-121.5734689,36.6170131],[-121.5732002,36.6168127],[-121.5730296,36.6166905],[-121.5719509,36.6159137],[-121.570899,36.615109],[-121.5690677,36.6137852],[-121.5673657,36.6125406],[-121.5672476,36.6124647],[-121.563086,36.6094239],[-121.5629251,36.6093064],[-121.5628502,36.6092517],[-121.5627701,36.6091933],[-121.5626845,36.6091301],[-121.5611931,36.6080443],[-121.5595703,36.6068559],[-121.558318,36.6059465],[-121.5574759,36.605335],[-121.5528878,36.601936],[-121.5511656,36.6004716],[-121.5495155,36.5989038],[-121.5462435,36.5957363],[-121.543224,36.592965],[-121.5400067,36.5897008],[-121.5334839,36.5834187],[-121.5316176,36.5816098],[-121.5287351,36.5787862],[-121.5285137,36.5785808],[-121.521852,36.572186],[-121.520974,36.57125],[-121.5185915,36.5689757],[-121.513517,36.564056],[-121.513464,36.563999],[-121.512204,36.562815],[-121.510192,36.560874],[-121.5086597,36.5593918],[-121.5079,36.558657],[-121.507842,36.558599],[-121.507013,36.55778],[-121.505064,36.555927],[-121.503227,36.554254],[-121.502863,36.55393],[-121.501096,36.552427],[-121.500478,36.551893],[-121.497738,36.549566],[-121.495059,36.547352],[-121.490505,36.543615],[-121.490204,36.543356],[-121.490061,36.543233],[-121.4880267,36.5415626],[-121.487741,36.541328],[-121.484454,36.538628],[-121.481553,36.536221],[-121.481274,36.535989],[-121.4799,36.534849],[-121.478925,36.534031],[-121.477546,36.532883],[-121.476254,36.531816],[-121.475346,36.531075],[-121.473465,36.529516],[-121.472066,36.528357],[-121.470303,36.526884],[-121.468872,36.525711],[-121.46742,36.524501],[-121.4661385,36.5234639],[-121.466031,36.523361],[-121.465996,36.523333],[-121.46575,36.52312],[-121.4617657,36.5198555],[-121.4615819,36.5197049],[-121.4599285,36.5183265],[-121.4483531,36.5087498],[-121.4456235,36.5064879],[-121.4455277,36.5064088],[-121.4427798,36.504141],[-121.4421525,36.5036301],[-121.4420343,36.5035311],[-121.4399677,36.5018121],[-121.439897,36.501756],[-121.4367305,36.4991313],[-121.436565,36.4989899],[-121.433506,36.496456],[-121.4299632,36.4935189],[-121.4298992,36.4934669],[-121.4267655,36.4908723],[-121.4264935,36.4906567],[-121.424102,36.488644],[-121.421561,36.486538],[-121.418868,36.484322],[-121.418686,36.484181],[-121.417825,36.483518],[-121.417205,36.4830759],[-121.415719,36.4820161],[-121.4147466,36.4813696],[-121.4122987,36.4797848],[-121.410125,36.4783893],[-121.407224,36.4765206],[-121.403743,36.4742849],[-121.403609,36.4741989],[-121.398092,36.4706394],[-121.3977257,36.470403],[-121.3931314,36.467451],[-121.392249,36.4668815],[-121.391237,36.4662299],[-121.3898099,36.4653184],[-121.3896128,36.4651894],[-121.3887042,36.464595],[-121.38746,36.463778],[-121.3861086,36.4629305],[-121.38224,36.460405],[-121.379387,36.458569],[-121.3788135,36.4582164],[-121.375564,36.456115],[-121.374945,36.455717],[-121.372362,36.454046],[-121.3699379,36.4525077],[-121.369862,36.452447],[-121.3682808,36.4514212],[-121.365933,36.449898],[-121.36258,36.447748],[-121.361873,36.447282],[-121.3613324,36.4469473],[-121.359908,36.446014],[-121.351466,36.440587],[-121.348014,36.438353],[-121.3434971,36.4354514],[-121.340086,36.4332467],[-121.339108,36.4326227],[-121.3390053,36.4325572],[-121.3296049,36.4264868],[-121.3236074,36.4226207],[-121.3232007,36.422355],[-121.3224941,36.4218956],[-121.321671,36.4214141],[-121.3208525,36.4209852],[-121.3198001,36.4205015],[-121.3187728,36.4200842],[-121.3178788,36.4197662],[-121.316509,36.419321],[-121.3163553,36.4192696],[-121.311918,36.417786],[-121.308217,36.416568],[-121.306139,36.415895],[-121.303024,36.414857],[-121.300289,36.413956],[-121.299103,36.413628],[-121.2964818,36.4130754],[-121.289943,36.41171],[-121.286107,36.410903],[-121.2831091,36.4102903],[-121.2829753,36.410263],[-121.280197,36.409673],[-121.27818,36.409264],[-121.272263,36.408035],[-121.270864,36.407745],[-121.2684025,36.4072459],[-121.267572,36.407056],[-121.266604,36.406773],[-121.265864,36.406508],[-121.265044,36.406154],[-121.2648,36.406049],[-121.263691,36.405509],[-121.262141,36.404752],[-121.26132,36.404347],[-121.260727,36.403996],[-121.260481,36.403803],[-121.260179,36.403566],[-121.259833,36.403272],[-121.259443,36.402941],[-121.259128,36.402698],[-121.258862,36.402512],[-121.258073,36.402072],[-121.256397,36.401243],[-121.255649,36.400871],[-121.255202,36.400576],[-121.254896,36.400348],[-121.254382,36.399906],[-121.253912,36.399486],[-121.2537545,36.3993399],[-121.25343,36.398954],[-121.253207,36.398596],[-121.252992,36.398156],[-121.252188,36.396189],[-121.251954,36.395601],[-121.251687,36.395037],[-121.25144,36.394641],[-121.25104,36.394142],[-121.250331,36.393303],[-121.249852,36.39272],[-121.249497,36.392091],[-121.249263,36.3915],[-121.249132,36.390969],[-121.249037,36.390374],[-121.2490188,36.3901727],[-121.248814,36.388825],[-121.248776,36.388506],[-121.248692,36.388091],[-121.248646,36.387679],[-121.248445,36.38704],[-121.248282,36.386766],[-121.247936,36.38627],[-121.2466419,36.3846133],[-121.246225,36.384086],[-121.24544,36.3831],[-121.244975,36.382505],[-121.244562,36.382061],[-121.24289,36.380543],[-121.242079,36.379818],[-121.241646,36.379383],[-121.2412778,36.3789119],[-121.240975,36.378456],[-121.240598,36.377731],[-121.240337,36.376867],[-121.240185,36.37627],[-121.240051,36.375653],[-121.2398537,36.3747992],[-121.23932,36.372489],[-121.239079,36.371839],[-121.238788,36.371272],[-121.238407,36.370733],[-121.236969,36.368809],[-121.23519,36.366416],[-121.234283,36.365163],[-121.233541,36.364157],[-121.233405,36.363989],[-121.233276,36.36383],[-121.232807,36.363271],[-121.232551,36.363045],[-121.232323,36.362843],[-121.231739,36.362473],[-121.23104,36.362108],[-121.230022,36.361695],[-121.228924,36.36138],[-121.22813,36.36122],[-121.227448,36.361132],[-121.225705,36.36095],[-121.22496,36.360828],[-121.22431,36.360672],[-121.223156,36.360219],[-121.220312,36.358788],[-121.2172233,36.3572574],[-121.216149,36.3567194],[-121.213752,36.3555276],[-121.2134409,36.3553676],[-121.210855,36.354099],[-121.2104393,36.3538816],[-121.2088633,36.3530801],[-121.2050882,36.3511927],[-121.2044898,36.3508835],[-121.204028,36.350588],[-121.203729,36.350376],[-121.203339,36.350036],[-121.203035,36.349695],[-121.20275,36.349303],[-121.202494,36.34879],[-121.202126,36.347679],[-121.200457,36.342315],[-121.200276,36.341547],[-121.199852,36.3402998],[-121.1997729,36.340072],[-121.19953,36.339329],[-121.199282,36.338734],[-121.19902,36.33831],[-121.198577,36.337808],[-121.19785,36.337307],[-121.1966543,36.33678],[-121.19443,36.335859],[-121.191878,36.334832],[-121.190899,36.334433],[-121.190019,36.333935],[-121.1899486,36.3338953],[-121.189886,36.33386],[-121.189075,36.333263],[-121.1885,36.33267],[-121.188166,36.332263],[-121.18783,36.331767],[-121.187608,36.331405],[-121.186938,36.330182],[-121.185331,36.327306],[-121.183718,36.324399],[-121.182891,36.322891],[-121.1827077,36.3225651],[-121.1821432,36.3217005],[-121.181401,36.32095],[-121.179993,36.319986],[-121.1797967,36.3198637],[-121.178905,36.319282],[-121.174658,36.316492],[-121.172598,36.315128],[-121.171792,36.314471],[-121.171217,36.313931],[-121.170868,36.313514],[-121.169282,36.311649],[-121.1688946,36.3111921],[-121.168156,36.310321],[-121.165333,36.307018],[-121.164714,36.306279],[-121.164493,36.306015],[-121.1629767,36.3042323],[-121.1596802,36.3003704],[-121.159636,36.300305],[-121.157174,36.297414],[-121.156285,36.296354],[-121.155772,36.295652],[-121.155416,36.294963],[-121.15512,36.294272],[-121.1545339,36.2925103],[-121.154445,36.292273],[-121.154149,36.291353],[-121.153988,36.290906],[-121.15381,36.2904395],[-121.153798,36.290381],[-121.153083,36.288266],[-121.1527915,36.2875294],[-121.152319,36.286498],[-121.150965,36.283645],[-121.150059,36.281753],[-121.149445,36.28043],[-121.1493644,36.2802668],[-121.149209,36.2799522],[-121.148666,36.278784],[-121.148426,36.27817],[-121.148126,36.277338],[-121.147362,36.274689],[-121.146307,36.271095],[-121.1457315,36.269352],[-121.1454046,36.2684745],[-121.1453433,36.2683119],[-121.144891,36.267065],[-121.1442172,36.2652761],[-121.143023,36.262113],[-121.141647,36.258437],[-121.141584,36.258282],[-121.141537,36.258167],[-121.140291,36.25482],[-121.1392115,36.2519653],[-121.1391725,36.2518644],[-121.139072,36.251604],[-121.138967,36.251295],[-121.1387544,36.2507268],[-121.138689,36.250552],[-121.137631,36.247735],[-121.137534,36.247459],[-121.134602,36.239649],[-121.133791,36.237477],[-121.131465,36.231331],[-121.130541,36.228855],[-121.1303671,36.2283891],[-121.1303411,36.2283194],[-121.129797,36.22685],[-121.1287952,36.2241849],[-121.127957,36.221944],[-121.1278803,36.2217506],[-121.1276188,36.2210934],[-121.1273242,36.2204409],[-121.1272826,36.2203524],[-121.1270847,36.2199586],[-121.1270373,36.2198666],[-121.1268297,36.2195054],[-121.1264068,36.2188091],[-121.1261721,36.2184597],[-121.125915,36.2181031],[-121.125742,36.217845],[-121.1250887,36.2170523],[-121.1250393,36.2169938],[-121.1250332,36.2169863],[-121.1232904,36.2148333],[-121.1231536,36.2146658],[-121.1231042,36.2146053],[-121.1217365,36.2129163],[-121.121705,36.2128756],[-121.1216884,36.2128542],[-121.1214907,36.2126081],[-121.1210859,36.2121123],[-121.1204037,36.2112747],[-121.1201463,36.2109517],[-121.1198516,36.2106089],[-121.1194716,36.2101369],[-121.1194311,36.2100848],[-121.118897,36.209398],[-121.118773,36.209249],[-121.118369,36.208735],[-121.118268,36.208606],[-121.116723,36.206738],[-121.116628,36.20662],[-121.115767,36.205661],[-121.114519,36.204388],[-121.114199,36.204102],[-121.113913,36.203857],[-121.113676,36.203654],[-121.112767,36.20293],[-121.112271,36.202578],[-121.111312,36.201982],[-121.110299,36.201421],[-121.109228,36.20089],[-121.107181,36.200081],[-121.107163,36.200074],[-121.088348,36.1940998],[-121.077673,36.19071],[-121.0711536,36.1886726],[-121.0671499,36.1874111],[-121.0662,36.187077],[-121.065432,36.186737],[-121.064846,36.186388],[-121.06432,36.185935],[-121.063813,36.185357],[-121.062651,36.183724],[-121.062161,36.183008],[-121.0616547,36.1823414],[-121.061251,36.18181],[-121.060801,36.181048],[-121.060584,36.180556],[-121.0604623,36.1799655],[-121.0604238,36.1795455],[-121.0604151,36.1793933],[-121.0603991,36.1791154],[-121.060323,36.1784],[-121.060163,36.17765],[-121.05975,36.17638],[-121.059559,36.175568],[-121.059453,36.174458],[-121.059359,36.172493],[-121.059296,36.171998],[-121.059149,36.171499],[-121.058827,36.170923],[-121.0583738,36.1703216],[-121.0579155,36.1698021],[-121.0567849,36.1685289],[-121.056637,36.1683569],[-121.0559838,36.1675972],[-121.0554124,36.1669437],[-121.0542399,36.1656017],[-121.053045,36.164234],[-121.0524,36.163515],[-121.049327,36.160005],[-121.047884,36.158366],[-121.046697,36.156916],[-121.043697,36.152566],[-121.041118,36.148842],[-121.0397062,36.1467799],[-121.039366,36.146283],[-121.03756,36.143681],[-121.035653,36.140915],[-121.034572,36.13936],[-121.031796,36.135337],[-121.031058,36.134244],[-121.030447,36.133473],[-121.029913,36.132901],[-121.02925,36.132291],[-121.028554,36.131739],[-121.027524,36.131061],[-121.026676,36.130596],[-121.026531,36.130522],[-121.026199,36.130354],[-121.025197,36.129932],[-121.024163,36.129607],[-121.0230122,36.1293336],[-121.020189,36.1286807],[-121.0192922,36.1284787],[-121.0191062,36.1284327],[-121.0186424,36.1283134],[-121.017487,36.127988],[-121.016218,36.12756],[-121.0153736,36.1272423],[-121.0149744,36.1270672],[-121.014363,36.126782],[-121.013712,36.126518],[-121.012054,36.125789],[-121.011216,36.125433],[-121.010036,36.124923],[-121.009814,36.124829],[-121.008729,36.124369],[-121.007769,36.123924],[-121.007285,36.123687],[-121.006664,36.123338],[-121.005707,36.122733],[-121.004876,36.122103],[-121.004229,36.121544],[-121.003508,36.120832],[-121.002718,36.119899],[-121.001505,36.118095],[-121.001021,36.117319],[-120.999594,36.115089],[-120.999265,36.114558],[-120.997984,36.112568],[-120.997091,36.111169],[-120.996609,36.11047],[-120.99579,36.109486],[-120.994872,36.108564],[-120.993699,36.107674],[-120.992457,36.106874],[-120.990266,36.105872],[-120.988752,36.105397],[-120.987471,36.105099],[-120.98645,36.104946],[-120.98471,36.10477],[-120.9821954,36.104562],[-120.9820422,36.1045486],[-120.980648,36.104427],[-120.97914,36.104236],[-120.97825,36.10404],[-120.977316,36.103799],[-120.976488,36.103534],[-120.975657,36.103205],[-120.97491,36.102824],[-120.974111,36.102336],[-120.971759,36.100728],[-120.968058,36.09827],[-120.967608,36.097958],[-120.963735,36.095354],[-120.9622873,36.094374],[-120.953303,36.088327],[-120.951323,36.086946],[-120.949388,36.085136],[-120.947025,36.0828246],[-120.945721,36.081549],[-120.944247,36.08005],[-120.938359,36.073741],[-120.9383327,36.0737126],[-120.9343904,36.0695241],[-120.9340622,36.0691661],[-120.9329767,36.0679894],[-120.9298817,36.0646704],[-120.928463,36.063149],[-120.926429,36.060982],[-120.92529,36.059786],[-120.92403,36.058216],[-120.923344,36.057155],[-120.923023,36.05654],[-120.9213391,36.0530494],[-120.921112,36.052614],[-120.919063,36.0484],[-120.918701,36.047642],[-120.918275,36.046873],[-120.917791,36.046066],[-120.917083,36.044956],[-120.9169949,36.0448128],[-120.9100011,36.0342225],[-120.909879,36.0340376],[-120.902693,36.0231861],[-120.9008904,36.0204463],[-120.8992047,36.0179225],[-120.8991946,36.0179067],[-120.8991406,36.0178219],[-120.8988565,36.017376],[-120.8985857,36.0169871],[-120.886576,35.998813],[-120.882804,35.993127],[-120.882315,35.992302],[-120.8819416,35.9915594],[-120.880667,35.988868],[-120.880256,35.988077],[-120.879497,35.986567],[-120.87926,35.986057],[-120.879065,35.985542],[-120.878971,35.985138],[-120.878897,35.984678],[-120.878871,35.984188],[-120.878889,35.983766],[-120.878975,35.98267],[-120.8790194,35.9823012],[-120.8790352,35.982047],[-120.879121,35.980751],[-120.8790862,35.9796985],[-120.8789843,35.9792449],[-120.8788555,35.9788694],[-120.8786795,35.9784746],[-120.8784974,35.9781476],[-120.873495,35.970329],[-120.8720439,35.9680738],[-120.870808,35.966153],[-120.868136,35.962045],[-120.867399,35.960843],[-120.865812,35.957812],[-120.863026,35.952188],[-120.8625104,35.9511784],[-120.8623626,35.9508683],[-120.8622328,35.9506281],[-120.862062,35.950215],[-120.861895,35.949682],[-120.861849,35.949227],[-120.86186,35.948508],[-120.861978,35.947606],[-120.8623,35.945531],[-120.8626744,35.9436848],[-120.8626987,35.9435648],[-120.8628627,35.9428296],[-120.863123,35.9419627],[-120.863473,35.941203],[-120.864167,35.939716],[-120.864475,35.938856],[-120.864528,35.938393],[-120.864585,35.93756],[-120.864619,35.936653],[-120.8646455,35.9354625],[-120.8646028,35.9349303],[-120.8645395,35.9344613],[-120.8644722,35.9341598],[-120.8644017,35.9338768],[-120.8643304,35.9336317],[-120.8641393,35.9331495],[-120.8639472,35.9327106],[-120.8608155,35.9263164],[-120.8607583,35.9261922],[-120.860619,35.92589],[-120.860413,35.925522],[-120.860297,35.925314],[-120.859885,35.924767],[-120.859489,35.924346],[-120.859038,35.923948],[-120.858404,35.923502],[-120.857161,35.922826],[-120.856296,35.922384],[-120.85454,35.921465],[-120.852594,35.920578],[-120.848834,35.91891],[-120.846934,35.91804],[-120.845912,35.917485],[-120.845265,35.91709],[-120.844447,35.916561],[-120.843805,35.91607],[-120.842952,35.91529],[-120.842285,35.914628],[-120.841518,35.913882],[-120.84032,35.912715],[-120.839765,35.912074],[-120.8393,35.911363],[-120.83893,35.910548],[-120.838894,35.910453],[-120.8384532,35.909288],[-120.83825,35.908751],[-120.837876,35.907742],[-120.83763,35.907113],[-120.837085,35.905668],[-120.836467,35.904324],[-120.835841,35.903122],[-120.835486,35.902329],[-120.835091,35.901344],[-120.834729,35.900255],[-120.834553,35.899608],[-120.834372,35.898772],[-120.834216,35.8978],[-120.834132,35.896912],[-120.834079,35.894946],[-120.834082,35.893869],[-120.83411,35.893275],[-120.834282,35.892252],[-120.834699,35.889868],[-120.83481,35.889069],[-120.834901,35.887882],[-120.834937,35.887317],[-120.834912,35.88685],[-120.834816,35.886349],[-120.8345858,35.8855331],[-120.834358,35.884726],[-120.834033,35.883717],[-120.8326768,35.8809554],[-120.832311,35.88039],[-120.832007,35.880054],[-120.831572,35.879753],[-120.831281,35.879581],[-120.8309404,35.8794789],[-120.8305883,35.8793988],[-120.828776,35.879101],[-120.828539,35.8790461],[-120.828261,35.878943],[-120.827745,35.878729],[-120.827119,35.878334],[-120.826398,35.877758],[-120.825604,35.877046],[-120.824875,35.876436],[-120.824285,35.876058],[-120.822766,35.875209],[-120.8219966,35.8747941],[-120.819745,35.87358],[-120.819021,35.873169],[-120.8145722,35.8707551],[-120.8144146,35.8706696],[-120.8095823,35.8681202],[-120.807579,35.8670686],[-120.8055047,35.8659686],[-120.8048734,35.8656412],[-120.8037703,35.865127],[-120.803253,35.8649134],[-120.8024962,35.864622],[-120.8016293,35.8643362],[-120.800795,35.8640925],[-120.800175,35.863938],[-120.7991458,35.8637209],[-120.7981401,35.8635487],[-120.7975996,35.8634718],[-120.7966564,35.8633548],[-120.7964371,35.863322],[-120.795482,35.863183],[-120.7947,35.863079],[-120.793578,35.862944],[-120.792314,35.862786],[-120.792031,35.862748],[-120.791893,35.86273],[-120.791548,35.86269],[-120.790538,35.862597],[-120.789284,35.862564],[-120.779114,35.862496],[-120.772845,35.862465],[-120.772159,35.862458],[-120.771282,35.862409],[-120.770706,35.862315],[-120.770122,35.862187],[-120.7699105,35.8621244],[-120.769663,35.86204],[-120.769183,35.861859],[-120.768446,35.861499],[-120.767856,35.86112],[-120.766371,35.860151],[-120.765689,35.859665],[-120.765026,35.859202],[-120.764071,35.858452],[-120.763256,35.857712],[-120.758483,35.853473],[-120.75809,35.853132],[-120.757395,35.852441],[-120.757322,35.852361],[-120.756835,35.851828],[-120.754187,35.848646],[-120.753644,35.847851],[-120.753218,35.846979],[-120.752902,35.846009],[-120.752433,35.843793],[-120.752169,35.842511],[-120.751583,35.839638],[-120.751278,35.838206],[-120.7512174,35.8378978],[-120.7511968,35.8377931],[-120.750948,35.836604],[-120.7501425,35.8328206],[-120.7501193,35.8326787],[-120.7495972,35.830087],[-120.749565,35.8295607],[-120.7495677,35.829041],[-120.749632,35.8284777],[-120.749732,35.827911],[-120.749939,35.827138],[-120.750291,35.826329],[-120.750529,35.82586],[-120.750553,35.825813],[-120.750691,35.8255453],[-120.751199,35.824624],[-120.751474,35.824117],[-120.7521871,35.8227674],[-120.752354,35.822468],[-120.7528426,35.821562],[-120.753161,35.820683],[-120.753388,35.819562],[-120.753431,35.81898],[-120.753416,35.818342],[-120.753322,35.817557],[-120.753092,35.816688],[-120.7522668,35.8140154],[-120.7520883,35.8134156],[-120.7515163,35.811525],[-120.751259,35.81077],[-120.750871,35.81],[-120.750096,35.80882],[-120.748278,35.806266],[-120.745687,35.802552],[-120.745169,35.80195],[-120.744627,35.801451],[-120.740549,35.7988187],[-120.739337,35.798012],[-120.73886,35.797648],[-120.73499,35.794804],[-120.732963,35.7933],[-120.73217,35.792582],[-120.732155,35.792565],[-120.7315486,35.7918436],[-120.7310126,35.7911181],[-120.7292559,35.7887605],[-120.7291451,35.7886118],[-120.7284024,35.7876445],[-120.72673,35.785348],[-120.7252798,35.7834681],[-120.7250464,35.7831983],[-120.724754,35.7828893],[-120.7244805,35.7826282],[-120.724231,35.7824084],[-120.7239896,35.7822126],[-120.7237536,35.782032],[-120.7234666,35.7818318],[-120.7231742,35.7816447],[-120.722855,35.7814554],[-120.7225332,35.7812726],[-120.7221711,35.781092],[-120.7215466,35.7807861],[-120.7214672,35.7807497],[-120.7184567,35.7792781],[-120.7159824,35.7780565],[-120.7158438,35.7779886],[-120.7151732,35.7776604],[-120.7145268,35.7773188],[-120.7140225,35.7770294],[-120.7135451,35.77674],[-120.713073,35.7764353],[-120.7108387,35.7749838],[-120.7098517,35.7743375],[-120.7091892,35.7739132],[-120.708104,35.773213],[-120.7049027,35.7710636],[-120.6973075,35.7654985],[-120.6970944,35.7653335],[-120.696909,35.7651814],[-120.6967611,35.7650382],[-120.6965517,35.7648436],[-120.6963626,35.764649],[-120.6961838,35.7644329],[-120.6960394,35.7642498],[-120.6958829,35.7640288],[-120.6957277,35.7637726],[-120.6955821,35.7634894],[-120.6954398,35.763209],[-120.6953361,35.7629105],[-120.6952368,35.7626016],[-120.6951308,35.7622425],[-120.6950464,35.761866],[-120.6949377,35.7613847],[-120.6948808,35.7610202],[-120.694832,35.7606507],[-120.6947913,35.7602994],[-120.6947629,35.7599381],[-120.6947527,35.7594119],[-120.6947483,35.7588676],[-120.6947748,35.7579339],[-120.694791,35.757571],[-120.6948113,35.7572691],[-120.6948276,35.7570431],[-120.694852,35.7568106],[-120.6948723,35.7565697],[-120.694917,35.7561293],[-120.694978,35.7556014],[-120.6950192,35.7552908],[-120.6950289,35.7552332],[-120.6950705,35.7549864],[-120.6951244,35.7546545],[-120.6951874,35.754257],[-120.695222,35.7540425],[-120.6952443,35.7539122],[-120.6952748,35.753739],[-120.6953073,35.7535295],[-120.6954137,35.752917],[-120.695448,35.7527196],[-120.695847,35.750075],[-120.6960574,35.7487998],[-120.6966293,35.7452023],[-120.6966909,35.7448191],[-120.6967661,35.7444055],[-120.6968224,35.7441638],[-120.6968841,35.7439309],[-120.6969401,35.7437469],[-120.6970128,35.743502],[-120.6971523,35.7431385],[-120.6974527,35.7425028],[-120.6978711,35.7416451],[-120.698282,35.7408355],[-120.6986433,35.740109],[-120.6991582,35.7390227],[-120.6998985,35.7375074],[-120.7005503,35.7361641],[-120.7007971,35.7356045],[-120.7008752,35.7353836],[-120.7009557,35.7350897],[-120.7010147,35.7348263],[-120.7010603,35.7345628],[-120.7010844,35.7343233],[-120.7011002,35.7340522],[-120.7011002,35.7336385],[-120.7009741,35.7321819],[-120.7008668,35.7309517],[-120.7006254,35.7298347],[-120.7004537,35.7293078],[-120.7002311,35.7287722],[-120.6996947,35.7277858],[-120.6989437,35.7264532],[-120.6976083,35.7241656],[-120.697372,35.7235772],[-120.6972046,35.7230001],[-120.6969172,35.7218358],[-120.6967425,35.7210672],[-120.6965295,35.7203843],[-120.6964157,35.7200575],[-120.6961783,35.7195438],[-120.6957733,35.7188317],[-120.6948374,35.7171846],[-120.6944456,35.7164951],[-120.6934907,35.7148509],[-120.6926083,35.7132633],[-120.6923427,35.7125489],[-120.6922022,35.711997],[-120.6921782,35.7119023],[-120.6921604,35.7118303],[-120.6920262,35.7110985],[-120.6919726,35.7103798],[-120.6920075,35.7098941],[-120.6921013,35.7094084],[-120.6925251,35.7078403],[-120.692828,35.7062854],[-120.6929062,35.7054331],[-120.6928711,35.7045271],[-120.6928008,35.7036009],[-120.692517,35.7018834],[-120.6920879,35.6996137],[-120.6919269,35.6984943],[-120.6918626,35.6973375],[-120.6918678,35.6962566],[-120.6918971,35.6954093],[-120.6920075,35.6945754],[-120.6921063,35.6938558],[-120.6921998,35.6934068],[-120.6922974,35.6929379],[-120.6923746,35.6925978],[-120.692464,35.6922181],[-120.692586,35.6918384],[-120.692895,35.6908743],[-120.6932202,35.6898573],[-120.6935444,35.6888833],[-120.6940754,35.6871971],[-120.6943787,35.6862299],[-120.6945862,35.685568],[-120.6948911,35.6848018],[-120.6949318,35.6846995],[-120.6950571,35.6844565],[-120.6953729,35.6838774],[-120.6957062,35.6832909],[-120.6959456,35.6828079],[-120.6961273,35.6823214],[-120.6961837,35.6818443],[-120.6961488,35.6811776],[-120.6959919,35.6806835],[-120.6957836,35.6802065],[-120.6955587,35.6797527],[-120.6951296,35.6789052],[-120.6949667,35.6786227],[-120.6946164,35.6778577],[-120.6941908,35.6766436],[-120.6939588,35.6758407],[-120.6937893,35.675063],[-120.6936616,35.6741615],[-120.6936005,35.6733772],[-120.6935889,35.6728587],[-120.6935869,35.6727603],[-120.6935849,35.6725008],[-120.6936124,35.6720271],[-120.6936386,35.6715418],[-120.6936991,35.6704745],[-120.6937333,35.6699256],[-120.6937717,35.6695998],[-120.6938279,35.6692724],[-120.693961,35.6687837],[-120.6941698,35.6682186],[-120.6943957,35.667657],[-120.6950348,35.6660648],[-120.6953539,35.6652623],[-120.6955215,35.6648164],[-120.6956678,35.6644632],[-120.6960345,35.6635363],[-120.6961884,35.663004],[-120.6962852,35.6624866],[-120.6963489,35.661665],[-120.6963743,35.6608109],[-120.6964162,35.6598671],[-120.6964497,35.6591487],[-120.6964543,35.6584444],[-120.6964035,35.6578797],[-120.6963501,35.6575899],[-120.696274,35.6573036],[-120.6961577,35.6569697],[-120.6960126,35.6566257],[-120.6958642,35.6563577],[-120.6955034,35.6558126],[-120.6951175,35.6553248],[-120.6944436,35.6545317],[-120.6942944,35.6543561],[-120.6935084,35.653438],[-120.6929026,35.6527263],[-120.6927358,35.6525292],[-120.6924998,35.6522503],[-120.6921379,35.6518216],[-120.6920137,35.6516685],[-120.6917208,35.6513114],[-120.6914397,35.650928],[-120.6912135,35.6505967],[-120.6909855,35.6502239],[-120.6906896,35.6496851],[-120.6905176,35.6493127],[-120.6904144,35.649071],[-120.6902924,35.6487717],[-120.6901947,35.6484774],[-120.6900736,35.6481005],[-120.6899934,35.6478024],[-120.6899277,35.6475032],[-120.6898563,35.6471283],[-120.6897893,35.6466456],[-120.689722,35.6458315],[-120.6896692,35.6451555],[-120.6896389,35.64478],[-120.6896151,35.6444138],[-120.6896082,35.6443239],[-120.6895611,35.6437041],[-120.6895307,35.6433027],[-120.6892405,35.6394804],[-120.68912,35.6378412],[-120.6889964,35.6362132],[-120.6888803,35.6346511],[-120.688818,35.6338694],[-120.6887605,35.6330899],[-120.688684,35.6323382],[-120.6886198,35.6319712],[-120.6885491,35.6316659],[-120.6883583,35.6310123],[-120.6880553,35.6300257],[-120.6879006,35.6295155],[-120.6877787,35.6289994],[-120.6877298,35.6287476],[-120.687694,35.6284946],[-120.6876631,35.6282246],[-120.6876482,35.6279646],[-120.6876484,35.6278743],[-120.6876392,35.6273752],[-120.6876338,35.6268708],[-120.6876243,35.624782],[-120.6876232,35.6245776],[-120.6876172,35.623497],[-120.6876067,35.6215951],[-120.6876174,35.6210324],[-120.6875992,35.6206772],[-120.6876013,35.6203899],[-120.6876053,35.6199821],[-120.6876175,35.6196982],[-120.6876541,35.6193498],[-120.6876927,35.6190758],[-120.6877556,35.6187257],[-120.6879161,35.618176],[-120.6880529,35.6178262],[-120.6880976,35.6177072],[-120.6881665,35.6175126],[-120.6885876,35.6167255],[-120.6893322,35.6154152],[-120.6899281,35.6142942],[-120.690242,35.6134266],[-120.6903708,35.6127846],[-120.6904137,35.6116333],[-120.6904051,35.6103773],[-120.6904706,35.6098699],[-120.6906283,35.6093794],[-120.6913245,35.6079386],[-120.6916373,35.6071831],[-120.6917741,35.606758],[-120.69189,35.6062532],[-120.6920273,35.6050808],[-120.6920385,35.6047496],[-120.6920413,35.6046682],[-120.6921211,35.6023645],[-120.6921828,35.6010055],[-120.6922487,35.5996444],[-120.692257,35.5994737],[-120.6924983,35.5947217],[-120.6925379,35.5935181],[-120.6925412,35.5934174],[-120.6925473,35.5933041],[-120.6926566,35.5912843],[-120.6926539,35.590233],[-120.6926002,35.5897095],[-120.692538,35.5893397],[-120.6924527,35.5889875],[-120.6921577,35.5880431],[-120.6919638,35.587666],[-120.691659,35.5871174],[-120.6912618,35.5865162],[-120.6904008,35.5854997],[-120.6903345,35.5854255],[-120.6897061,35.5847144],[-120.6891885,35.5839946],[-120.6882121,35.5822473],[-120.6881451,35.5821055],[-120.6879045,35.5816313],[-120.6876979,35.5811269],[-120.6876147,35.580729],[-120.687606,35.580381],[-120.6878554,35.5781811],[-120.6879091,35.5777492],[-120.6879812,35.577176],[-120.68799,35.577106],[-120.6882095,35.5758447],[-120.6883328,35.5755175],[-120.6885065,35.5751852],[-120.6886011,35.5750593],[-120.6889927,35.5745663],[-120.6894138,35.5742543],[-120.6900575,35.5738769],[-120.6911679,35.5733708],[-120.6916668,35.5730363],[-120.6920182,35.5727446],[-120.6922355,35.5725156],[-120.6924232,35.5722254],[-120.6926485,35.5717934],[-120.692839,35.5712764],[-120.6931603,35.5703345],[-120.6937955,35.5685264],[-120.6944381,35.5667165],[-120.6945778,35.5662749],[-120.6947183,35.5657672],[-120.6947924,35.5654489],[-120.6948696,35.5648156],[-120.6948989,35.564227],[-120.6949885,35.5614082],[-120.6950495,35.560922],[-120.6951456,35.5604064],[-120.6952091,35.5601912],[-120.6952827,35.5599768],[-120.695457,35.5595682],[-120.6955567,35.5593872],[-120.6959323,35.5587055],[-120.6961679,35.5582817],[-120.6964883,35.5577359],[-120.6967231,35.5573287],[-120.6967453,35.5572902],[-120.6977956,35.5554849],[-120.6983598,35.5545148],[-120.6989316,35.5535222],[-120.6991612,35.5531403],[-120.6992334,35.5530201],[-120.6994163,35.5527337],[-120.6996499,35.5524178],[-120.6999444,35.5520559],[-120.7002655,35.5517141],[-120.7005825,35.5514184],[-120.7008396,35.5511771],[-120.7011383,35.5509311],[-120.7018373,35.5504117],[-120.7021132,35.5502058],[-120.7027386,35.5497514],[-120.7032808,35.5493649],[-120.7038789,35.5489175],[-120.7042813,35.5485727],[-120.7046434,35.5482091],[-120.7049899,35.5478368],[-120.7053263,35.5474177],[-120.706209,35.5462868],[-120.7062382,35.5462475],[-120.7062902,35.5461825],[-120.7066198,35.5457701],[-120.7074103,35.5447428],[-120.7077264,35.5443179],[-120.7079633,35.5439688],[-120.7083812,35.5433489],[-120.7097309,35.5410517],[-120.7101158,35.5403784],[-120.7103235,35.5399498],[-120.710471,35.5395532],[-120.710537,35.5392986],[-120.7105832,35.5390203],[-120.7106015,35.5383341],[-120.7105657,35.5376037],[-120.710478,35.536948],[-120.7103357,35.5359683],[-120.710256,35.535538],[-120.7101609,35.5348501],[-120.7100346,35.5340809],[-120.7099291,35.5336425],[-120.7097744,35.5331903],[-120.7096039,35.5327526],[-120.7093587,35.5322867],[-120.7091323,35.5319056],[-120.7087339,35.5313729],[-120.7084412,35.5310355],[-120.7082094,35.5307774],[-120.7079655,35.5305524],[-120.7074411,35.530119],[-120.7069207,35.5297352],[-120.7063814,35.5294337],[-120.7062259,35.5293552],[-120.7060327,35.5292526],[-120.7057001,35.5290998],[-120.705322,35.5289382],[-120.7047741,35.5287327],[-120.7044408,35.5286236],[-120.703899,35.52845],[-120.7012825,35.5276394],[-120.7006925,35.5274604],[-120.7002338,35.5272858],[-120.6997671,35.5270981],[-120.6990912,35.526727],[-120.698632,35.526436],[-120.697938,35.526026],[-120.696549,35.525171],[-120.696131,35.524909],[-120.695725,35.524665],[-120.695454,35.524495],[-120.6938842,35.5235436],[-120.691461,35.522075],[-120.691031,35.521825],[-120.689361,35.520806],[-120.687194,35.519518],[-120.68695,35.519373],[-120.6858503,35.5187301],[-120.6856038,35.518586],[-120.6819762,35.5164654],[-120.6795141,35.5150359],[-120.679308,35.5149149],[-120.6791007,35.5148123],[-120.6789055,35.5147263],[-120.6786819,35.5146303],[-120.6784461,35.5145476],[-120.677942,35.5143822],[-120.6770029,35.5141406],[-120.6764337,35.5139884],[-120.6759621,35.5138593],[-120.675645,35.5137666],[-120.6753117,35.5136442],[-120.6749376,35.5134754],[-120.6745677,35.5132802],[-120.6742262,35.5130618],[-120.6736652,35.5127044],[-120.673283,35.512433],[-120.672849,35.512114],[-120.6721403,35.5116133],[-120.6717782,35.5113623],[-120.6709956,35.510802],[-120.6699925,35.5100771],[-120.6694078,35.5096536],[-120.6692307,35.5095269],[-120.6688981,35.5092518],[-120.6687157,35.5091077],[-120.6685977,35.5090029],[-120.6685113,35.5089256],[-120.6684443,35.5088536],[-120.6683879,35.5087946],[-120.668321,35.508725],[-120.6679749,35.5082794],[-120.6677013,35.5078689],[-120.6668108,35.5063645],[-120.6657862,35.5046723],[-120.664885,35.5032006],[-120.6644478,35.5026241],[-120.6640535,35.502194],[-120.6639033,35.5020499],[-120.6636726,35.5018446],[-120.6633615,35.501587],[-120.6631966,35.5014621],[-120.6629852,35.5013099],[-120.6626437,35.5010914],[-120.662178,35.500835],[-120.660936,35.500216],[-120.6590335,35.4992942],[-120.658566,35.4990758],[-120.6580944,35.4988706],[-120.6569236,35.4984238],[-120.656031,35.4980822],[-120.655115,35.497622],[-120.654548,35.497363],[-120.652228,35.49622],[-120.6518733,35.4960381],[-120.65176,35.49598],[-120.651321,35.4957544],[-120.6511199,35.4956408],[-120.650849,35.4954487],[-120.6506317,35.4952543],[-120.650257,35.494879],[-120.650154,35.494747],[-120.6499209,35.4944419],[-120.6496259,35.4938742],[-120.6486576,35.4916117],[-120.6481989,35.4905416],[-120.6480461,35.4901725],[-120.6478905,35.4898209],[-120.6477137,35.4894156],[-120.6476267,35.489216],[-120.6469678,35.4876872],[-120.6463643,35.4863135],[-120.6451546,35.4834874],[-120.6450152,35.4831772],[-120.6446924,35.4824586],[-120.6438823,35.4805846],[-120.643114,35.478658],[-120.643099,35.478627],[-120.642964,35.47835],[-120.642883,35.478198],[-120.642726,35.477935],[-120.642445,35.477537],[-120.642186,35.477234],[-120.642123,35.47716],[-120.641762,35.476808],[-120.641473,35.476572],[-120.641364,35.476483],[-120.640934,35.476188],[-120.640604,35.475999],[-120.640473,35.475924],[-120.640286,35.475829],[-120.6395274,35.475467],[-120.6391224,35.4752923],[-120.6389721,35.4752311],[-120.6388514,35.4751722],[-120.6385716,35.4750585],[-120.6378081,35.4747353],[-120.6369122,35.4743465],[-120.6363489,35.4741018],[-120.6357347,35.4737654],[-120.6347799,35.47318],[-120.6343534,35.4729179],[-120.6339484,35.4726121],[-120.6338438,35.4725335],[-120.6337392,35.4724308],[-120.6334629,35.4720988],[-120.6332134,35.4717056],[-120.6329989,35.4712753],[-120.6320043,35.468934],[-120.629276,35.4625109],[-120.6291633,35.46224],[-120.6290024,35.4619058],[-120.6287973,35.4615336],[-120.6285518,35.4611521],[-120.6281253,35.4605928],[-120.6275514,35.4599752],[-120.6271483,35.4596037],[-120.6257312,35.4583756],[-120.6246933,35.4574757],[-120.6244948,35.4573141],[-120.6242266,35.457065],[-120.6241247,35.4569601],[-120.6240215,35.4568476],[-120.6238794,35.4566684],[-120.6237828,35.4565286],[-120.6237345,35.4564369],[-120.6236541,35.4562774],[-120.6236111,35.4561725],[-120.6235712,35.45608],[-120.6235414,35.4560108],[-120.6235224,35.4559508],[-120.6234985,35.4558754],[-120.6234556,35.4557705],[-120.6233939,35.4556285],[-120.6233241,35.4554559],[-120.6233067,35.4554047],[-120.623288,35.4553503],[-120.6232651,35.4552833],[-120.6232161,35.4551452],[-120.6231559,35.4549664],[-120.6230816,35.4547589],[-120.6229789,35.4544994],[-120.6228338,35.454237],[-120.6226569,35.4539401],[-120.622397,35.453633],[-120.6222534,35.4534615],[-120.6220623,35.4532799],[-120.6217898,35.453081],[-120.6215208,35.4528993],[-120.6211067,35.4526658],[-120.6191803,35.4517914],[-120.6184055,35.4514397],[-120.6181855,35.4513282],[-120.6179307,35.4511797],[-120.6177269,35.4510464],[-120.6175364,35.4509],[-120.6172977,35.4506815],[-120.6171609,35.4505067],[-120.6169839,35.4502926],[-120.6168498,35.4500959],[-120.615705,35.448102],[-120.615329,35.447592],[-120.614883,35.447152],[-120.6129686,35.4455794],[-120.6127058,35.4453522],[-120.612459,35.4451184],[-120.6122632,35.4449195],[-120.612062,35.4446879],[-120.6118528,35.4444148],[-120.6116651,35.4441569],[-120.6107866,35.4426324],[-120.6078238,35.437254],[-120.6065101,35.4348624],[-120.606323,35.4345222],[-120.6060197,35.4339689],[-120.6055052,35.4330326],[-120.6048158,35.4317734],[-120.6047781,35.4317022],[-120.6047301,35.4316153],[-120.6044809,35.431142],[-120.6042272,35.4305608],[-120.6041193,35.4301554],[-120.6040255,35.4296709],[-120.6039897,35.4291469],[-120.6039826,35.4286444],[-120.6040016,35.4264723],[-120.6040024,35.426376],[-120.6040042,35.426331],[-120.6040175,35.4253504],[-120.6041069,35.4187803],[-120.6041283,35.4175344],[-120.6041391,35.4170863],[-120.6041632,35.416765],[-120.6042088,35.4164305],[-120.6042839,35.4160458],[-120.6048364,35.4137899],[-120.6049169,35.4134117],[-120.6049705,35.4131319],[-120.6050027,35.4128762],[-120.6050483,35.4123887],[-120.6051264,35.4081455],[-120.6051293,35.4079857],[-120.6051315,35.4078679],[-120.6051395,35.4068142],[-120.6051503,35.4058391],[-120.6051985,35.4026975],[-120.6052093,35.4023674],[-120.6051958,35.4020832],[-120.6051449,35.4013879],[-120.6045567,35.3964748],[-120.6043512,35.3947116],[-120.6043279,35.3943461],[-120.6043442,35.3940739],[-120.6043933,35.3937313],[-120.6044657,35.3935314],[-120.6045542,35.3933076],[-120.6046233,35.3931507],[-120.6046972,35.3930198],[-120.6047132,35.3929927],[-120.604907,35.3926901],[-120.6050728,35.3924959],[-120.6052712,35.3923018],[-120.6054767,35.3921247],[-120.6056706,35.3919972],[-120.6058905,35.3918595],[-120.6068105,35.39135],[-120.6072719,35.3911073],[-120.608967,35.3901758],[-120.6109865,35.38908],[-120.6127409,35.3881269],[-120.6147552,35.3870314],[-120.6168966,35.3858699],[-120.6175152,35.3855466],[-120.6178291,35.3854067],[-120.6181456,35.3852755],[-120.6183655,35.3851858],[-120.6186257,35.3850961],[-120.6190039,35.3849759],[-120.6194062,35.3848665],[-120.6205971,35.3845801],[-120.6222252,35.3841974],[-120.6244502,35.383682],[-120.6248591,35.3835873],[-120.6255102,35.383456],[-120.6255515,35.3834469],[-120.6285414,35.3827897],[-120.6288681,35.3827003],[-120.6291365,35.3825984],[-120.6293561,35.3824897],[-120.6295636,35.3823678],[-120.6298553,35.3821414],[-120.6301274,35.3818646],[-120.6303217,35.3815875],[-120.6304368,35.3813427],[-120.6305203,35.3811036],[-120.6305736,35.3808746],[-120.6307273,35.3798379],[-120.6308146,35.3795612],[-120.6309173,35.3793308],[-120.6310623,35.3790863],[-120.631243,35.3788567],[-120.6314857,35.3786265],[-120.6320229,35.3781777],[-120.63225,35.3779763],[-120.6325044,35.377697],[-120.6326877,35.377398],[-120.6328539,35.3770241],[-120.6330446,35.3755243],[-120.6333241,35.3750512],[-120.6337009,35.3747109],[-120.6345099,35.3743374],[-120.638622,35.3726776],[-120.639194,35.3724197],[-120.639446,35.3722366],[-120.6396885,35.3720096],[-120.6399838,35.3716118],[-120.6400993,35.3713066],[-120.6405654,35.3688619],[-120.6405761,35.3685054],[-120.6405037,35.3681007],[-120.6402516,35.3676567],[-120.6400584,35.3674139],[-120.63883,35.3662022],[-120.6384277,35.3657866],[-120.6380736,35.3653011],[-120.6379019,35.3650036],[-120.6377088,35.3646055],[-120.637505,35.3632144],[-120.6371918,35.360722],[-120.6370651,35.3595789],[-120.6369797,35.359136],[-120.6365823,35.3573914],[-120.636298,35.3562146],[-120.6361289,35.3555907],[-120.6360937,35.3554305],[-120.6360659,35.355304],[-120.6359519,35.3548233],[-120.6358554,35.3544449],[-120.6357669,35.3540285],[-120.635665,35.353589],[-120.6355523,35.3532198],[-120.635327,35.3524279],[-120.6351526,35.3517585],[-120.634652,35.347771],[-120.6338425,35.3418716],[-120.6337744,35.3413513],[-120.6336625,35.3404187],[-120.6336699,35.3402196],[-120.6337155,35.339999],[-120.6337799,35.3398497],[-120.633914,35.339646],[-120.635248,35.338616],[-120.636488,35.337658],[-120.636964,35.337246],[-120.6370699,35.3369819],[-120.6371007,35.3366582],[-120.6370256,35.3363344],[-120.6367106,35.3355202],[-120.6366685,35.3349517],[-120.6366809,35.3347118],[-120.6366199,35.3343367],[-120.6364858,35.3340194],[-120.6359455,35.3334109],[-120.635113,35.3329418],[-120.6340128,35.3326067],[-120.6336712,35.3324599],[-120.6335096,35.3323698],[-120.6333363,35.3322416],[-120.6330601,35.33196],[-120.6328985,35.3316744],[-120.6326754,35.3308901],[-120.6323406,35.3302809],[-120.6320559,35.329932],[-120.6313436,35.3293942],[-120.631014,35.3291314],[-120.6306815,35.328818],[-120.6303569,35.3284602],[-120.6300029,35.3279843],[-120.6296772,35.3273443],[-120.6293661,35.3266958],[-120.6291846,35.326424],[-120.6289651,35.3262164],[-120.628676,35.3260427],[-120.6284658,35.3259346],[-120.6282262,35.3258282],[-120.6280047,35.3257337],[-120.6276425,35.3255399],[-120.6274626,35.3254051],[-120.6273019,35.3252401],[-120.6271778,35.3250964],[-120.6270614,35.3248757],[-120.6269776,35.3246344],[-120.6268769,35.3242093],[-120.626679,35.3235416],[-120.6265421,35.3232612],[-120.6262378,35.3228586],[-120.6259992,35.322565],[-120.6258765,35.3224146],[-120.6257761,35.322242],[-120.625693,35.3220227],[-120.6256606,35.3217427],[-120.6256931,35.3214488],[-120.6258591,35.3210959],[-120.6261089,35.3208259],[-120.6263371,35.3206649],[-120.6265884,35.3205503],[-120.6269913,35.3204427],[-120.627376,35.3204267],[-120.627889,35.320508],[-120.6283723,35.3206451],[-120.6286034,35.3207107],[-120.6293028,35.3209617],[-120.6317463,35.3218437],[-120.6321406,35.3221063],[-120.6324196,35.3223733],[-120.6330043,35.3230539],[-120.633436,35.3234962],[-120.6334552,35.3235159],[-120.6341241,35.3241536],[-120.6343266,35.3243516],[-120.6354692,35.325378],[-120.6369525,35.32654],[-120.6391036,35.3280237],[-120.6412198,35.3294272],[-120.642172,35.3300793],[-120.6431617,35.3307292],[-120.6436258,35.3310049],[-120.6438484,35.3311231],[-120.644122,35.3312609],[-120.6451072,35.3316619],[-120.6467739,35.3323203],[-120.6483358,35.332922],[-120.6486898,35.3330487],[-120.6488641,35.3330859],[-120.6490599,35.3331165],[-120.6493254,35.3331384],[-120.6494549,35.3331401],[-120.6495294,35.3331397],[-120.6505083,35.3330684],[-120.6505507,35.3330657],[-120.6507872,35.3330509],[-120.6511896,35.3330487],[-120.6514927,35.333064],[-120.6517502,35.3330968],[-120.6519835,35.333145],[-120.6522276,35.3332019],[-120.6524609,35.3332697],[-120.6527614,35.3333703],[-120.6530135,35.3334819],[-120.653279,35.3336045],[-120.6535902,35.3337773],[-120.6538289,35.3339327],[-120.6540703,35.3341077],[-120.654317,35.3343178],[-120.6545262,35.3345388],[-120.6547113,35.3347773],[-120.6549018,35.335088],[-120.654993,35.335341],[-120.6550707,35.3355628],[-120.6551057,35.3357983],[-120.6551297,35.336007],[-120.6551324,35.3361996],[-120.6550949,35.3364512],[-120.6550305,35.3366678],[-120.6548964,35.3369829],[-120.6545934,35.337575],[-120.654194,35.3382889],[-120.6540328,35.3386187],[-120.6539577,35.3389907],[-120.6539684,35.3392598],[-120.654006,35.3395289],[-120.6541052,35.3398046],[-120.6542876,35.3400803],[-120.654655,35.3404859],[-120.6550654,35.3409051],[-120.6552612,35.3410613],[-120.6555187,35.3411948],[-120.6557064,35.3412823],[-120.6558808,35.3413436],[-120.6560363,35.3413851],[-120.6561892,35.3414201],[-120.6563957,35.3414355],[-120.6565513,35.3414333],[-120.6567149,35.3414267],[-120.6568375,35.341411],[-120.6569778,35.3413917],[-120.6572192,35.3413348],[-120.657423,35.3412648],[-120.6576322,35.3411642],[-120.6577932,35.3410635],[-120.6579675,35.3409082],[-120.6580882,35.3407878],[-120.6581821,35.3406522],[-120.6582706,35.340534],[-120.6583484,35.3403699],[-120.6585362,35.3397901],[-120.6586381,35.3395429],[-120.6587239,35.3394072],[-120.6588392,35.3392519],[-120.6590029,35.3390987],[-120.6591826,35.3389521],[-120.6593703,35.3388449],[-120.6595956,35.3387399],[-120.6598075,35.3386764],[-120.6601061,35.3385877],[-120.6606631,35.3384292],[-120.6608352,35.338359],[-120.6609931,35.3382695],[-120.6611486,35.3381557],[-120.6612801,35.338031],[-120.6613847,35.3379238],[-120.6614839,35.337775],[-120.661559,35.337624],[-120.661618,35.3374927],[-120.6616717,35.3372848],[-120.6617199,35.3369238],[-120.6617816,35.3365912],[-120.6618648,35.3363462],[-120.6619774,35.3361514],[-120.6621598,35.3359414],[-120.6623449,35.3357751],[-120.6625353,35.335646],[-120.6629645,35.3354141],[-120.6631469,35.3352828],[-120.663289,35.3351515],[-120.6634231,35.3349961],[-120.6634746,35.3349249],[-120.6637826,35.3344994],[-120.6639328,35.3343222],[-120.6640615,35.3341996],[-120.6642224,35.3340837],[-120.6643995,35.333983],[-120.664614,35.3338889],[-120.6648259,35.3338189],[-120.6650217,35.3337773],[-120.6652578,35.3337467],[-120.6654831,35.3337423],[-120.6657137,35.3337598],[-120.6659122,35.3337883],[-120.6660893,35.3338299],[-120.6663065,35.333913],[-120.6664728,35.3339874],[-120.6666686,35.334099],[-120.666843,35.3342237],[-120.6670307,35.3343659],[-120.6671299,35.334471],[-120.6673418,35.3347379],[-120.6676315,35.3350815],[-120.6677388,35.3351602],[-120.6678971,35.3352543],[-120.668058,35.3353397],[-120.6682484,35.3354119],[-120.6684496,35.3354666],[-120.6686588,35.3355038],[-120.6688063,35.3355191],[-120.6689968,35.33553],[-120.6691738,35.3355191],[-120.6693696,35.3354884],[-120.66956,35.3354491],[-120.6697531,35.3353965],[-120.6699194,35.3353309],[-120.670075,35.3352499],[-120.6703888,35.3350552],[-120.6705927,35.3349174],[-120.6707724,35.3348211],[-120.6709199,35.3347598],[-120.6710916,35.3347117],[-120.6712686,35.3346745],[-120.6714564,35.3346438],[-120.671628,35.3346329],[-120.671797,35.3346351],[-120.6719955,35.3346548],[-120.6722101,35.3346824],[-120.6723924,35.3347248],[-120.6725507,35.3347773],[-120.6730497,35.3349997],[-120.673417,35.3351296],[-120.6736531,35.3351712],[-120.6739025,35.3351909],[-120.6740688,35.3351909],[-120.6742861,35.3351755],[-120.6744738,35.3351471],[-120.674667,35.3350946],[-120.6748333,35.3350443],[-120.6750049,35.334962],[-120.6752163,35.334843],[-120.6764238,35.3341121],[-120.6770488,35.3337029],[-120.6772767,35.333517],[-120.6774565,35.333331],[-120.6776013,35.3331187],[-120.6776521,35.333032],[-120.6777086,35.3329148],[-120.677763,35.332716],[-120.6778275,35.3322735],[-120.6779665,35.3307286],[-120.6779973,35.3301555],[-120.6780005,35.3301202],[-120.6780736,35.3292959],[-120.6781103,35.3288828],[-120.6782873,35.3270993],[-120.6783195,35.3264625],[-120.6783871,35.3259356],[-120.6784402,35.3256747],[-120.6785234,35.3254165],[-120.6786173,35.3252239],[-120.6787487,35.3250007],[-120.6788808,35.3248094],[-120.6789664,35.3247141],[-120.6791526,35.3245165],[-120.6794071,35.324287],[-120.6796638,35.3240851],[-120.6798673,35.3239394],[-120.6801352,35.3237685],[-120.6803401,35.323663],[-120.6805496,35.3235733],[-120.6807381,35.3235102],[-120.6809573,35.3234623],[-120.6811597,35.3234422],[-120.6814282,35.3234338],[-120.6816133,35.3234557],[-120.6817984,35.3234841],[-120.6819593,35.3235235],[-120.6821229,35.323576],[-120.6823107,35.3236548],[-120.6825199,35.3237686],[-120.6827639,35.3239196],[-120.6829946,35.3240706],[-120.6832467,35.3242544],[-120.6836486,35.3245659],[-120.6840349,35.3248854],[-120.6842414,35.3250702],[-120.684548,35.3253618],[-120.6852155,35.3260467],[-120.6859638,35.3268104],[-120.687124,35.3280047],[-120.6874853,35.3283807],[-120.688134,35.3290558],[-120.6882245,35.3291406],[-120.6884919,35.3293749],[-120.6886551,35.3295044],[-120.6888724,35.3296602],[-120.6892823,35.3299441],[-120.6895904,35.3301226],[-120.6898307,35.3302483],[-120.6900187,35.3303312],[-120.6902744,35.3304041],[-120.6905055,35.3304393],[-120.6907212,35.3304544],[-120.6909307,35.3304519],[-120.6911618,35.3304341],[-120.6914144,35.3303864],[-120.6915505,35.3303373],[-120.6916886,35.3302734],[-120.6918966,35.3301765],[-120.6920645,35.3300683],[-120.6922216,35.3299376],[-120.6922995,35.3298601],[-120.6923893,35.3297615],[-120.692462,35.3296668],[-120.692531,35.3295555],[-120.6925775,35.3294685],[-120.6926188,35.3293621],[-120.6926474,35.3292863],[-120.6926682,35.3291924],[-120.6926914,35.3290831],[-120.6927051,35.3289638],[-120.692699,35.3287677],[-120.6926757,35.3285981],[-120.6926249,35.3284235],[-120.692551,35.3282538],[-120.6924479,35.3280842],[-120.6923492,35.3279622],[-120.6922198,35.3278264],[-120.6920936,35.3277338],[-120.6919448,35.3276347],[-120.6917954,35.3275531],[-120.691631,35.327474],[-120.6914619,35.3274148],[-120.6912657,35.3273636],[-120.6910554,35.3273265],[-120.6908428,35.3273101],[-120.6905489,35.3273038],[-120.6901892,35.3272848],[-120.6899236,35.3272499],[-120.6897151,35.3271987],[-120.6894831,35.3271209],[-120.6893009,35.3270355],[-120.6891125,35.3269219],[-120.6889707,35.3268148],[-120.6887978,35.326641],[-120.6887001,35.3265099],[-120.6886053,35.3263605],[-120.6885349,35.3262163],[-120.6884734,35.3260084],[-120.6884026,35.3256404],[-120.6883324,35.3253253],[-120.6882639,35.3251317],[-120.6881812,35.3249705],[-120.6880734,35.3248158],[-120.687939,35.3246661],[-120.6877927,35.3245376],[-120.6876358,35.3244277],[-120.687421,35.3243111],[-120.6872001,35.3242227],[-120.6869339,35.3241486],[-120.6860641,35.323966],[-120.6856969,35.3238691],[-120.6853972,35.323776],[-120.6850915,35.3236645],[-120.6848251,35.3235551],[-120.6844331,35.3233716],[-120.683695,35.3229745],[-120.6831399,35.3226709],[-120.6829372,35.3225447],[-120.6826715,35.322356],[-120.6824912,35.3222036],[-120.682332,35.3220486],[-120.6821238,35.3218113],[-120.6817613,35.3213465],[-120.680061,35.3191852],[-120.679579,35.318538],[-120.6794106,35.3182325],[-120.6792832,35.3179224],[-120.6791817,35.317565],[-120.6791264,35.317257],[-120.6790285,35.3163929],[-120.6789536,35.316028],[-120.6788475,35.3157135],[-120.6787017,35.3153937],[-120.6785582,35.3151535],[-120.6784145,35.314956],[-120.678216,35.3147291],[-120.677964,35.3144833],[-120.6774546,35.3140659],[-120.6761645,35.3130087],[-120.6756066,35.312551],[-120.6750043,35.3120694],[-120.674419,35.311611],[-120.674233,35.311479],[-120.674059,35.311366],[-120.673649,35.311135],[-120.673431,35.311029],[-120.673181,35.310926],[-120.6728624,35.3108004],[-120.672435,35.310632],[-120.671752,35.310363],[-120.671372,35.310213],[-120.670866,35.310002],[-120.670479,35.309808],[-120.670089,35.309571],[-120.669844,35.309394],[-120.66956,35.309169],[-120.669251,35.308865],[-120.669111,35.308717],[-120.668937,35.30851],[-120.668765,35.308275],[-120.668707,35.308179],[-120.6685857,35.3079661],[-120.6684829,35.3077625],[-120.6683424,35.3074494],[-120.668183,35.3069569],[-120.6677844,35.3054527],[-120.6670815,35.3027008],[-120.66702,35.3024686],[-120.6667535,35.3014598],[-120.6661892,35.2993232],[-120.6659657,35.2984783],[-120.6657332,35.2975973],[-120.665598,35.2971387],[-120.6654802,35.2968018],[-120.6653637,35.2965465],[-120.6651262,35.2961189],[-120.6649712,35.2958841],[-120.6645828,35.2953882],[-120.664225,35.2949804],[-120.6641633,35.2949183],[-120.6640785,35.2948141],[-120.6610664,35.2913975],[-120.6598155,35.2899825],[-120.6593736,35.2894831],[-120.657767,35.287663],[-120.6571973,35.2870119],[-120.656542,35.286272],[-120.6564314,35.2861428],[-120.6563193,35.2860094],[-120.6560508,35.2857063],[-120.6559084,35.2855291],[-120.655822,35.2854338],[-120.6556445,35.2852412],[-120.6555721,35.2851631],[-120.6554787,35.2850697],[-120.655341,35.2849306],[-120.6550701,35.2846675],[-120.6548599,35.2844579],[-120.6546801,35.2842863],[-120.6545517,35.2841567],[-120.6544148,35.2840239],[-120.6543939,35.2840036],[-120.6542692,35.2838822],[-120.6541665,35.2837812],[-120.6539703,35.2835849],[-120.6536594,35.2832613],[-120.6534465,35.2830587],[-120.6533282,35.2829387],[-120.6532348,35.2828472],[-120.6531414,35.2827329],[-120.653062,35.2826242],[-120.6529849,35.2825061],[-120.6529266,35.282405],[-120.6528764,35.2823113],[-120.6528174,35.2821295],[-120.6527718,35.2819609],[-120.652753,35.2817924],[-120.6527477,35.2816347],[-120.6527745,35.2814442],[-120.6528013,35.2812975],[-120.6528228,35.2811858],[-120.6528818,35.2809165],[-120.6529488,35.2805969],[-120.6529837,35.2804064],[-120.653051,35.2800845],[-120.6530716,35.2799861],[-120.6531983,35.2795336],[-120.6532875,35.2792297],[-120.6534361,35.2786691],[-120.6535673,35.2781691],[-120.6536488,35.2778986],[-120.6537818,35.2775635],[-120.6538581,35.2773993],[-120.6539745,35.2771711],[-120.654075,35.2769963],[-120.6542245,35.2767591],[-120.6543811,35.2765275],[-120.6545065,35.2763447],[-120.6546728,35.2761016],[-120.6548354,35.2758679],[-120.6551057,35.2754698],[-120.6551681,35.2753694],[-120.6552352,35.2752532],[-120.655294,35.2751318],[-120.6553636,35.2749878],[-120.6554196,35.274852],[-120.6554756,35.2746902],[-120.6555087,35.2745603],[-120.6555314,35.2744526],[-120.6555489,35.2743395],[-120.6555632,35.2742024],[-120.6555644,35.2740631],[-120.6555607,35.2739367],[-120.6555468,35.2737762],[-120.6555216,35.2736293],[-120.6554952,35.2735199],[-120.6554676,35.2734122],[-120.6554231,35.2732858],[-120.6553681,35.2731522],[-120.6552806,35.2729766],[-120.6551756,35.272803],[-120.6549889,35.2725282],[-120.6545377,35.2718768],[-120.6534379,35.2702818],[-120.6529162,35.2695247],[-120.6523982,35.2687736],[-120.6519065,35.2680483],[-120.6518243,35.2679235],[-120.6517596,35.267834],[-120.651691,35.2677478],[-120.6516098,35.2676513],[-120.6515369,35.2675735],[-120.6514695,35.2675055],[-120.6513962,35.2674393],[-120.6512882,35.2673513],[-120.6511914,35.2672771],[-120.6510609,35.26719],[-120.6498026,35.266421],[-120.6495628,35.2662727],[-120.6485855,35.2656668],[-120.6483872,35.2655435],[-120.6482347,35.2654464],[-120.6480956,35.2653522],[-120.6479618,35.2652559],[-120.647833,35.265159],[-120.6476957,35.2650466],[-120.6475532,35.2649195],[-120.6474201,35.2647931],[-120.6472847,35.264652],[-120.6471638,35.2645156],[-120.6470471,35.2643742],[-120.6468946,35.2641894],[-120.6467119,35.263962],[-120.646122,35.2632431],[-120.6459476,35.2630209],[-120.6452664,35.2621749],[-120.6447632,35.2615603],[-120.6446527,35.2614193],[-120.6446033,35.2613529],[-120.6445294,35.2612635],[-120.6444891,35.2612112],[-120.6444192,35.2611253],[-120.6439952,35.2606044],[-120.6433732,35.2598311],[-120.6429535,35.2593116],[-120.6423117,35.2585186],[-120.6419679,35.2580805],[-120.6414717,35.2574804],[-120.6407558,35.2565868],[-120.6398467,35.2554657],[-120.6387523,35.254108],[-120.6382691,35.2535116],[-120.6379872,35.2531575],[-120.6366464,35.2515053],[-120.6352412,35.2497702],[-120.6349089,35.2493609],[-120.6347548,35.2491737],[-120.6345235,35.2489026],[-120.6343504,35.2487082],[-120.6341546,35.2484979],[-120.6337648,35.2481081],[-120.6336375,35.2479814],[-120.6333396,35.2477003],[-120.6329861,35.2473843],[-120.6327155,35.2471543],[-120.6324678,35.2469508],[-120.6321442,35.2466945],[-120.6319068,35.2465107],[-120.6312681,35.246016],[-120.6299529,35.244999],[-120.629475,35.2446351],[-120.6291018,35.2443422],[-120.6280139,35.2435073],[-120.6279025,35.2434213],[-120.62737,35.2430101],[-120.62566,35.2416571],[-120.6228786,35.2395409],[-120.6211529,35.2381916],[-120.6207033,35.2377353],[-120.6203814,35.2373672],[-120.6201079,35.2370364],[-120.6198826,35.23671],[-120.6195875,35.2361711],[-120.6193488,35.2356299],[-120.6191396,35.2349486],[-120.6190618,35.2341993],[-120.6190806,35.233426],[-120.6192227,35.2326197],[-120.6194306,35.2319186],[-120.6197632,35.2312263],[-120.6203533,35.2300345],[-120.6206966,35.2290266],[-120.6208396,35.2279968],[-120.6208413,35.2275889],[-120.620813,35.2269978],[-120.6206477,35.225094],[-120.6206094,35.2246534],[-120.6204646,35.2230149],[-120.6204575,35.2229337],[-120.6204578,35.2229282],[-120.6203772,35.2219775],[-120.6202884,35.2213579],[-120.6201332,35.2207425],[-120.620076,35.2205895],[-120.6200459,35.2205084],[-120.6200261,35.2204599],[-120.6188268,35.2173738],[-120.6182737,35.215951],[-120.6179924,35.215227],[-120.617763,35.2145194],[-120.6176341,35.2140533],[-120.6174236,35.2130834],[-120.6172974,35.2123265],[-120.6169377,35.2101132],[-120.6165922,35.2078799],[-120.6157951,35.2031514],[-120.6157141,35.2026888],[-120.6155562,35.2021648],[-120.6153602,35.2016149],[-120.6151166,35.2010951],[-120.6148479,35.2006118],[-120.6137738,35.1990537],[-120.6136692,35.1988929],[-120.6129942,35.1979211],[-120.6124581,35.1971005],[-120.6123569,35.1969456],[-120.6120252,35.1964718],[-120.611877,35.1962491],[-120.6108977,35.1948177],[-120.6107117,35.1945156],[-120.610478,35.1939971],[-120.6103516,35.193508],[-120.6102922,35.1930045],[-120.6103137,35.1925006],[-120.6105439,35.1913894],[-120.6108012,35.1904549],[-120.6112499,35.1884845],[-120.6114149,35.1878427],[-120.611477,35.1876736],[-120.6115596,35.1874484],[-120.6117767,35.1870934],[-120.6120805,35.1867216],[-120.6124195,35.1864408],[-120.6128271,35.1861792],[-120.6132801,35.1859942],[-120.6145445,35.1855963],[-120.6147182,35.1855305],[-120.6149165,35.1854534],[-120.6152937,35.1852574],[-120.6156176,35.185053],[-120.6158763,35.1848586],[-120.6160453,35.1846782],[-120.6166658,35.1838679],[-120.6169174,35.1835012],[-120.6170875,35.183183],[-120.6171925,35.1828995],[-120.6172666,35.1825978],[-120.6173139,35.1822641],[-120.6173785,35.1811027],[-120.6174064,35.1806725],[-120.6174875,35.1801883],[-120.6175927,35.1798583],[-120.6177403,35.1795008],[-120.6182216,35.1785998],[-120.6182624,35.1785296],[-120.6185467,35.1779881],[-120.6191592,35.1768685],[-120.6195856,35.1760691],[-120.6196539,35.1759399],[-120.6204433,35.1744608],[-120.6211151,35.1732175],[-120.6224269,35.170761],[-120.6233773,35.1690464],[-120.6236586,35.1685737],[-120.6240541,35.1680583],[-120.6244328,35.1676279],[-120.6249541,35.1671598],[-120.6254645,35.166786],[-120.6260229,35.166431],[-120.6287708,35.1649649],[-120.630743,35.163936],[-120.6323049,35.1631274],[-120.6325649,35.1629553],[-120.63282,35.162736],[-120.6330064,35.1624927],[-120.6331597,35.1622045],[-120.6332306,35.1619412],[-120.6332365,35.161691],[-120.6332004,35.161459],[-120.6331267,35.1612511],[-120.6329877,35.1610016],[-120.6327881,35.1607497],[-120.6326132,35.1605756],[-120.6317417,35.1597339],[-120.6315416,35.159489],[-120.6313963,35.159274],[-120.6312914,35.1590607],[-120.6312077,35.1588458],[-120.6311414,35.1585638],[-120.6311023,35.1583448],[-120.6310714,35.1581165],[-120.6309418,35.15598],[-120.6308726,35.1548381],[-120.6308563,35.1544848],[-120.6308681,35.1541287],[-120.6309426,35.1537913],[-120.6310217,35.1535289],[-120.631116,35.153287],[-120.6312113,35.1530916],[-120.631297,35.15292],[-120.6314314,35.1527064],[-120.6324855,35.1515053],[-120.6327296,35.1511571],[-120.6328853,35.1508994],[-120.6329916,35.1506625],[-120.6330903,35.1504069],[-120.6331636,35.1501603],[-120.633218,35.1499201],[-120.6332415,35.1496921],[-120.6332622,35.149455],[-120.6332651,35.1494215],[-120.6332387,35.1488664],[-120.6332197,35.1486333],[-120.6330485,35.1465257],[-120.6328113,35.1436961],[-120.6327672,35.14317],[-120.6327366,35.1426775],[-120.6324091,35.1385779],[-120.6318072,35.1311418],[-120.6317993,35.1310569],[-120.6315916,35.1285289],[-120.6315812,35.1284021],[-120.6314736,35.1273582],[-120.6314307,35.1268866],[-120.6314012,35.1266321],[-120.6313556,35.1263491],[-120.6312992,35.1261122],[-120.6312349,35.1258862],[-120.6311544,35.1256405],[-120.6310632,35.1253948],[-120.6303525,35.123859],[-120.6294848,35.1219871],[-120.6294285,35.1218796],[-120.6293897,35.1218],[-120.6292887,35.1215889],[-120.6284889,35.1198493],[-120.6272934,35.1172658],[-120.6264217,35.1153921],[-120.626065,35.1146308],[-120.6252576,35.1128975],[-120.6243924,35.110993],[-120.6243311,35.1108599],[-120.6234346,35.1089112],[-120.6231595,35.1083059],[-120.6226328,35.107285],[-120.6220997,35.1063942],[-120.6214313,35.1054573],[-120.6204316,35.1042861],[-120.6197069,35.1035594],[-120.6189573,35.1028909],[-120.6184091,35.1024425],[-120.6173253,35.1016527],[-120.6138514,35.0991566],[-120.6090115,35.0956788],[-120.6089697,35.0956474],[-120.6084318,35.0952681],[-120.6073871,35.0945131],[-120.6029879,35.091351],[-120.6006836,35.0896771],[-120.6005443,35.0895882],[-120.5969171,35.0869764],[-120.5961938,35.0864554],[-120.5949163,35.0854587],[-120.593966,35.0844875],[-120.5932223,35.0834542],[-120.5931938,35.0834072],[-120.5926202,35.0824604],[-120.5923019,35.0817432],[-120.5920477,35.0809851],[-120.5920293,35.0809301],[-120.5919263,35.0806228],[-120.5917857,35.080058],[-120.5916685,35.0792234],[-120.5916228,35.0784024],[-120.5916841,35.0778193],[-120.5918524,35.0772517],[-120.5920491,35.0768195],[-120.5922887,35.0764488],[-120.5925335,35.0761739],[-120.5927586,35.0759599],[-120.5931926,35.0756472],[-120.5936192,35.0753987],[-120.594336,35.0750015],[-120.5946372,35.0747789],[-120.5950588,35.0743643],[-120.5953079,35.0739802],[-120.5956433,35.0732045],[-120.5957899,35.0727122],[-120.5961215,35.0713067],[-120.5962475,35.0708953],[-120.5965189,35.0703914],[-120.5970177,35.069855],[-120.5976108,35.0692592],[-120.5978988,35.0688991],[-120.5981288,35.0684124],[-120.5982597,35.0679076],[-120.5982737,35.0674012],[-120.5982277,35.0669605],[-120.5981045,35.0660932],[-120.5976853,35.0631429],[-120.5971708,35.0594378],[-120.5971162,35.0588448],[-120.5968378,35.0568123],[-120.5967266,35.0561366],[-120.5967059,35.0559955],[-120.5945977,35.0410336],[-120.594303,35.0387597],[-120.5942817,35.0386145],[-120.5940393,35.0369648],[-120.5938442,35.0357136],[-120.5936681,35.0348994],[-120.5933213,35.0337848],[-120.593142,35.0332715],[-120.5929468,35.0327921],[-120.5928208,35.0325009],[-120.5926724,35.0321946],[-120.5923817,35.0316187],[-120.5917292,35.0305384],[-120.5912615,35.0297698],[-120.5910709,35.0294838],[-120.5905558,35.0286417],[-120.5900735,35.0278582],[-120.5891235,35.0263186],[-120.5881901,35.0248061],[-120.5871564,35.0231223],[-120.586772,35.022493],[-120.5861642,35.0215211],[-120.5853569,35.0202091],[-120.5838043,35.0176868],[-120.5828088,35.0160902],[-120.5826317,35.0157975],[-120.582286,35.0152333],[-120.5820473,35.0148437],[-120.5819264,35.014651],[-120.5813346,35.0137078],[-120.5790849,35.0100399],[-120.5775947,35.0076375],[-120.5761357,35.0052774],[-120.5755356,35.0043104],[-120.574628,35.0028342],[-120.5734155,35.0008437],[-120.5713611,34.9975313],[-120.5706812,34.9964326],[-120.5702924,34.9957954],[-120.568826,34.9934105],[-120.5673869,34.9910453],[-120.5673218,34.9909132],[-120.5668713,34.9900007],[-120.5664796,34.9890365],[-120.566152,34.9880065],[-120.5658427,34.9864862],[-120.5657412,34.9855603],[-120.5657034,34.9845747],[-120.5657612,34.9835229],[-120.5658746,34.98261],[-120.5660243,34.9817838],[-120.5662623,34.9808707],[-120.5666405,34.9795799],[-120.5672702,34.9774505],[-120.5676964,34.9759774],[-120.568185,34.974324],[-120.5683335,34.9738479],[-120.5685606,34.9733033],[-120.568781,34.9728802],[-120.5694418,34.9718071],[-120.5701633,34.9706693],[-120.5702636,34.9705115],[-120.571384,34.9687493],[-120.5718454,34.9680191],[-120.5721355,34.9675487],[-120.5722799,34.9673055],[-120.572414,34.9670723],[-120.5725299,34.966854],[-120.5726742,34.9665675],[-120.5727982,34.966296],[-120.5729222,34.9659578],[-120.5730421,34.9655847],[-120.5731235,34.9653098],[-120.5731804,34.9650416],[-120.5732231,34.9648217],[-120.5732596,34.9645969],[-120.573282,34.9643653],[-120.5733044,34.9640971],[-120.573314,34.9638516],[-120.573374,34.9623492],[-120.5733837,34.9621198],[-120.5735176,34.959135],[-120.5735828,34.9575623],[-120.5735923,34.9572894],[-120.5736277,34.9562751],[-120.5736364,34.9560465],[-120.5737058,34.9542151],[-120.573868,34.94934],[-120.5738664,34.9453213],[-120.5738269,34.9443176],[-120.5737392,34.9435789],[-120.573579,34.942742],[-120.573153,34.9411609],[-120.5731211,34.9410616],[-120.572845,34.940311],[-120.572576,34.939671],[-120.572138,34.938894],[-120.570935,34.936924],[-120.5688773,34.9337715],[-120.5685068,34.9332553],[-120.5680383,34.9327146],[-120.5679305,34.9325902],[-120.5676683,34.9323372],[-120.5673089,34.9319876],[-120.566536,34.93141],[-120.5649325,34.9303119],[-120.5642968,34.9298523],[-120.563755,34.929386],[-120.5633822,34.9289837],[-120.56287,34.928224],[-120.562592,34.927643],[-120.562404,34.927121],[-120.562245,34.926208],[-120.562195,34.925578],[-120.562284,34.924615],[-120.5623716,34.9241329],[-120.562503,34.923628],[-120.562747,34.922912],[-120.563457,34.9208976],[-120.5635761,34.9204842],[-120.563679,34.919884],[-120.563675,34.919406],[-120.563586,34.918908],[-120.563467,34.918568],[-120.563208,34.918095],[-120.562821,34.917614],[-120.562433,34.917191],[-120.561887,34.916768],[-120.5599624,34.9151275],[-120.5598433,34.915026],[-120.5588925,34.9142142],[-120.5504412,34.9069987],[-120.5496632,34.9063344],[-120.5495986,34.9062775],[-120.54849,34.905301],[-120.543132,34.900795],[-120.541571,34.899407],[-120.540503,34.898553],[-120.538736,34.897193],[-120.537327,34.896178],[-120.5366819,34.8956861],[-120.533678,34.893468],[-120.532221,34.892406],[-120.531662,34.892038],[-120.528862,34.89036],[-120.528022,34.889829],[-120.5272421,34.8893892],[-120.524488,34.8877604],[-120.5232513,34.8870219],[-120.519319,34.884694],[-120.5185356,34.8842342],[-120.5177122,34.883704],[-120.5168673,34.8830549],[-120.5163604,34.8825796],[-120.515881,34.882101],[-120.5154699,34.8815191],[-120.5152982,34.8812154],[-120.515089,34.880788],[-120.5149334,34.8802847],[-120.514693,34.879422],[-120.514207,34.877458],[-120.514067,34.876924],[-120.513992,34.8765506],[-120.5139732,34.876225],[-120.5140026,34.8759653],[-120.51411,34.8755098],[-120.5142763,34.8751181],[-120.514577,34.874603],[-120.5151668,34.873569],[-120.516022,34.872025],[-120.516303,34.871641],[-120.516572,34.871332],[-120.517083,34.870937],[-120.517645,34.870638],[-120.518757,34.8701019],[-120.5194625,34.8697605],[-120.519929,34.869536],[-120.520904,34.8690446],[-120.5212822,34.8688003],[-120.521607,34.868535],[-120.5220386,34.8680917],[-120.5224114,34.8675195],[-120.5225643,34.8670529],[-120.52263,34.866433],[-120.5226019,34.8660472],[-120.522527,34.865686],[-120.522374,34.864896],[-120.5223471,34.8646343],[-120.522339,34.8643636],[-120.52239,34.8640225],[-120.522463,34.86369],[-120.522911,34.862601],[-120.523141,34.862057],[-120.523281,34.861566],[-120.523307,34.861192],[-120.523281,34.860808],[-120.5232087,34.8605016],[-120.523102,34.860232],[-120.522978,34.8599931],[-120.522765,34.8597068],[-120.5225435,34.8594539],[-120.5222942,34.8592011],[-120.520751,34.85782],[-120.520316,34.857339],[-120.5201498,34.8570335],[-120.520043,34.8568301],[-120.5199438,34.8565417],[-120.519925,34.8564207],[-120.519895,34.856293],[-120.51992,34.855685],[-120.5200457,34.8552673],[-120.5201381,34.8550514],[-120.5203945,34.8545816],[-120.520879,34.853764],[-120.521096,34.853412],[-120.521492,34.852771],[-120.5216953,34.8523752],[-120.52185,34.85196],[-120.5219823,34.8515035],[-120.522067,34.851042],[-120.522106,34.850445],[-120.522067,34.849826],[-120.5218509,34.8490118],[-120.5217326,34.8486764],[-120.5216968,34.8485751],[-120.5213621,34.847635],[-120.5200715,34.8440101],[-120.5195872,34.8425404],[-120.519294,34.841714],[-120.519255,34.841202],[-120.519307,34.840487],[-120.5194771,34.8400261],[-120.5197292,34.839566],[-120.5200913,34.8391499],[-120.5203944,34.838888],[-120.5207538,34.8386238],[-120.5212313,34.838375],[-120.5217167,34.8382011],[-120.5219876,34.8381152],[-120.5223808,34.8380243],[-120.5226159,34.8379802],[-120.5240044,34.8377194],[-120.5241054,34.837703],[-120.526687,34.837285],[-120.5274783,34.8371332],[-120.5281866,34.8369988],[-120.5287452,34.8369078],[-120.531154,34.836532],[-120.5324188,34.8362176],[-120.533065,34.835983],[-120.533704,34.835668],[-120.534279,34.835316],[-120.53481,34.83491],[-120.536292,34.833827],[-120.536899,34.833416],[-120.537353,34.833165],[-120.537698,34.833005],[-120.538152,34.832824],[-120.540024,34.83229],[-120.540912,34.832066],[-120.541839,34.831756],[-120.542261,34.831575],[-120.542746,34.831313],[-120.543098,34.831089],[-120.543596,34.830721],[-120.544446,34.829931],[-120.545021,34.829408],[-120.545533,34.829035],[-120.545884,34.828837],[-120.546964,34.828394],[-120.547654,34.828181],[-120.548351,34.827989],[-120.548977,34.827823],[-120.549948,34.827631],[-120.550523,34.827572],[-120.551079,34.827562],[-120.551469,34.827578],[-120.552012,34.827668],[-120.552664,34.827829],[-120.5546402,34.8285063],[-120.555636,34.828912],[-120.556626,34.829264],[-120.55701,34.829403],[-120.55816,34.829739],[-120.558671,34.829878],[-120.559061,34.82999],[-120.559687,34.830203],[-120.560288,34.830438],[-120.56101,34.830774],[-120.56177,34.831185],[-120.5649699,34.8331836],[-120.5657879,34.8336636],[-120.5664139,34.8339416],[-120.575804,34.837749],[-120.576558,34.838053],[-120.577177,34.838277],[-120.577746,34.838438],[-120.578232,34.838534],[-120.578762,34.838598],[-120.579459,34.838608],[-120.580104,34.838555],[-120.580833,34.838432],[-120.581714,34.838269],[-120.582648,34.838107],[-120.583472,34.838021],[-120.584424,34.837968],[-120.585364,34.837968],[-120.586418,34.838032],[-120.587121,34.838117],[-120.587971,34.838176],[-120.588405,34.83816],[-120.588929,34.838075],[-120.589492,34.837893],[-120.59022,34.837466],[-120.590514,34.837183],[-120.590827,34.836799],[-120.590961,34.83657],[-120.591064,34.836346],[-120.591243,34.835796],[-120.591594,34.834425],[-120.59353,34.82674],[-120.594157,34.824269],[-120.594828,34.821649],[-120.595294,34.819722],[-120.596267,34.8158758],[-120.596355,34.815528],[-120.596604,34.81437],[-120.596809,34.813687],[-120.597077,34.812929],[-120.597473,34.811926],[-120.59794,34.811019],[-120.598457,34.810133],[-120.599953,34.807966],[-120.602803,34.803969],[-120.604333,34.801758],[-120.605037,34.800748],[-120.6061521,34.7991419],[-120.6062227,34.7990385],[-120.60728,34.7974899],[-120.6093788,34.7946096],[-120.609801,34.794011],[-120.610156,34.793439],[-120.6103168,34.7931599],[-120.6104295,34.7928647],[-120.610646,34.7921778],[-120.6107706,34.7915326],[-120.6108335,34.7909009],[-120.6110749,34.7888687],[-120.611155,34.788134],[-120.611285,34.787403],[-120.611388,34.786512],[-120.611883,34.782944],[-120.612105,34.781256],[-120.612127,34.780909],[-120.6123584,34.77916],[-120.612725,34.776388],[-120.613014,34.774288],[-120.613098,34.773665],[-120.613158,34.773203],[-120.613194,34.772756],[-120.613152,34.772229],[-120.613062,34.771927],[-120.612948,34.771626],[-120.612809,34.771375],[-120.612569,34.771023],[-120.612328,34.770732],[-120.611955,34.7703],[-120.611594,34.769908],[-120.611233,34.769511],[-120.61092,34.769169],[-120.61068,34.768878],[-120.610445,34.768531],[-120.610108,34.767949],[-120.609843,34.767411],[-120.609663,34.766994],[-120.609507,34.766532],[-120.609025,34.764573],[-120.608436,34.762277],[-120.608346,34.76178],[-120.608303,34.761403],[-120.608303,34.761016],[-120.608328,34.760599],[-120.60843,34.760097],[-120.60861,34.759474],[-120.608785,34.759062],[-120.609055,34.758539],[-120.6091734,34.7582976],[-120.6092081,34.7582268],[-120.610818,34.755068],[-120.611245,34.754214],[-120.612027,34.752657],[-120.613561,34.749662],[-120.614175,34.748417],[-120.614476,34.747799],[-120.61477,34.747141],[-120.614921,34.746603],[-120.614963,34.746397],[-120.614993,34.746111],[-120.615005,34.745845],[-120.614987,34.745588],[-120.614951,34.745347],[-120.614891,34.745096],[-120.614728,34.744569],[-120.614301,34.743765],[-120.6136888,34.7427115],[-120.6136406,34.7426295],[-120.612845,34.741278],[-120.61234,34.740449],[-120.612123,34.740138],[-120.611865,34.739786],[-120.611648,34.73955],[-120.61139,34.739304],[-120.610932,34.738962],[-120.610355,34.738555],[-120.609705,34.738113],[-120.6092,34.737787],[-120.608833,34.737555],[-120.608436,34.737279],[-120.608051,34.736993],[-120.60772,34.736717],[-120.607359,34.73637],[-120.607082,34.736023],[-120.606818,34.735657],[-120.606625,34.73532],[-120.606421,34.734918],[-120.606011,34.733823],[-120.605404,34.73222],[-120.605193,34.731618],[-120.605067,34.731251],[-120.604887,34.730653],[-120.604724,34.730005],[-120.604646,34.729578],[-120.604574,34.729136],[-120.604448,34.727988],[-120.604317,34.726825],[-120.604052,34.724358],[-120.603973,34.723605],[-120.603859,34.723092],[-120.60372,34.722655],[-120.60354,34.722263],[-120.603317,34.721882],[-120.602956,34.721399],[-120.602632,34.721073],[-120.602367,34.720837],[-120.601392,34.720053],[-120.600959,34.719711],[-120.600677,34.719465],[-120.60043,34.719224],[-120.600149,34.718895],[-120.599991,34.718682],[-120.599858,34.71844],[-120.599702,34.718109],[-120.599594,34.717808],[-120.599503,34.717466],[-120.599395,34.716938],[-120.5990429,34.7151997],[-120.598985,34.714914],[-120.598642,34.713256],[-120.598395,34.712008],[-120.598221,34.711222],[-120.597395,34.70712],[-120.5969334,34.704939],[-120.5962462,34.7015354],[-120.596128,34.700933],[-120.596019,34.70024],[-120.596001,34.699888],[-120.596039,34.699217],[-120.596091,34.698944],[-120.596218,34.698487],[-120.596413,34.697962],[-120.596749,34.697366],[-120.597284,34.696477],[-120.5975354,34.696051],[-120.5995207,34.6928015],[-120.6004332,34.6913112],[-120.6008712,34.6905602],[-120.6010535,34.6902427],[-120.6011468,34.6900801],[-120.6016121,34.6893257],[-120.6031079,34.6869005],[-120.6040985,34.6851721],[-120.6043805,34.6846131],[-120.604777,34.6837438],[-120.6050051,34.6831754],[-120.6050458,34.6830596],[-120.6051619,34.6827291],[-120.6056517,34.6809848],[-120.6056741,34.6809051],[-120.6060713,34.679387],[-120.6061762,34.6789057],[-120.6062307,34.6783548],[-120.6062213,34.6772535],[-120.6059704,34.6758686],[-120.6055823,34.6738722],[-120.6055519,34.6737382],[-120.605049,34.671525],[-120.604862,34.670635],[-120.604736,34.669892],[-120.604664,34.66952],[-120.604628,34.669153],[-120.604622,34.66846],[-120.604742,34.667802],[-120.604935,34.667184],[-120.605127,34.666797],[-120.60532,34.666446],[-120.605584,34.666064],[-120.605897,34.665687],[-120.6063312,34.6652866],[-120.6068974,34.6647871],[-120.6071943,34.6645251],[-120.60765,34.664123],[-120.610992,34.661221],[-120.6129259,34.6595149],[-120.613333,34.659161],[-120.613742,34.658734],[-120.613976,34.658413],[-120.614169,34.658091],[-120.614409,34.657544],[-120.614524,34.657051],[-120.614572,34.656725],[-120.6146016,34.6563307],[-120.6146162,34.6557079],[-120.6146293,34.654308],[-120.614632,34.654017],[-120.614716,34.652339],[-120.614776,34.651862],[-120.614897,34.651319],[-120.615071,34.650752],[-120.61545,34.649873],[-120.615841,34.649275],[-120.616298,34.648597],[-120.616701,34.647964],[-120.617135,34.64726],[-120.61862,34.644939],[-120.619854,34.643061],[-120.621508,34.640529],[-120.622254,34.639373],[-120.622922,34.6383345],[-120.6231916,34.6378103],[-120.6235712,34.6369376],[-120.623854,34.636208],[-120.624053,34.635641],[-120.624281,34.635043],[-120.624588,34.634068],[-120.625135,34.632516],[-120.625376,34.632014],[-120.625591,34.631658],[-120.625759,34.63126],[-120.626044,34.630768],[-120.627006,34.628947],[-120.6271957,34.6286104],[-120.6272855,34.628451],[-120.6277496,34.6276536],[-120.627983,34.6272526],[-120.629337,34.625156],[-120.6298596,34.6242661],[-120.6301827,34.6236502],[-120.63071,34.622581],[-120.631262,34.621386],[-120.631773,34.62007],[-120.632244,34.618721],[-120.6322995,34.61858],[-120.6353074,34.6098898],[-120.6353389,34.609794],[-120.6356195,34.6089406],[-120.6361023,34.6074399],[-120.636636,34.606003],[-120.637291,34.604242],[-120.637583,34.603261],[-120.637787,34.602373],[-120.637963,34.601237],[-120.638002,34.600801],[-120.638012,34.600255],[-120.6379601,34.5956049],[-120.6379583,34.5946858],[-120.637945,34.594116],[-120.6379285,34.5938763],[-120.6379774,34.5932501],[-120.6380822,34.5925056],[-120.6384213,34.5911983],[-120.6386644,34.5900737],[-120.638871,34.589553],[-120.639045,34.589108],[-120.639239,34.588775],[-120.63965,34.5881912],[-120.6411967,34.5865102],[-120.641664,34.58594],[-120.64195,34.585547],[-120.642185,34.585154],[-120.64238,34.584658],[-120.642472,34.584103],[-120.642461,34.583676],[-120.64241,34.58336],[-120.642298,34.583019],[-120.642032,34.582438],[-120.641355,34.5813231],[-120.640498,34.579927],[-120.640129,34.579226],[-120.639935,34.578722],[-120.639812,34.578244],[-120.639741,34.577612],[-120.6397156,34.5767042],[-120.6397115,34.5765564],[-120.63969,34.576032],[-120.639495,34.575015],[-120.639096,34.574144],[-120.638687,34.573529],[-120.637112,34.571625],[-120.635926,34.570215],[-120.635404,34.569438],[-120.635036,34.568815],[-120.634606,34.567909],[-120.633706,34.565765],[-120.633481,34.565357],[-120.632949,34.564672],[-120.632182,34.56398],[-120.63118,34.56322],[-120.630106,34.562622],[-120.628858,34.562093],[-120.627907,34.561759],[-120.626935,34.561554],[-120.625954,34.561392],[-120.6243501,34.5611675],[-120.6240534,34.5611317],[-120.6218667,34.5608679],[-120.619397,34.560606],[-120.6152189,34.5600845],[-120.613549,34.559876],[-120.6120577,34.5598139],[-120.611583,34.559864],[-120.611048,34.559926],[-120.610619,34.55998],[-120.608701,34.560189],[-120.608182,34.560229],[-120.607232,34.560249],[-120.6067012,34.560214],[-120.6059372,34.5601627],[-120.6051708,34.5601024],[-120.6029826,34.5599305],[-120.6019531,34.5598522],[-120.600403,34.559754],[-120.599907,34.559727],[-120.599275,34.559701],[-120.598532,34.559696],[-120.597861,34.559708],[-120.597185,34.559746],[-120.596629,34.559793],[-120.595958,34.55988],[-120.595314,34.559971],[-120.5941564,34.5601492],[-120.5931189,34.5603478],[-120.59104,34.560752],[-120.590367,34.560865],[-120.589387,34.561005],[-120.588688,34.561069],[-120.587928,34.561108],[-120.587326,34.5611],[-120.586792,34.56108],[-120.586216,34.561016],[-120.585544,34.560918],[-120.585057,34.560833],[-120.584534,34.560725],[-120.583996,34.560598],[-120.583409,34.560423],[-120.582881,34.560245],[-120.582043,34.559928],[-120.581409,34.55965],[-120.58082,34.5593338],[-120.5803331,34.559046],[-120.5796169,34.5586403],[-120.57914,34.558385],[-120.5782413,34.557883],[-120.573696,34.555344],[-120.572782,34.554847],[-120.572352,34.554627],[-120.5718686,34.5543169],[-120.5710766,34.5538895],[-120.570314,34.553494],[-120.5694465,34.552983],[-120.5689711,34.5527195],[-120.5678386,34.5520978],[-120.565156,34.550609],[-120.563683,34.549789],[-120.561926,34.548816],[-120.561262,34.548461],[-120.560628,34.548094],[-120.559994,34.547735],[-120.55848,34.546894],[-120.5548404,34.5448566],[-120.5545102,34.5446822],[-120.554378,34.5446062],[-120.5535111,34.5441318],[-120.551949,34.543408],[-120.551253,34.543153],[-120.550454,34.5429],[-120.544627,34.541219],[-120.539509,34.539679],[-120.537923,34.539098],[-120.537085,34.5387],[-120.5361933,34.5382424],[-120.535177,34.5377209],[-120.5350893,34.5376737],[-120.534323,34.537262],[-120.528483,34.534283],[-120.527815,34.533898],[-120.523623,34.5317733],[-120.5231692,34.5314988],[-120.522711,34.531196],[-120.521683,34.530259],[-120.520803,34.529495],[-120.520275,34.529064],[-120.519772,34.528709],[-120.519114,34.528408],[-120.5184175,34.5281936],[-120.5166903,34.5277477],[-120.514652,34.527222],[-120.513906,34.526901],[-120.513043,34.526308],[-120.512359,34.525684],[-120.508706,34.522256],[-120.506654,34.52037],[-120.5064136,34.5201391],[-120.503884,34.51771],[-120.5008692,34.5148634],[-120.5004523,34.5144019],[-120.5000745,34.5137542],[-120.49975,34.513079],[-120.4994031,34.5123923],[-120.4993221,34.5121478],[-120.4992818,34.5119521],[-120.4992271,34.5115454],[-120.4991056,34.5109817],[-120.4990654,34.5105883],[-120.4990722,34.5102933],[-120.4994082,34.5084072],[-120.4994343,34.5080673],[-120.4994477,34.5078174],[-120.4994431,34.5075131],[-120.4993995,34.5071932],[-120.499348,34.5069131],[-120.499251,34.5065631],[-120.499076,34.5061463],[-120.4988235,34.5056416],[-120.4966542,34.501807],[-120.4961937,34.5010414],[-120.495421,34.4996103],[-120.4947309,34.4984062],[-120.4939782,34.4970053],[-120.4934426,34.4960497],[-120.4930348,34.4953646],[-120.4928217,34.4950424],[-120.4926102,34.494768],[-120.4923572,34.4944936],[-120.4919065,34.4939838],[-120.4913382,34.4933992],[-120.4899046,34.4920179],[-120.4896729,34.491749],[-120.4895296,34.4915589],[-120.4893519,34.4912995],[-120.489235,34.4910849],[-120.4891466,34.4908664],[-120.4889083,34.4900206],[-120.4887622,34.4896677],[-120.4885555,34.4892481],[-120.488224,34.4886505],[-120.4877944,34.4880565],[-120.487373,34.487619],[-120.486805,34.48708],[-120.485762,34.486262],[-120.484796,34.485637],[-120.483397,34.484909],[-120.482773,34.484592],[-120.481599,34.483861],[-120.480826,34.483387],[-120.480426,34.483086],[-120.47995,34.482557],[-120.479705,34.482255],[-120.479306,34.481771],[-120.478983,34.481416],[-120.47791,34.480449],[-120.477359,34.479898],[-120.477039,34.4795255],[-120.4760847,34.478196],[-120.474098,34.475523],[-120.468889,34.468345],[-120.4680082,34.4671214],[-120.467915,34.4669919],[-120.4675622,34.466515],[-120.4651546,34.46326],[-120.4636459,34.4611327],[-120.463017,34.4602813],[-120.4624778,34.4595647],[-120.4611106,34.4576831],[-120.4607267,34.457153],[-120.4604689,34.4568042],[-120.4602218,34.4564823],[-120.4600123,34.4562355],[-120.4597172,34.4559241],[-120.4594998,34.4557099],[-120.4592868,34.4555131],[-120.4590387,34.4553069],[-120.4587798,34.4551029],[-120.4585266,34.4549171],[-120.4582331,34.454718],[-120.4578928,34.4545056],[-120.4568476,34.4539039],[-120.4559032,34.4533684],[-120.455474,34.4531249],[-120.4546232,34.4526422],[-120.4545111,34.4525826],[-120.4541541,34.4523742],[-120.4535752,34.4520719],[-120.4532842,34.4519317],[-120.4530142,34.4518106],[-120.4527421,34.4517147],[-120.4524326,34.4516187],[-120.4521864,34.4515612],[-120.4519308,34.4515114],[-120.4516421,34.4514705],[-120.4513488,34.451445],[-120.4510007,34.4514313],[-120.4507192,34.451436],[-120.4503724,34.4514542],[-120.4500843,34.4514751],[-120.4496539,34.451521],[-120.4489719,34.4516002],[-120.4482774,34.451674],[-120.4462928,34.4519228],[-120.4451556,34.4520444],[-120.4435865,34.4522236],[-120.442071,34.4523828],[-120.4400835,34.452604],[-120.4388765,34.4527256],[-120.4382865,34.4527654],[-120.4366932,34.4528694],[-120.4357196,34.4529003],[-120.4343141,34.4529357],[-120.4337938,34.4529335],[-120.4330964,34.4529601],[-120.4318036,34.45298],[-120.4286573,34.453053],[-120.4257525,34.4531127],[-120.425098,34.4531326],[-120.4231025,34.4531834],[-120.4219196,34.4532432],[-120.4203036,34.4533626],[-120.4200367,34.4533899],[-120.417278,34.4536722],[-120.4163446,34.4537961],[-120.4149231,34.454004],[-120.4129651,34.4543623],[-120.4114737,34.4546719],[-120.408872,34.4552602],[-120.4045536,34.4562422],[-120.4030945,34.4565076],[-120.4020216,34.4566049],[-120.3930285,34.4562407],[-120.3914006,34.4561717],[-120.3884938,34.456032],[-120.3875479,34.4560031],[-120.3868985,34.456],[-120.3859118,34.456112],[-120.38185,34.4571943],[-120.381352,34.457312],[-120.3808209,34.4573872],[-120.3802362,34.4574402],[-120.3793757,34.4574699],[-120.378838,34.457488],[-120.3776619,34.4575244],[-120.3767323,34.4575826],[-120.375576,34.457686],[-120.372131,34.458018],[-120.3718025,34.4580507],[-120.371375,34.4580823],[-120.3711793,34.4580989],[-120.3709227,34.4581206],[-120.3695265,34.4582453],[-120.3689149,34.4583066],[-120.3674823,34.458436],[-120.3662197,34.4585685],[-120.3629818,34.4588548],[-120.3613138,34.4590218],[-120.3593856,34.4591884],[-120.3589317,34.4592354],[-120.358574,34.4592647],[-120.355976,34.459528],[-120.355675,34.459559],[-120.355247,34.459595],[-120.354883,34.459607],[-120.354347,34.459623],[-120.353978,34.459619],[-120.353355,34.459617],[-120.352843,34.459603],[-120.352383,34.459581],[-120.351806,34.459539],[-120.3505009,34.4594207],[-120.3468906,34.4591264],[-120.346214,34.459072],[-120.345859,34.459057],[-120.34555,34.459051],[-120.34506,34.459067],[-120.344805,34.459085],[-120.3445283,34.4591077],[-120.344143,34.4591543],[-120.343793,34.4592335],[-120.3434623,34.4593116],[-120.343105,34.459429],[-120.342661,34.4595971],[-120.3419335,34.4598786],[-120.3410815,34.460216],[-120.3403194,34.4605181],[-120.3396611,34.460789],[-120.3389224,34.4610906],[-120.337962,34.4614661],[-120.3345565,34.4628207],[-120.3339322,34.4630485],[-120.333573,34.46318],[-120.33336,34.463259],[-120.333141,34.463315],[-120.33272,34.463407],[-120.332217,34.463483],[-120.331822,34.463526],[-120.331382,34.463554],[-120.330639,34.463573],[-120.328797,34.463616],[-120.32582,34.463664],[-120.323022,34.463718],[-120.3218537,34.4637259],[-120.3216004,34.4637513],[-120.3212614,34.46377],[-120.3209156,34.463823],[-120.3205647,34.4638852],[-120.3202325,34.4639613],[-120.319888,34.4640618],[-120.3195504,34.4641699],[-120.3192236,34.4642927],[-120.318831,34.4644622],[-120.3182268,34.4647287],[-120.3177488,34.4649308],[-120.3168996,34.4653332],[-120.3157903,34.4658374],[-120.3152303,34.4660886],[-120.3144239,34.4664519],[-120.3140448,34.4666188],[-120.3135009,34.4668641],[-120.3123542,34.4673702],[-120.3116375,34.4676884],[-120.3103464,34.4682512],[-120.309254,34.468769],[-120.308344,34.469171],[-120.306797,34.469868],[-120.306343,34.470069],[-120.306032,34.4702],[-120.305686,34.470343],[-120.305428,34.470435],[-120.305209,34.470507],[-120.304942,34.470586],[-120.304629,34.47068],[-120.304297,34.470759],[-120.30408,34.470797],[-120.303395,34.470914],[-120.301795,34.471109],[-120.301176,34.471183],[-120.300302,34.471291],[-120.2990352,34.4714697],[-120.2986562,34.471522],[-120.296642,34.471757],[-120.296248,34.471812],[-120.295362,34.471906],[-120.294905,34.471932],[-120.294604,34.471938],[-120.294188,34.471934],[-120.293945,34.471918],[-120.2936,34.471888],[-120.293249,34.471834],[-120.292876,34.471775],[-120.292443,34.471679],[-120.2923839,34.4716652],[-120.2918742,34.4715462],[-120.2911916,34.4713626],[-120.2904057,34.4711493],[-120.2874257,34.4703488],[-120.2867418,34.4701852],[-120.2860954,34.4700204],[-120.2844083,34.4695605],[-120.2834467,34.4692918],[-120.2825937,34.4690651],[-120.2812895,34.4686788],[-120.2807162,34.468509],[-120.2796205,34.4682171],[-120.2794784,34.468174],[-120.2789272,34.4680336],[-120.278561,34.4679418],[-120.2782606,34.4678821],[-120.2778543,34.4678323],[-120.2775861,34.4678323],[-120.2773165,34.4678478],[-120.276949,34.4678898],[-120.2762691,34.4680789],[-120.2753451,34.4685046],[-120.274421,34.4689225],[-120.2740819,34.4690384],[-120.2738648,34.4690949],[-120.2735952,34.4691454],[-120.2732395,34.469185],[-120.2729465,34.4692074],[-120.2725604,34.4692088],[-120.270835,34.4691642],[-120.2701377,34.4691526],[-120.2690372,34.4691064],[-120.2683357,34.4690485],[-120.2680102,34.4690227],[-120.2677371,34.4690056],[-120.2674008,34.468977],[-120.2669043,34.4689232],[-120.2664747,34.4688728],[-120.26472,34.4686529],[-120.2635613,34.4685134],[-120.2624011,34.468383],[-120.2619126,34.4683357],[-120.2615419,34.4683067],[-120.2612147,34.4682793],[-120.2608591,34.4682518],[-120.2604646,34.4682321],[-120.2600963,34.4682119],[-120.2598117,34.4682031],[-120.2594566,34.4681996],[-120.2591763,34.4681943],[-120.2589199,34.4681943],[-120.2586157,34.4681973],[-120.2582028,34.4682096],[-120.2571376,34.4682399],[-120.2559771,34.4682742],[-120.2552218,34.4682905],[-120.2550857,34.4682943],[-120.2547044,34.4683049],[-120.254352,34.4683145],[-120.2538425,34.468338],[-120.253097,34.4683856],[-120.2517129,34.4684777],[-120.2454757,34.4689107],[-120.2411123,34.4692157],[-120.2408637,34.4692365],[-120.2406601,34.4692553],[-120.2404113,34.469283],[-120.2400913,34.4693195],[-120.2398271,34.4693577],[-120.2395877,34.4693979],[-120.2393288,34.4694358],[-120.239074,34.469487],[-120.2388834,34.4695229],[-120.238669,34.4695622],[-120.2385099,34.4695973],[-120.2383494,34.4696313],[-120.2313801,34.4711289],[-120.2309206,34.4712145],[-120.230769,34.4712387],[-120.2305829,34.471268],[-120.2303939,34.4712963],[-120.2301967,34.4713249],[-120.2298709,34.4713522],[-120.2296884,34.4713646],[-120.2295186,34.4713736],[-120.229336,34.4713765],[-120.2291641,34.4713739],[-120.2289285,34.4713725],[-120.2287117,34.4713684],[-120.2258823,34.4713666],[-120.2257298,34.4713648],[-120.2255838,34.4713631],[-120.224466,34.471359],[-120.2195292,34.471341],[-120.2146956,34.4713187],[-120.2119024,34.471317],[-120.210802,34.4713117],[-120.2106513,34.4713111],[-120.20743,34.4712985],[-120.2048335,34.4712922],[-120.2039722,34.4712889],[-120.20356,34.471282],[-120.1998112,34.4712748],[-120.1981541,34.4712667],[-120.1967333,34.4712594],[-120.1946919,34.4712472],[-120.1905036,34.4712304],[-120.1881142,34.4712394],[-120.1857518,34.4712274],[-120.1822242,34.4712094],[-120.1803781,34.4712079],[-120.1784407,34.4711913],[-120.177031,34.4711942],[-120.169592,34.471158],[-120.1692962,34.4711513],[-120.1688311,34.4711508],[-120.1682784,34.4711695],[-120.1680425,34.4711815],[-120.167799,34.4712011],[-120.1675426,34.4712187],[-120.1672463,34.4712548],[-120.1668983,34.4713026],[-120.1664273,34.4713879],[-120.1653845,34.4715772],[-120.1647771,34.4716917],[-120.162771,34.472052],[-120.1610925,34.4723584],[-120.1551911,34.4734431],[-120.1546373,34.4735418],[-120.1532339,34.4737921],[-120.1528704,34.4738477],[-120.1524894,34.4738891],[-120.1522832,34.4739095],[-120.1520194,34.4739267],[-120.1516723,34.4739444],[-120.1513707,34.4739574],[-120.1510711,34.4739579],[-120.1490253,34.4739778],[-120.1456777,34.4740192],[-120.1450779,34.4740245],[-120.1444166,34.474015],[-120.1439817,34.4740073],[-120.1433439,34.4739786],[-120.1425793,34.4739399],[-120.1418475,34.4739303],[-120.1399351,34.4738439],[-120.1390775,34.4737835],[-120.135197,34.4735988],[-120.1347516,34.4735587],[-120.134268,34.4734947],[-120.1339299,34.4734439],[-120.1336167,34.47339],[-120.1333074,34.4733332],[-120.1329941,34.4732715],[-120.131276,34.472885],[-120.1310114,34.4728339],[-120.130471,34.4727348],[-120.1299178,34.4726491],[-120.1275638,34.4723335],[-120.1273313,34.4723029],[-120.1270967,34.4722771],[-120.1269325,34.4722647],[-120.1259779,34.472195],[-120.1246437,34.4721041],[-120.1243272,34.4720825],[-120.1224512,34.4719907],[-120.1214241,34.471936],[-120.1208278,34.4719106],[-120.1203549,34.4718761],[-120.120191,34.4718627],[-120.1200283,34.4718453],[-120.1198569,34.4718189],[-120.1197034,34.4717943],[-120.1195186,34.4717554],[-120.1193144,34.4717029],[-120.1191291,34.4716523],[-120.1189735,34.4716025],[-120.1188233,34.471543],[-120.1186493,34.4714806],[-120.1185193,34.4714226],[-120.1183534,34.4713548],[-120.118149,34.4712702],[-120.1168542,34.4706484],[-120.1153306,34.4699309],[-120.1130027,34.4688298],[-120.1116199,34.4681702],[-120.108509,34.466702],[-120.1075516,34.4662949],[-120.1068788,34.4660161],[-120.1057855,34.4655834],[-120.1054781,34.4654651],[-120.1052259,34.4653732],[-120.1050668,34.4653139],[-120.1048576,34.4652403],[-120.1046146,34.4651633],[-120.1044086,34.4651051],[-120.1042064,34.4650448],[-120.104031,34.465002],[-120.1038233,34.464955],[-120.1036679,34.4649153],[-120.1034562,34.4648589],[-120.1022655,34.4646143],[-120.1017141,34.4645011],[-120.1015263,34.4644602],[-120.1013288,34.4644052],[-120.1011358,34.464348],[-120.1010018,34.4643049],[-120.1008588,34.4642524],[-120.1007027,34.4641897],[-120.1005382,34.4641196],[-120.1003975,34.4640551],[-120.1002397,34.4639817],[-120.1001055,34.4639147],[-120.0999584,34.4638271],[-120.0990575,34.4632898],[-120.0986652,34.4630636],[-120.0984752,34.46296],[-120.0983228,34.4628875],[-120.0981486,34.4628081],[-120.097993,34.4627433],[-120.0978216,34.4626875],[-120.0976352,34.4626251],[-120.0974216,34.4625657],[-120.0972458,34.4625155],[-120.0970927,34.4624773],[-120.0968944,34.4624319],[-120.0941783,34.4618074],[-120.0913397,34.461129],[-120.0909626,34.4610609],[-120.0907212,34.4610242],[-120.0905272,34.4610013],[-120.0902566,34.460966],[-120.0899524,34.4609416],[-120.0896582,34.4609258],[-120.089315,34.4609062],[-120.0890062,34.4609046],[-120.0887649,34.460911],[-120.0884316,34.4609282],[-120.0881191,34.4609549],[-120.0877258,34.4609938],[-120.0870479,34.4610643],[-120.0849352,34.4613056],[-120.0846299,34.4613316],[-120.0843979,34.4613399],[-120.084194,34.4613468],[-120.0840083,34.4613507],[-120.0837704,34.4613507],[-120.0835558,34.4613448],[-120.0833738,34.4613413],[-120.0831902,34.4613276],[-120.0829468,34.4613127],[-120.0826985,34.4612905],[-120.0805831,34.461095],[-120.0785318,34.4609044],[-120.0778242,34.4608387],[-120.0771585,34.4607763],[-120.0767282,34.4607488],[-120.0765824,34.4607503],[-120.0764316,34.4607476],[-120.0762595,34.4607571],[-120.0760978,34.4607688],[-120.0759371,34.4607887],[-120.0757884,34.4608077],[-120.0756418,34.4608394],[-120.075465,34.4608837],[-120.075317,34.4609281],[-120.075146,34.4609903],[-120.0749826,34.4610562],[-120.0748143,34.4611391],[-120.0746559,34.461227],[-120.074525,34.4613065],[-120.0743531,34.4614308],[-120.07417,34.461584],[-120.0739933,34.4617547],[-120.0738601,34.4619022],[-120.0737326,34.4620545],[-120.0736395,34.4621712],[-120.0735421,34.4622968],[-120.0734605,34.4624018],[-120.0733859,34.4625077],[-120.0726307,34.4635057],[-120.0725043,34.4636563],[-120.0723797,34.4637923],[-120.0722457,34.4639357],[-120.0721453,34.4640331],[-120.072007,34.4641379],[-120.0718847,34.4642211],[-120.0717887,34.4642849],[-120.0716769,34.4643521],[-120.0715695,34.4644075],[-120.071476,34.4644559],[-120.0713397,34.4645099],[-120.0711991,34.4645654],[-120.0710733,34.4646124],[-120.070929,34.4646585],[-120.0707867,34.4647009],[-120.0706423,34.4647314],[-120.0704474,34.4647663],[-120.0702543,34.4647924],[-120.0701119,34.4648031],[-120.0699311,34.4648152],[-120.0697943,34.4648099],[-120.0695877,34.4648003],[-120.0695168,34.4648006],[-120.0692674,34.4647703],[-120.0690905,34.4647364],[-120.0689446,34.4647006],[-120.0688095,34.4646656],[-120.0686547,34.464615],[-120.0685115,34.4645653],[-120.0683204,34.4644805],[-120.0681215,34.4643873],[-120.067223,34.463917],[-120.0659357,34.463229],[-120.0656688,34.4631082],[-120.0654571,34.4630136],[-120.0652745,34.4629449],[-120.0650143,34.462851],[-120.0647427,34.4627615],[-120.0643789,34.4626624],[-120.0641591,34.4626154],[-120.0639397,34.462567],[-120.06372,34.4625302],[-120.0633193,34.4624702],[-120.0591114,34.4618813],[-120.0586728,34.4618261],[-120.0584558,34.4618085],[-120.0582396,34.4617938],[-120.0580415,34.4617846],[-120.057841,34.4617781],[-120.0576416,34.4617753],[-120.0574412,34.4617841],[-120.0572056,34.4617959],[-120.0569065,34.4618188],[-120.0566281,34.461853],[-120.0562187,34.4619008],[-120.0552739,34.4620196],[-120.0526876,34.4623448],[-120.0525262,34.462365],[-120.0512793,34.4625168],[-120.0491881,34.4627766],[-120.0471496,34.463026],[-120.0452893,34.4632562],[-120.0435043,34.4634677],[-120.0416861,34.4637011],[-120.0401611,34.4638956],[-120.0398048,34.4639365],[-120.0394722,34.4639669],[-120.0391681,34.4639863],[-120.0389088,34.4639986],[-120.0386359,34.4640149],[-120.038395,34.4640179],[-120.0381021,34.4640212],[-120.0378612,34.4640177],[-120.0375695,34.4640077],[-120.0373401,34.4639955],[-120.0371015,34.4639764],[-120.0369089,34.4639572],[-120.036704,34.463948],[-120.0365558,34.4639349],[-120.0343345,34.4637384],[-120.0341608,34.4637228],[-120.0334235,34.4636566],[-120.0310337,34.463442],[-120.0290031,34.4632628],[-120.0240426,34.4628288],[-120.0215532,34.4626039],[-120.0186789,34.4623497],[-120.0174148,34.4622405],[-120.0162782,34.4621399],[-120.0156708,34.4620836],[-120.0151064,34.4620205],[-120.0134966,34.4618232],[-120.0113371,34.4615618],[-120.0105843,34.4614672],[-120.0098364,34.4613732],[-120.0077639,34.4611235],[-120.0064742,34.4609627],[-120.0055266,34.4608048],[-120.0047466,34.4606239],[-120.0041038,34.4604476],[-120.0034872,34.4602429],[-120.0028523,34.4599985],[-120.0018662,34.459562],[-120.0006515,34.4589881],[-119.9992914,34.4583275],[-119.9981702,34.4577989],[-119.9970412,34.4572585],[-119.995762,34.4566481],[-119.9947886,34.4561838],[-119.9937078,34.4556708],[-119.9925177,34.4551045],[-119.9917739,34.4547439],[-119.9912349,34.4544874],[-119.9901662,34.4539808],[-119.9892308,34.4535363],[-119.9884865,34.45317],[-119.9877163,34.4528059],[-119.9871893,34.4525559],[-119.9865354,34.4522381],[-119.9862414,34.4520983],[-119.9858466,34.4519106],[-119.9851965,34.4515964],[-119.9841942,34.4511213],[-119.9828847,34.4505],[-119.9818349,34.4500146],[-119.9796604,34.4489623],[-119.9784334,34.4483931],[-119.977576,34.4479864],[-119.976967,34.4476942],[-119.9762934,34.447376],[-119.9753576,34.446918],[-119.9742265,34.4463741],[-119.9721416,34.4453736],[-119.9712307,34.4449479],[-119.9705186,34.4446075],[-119.9684197,34.4436069],[-119.9675434,34.4432036],[-119.96724,34.4430757],[-119.9669731,34.4429716],[-119.9666544,34.4428547],[-119.9664434,34.442779],[-119.966178,34.4426875],[-119.9658319,34.4425785],[-119.9654774,34.4424834],[-119.9644906,34.4422284],[-119.9622364,34.4416195],[-119.9603171,34.4410797],[-119.9588835,34.4406946],[-119.9571103,34.4402178],[-119.9540058,34.4393831],[-119.953167,34.4391375],[-119.9523272,34.4389176],[-119.9517667,34.4387962],[-119.9513905,34.4387244],[-119.95094,34.4386379],[-119.9505113,34.4385747],[-119.9495357,34.4384453],[-119.9476908,34.4382683],[-119.9461029,34.4381213],[-119.945375,34.4380487],[-119.9440517,34.4379219],[-119.9422965,34.4377461],[-119.941063,34.4376374],[-119.9393345,34.4374637],[-119.9385862,34.4373894],[-119.9376314,34.4372983],[-119.932702,34.4368177],[-119.9306375,34.4366228],[-119.930071,34.436574],[-119.929327,34.4364959],[-119.9291103,34.4364742],[-119.9288109,34.4364478],[-119.9277468,34.4363488],[-119.9270365,34.4362732],[-119.9254969,34.436119],[-119.9221366,34.4357983],[-119.9216976,34.435755],[-119.9214444,34.4357193],[-119.9212324,34.4356834],[-119.9209588,34.435628],[-119.9206797,34.4355702],[-119.9204064,34.4355128],[-119.9200809,34.435428],[-119.9197215,34.4353125],[-119.919232,34.4351504],[-119.9178984,34.4346588],[-119.9164901,34.4341501],[-119.9151595,34.433661],[-119.914472,34.4334142],[-119.9142747,34.4333434],[-119.9124537,34.4326723],[-119.9114087,34.4322999],[-119.9107581,34.4320581],[-119.9104467,34.4319583],[-119.910146,34.431882],[-119.9098934,34.431824],[-119.9096507,34.4317675],[-119.9093985,34.4317232],[-119.9091272,34.4316899],[-119.9088139,34.4316592],[-119.908527,34.4316483],[-119.9082599,34.4316413],[-119.9075906,34.4316633],[-119.90707,34.4316662],[-119.905485,34.431668],[-119.9004656,34.4317112],[-119.8956175,34.4317339],[-119.8928921,34.4317503],[-119.8860656,34.4317973],[-119.885206,34.431803],[-119.8849612,34.4318048],[-119.8848055,34.4318059],[-119.8832522,34.4318214],[-119.8825199,34.4318287],[-119.8819943,34.4318537],[-119.8814635,34.4318842],[-119.8809648,34.4319124],[-119.8803642,34.4319563],[-119.8795389,34.4320355],[-119.878781,34.4321203],[-119.8781613,34.4321982],[-119.8776381,34.432264],[-119.8770455,34.4323565],[-119.8764096,34.4324631],[-119.8758789,34.4325559],[-119.8749472,34.4327357],[-119.8717984,34.433437],[-119.8707815,34.4336669],[-119.8673233,34.4344432],[-119.8646242,34.435045],[-119.8618637,34.4356641],[-119.8612588,34.4357866],[-119.8607032,34.4358927],[-119.860074,34.436001],[-119.8595592,34.43609],[-119.8589295,34.4361854],[-119.858308,34.436271],[-119.8575538,34.4363635],[-119.8569478,34.4364262],[-119.8549355,34.4366269],[-119.8532008,34.4367995],[-119.8513376,34.4369849],[-119.8499204,34.4371081],[-119.8481241,34.4373043],[-119.8480467,34.4373119],[-119.8476649,34.4373491],[-119.8466505,34.4374508],[-119.8454646,34.4375698],[-119.8429219,34.4378231],[-119.8420228,34.4379126],[-119.8373318,34.4383822],[-119.8372074,34.4383946],[-119.8369133,34.4384254],[-119.8330755,34.4388033],[-119.8327751,34.4388343],[-119.8320771,34.4389095],[-119.8306904,34.4390406],[-119.8290794,34.4392017],[-119.8278125,34.4393278],[-119.8267879,34.4394296],[-119.8229356,34.4398079],[-119.8211782,34.439983],[-119.8199803,34.4401043],[-119.8197792,34.4401247],[-119.8180906,34.4402964],[-119.8165324,34.440438],[-119.8163189,34.4404603],[-119.8141335,34.4406814],[-119.8126083,34.4408305],[-119.8119884,34.440877],[-119.8114205,34.4409107],[-119.810525,34.440959],[-119.8087923,34.4410043],[-119.8065873,34.4410656],[-119.8054181,34.4411039],[-119.8052128,34.4411069],[-119.8038174,34.4411451],[-119.7973738,34.4413254],[-119.7952234,34.4413729],[-119.7933691,34.4414261],[-119.7918968,34.4414704],[-119.7896169,34.4415323],[-119.7884927,34.4415642],[-119.7857638,34.4416416],[-119.7832346,34.4416996],[-119.7829531,34.441715],[-119.7791543,34.4418164],[-119.7786105,34.4418187],[-119.778182,34.4418105],[-119.7774958,34.4417866],[-119.7769746,34.4417532],[-119.7765033,34.4417092],[-119.7759827,34.4416472],[-119.7753951,34.4415671],[-119.774947,34.4414987],[-119.7725217,34.4410358],[-119.7715033,34.4408288],[-119.7712795,34.4407875],[-119.7697117,34.4404751],[-119.7693853,34.4404128],[-119.7689485,34.4403318],[-119.7661704,34.4397846],[-119.761513,34.4388696],[-119.7587827,34.43833],[-119.7585311,34.4382806],[-119.7573927,34.438057],[-119.7565606,34.4378908],[-119.755917,34.4377295],[-119.7552813,34.4375437],[-119.7546409,34.4373404],[-119.7543676,34.4372402],[-119.75423,34.4371898],[-119.753787,34.4370173],[-119.7533545,34.4368359],[-119.7530147,34.4366833],[-119.7526043,34.4364749],[-119.752289,34.4363153],[-119.7518475,34.4360664],[-119.7515579,34.435895],[-119.7512522,34.4357096],[-119.7507591,34.4353816],[-119.750346,34.4350903],[-119.7499534,34.4347786],[-119.7494126,34.4343249],[-119.7484253,34.4334522],[-119.7479648,34.4330421],[-119.7475945,34.4327612],[-119.7471191,34.4324334],[-119.7464707,34.4320354],[-119.7445871,34.4308958],[-119.7441252,34.4306127],[-119.7436934,34.4303554],[-119.7432798,34.4301248],[-119.7428809,34.4299097],[-119.7425324,34.4297321],[-119.7421739,34.4295577],[-119.7418036,34.429385],[-119.7410723,34.4290751],[-119.7406603,34.4289186],[-119.7402825,34.4287764],[-119.7398652,34.4286257],[-119.7393812,34.4284736],[-119.7389011,34.4283297],[-119.7382962,34.4281726],[-119.7377826,34.4280508],[-119.737224,34.4279289],[-119.7367059,34.4278311],[-119.735728,34.4276835],[-119.7339935,34.4274633],[-119.7335801,34.4274092],[-119.7289582,34.4267924],[-119.7287727,34.4267676],[-119.7281517,34.4266577],[-119.7272646,34.4265311],[-119.7266293,34.4264405],[-119.7257958,34.4263148],[-119.7249784,34.4261529],[-119.7243743,34.4260294],[-119.7238299,34.4258945],[-119.7233766,34.4257706],[-119.7229447,34.4256356],[-119.7223412,34.4254453],[-119.7218638,34.425275],[-119.7215017,34.4251312],[-119.7211289,34.4249774],[-119.7206551,34.4247797],[-119.7203644,34.4246422],[-119.7200506,34.424494],[-119.7197534,34.4243431],[-119.7193565,34.4241395],[-119.7189643,34.4239232],[-119.7186747,34.4237439],[-119.7184037,34.423578],[-119.7179907,34.4233236],[-119.7176527,34.4230846],[-119.717186,34.4227572],[-119.7168052,34.4224961],[-119.7135789,34.420129],[-119.7091689,34.4169026],[-119.7080352,34.4160738],[-119.7076287,34.4157871],[-119.7073796,34.4155926],[-119.7051917,34.4139924],[-119.703047,34.4124331],[-119.7028885,34.4123178],[-119.7027262,34.4122094],[-119.7025632,34.4120961],[-119.7023647,34.4119855],[-119.7021474,34.4118748],[-119.7019463,34.4117863],[-119.7016968,34.4116978],[-119.7014447,34.4116203],[-119.7012274,34.4115672],[-119.7009646,34.4115252],[-119.7008117,34.4115031],[-119.700551,34.4114792],[-119.700264,34.4114659],[-119.7000365,34.4114787],[-119.6998649,34.4114876],[-119.6996261,34.4115141],[-119.6994437,34.4115473],[-119.6992555,34.4115876],[-119.6990516,34.4116363],[-119.6989603,34.4116618],[-119.6985535,34.4117792],[-119.6984025,34.4118111],[-119.6965738,34.4123351],[-119.6962272,34.4124285],[-119.6957208,34.4125586],[-119.6953696,34.4126571],[-119.6952372,34.4126895],[-119.6950664,34.4127312],[-119.6947321,34.4128334],[-119.6945883,34.4128754],[-119.6926789,34.4134158],[-119.691682,34.4136952],[-119.6915086,34.4137445],[-119.6914339,34.4137671],[-119.691328,34.4137951],[-119.6912566,34.4138172],[-119.6896043,34.4142998],[-119.6895113,34.4143268],[-119.6894266,34.4143522],[-119.6888699,34.414504],[-119.6881275,34.4147138],[-119.6873077,34.4149535],[-119.6872288,34.4149764],[-119.6871,34.4150116],[-119.6870345,34.4150301],[-119.6859558,34.415336],[-119.685691,34.4154103],[-119.6854559,34.4154756],[-119.684925,34.415621],[-119.6807518,34.4167897],[-119.6806872,34.4168078],[-119.6805588,34.4168452],[-119.6805195,34.4168563],[-119.6748064,34.4184914],[-119.6747277,34.4185164],[-119.6746222,34.418545],[-119.6745712,34.4185566],[-119.6743897,34.4186088],[-119.6737309,34.4187894],[-119.6732681,34.4189378],[-119.6727595,34.4190981],[-119.672609,34.4191404],[-119.6694491,34.4200286],[-119.669234,34.4200868],[-119.6668528,34.4207641],[-119.6647501,34.421357],[-119.6631113,34.4218215],[-119.6630566,34.4218384],[-119.6608768,34.4224447],[-119.6604443,34.4225464],[-119.6600998,34.4226104],[-119.6598637,34.4226474],[-119.6595912,34.4226858],[-119.659239,34.4227188],[-119.6588094,34.4227472],[-119.6583034,34.4227454],[-119.6578874,34.4227244],[-119.657478,34.4226839],[-119.6570995,34.4226327],[-119.6565401,34.422522],[-119.6554579,34.4222527],[-119.6552833,34.4222087],[-119.6542461,34.4219365],[-119.6534959,34.4217432],[-119.6527055,34.4215403],[-119.6519881,34.4213614],[-119.6512086,34.4211629],[-119.6478215,34.4203101],[-119.6477475,34.4202912],[-119.6448499,34.4195395],[-119.644023,34.4193291],[-119.6432904,34.4191742],[-119.6424994,34.4190398],[-119.6421397,34.4189859],[-119.641697,34.4189204],[-119.6410592,34.4188513],[-119.6401148,34.4187829],[-119.6398548,34.4187692],[-119.6396513,34.4187589],[-119.6393321,34.4187517],[-119.638978,34.4187448],[-119.6386259,34.418756],[-119.6382085,34.418763],[-119.6376128,34.4187913],[-119.6369449,34.4188401],[-119.6358844,34.4189457],[-119.6337261,34.4192091],[-119.6335484,34.4192313],[-119.6315193,34.4194728],[-119.6294811,34.4197175],[-119.6280088,34.4199004],[-119.6266701,34.4200606],[-119.6265228,34.420078],[-119.625437,34.4202079],[-119.6240192,34.4203778],[-119.6238773,34.4203943],[-119.6227586,34.4205283],[-119.6223453,34.4205779],[-119.621986,34.420621],[-119.6215259,34.4206766],[-119.6209035,34.4207503],[-119.6201317,34.4208423],[-119.6200308,34.4208534],[-119.6198623,34.4208754],[-119.6190166,34.4209767],[-119.6180489,34.4210895],[-119.6177576,34.4211227],[-119.6175213,34.4211456],[-119.6172715,34.4211656],[-119.6170354,34.4211821],[-119.6166853,34.4211986],[-119.6161955,34.4212056],[-119.6159825,34.4212093],[-119.613945,34.4211607],[-119.6136845,34.4211545],[-119.6132409,34.4211426],[-119.6128623,34.4211247],[-119.6124956,34.421095],[-119.6121976,34.4210639],[-119.6118855,34.4210281],[-119.6114695,34.4209763],[-119.6112858,34.4209535],[-119.6111084,34.4209284],[-119.610835,34.4208869],[-119.6105474,34.4208384],[-119.6102108,34.4207758],[-119.6098233,34.4206952],[-119.6093787,34.420595],[-119.6085447,34.4204049],[-119.6081965,34.4203313],[-119.6080022,34.4202955],[-119.6078336,34.4202677],[-119.607658,34.4202438],[-119.6074526,34.4202194],[-119.6072446,34.4201999],[-119.6070744,34.4201879],[-119.6069011,34.4201793],[-119.6067178,34.4201752],[-119.6065773,34.4201727],[-119.6063387,34.4201772],[-119.6062033,34.4201805],[-119.606013,34.4201913],[-119.6057918,34.4202113],[-119.6055833,34.4202325],[-119.6054324,34.4202534],[-119.6052362,34.4202867],[-119.6050742,34.4203074],[-119.6048252,34.4203581],[-119.6045655,34.4204097],[-119.6043447,34.4204488],[-119.6037996,34.4205574],[-119.6035925,34.4205962],[-119.603269,34.4206556],[-119.6029713,34.4207006],[-119.602751,34.4207289],[-119.6025392,34.420749],[-119.6022884,34.4207664],[-119.6021112,34.4207683],[-119.6019587,34.4207677],[-119.6018276,34.4207649],[-119.6016819,34.4207566],[-119.6014049,34.4207314],[-119.6012972,34.4207189],[-119.601154,34.420697],[-119.6010204,34.4206744],[-119.6007555,34.420623],[-119.6005017,34.4205656],[-119.6002467,34.4205019],[-119.599979,34.420432],[-119.5993815,34.4202726],[-119.5988002,34.4201155],[-119.5983641,34.4199996],[-119.5981397,34.4199398],[-119.5977213,34.4198277],[-119.5973323,34.4197244],[-119.5968843,34.4196044],[-119.5960633,34.419385],[-119.5953592,34.4191983],[-119.5942571,34.4189041],[-119.5936824,34.4187508],[-119.5931059,34.4185975],[-119.5923179,34.4183863],[-119.5915557,34.4181788],[-119.5911685,34.4180666],[-119.5907606,34.4179405],[-119.5899367,34.4176727],[-119.5891274,34.4174055],[-119.5874867,34.4168612],[-119.586927,34.4166802],[-119.5864244,34.4165229],[-119.5859876,34.4163989],[-119.5853927,34.4162624],[-119.5849049,34.4161708],[-119.5847805,34.4161474],[-119.5822132,34.4157617],[-119.5797871,34.4153884],[-119.5793993,34.4153375],[-119.5788952,34.4152815],[-119.5782927,34.4152315],[-119.577507,34.4151982],[-119.5765874,34.4152114],[-119.5764364,34.4152135],[-119.575275,34.4152799],[-119.5738485,34.4154524],[-119.5710827,34.4158484],[-119.567878,34.4163113],[-119.5674266,34.4163524],[-119.5671165,34.4163778],[-119.5667245,34.4163885],[-119.5663725,34.4163851],[-119.5660342,34.4163732],[-119.5656919,34.4163512],[-119.5652877,34.4163142],[-119.5622218,34.4160029],[-119.5618503,34.4159543],[-119.5615373,34.4159219],[-119.5612016,34.4158704],[-119.5609671,34.415835],[-119.5606432,34.4157571],[-119.5603298,34.4156687],[-119.560061,34.4155654],[-119.5597955,34.4154524],[-119.5594673,34.4152869],[-119.5591342,34.4150896],[-119.5588603,34.4148946],[-119.558442,34.414554],[-119.5580017,34.4141757],[-119.5577868,34.4139993],[-119.5567239,34.4130888],[-119.5552593,34.4118478],[-119.553563,34.4103991],[-119.5534004,34.4102638],[-119.5531469,34.4100529],[-119.5519598,34.4090269],[-119.5493481,34.4068092],[-119.5489831,34.4065584],[-119.5487315,34.4063845],[-119.5484686,34.4062357],[-119.5481362,34.4060766],[-119.5477408,34.4059081],[-119.547202,34.4057639],[-119.5466517,34.4056654],[-119.546013,34.405618],[-119.5454851,34.4056055],[-119.5435106,34.4055679],[-119.5410518,34.4055229],[-119.5407655,34.4055101],[-119.540528,34.4054971],[-119.5402001,34.4054719],[-119.5398248,34.405418],[-119.539535,34.4053749],[-119.5392748,34.4053296],[-119.5390321,34.4052816],[-119.5388484,34.4052444],[-119.5385726,34.4051761],[-119.5382894,34.4050993],[-119.5380149,34.4050125],[-119.537722,34.404917],[-119.5373825,34.4047917],[-119.5370962,34.4046732],[-119.5366687,34.404489],[-119.5357527,34.4040639],[-119.5356033,34.404],[-119.5345135,34.4034742],[-119.5332915,34.4029156],[-119.5318941,34.4022423],[-119.5312738,34.4019486],[-119.5308206,34.4017458],[-119.5294133,34.4010772],[-119.5293042,34.4010233],[-119.5291366,34.400946],[-119.5289436,34.400858],[-119.5269066,34.3998931],[-119.5266054,34.3997405],[-119.5264329,34.3996417],[-119.5262071,34.3995147],[-119.5260022,34.3993838],[-119.5257741,34.3992437],[-119.5254647,34.3990218],[-119.5252675,34.3988734],[-119.5248798,34.3985727],[-119.5248625,34.3985593],[-119.5246993,34.3984001],[-119.5244765,34.3981891],[-119.5242093,34.3979252],[-119.5238277,34.3974989],[-119.523674,34.3973141],[-119.5233457,34.3969193],[-119.5228441,34.3963254],[-119.5224975,34.3959159],[-119.5223878,34.3957888],[-119.5223223,34.3957121],[-119.5222537,34.3956301],[-119.5200801,34.3930315],[-119.5187866,34.3914842],[-119.5185847,34.3912415],[-119.5174636,34.3899313],[-119.5173184,34.3898055],[-119.5171222,34.3896302],[-119.5169477,34.3895064],[-119.5167885,34.3893974],[-119.516597,34.3892698],[-119.516411,34.3891676],[-119.5162074,34.3890681],[-119.5159989,34.3889779],[-119.5157643,34.3888795],[-119.5153,34.3887332],[-119.5147649,34.3885881],[-119.5142744,34.3884663],[-119.5108944,34.3876398],[-119.5087227,34.3871021],[-119.5035203,34.3858321],[-119.5031182,34.3857368],[-119.5027955,34.3856698],[-119.5024778,34.3856085],[-119.5022179,34.385564],[-119.5020004,34.385531],[-119.5016076,34.3854732],[-119.501302,34.3854336],[-119.5009029,34.385403],[-119.5004975,34.3853854],[-119.5000444,34.3853676],[-119.4995355,34.3853631],[-119.4979039,34.3854229],[-119.4972446,34.3854184],[-119.497035,34.3854086],[-119.4968603,34.3854005],[-119.4965544,34.3853798],[-119.4962389,34.3853498],[-119.4958638,34.3853004],[-119.4955733,34.3852543],[-119.4953294,34.3852051],[-119.4951176,34.3851595],[-119.4947636,34.385075],[-119.4944561,34.3849972],[-119.4941425,34.384909],[-119.4939328,34.3848386],[-119.4937156,34.3847693],[-119.4934899,34.3846901],[-119.4930742,34.384524],[-119.4918197,34.3839977],[-119.4906673,34.3835043],[-119.4896679,34.3830778],[-119.4864743,34.3817306],[-119.4853272,34.3812489],[-119.4847762,34.3810175],[-119.4839979,34.3806792],[-119.4831892,34.3803347],[-119.4825593,34.3800725],[-119.4819556,34.3798084],[-119.4814709,34.3795752],[-119.4810155,34.379306],[-119.4806326,34.3790061],[-119.4796452,34.378207],[-119.4789655,34.3776665],[-119.478515,34.3773624],[-119.4780665,34.3771182],[-119.4778227,34.3769918],[-119.477521,34.3768529],[-119.4770959,34.3766795],[-119.4767473,34.3765581],[-119.4763275,34.376437],[-119.4759945,34.376369],[-119.4757143,34.3763203],[-119.4754794,34.3762882],[-119.4751947,34.3762622],[-119.4749296,34.3762446],[-119.4747118,34.3762469],[-119.4742967,34.376247],[-119.4740222,34.376267],[-119.4737281,34.3763019],[-119.4732678,34.3763764],[-119.4722173,34.3765355],[-119.4717612,34.376601],[-119.4712703,34.376643],[-119.4706426,34.3766671],[-119.4700973,34.3766585],[-119.4696353,34.3766386],[-119.4690869,34.3765999],[-119.4686544,34.3765501],[-119.4682316,34.3764995],[-119.4677992,34.3764288],[-119.4674527,34.3763637],[-119.4670581,34.3762826],[-119.4662225,34.3760743],[-119.465829,34.3759696],[-119.4654302,34.375858],[-119.4649949,34.37573],[-119.4645023,34.3755938],[-119.4641308,34.3755041],[-119.4637699,34.3754235],[-119.4632937,34.3753184],[-119.4627774,34.3752022],[-119.462331,34.375101],[-119.461799,34.3749833],[-119.4613446,34.3748811],[-119.4609367,34.3747746],[-119.4607099,34.3747068],[-119.4604972,34.3746358],[-119.4603311,34.3745717],[-119.4601661,34.3745069],[-119.4599531,34.3744079],[-119.4597678,34.3743166],[-119.4595939,34.3742215],[-119.4593054,34.3740494],[-119.4590549,34.3739005],[-119.458787,34.373726],[-119.4584006,34.3734953],[-119.4579021,34.3731766],[-119.4573497,34.3727833],[-119.4569093,34.3724284],[-119.4562955,34.3719031],[-119.455934,34.3715681],[-119.4555489,34.3712084],[-119.4552482,34.370947],[-119.4550372,34.3707436],[-119.4548206,34.3705612],[-119.4544185,34.3701829],[-119.4541112,34.3699079],[-119.453832,34.3696338],[-119.4535754,34.3693694],[-119.4531936,34.3689462],[-119.4526009,34.3682474],[-119.452035,34.367525],[-119.451724,34.3671066],[-119.4514985,34.3668408],[-119.4512235,34.3664826],[-119.4509264,34.3661073],[-119.4506803,34.365808],[-119.4502744,34.3653683],[-119.449422,34.3644523],[-119.4485485,34.3635049],[-119.4475063,34.3623804],[-119.4473976,34.3622603],[-119.4472798,34.3621301],[-119.4472298,34.3620756],[-119.4469663,34.361791],[-119.4460163,34.3607586],[-119.44543,34.3601137],[-119.4449249,34.3595636],[-119.4435821,34.3581204],[-119.4433849,34.3579186],[-119.4431965,34.3577495],[-119.4430468,34.3576149],[-119.4428007,34.3574343],[-119.4425955,34.3572934],[-119.4422275,34.3570859],[-119.4418283,34.3568939],[-119.4414532,34.3567633],[-119.4409632,34.3566262],[-119.440595,34.3565528],[-119.4402832,34.3565128],[-119.4399368,34.3564895],[-119.4395758,34.356486],[-119.4390516,34.3565118],[-119.4390032,34.3565132],[-119.4385243,34.3565273],[-119.4376476,34.3565535],[-119.4365579,34.3565874],[-119.4362288,34.3565978],[-119.4359173,34.3566127],[-119.4355775,34.3566399],[-119.4351167,34.3566938],[-119.4347599,34.3567475],[-119.4341656,34.3568171],[-119.4338368,34.3568613],[-119.4335573,34.3568927],[-119.433288,34.356897],[-119.4329919,34.3568835],[-119.4327211,34.3568567],[-119.4324745,34.3568193],[-119.4322398,34.3567679],[-119.4319694,34.3566973],[-119.431657,34.3565937],[-119.4313276,34.3564519],[-119.4311059,34.3563521],[-119.4308118,34.3562141],[-119.4305581,34.3560683],[-119.4302921,34.3559213],[-119.4299636,34.3557148],[-119.429729,34.3555563],[-119.4295343,34.3554219],[-119.4292988,34.3552516],[-119.4290263,34.3550562],[-119.4286958,34.3548055],[-119.4283499,34.3545321],[-119.4279528,34.3542093],[-119.4275742,34.3538963],[-119.4269127,34.3533655],[-119.4260984,34.3526592],[-119.4255757,34.3521967],[-119.4251303,34.351777],[-119.424364,34.3510297],[-119.4221487,34.3488624],[-119.4220186,34.348732],[-119.4214352,34.348162],[-119.4208927,34.3476295],[-119.4202094,34.3469667],[-119.4192248,34.3459963],[-119.4184523,34.3452423],[-119.4182972,34.3450945],[-119.4182449,34.3450407],[-119.4181926,34.34499],[-119.4180528,34.3448547],[-119.4178504,34.3446588],[-119.4168058,34.3436254],[-119.4162824,34.3431075],[-119.4147392,34.3415958],[-119.4141167,34.3409796],[-119.4133321,34.3402274],[-119.4129618,34.3398614],[-119.4126616,34.3395552],[-119.4124317,34.339344],[-119.4120835,34.3390429],[-119.4114564,34.3385371],[-119.4109687,34.3381663],[-119.4106913,34.337973],[-119.4103359,34.3377246],[-119.4097825,34.337372],[-119.4093645,34.3371058],[-119.4086298,34.3366441],[-119.407638,34.3360165],[-119.4062417,34.3351452],[-119.4049365,34.3343233],[-119.4037676,34.3335871],[-119.4036447,34.33351],[-119.4024556,34.332764],[-119.4022184,34.3326064],[-119.4019562,34.3324474],[-119.4015674,34.3322008],[-119.4013138,34.3320235],[-119.4010358,34.331827],[-119.400754,34.3315857],[-119.400388,34.3312616],[-119.4000781,34.3309324],[-119.399751,34.3305558],[-119.3992877,34.3299773],[-119.3988995,34.3295025],[-119.3984959,34.329022],[-119.3981754,34.3286133],[-119.3978202,34.3281885],[-119.3974807,34.3277789],[-119.3967239,34.3268306],[-119.3963777,34.3263898],[-119.3960248,34.3259302],[-119.3953424,34.3250322],[-119.3949198,34.324512],[-119.3944984,34.3239532],[-119.3940541,34.3233705],[-119.3932625,34.3223623],[-119.3928599,34.3218239],[-119.3924677,34.3213244],[-119.3921024,34.3208731],[-119.3917743,34.3204371],[-119.3913553,34.319968],[-119.3911862,34.3198106],[-119.3910062,34.3196533],[-119.3909397,34.3196011],[-119.3908049,34.3195007],[-119.3906045,34.319365],[-119.3903078,34.3191936],[-119.39008,34.3190842],[-119.3898219,34.3189842],[-119.3895471,34.3189009],[-119.3893062,34.3188483],[-119.3890715,34.318801],[-119.3888572,34.3187646],[-119.3886239,34.3187432],[-119.3884541,34.318742],[-119.3881798,34.3187415],[-119.3879364,34.31875],[-119.3876538,34.3187807],[-119.3873278,34.3188382],[-119.3869739,34.3189174],[-119.3865267,34.3190308],[-119.385991,34.3191641],[-119.3849159,34.3194543],[-119.3836423,34.3198097],[-119.3833135,34.3199014],[-119.3825011,34.3201152],[-119.3818856,34.3202827],[-119.3807512,34.3205875],[-119.3796213,34.3208847],[-119.379087,34.321023],[-119.3787004,34.32113],[-119.378312,34.3212339],[-119.3779579,34.3213122],[-119.3775395,34.3213946],[-119.3770647,34.3214628],[-119.3765647,34.3215148],[-119.3761377,34.3215438],[-119.3758696,34.3215642],[-119.375765,34.3215664],[-119.3753517,34.3215655],[-119.3749478,34.3215477],[-119.3745667,34.3215178],[-119.3742031,34.3214749],[-119.3739008,34.321429],[-119.3735013,34.3213584],[-119.3731157,34.3212796],[-119.3727039,34.3211868],[-119.372322,34.321078],[-119.372056,34.320992],[-119.371561,34.320816],[-119.371323,34.320716],[-119.371004,34.320573],[-119.37059,34.320374],[-119.370084,34.320098],[-119.3695479,34.3197729],[-119.3689593,34.3194304],[-119.3683749,34.3190881],[-119.3679023,34.3188108],[-119.3670448,34.3183144],[-119.3668937,34.318222],[-119.3667517,34.3181415],[-119.3659137,34.3176556],[-119.3654379,34.3173566],[-119.3650729,34.317129],[-119.3646736,34.3168533],[-119.3640731,34.3164209],[-119.3635558,34.3160333],[-119.3630388,34.3156453],[-119.362609,34.3153226],[-119.362166,34.3149833],[-119.3615517,34.3145206],[-119.3597908,34.313179],[-119.3591514,34.312696],[-119.3585483,34.3122337],[-119.3581195,34.3119183],[-119.3577341,34.3116243],[-119.3577081,34.3116044],[-119.3572208,34.3112305],[-119.3564009,34.3106178],[-119.3561863,34.310455],[-119.354519,34.3091904],[-119.3537444,34.3086089],[-119.3533315,34.3082878],[-119.3528899,34.3079397],[-119.3521371,34.3073201],[-119.3495395,34.3052007],[-119.3494815,34.3051508],[-119.3491451,34.3048615],[-119.3482978,34.3041085],[-119.3477056,34.3035523],[-119.3473589,34.3032206],[-119.3468693,34.3027335],[-119.3463371,34.302168],[-119.3456146,34.3013596],[-119.3451091,34.3007721],[-119.3439033,34.2992739],[-119.3435054,34.298762],[-119.3426332,34.2976775],[-119.3423352,34.2973069],[-119.3416561,34.2964722],[-119.3416336,34.2964436],[-119.3416015,34.2964027],[-119.3414642,34.2962278],[-119.3408253,34.2954235],[-119.340035,34.2944287],[-119.339118,34.293304],[-119.3387093,34.2927787],[-119.3381004,34.2920249],[-119.3376816,34.2915653],[-119.3374569,34.2913469],[-119.33739,34.291277],[-119.3369808,34.2909135],[-119.3366634,34.2906668],[-119.3361216,34.2902699],[-119.3357947,34.2900439],[-119.3354963,34.2898726],[-119.3351249,34.2896708],[-119.3347328,34.2894752],[-119.3340763,34.2891785],[-119.3338361,34.2890739],[-119.3332403,34.2888377],[-119.3284992,34.286956],[-119.3280333,34.2867665],[-119.3278424,34.2866952],[-119.3265297,34.2861748],[-119.3223459,34.2845022],[-119.3222224,34.2844564],[-119.3221333,34.2844199],[-119.3215384,34.2841689],[-119.3212023,34.2840078],[-119.3206836,34.2837424],[-119.3203738,34.2835714],[-119.3201027,34.2834156],[-119.3197904,34.2832194],[-119.3195344,34.2830508],[-119.3193518,34.2829336],[-119.3183138,34.282182],[-119.3167048,34.2810213],[-119.3150275,34.2798232],[-119.3149739,34.2797853],[-119.3136582,34.2788567],[-119.3130066,34.2783826],[-119.3127301,34.2781774],[-119.3123468,34.2779038],[-119.3122398,34.2778338],[-119.3120907,34.2777332],[-119.311963,34.2776461],[-119.3118156,34.2775572],[-119.311687,34.2774822],[-119.3115383,34.2774036],[-119.3113774,34.2773264],[-119.311196,34.2772503],[-119.3110693,34.2772022],[-119.3109242,34.2771555],[-119.3107967,34.2771195],[-119.3106944,34.277094],[-119.3106101,34.2770741],[-119.3104518,34.2770391],[-119.3103149,34.2770157],[-119.3102248,34.2770014],[-119.3101309,34.2769903],[-119.310053,34.2769835],[-119.3099259,34.2769702],[-119.3098113,34.276963],[-119.3096964,34.2769561],[-119.3095906,34.276953],[-119.3094509,34.2769505],[-119.3091779,34.2769495],[-119.3070587,34.2769572],[-119.3070413,34.2769571],[-119.3068883,34.2769602],[-119.30379,34.2769743],[-119.303749,34.276974],[-119.3031216,34.2769694],[-119.3017027,34.2769805],[-119.3015258,34.2769809],[-119.3006477,34.2769826],[-119.2999726,34.2769839],[-119.2991236,34.2769853],[-119.2978085,34.2769898],[-119.2977089,34.2769908],[-119.2976289,34.2769911],[-119.2965595,34.276996],[-119.2942514,34.2770013],[-119.2932268,34.2770051],[-119.2931093,34.2770045],[-119.2917138,34.2770097],[-119.2899412,34.2770169],[-119.289669,34.2770139],[-119.2894853,34.2770086],[-119.2893502,34.2769993],[-119.2892158,34.2769896],[-119.2890895,34.2769765],[-119.288986,34.2769641],[-119.2888653,34.2769502],[-119.2887182,34.2769255],[-119.2885038,34.2768843],[-119.288382,34.2768572],[-119.2881037,34.2767893],[-119.2877322,34.2766825],[-119.2871799,34.2765195],[-119.2870282,34.2764747],[-119.2858804,34.2761213],[-119.2855653,34.2760274],[-119.2838858,34.2755269],[-119.2826698,34.2751562],[-119.2826201,34.2751413],[-119.2821185,34.2749914],[-119.2816849,34.2748638],[-119.2814185,34.274784],[-119.2811514,34.2747018],[-119.2807777,34.2745883],[-119.2802176,34.2744207],[-119.2793153,34.2741483],[-119.2776415,34.2736402],[-119.2768257,34.2733985],[-119.2761227,34.2731834],[-119.2755519,34.2729929],[-119.2752651,34.2728831],[-119.2749257,34.2727481],[-119.2745621,34.272584],[-119.2741529,34.2723711],[-119.2738995,34.2722309],[-119.2736185,34.27206],[-119.2733066,34.2718582],[-119.2729395,34.2715946],[-119.2727101,34.2714109],[-119.2724384,34.27119],[-119.2712166,34.2701093],[-119.2698374,34.2688825],[-119.2695548,34.268644],[-119.2692415,34.2683896],[-119.2688297,34.2681023],[-119.2684898,34.2678843],[-119.2682612,34.2677511],[-119.2679145,34.2675601],[-119.2631551,34.2653166],[-119.2551722,34.2615691],[-119.2535338,34.2608],[-119.253395,34.2607349],[-119.2498323,34.2590645],[-119.2496953,34.2590007],[-119.2496198,34.2589663],[-119.2293972,34.2494737],[-119.2274775,34.2485695],[-119.2270296,34.2483628],[-119.2267041,34.2482165],[-119.2265228,34.2481424],[-119.2263371,34.2480705],[-119.2260925,34.2479843],[-119.2257692,34.2478856],[-119.2255113,34.2478155],[-119.2252209,34.247756],[-119.2249031,34.2477017],[-119.224632,34.2476652],[-119.2244119,34.2476438],[-119.224201,34.2476262],[-119.2241182,34.2476208],[-119.224026,34.2476176],[-119.2238948,34.247617],[-119.223746,34.2476141],[-119.2235702,34.247618],[-119.2234041,34.2476263],[-119.2232258,34.247635],[-119.2230311,34.2476515],[-119.2228101,34.2476726],[-119.2223976,34.2477277],[-119.2132217,34.2491305],[-119.2130482,34.249157],[-119.2121747,34.2492894],[-119.2117189,34.249352],[-119.2114618,34.2493838],[-119.2110799,34.2494209],[-119.2107081,34.2494469],[-119.2102226,34.2494698],[-119.2098026,34.2494779],[-119.2090661,34.249463],[-119.2086271,34.2494338],[-119.2081863,34.2493907],[-119.207538,34.249321],[-119.2070176,34.2492349],[-119.2060121,34.2490074],[-119.2054129,34.248838],[-119.2048032,34.2486395],[-119.2042624,34.2484334],[-119.2034133,34.2480586],[-119.2014793,34.2470664],[-119.2003574,34.2464909],[-119.2002182,34.2464196],[-119.1955022,34.2440029],[-119.1949013,34.2436903],[-119.1945875,34.2435151],[-119.1936128,34.242877],[-119.1885949,34.239387],[-119.180503,34.2337574],[-119.1796744,34.2331609],[-119.1792682,34.2328774],[-119.1789433,34.2326476],[-119.1786253,34.232414],[-119.1783053,34.232146],[-119.1780757,34.2319318],[-119.1778808,34.2317176],[-119.1776588,34.2314523],[-119.177447,34.231187],[-119.1772598,34.2309017],[-119.177002,34.2304256],[-119.1768854,34.2300826],[-119.1767774,34.2297531],[-119.1766743,34.2292708],[-119.1766428,34.2290575],[-119.1766255,34.2288493],[-119.1766128,34.2282084],[-119.1766291,34.227631],[-119.1766335,34.2274745],[-119.1766426,34.2271549],[-119.1766453,34.2270395],[-119.1766486,34.2268961],[-119.1768246,34.219262],[-119.1768274,34.219141],[-119.1768366,34.2189823],[-119.176837,34.2189038],[-119.1769941,34.2065211],[-119.1769949,34.206455],[-119.1769956,34.2063922],[-119.1770159,34.2046379],[-119.1770169,34.2045546],[-119.177018,34.2044744],[-119.1770195,34.2043605],[-119.1770212,34.2042271],[-119.1770293,34.2033199],[-119.1770326,34.2029479],[-119.1770309,34.2024953],[-119.1770063,34.2021358],[-119.1769344,34.2016907],[-119.1768293,34.2012819],[-119.176689,34.2008967],[-119.1765386,34.2005705],[-119.1764014,34.2003215],[-119.1762015,34.200032],[-119.1760904,34.1998577],[-119.1760001,34.1997249],[-119.1757036,34.1993833],[-119.1754723,34.1991468],[-119.1752106,34.1989084],[-119.1749231,34.1986811],[-119.1745657,34.1984347],[-119.1742321,34.1982384],[-119.1739654,34.1980968],[-119.1737634,34.1980011],[-119.1734944,34.1978846],[-119.1732675,34.1977968],[-119.1730256,34.1977117],[-119.1728052,34.1976432],[-119.1724671,34.1975543],[-119.1721855,34.1974918],[-119.1718885,34.1974393],[-119.1716428,34.1974053],[-119.171347,34.1973752],[-119.1710589,34.1973563],[-119.1706699,34.1973432],[-119.1691116,34.1973222],[-119.1689325,34.1973198],[-119.167392,34.1973039],[-119.1651801,34.1972934],[-119.1636089,34.1972923],[-119.1620332,34.1972791],[-119.1600886,34.1972646],[-119.1599668,34.1972647],[-119.1598641,34.1972647],[-119.1597228,34.1972586],[-119.1596382,34.197258],[-119.1586804,34.1972513],[-119.1574671,34.1972319],[-119.1566591,34.1972305],[-119.1555562,34.1972285],[-119.1554194,34.1972274],[-119.1423592,34.1971238],[-119.1422229,34.1971228],[-119.1407314,34.1971142],[-119.1395254,34.1971047],[-119.1370278,34.1970882],[-119.1337717,34.1970614],[-119.1280203,34.1970088],[-119.1274774,34.1970109],[-119.1273033,34.1970107],[-119.1270921,34.1970091],[-119.1248766,34.1969924],[-119.1164363,34.196926],[-119.1163302,34.1969263],[-119.1145445,34.1969128],[-119.1115116,34.1968881],[-119.1097998,34.1968756],[-119.1096328,34.1968754],[-119.104269,34.1968332],[-119.1039337,34.1968309],[-119.0960946,34.1967687],[-119.095886,34.1967671],[-119.0914136,34.1967338],[-119.0871947,34.1966983],[-119.0871611,34.196698],[-119.0700669,34.1965615],[-119.0697867,34.1965593],[-119.0577908,34.1964666],[-119.0511081,34.1964106],[-119.0504184,34.1964054],[-119.0498134,34.1964074],[-119.0495288,34.1964152],[-119.0492916,34.1964278],[-119.0489625,34.1964598],[-119.0485854,34.19651],[-119.0482867,34.1965638],[-119.0480083,34.1966331],[-119.0476884,34.1967162],[-119.0474083,34.1968063],[-119.0471257,34.1969054],[-119.0468438,34.1970244],[-119.0466118,34.1971362],[-119.0464078,34.1972382],[-119.0461896,34.197357],[-119.0459135,34.1975285],[-119.0457108,34.1976688],[-119.0454782,34.1978389],[-119.0452472,34.1980398],[-119.0450723,34.1982],[-119.0449101,34.1983497],[-119.0447183,34.1985559],[-119.0445824,34.1987238],[-119.0444541,34.1988909],[-119.0442802,34.199127],[-119.0441554,34.1993201],[-119.044036,34.199529],[-119.043897,34.1997844],[-119.0436808,34.2002217],[-119.043157,34.2013],[-119.042813,34.202022],[-119.0422763,34.2031239],[-119.0414837,34.2047403],[-119.0411429,34.2054604],[-119.0410921,34.2055724],[-119.0409543,34.2058587],[-119.0408964,34.205979],[-119.0403632,34.2070738],[-119.0401903,34.2074221],[-119.0399164,34.207974],[-119.039585,34.208583],[-119.0393656,34.2089317],[-119.0391736,34.2092377],[-119.0390528,34.2094145],[-119.0385152,34.2101542],[-119.038199,34.210571],[-119.0369762,34.2121354],[-119.0365904,34.2126305],[-119.0355941,34.2139117],[-119.034591,34.2151885],[-119.0343153,34.2155395],[-119.0337763,34.2162423],[-119.0333184,34.2168233],[-119.0324783,34.2178966],[-119.0317585,34.218821],[-119.031339,34.2193239],[-119.0308668,34.2198323],[-119.030162,34.2205342],[-119.0296821,34.2209995],[-119.0273403,34.2232648],[-119.02637,34.224203],[-119.02542,34.225132],[-119.0212475,34.2291725],[-119.0205822,34.2298167],[-119.0202154,34.2301721],[-119.0201234,34.2302595],[-119.0193267,34.2310164],[-119.0192436,34.2310961],[-119.0179612,34.2323356],[-119.0174846,34.2327939],[-119.016878,34.2333969],[-119.0164251,34.2338326],[-119.0161029,34.2341671],[-119.0158678,34.2344029],[-119.0156984,34.234593],[-119.0155808,34.234744],[-119.015405,34.2349706],[-119.0151563,34.2353129],[-119.013709,34.2373311],[-119.0117207,34.240119],[-119.0110944,34.2409994],[-119.0107162,34.2415224],[-119.0103616,34.2420416],[-119.0100734,34.24243],[-119.0100277,34.2424918],[-119.0099471,34.2426061],[-119.0098889,34.2426809],[-119.0076844,34.2457546],[-119.0073322,34.2461945],[-119.006972,34.2465851],[-119.0066339,34.2469151],[-119.0063415,34.2471584],[-119.0060445,34.247398],[-119.0057887,34.2475839],[-119.0055279,34.2477616],[-119.004246,34.248604],[-118.9997953,34.2514533],[-118.9996256,34.2515619],[-118.9969326,34.2532859],[-118.9954893,34.2542119],[-118.9951654,34.2544112],[-118.993082,34.255755],[-118.9887337,34.2585457],[-118.986708,34.259854],[-118.984778,34.261091],[-118.980533,34.263803],[-118.9804403,34.263863],[-118.980278,34.263968],[-118.979876,34.264221],[-118.9794038,34.2644712],[-118.9790511,34.2646408],[-118.9787204,34.2647804],[-118.9783889,34.2649124],[-118.9779641,34.2650658],[-118.9775716,34.2651903],[-118.977267,34.2652763],[-118.9769523,34.2653566],[-118.976572,34.265437],[-118.9754957,34.2656104],[-118.9742821,34.2658044],[-118.9740946,34.265833],[-118.9713027,34.2662594],[-118.969415,34.266549],[-118.968386,34.2667038],[-118.965564,34.267134],[-118.9644584,34.2673039],[-118.9630714,34.2675257],[-118.9614993,34.2677636],[-118.9579549,34.2683052],[-118.9551054,34.2687459],[-118.9540132,34.2689189],[-118.952155,34.2692],[-118.9507995,34.2694158],[-118.949842,34.26956],[-118.948382,34.269783],[-118.946107,34.270133],[-118.945332,34.270258],[-118.945034,34.270323],[-118.944547,34.270426],[-118.9435942,34.2706266],[-118.9420353,34.2709832],[-118.9402639,34.271375],[-118.940234,34.271383],[-118.939742,34.2715044],[-118.9389664,34.271673],[-118.9373151,34.2720495],[-118.9352568,34.2725084],[-118.9341643,34.2727613],[-118.9335348,34.2729299],[-118.9330986,34.2730612],[-118.9326771,34.2732121],[-118.9322994,34.2733616],[-118.9318182,34.2735755],[-118.931355,34.273804],[-118.9306067,34.274166],[-118.930573,34.2741825],[-118.9304441,34.2742455],[-118.9260723,34.276383],[-118.923711,34.27754],[-118.9217531,34.2784926],[-118.9212596,34.2787398],[-118.9208698,34.278922],[-118.9202729,34.2792028],[-118.919895,34.2793565],[-118.9195038,34.2795166],[-118.9190674,34.2796544],[-118.9190498,34.27966],[-118.9187359,34.2797525],[-118.918482,34.27982],[-118.917741,34.279982],[-118.916951,34.280143],[-118.916621,34.280211],[-118.916355,34.280258],[-118.9151844,34.2805024],[-118.912834,34.280993],[-118.910675,34.281434],[-118.910064,34.281556],[-118.90989,34.281595],[-118.907171,34.282149],[-118.905971,34.282404],[-118.9041412,34.2827728],[-118.9009659,34.2834252],[-118.8961658,34.2844109],[-118.8950292,34.284644],[-118.894565,34.284735],[-118.8942099,34.2847858],[-118.8937702,34.2848393],[-118.8932435,34.2848766],[-118.8927184,34.2848953],[-118.8922656,34.2848984],[-118.8922084,34.2848985],[-118.891951,34.2848992],[-118.890986,34.2848971],[-118.8903992,34.284897],[-118.8821609,34.2848963],[-118.8820592,34.2848973],[-118.8819706,34.2848974],[-118.8782279,34.2849013],[-118.8781239,34.2849017],[-118.8775805,34.2849033],[-118.8750717,34.2848981],[-118.8748896,34.2848986],[-118.8747948,34.2848988],[-118.8746616,34.2848992],[-118.8745675,34.2848994],[-118.8735308,34.2849021],[-118.8734141,34.2849024],[-118.8700406,34.2848968],[-118.8699368,34.2848984],[-118.869243,34.2849022],[-118.8679446,34.2849056],[-118.8672658,34.2849248],[-118.8668083,34.2849596],[-118.8664553,34.2849955],[-118.8661171,34.2850388],[-118.8657049,34.2851089],[-118.864649,34.2853258],[-118.864101,34.285441],[-118.8622372,34.2858596],[-118.8615707,34.2860076],[-118.858605,34.286635],[-118.8582881,34.2867086],[-118.858209,34.286727],[-118.857952,34.286786],[-118.857405,34.286929],[-118.856941,34.287063],[-118.856457,34.287214],[-118.856396,34.287234],[-118.856054,34.287346],[-118.8554431,34.287546],[-118.8541927,34.2879564],[-118.853535,34.288171],[-118.8439764,34.2913272],[-118.8433358,34.2915338],[-118.8407076,34.2923967],[-118.840322,34.2925212],[-118.8399279,34.2926244],[-118.8396151,34.292704],[-118.8394015,34.2927666],[-118.8391288,34.2928089],[-118.8388562,34.2928335],[-118.838464,34.29286],[-118.838154,34.292864],[-118.837911,34.292854],[-118.837667,34.292834],[-118.837345,34.292793],[-118.837055,34.292739],[-118.836824,34.292686],[-118.8366048,34.2926288],[-118.836536,34.292603],[-118.836277,34.292514],[-118.835977,34.29239],[-118.835712,34.292263],[-118.8352063,34.2919759],[-118.8347501,34.2916977],[-118.832294,34.290157],[-118.831778,34.289874],[-118.831276,34.289637],[-118.831049,34.28954],[-118.830595,34.289365],[-118.8302031,34.2892353],[-118.8258097,34.2879447],[-118.8248223,34.2877176],[-118.8240366,34.2876009],[-118.8230959,34.2875079],[-118.8179944,34.287224],[-118.8139799,34.2869932],[-118.8138327,34.2869849],[-118.8135565,34.2869713],[-118.8134549,34.2869651],[-118.8130101,34.2869378],[-118.812904,34.2869313],[-118.8114054,34.2868487],[-118.8108355,34.2868173],[-118.8102265,34.2867693],[-118.8097505,34.2867093],[-118.8091375,34.2866033],[-118.8084985,34.2864573],[-118.8081615,34.2863623],[-118.8078195,34.2862543],[-118.8073115,34.2860683],[-118.8070345,34.2859563],[-118.8066475,34.2857813],[-118.8062845,34.2856013],[-118.8058645,34.2853663],[-118.8055485,34.2851713],[-118.8051805,34.2849213],[-118.8049015,34.2847143],[-118.8045605,34.2844403],[-118.8029491,34.2830815],[-118.8025765,34.2827673],[-118.8021085,34.2823943],[-118.8017655,34.2821533],[-118.8014475,34.2819553],[-118.8013555,34.2819033],[-118.8010965,34.2817583],[-118.8007085,34.2815683],[-118.8002365,34.2813693],[-118.7996995,34.2811823],[-118.7991715,34.2810363],[-118.7986065,34.2809183],[-118.7981635,34.2808523],[-118.7976735,34.2808043],[-118.7972655,34.2807823],[-118.7969786,34.2807712],[-118.7959025,34.2807293],[-118.7911065,34.2805513],[-118.7906575,34.2805243],[-118.7901055,34.2804673],[-118.7895585,34.2803843],[-118.7890185,34.2802743],[-118.7884865,34.2801403],[-118.7880885,34.2800203],[-118.7877215,34.2798953],[-118.7873605,34.2797573],[-118.7869835,34.2795973],[-118.7862065,34.2792261],[-118.7855445,34.2789123],[-118.7849096,34.2786068],[-118.7848231,34.2785648],[-118.78211,34.277248],[-118.78186,34.277127],[-118.781144,34.27678],[-118.7807456,34.2766019],[-118.7802466,34.2763879],[-118.7798991,34.2762601],[-118.7794896,34.276128],[-118.7789692,34.2759806],[-118.7788152,34.2759399],[-118.7787248,34.2759168],[-118.7764421,34.2753139],[-118.7645986,34.2722671],[-118.7640424,34.2721494],[-118.7636344,34.2720829],[-118.763301,34.2720433],[-118.7629539,34.2720096],[-118.7625742,34.2719828],[-118.7620371,34.27197],[-118.7615656,34.271964],[-118.761475,34.2719629],[-118.7613365,34.2719612],[-118.7604268,34.2719622],[-118.7439688,34.2719645],[-118.7438741,34.2719645],[-118.7437404,34.2719643],[-118.7436393,34.2719658],[-118.7435,34.2719659],[-118.739879,34.2719672],[-118.7398218,34.2719679],[-118.7397236,34.271969],[-118.7397061,34.2719692],[-118.7306066,34.2719713],[-118.7304865,34.2719713],[-118.7296686,34.2719713],[-118.7175063,34.271959],[-118.71741,34.2719599],[-118.7172574,34.2719594],[-118.7171683,34.2719591],[-118.7090965,34.2719583],[-118.7089606,34.2719562],[-118.7088517,34.2719562],[-118.7086795,34.2719602],[-118.7084646,34.2719594],[-118.7018613,34.2719553],[-118.7016395,34.2719543],[-118.7013013,34.2719542],[-118.7011112,34.2719523],[-118.7008852,34.2719607],[-118.7003413,34.2719567],[-118.6998632,34.2719334],[-118.6994796,34.271899],[-118.6992656,34.2718709],[-118.6989843,34.2718266],[-118.6986933,34.271766],[-118.6983247,34.2716734],[-118.6978563,34.2715249],[-118.6975685,34.2714153],[-118.6971749,34.2712416],[-118.6968924,34.2711001],[-118.696582,34.270933],[-118.6964526,34.2708555],[-118.6947308,34.2698354],[-118.6945441,34.2697282],[-118.6937247,34.2692389],[-118.6936942,34.2692219],[-118.6936229,34.2691806],[-118.6936026,34.2691658],[-118.6919182,34.268174],[-118.6917413,34.2680681],[-118.690763,34.267497],[-118.690382,34.267289],[-118.690059,34.267127],[-118.689346,34.266803],[-118.688869,34.266613],[-118.688382,34.26644],[-118.687837,34.26627],[-118.687309,34.266126],[-118.686799,34.266008],[-118.686258,34.265902],[-118.685711,34.265817],[-118.685187,34.265754],[-118.684502,34.2657],[-118.683749,34.265672],[-118.679615,34.2655748],[-118.6784645,34.2655577],[-118.6783072,34.2655553],[-118.6767429,34.265516],[-118.676487,34.265502],[-118.676125,34.265483],[-118.675756,34.265452],[-118.675063,34.265361],[-118.674598,34.265276],[-118.674113,34.265164],[-118.673661,34.265039],[-118.673217,34.264895],[-118.672524,34.264628],[-118.671373,34.264148],[-118.6705087,34.2637916],[-118.6696009,34.2634103],[-118.669391,34.2633235],[-118.669029,34.26317],[-118.6657092,34.2617902],[-118.6653675,34.2616425],[-118.6649897,34.2614928],[-118.6646059,34.2613517],[-118.6642674,34.2612413],[-118.6640343,34.2611763],[-118.6637787,34.261113],[-118.6635487,34.2610651],[-118.6633615,34.2610301],[-118.6629682,34.2609729],[-118.6625723,34.2609362],[-118.662192,34.2609263],[-118.661784,34.2609306],[-118.6613688,34.260958],[-118.6609528,34.2609857],[-118.6596775,34.2611316],[-118.6571639,34.261405],[-118.6564657,34.2615039],[-118.6560357,34.2615812],[-118.6555803,34.2616952],[-118.6551903,34.261821],[-118.6547556,34.2619862],[-118.6543633,34.2621608],[-118.6539911,34.2623706],[-118.6536657,34.2625847],[-118.6533239,34.262818],[-118.6530069,34.2630924],[-118.6527689,34.2633238],[-118.6523223,34.2637649],[-118.6518469,34.2642608],[-118.6517274,34.2643783],[-118.6514521,34.264658],[-118.6510745,34.2649914],[-118.6507655,34.2652255],[-118.6504307,34.2654525],[-118.6501405,34.2656067],[-118.6500304,34.2656605],[-118.6497735,34.2657689],[-118.6496336,34.2658242],[-118.6494224,34.2658971],[-118.6491751,34.26597],[-118.6488945,34.2660386],[-118.6486837,34.2660787],[-118.6484571,34.2661144],[-118.6482662,34.2661345],[-118.6481466,34.2661446],[-118.6480283,34.2661547],[-118.6478072,34.2661627],[-118.6475529,34.266161],[-118.6472725,34.2661497],[-118.6470077,34.2661271],[-118.6464111,34.2660627],[-118.6222691,34.2632512],[-118.6218133,34.2632012],[-118.6214893,34.2631801],[-118.6212566,34.2631777],[-118.620983,34.2631919],[-118.6207143,34.2632264],[-118.6204351,34.2632793],[-118.6201867,34.2633395],[-118.6171478,34.2641204],[-118.6158603,34.2644507],[-118.6153008,34.2646167],[-118.614776,34.2648236],[-118.6143272,34.2650647],[-118.6141914,34.2651598],[-118.6140361,34.2652797],[-118.6139362,34.2653698],[-118.61385,34.2654611],[-118.6136837,34.2656536],[-118.613548,34.2658474],[-118.6134215,34.2660689],[-118.6133313,34.2662593],[-118.6132597,34.2664572],[-118.6131719,34.266738],[-118.6123829,34.2696687],[-118.6123277,34.2698362],[-118.612215,34.2701361],[-118.6120977,34.2703726],[-118.6119717,34.2705697],[-118.6118241,34.2707653],[-118.6116699,34.2709331],[-118.6115084,34.2710797],[-118.6113826,34.2711825],[-118.6112396,34.2712864],[-118.6110569,34.2714043],[-118.6108649,34.2715056],[-118.6106711,34.2715953],[-118.6104522,34.2716793],[-118.6102281,34.2717489],[-118.6099817,34.2718081],[-118.6097225,34.2718505],[-118.6094615,34.2718803],[-118.6091355,34.2719045],[-118.608423,34.2719384],[-118.6053874,34.2720609],[-118.6039812,34.272118],[-118.6036024,34.2721336],[-118.6031972,34.2721537],[-118.6028903,34.2721599],[-118.6026613,34.2721565],[-118.6023854,34.2721402],[-118.6021697,34.2721154],[-118.6019094,34.2720698],[-118.601718,34.2720199],[-118.6014836,34.2719483],[-118.6012701,34.2718649],[-118.6011066,34.2717901],[-118.6009276,34.2716944],[-118.600736,34.2715762],[-118.6005251,34.2714211],[-118.6003841,34.2713022],[-118.6002426,34.271164],[-118.6001931,34.2711098],[-118.6001402,34.2710486],[-118.600031,34.2709171],[-118.5999011,34.2707215],[-118.599823,34.2705832],[-118.5997555,34.2704459],[-118.5996884,34.27028],[-118.5996403,34.2701285],[-118.5995883,34.2699137],[-118.599575,34.2698229],[-118.5995557,34.2696679],[-118.5995422,34.2694655],[-118.599536,34.2688049],[-118.5995349,34.2681883],[-118.5995344,34.2677965],[-118.59953,34.2646043],[-118.5995298,34.2645126],[-118.5995222,34.2573634],[-118.5995206,34.2572836],[-118.5995222,34.2571969],[-118.5995197,34.2571172],[-118.5995179,34.2569737],[-118.5995048,34.2535009],[-118.5995026,34.2523556],[-118.5995019,34.2502174],[-118.5995019,34.2501027],[-118.5994963,34.2500409],[-118.5995008,34.2499283],[-118.5995037,34.2498736],[-118.5994898,34.2494503],[-118.5994607,34.2489323],[-118.5993872,34.2483539],[-118.5993399,34.2480661],[-118.5993066,34.2478955],[-118.5992724,34.2477326],[-118.5992325,34.2475698],[-118.5991889,34.2473988],[-118.5991278,34.2471808],[-118.5990525,34.2469348],[-118.5990155,34.2468227],[-118.5989784,34.246716],[-118.598884,34.2464616],[-118.5987809,34.2462083],[-118.598691,34.2460033],[-118.5985978,34.2457977],[-118.5984984,34.2455972],[-118.5983941,34.2454006],[-118.5983545,34.2453277],[-118.5983126,34.2452504],[-118.5982671,34.2451715],[-118.5982213,34.2450912],[-118.5981694,34.2450033],[-118.5980965,34.2448826],[-118.5980034,34.2447358],[-118.5979225,34.2446107],[-118.5978447,34.2444945],[-118.5977671,34.2443843],[-118.5976903,34.2442752],[-118.5976083,34.2441635],[-118.5975051,34.2440284],[-118.5973973,34.2438896],[-118.5972982,34.2437673],[-118.5972305,34.243686],[-118.597032,34.2434546],[-118.5968953,34.2433043],[-118.5967543,34.2431545],[-118.5966073,34.2430037],[-118.5964547,34.2428533],[-118.5963004,34.2427059],[-118.5961452,34.2425631],[-118.5960068,34.2424399],[-118.5958709,34.2423235],[-118.5956917,34.2421761],[-118.5955195,34.2420395],[-118.595375,34.2419281],[-118.5952297,34.2418197],[-118.5950933,34.2417204],[-118.5949606,34.2416269],[-118.594869,34.2415649],[-118.5947509,34.2414852],[-118.5945743,34.2413698],[-118.5944137,34.2412672],[-118.5941654,34.2411172],[-118.5939056,34.2409694],[-118.5936043,34.2408066],[-118.5934255,34.240714],[-118.5932452,34.2406235],[-118.5930315,34.2405225],[-118.5928117,34.2404206],[-118.5926309,34.2403421],[-118.592455,34.2402671],[-118.5923199,34.2402116],[-118.5921847,34.2401587],[-118.5920699,34.2401146],[-118.5919515,34.2400702],[-118.5918355,34.2400268],[-118.5917399,34.2399929],[-118.5916332,34.2399556],[-118.5915139,34.2399159],[-118.5913173,34.2398526],[-118.5911581,34.2398041],[-118.59101,34.23976],[-118.5909167,34.2397328],[-118.5908261,34.2397075],[-118.5906567,34.2396627],[-118.5904923,34.239622],[-118.5903229,34.2395823],[-118.590201,34.2395548],[-118.5900744,34.2395275],[-118.5899653,34.2395047],[-118.5896913,34.2394485],[-118.5888501,34.2392837],[-118.588714,34.239255],[-118.5886323,34.2392383],[-118.5884889,34.2392107],[-118.5884054,34.2391946],[-118.5882896,34.2391719],[-118.5826747,34.2380705],[-118.5799437,34.2375315],[-118.5798148,34.2375048],[-118.5796833,34.2374785],[-118.5737431,34.2363167],[-118.5712273,34.2358159],[-118.5711356,34.2357985],[-118.5710237,34.2357762],[-118.5709591,34.2357634],[-118.5709178,34.2357555],[-118.5635185,34.2343004],[-118.5624774,34.2340973],[-118.5623272,34.2340672],[-118.5621769,34.2340374],[-118.562066,34.2340169],[-118.5537339,34.2323762],[-118.553585,34.2323474],[-118.5534346,34.2323169],[-118.5465194,34.230958],[-118.5462358,34.2309022],[-118.5462253,34.2309003],[-118.5458242,34.2308173],[-118.5443435,34.2305255],[-118.544065,34.230471],[-118.5363571,34.228959],[-118.535857,34.2288578],[-118.5346142,34.2286114],[-118.5338458,34.2284611],[-118.5336795,34.2284286],[-118.5280618,34.2273228],[-118.5276376,34.2272405],[-118.5274878,34.2272108],[-118.5273622,34.2271859],[-118.5272388,34.2271617],[-118.5179222,34.2253213],[-118.5178659,34.2253102],[-118.5028178,34.2223399],[-118.5027401,34.2223243],[-118.502603,34.2222963],[-118.5025243,34.2222809],[-118.5023504,34.222247],[-118.4992714,34.2216478],[-118.4989912,34.2215914],[-118.4987832,34.2215511],[-118.494484,34.2206962],[-118.4943842,34.2206756],[-118.4942021,34.22064],[-118.494091,34.2206187],[-118.4838426,34.2185971],[-118.4837597,34.2185809],[-118.483626,34.2185547],[-118.4835491,34.2185393],[-118.4819191,34.2182225],[-118.4818334,34.2182058],[-118.4807412,34.2179537],[-118.4803783,34.2178817],[-118.4767197,34.2171554],[-118.4732528,34.2164159],[-118.4728525,34.2163387],[-118.4716216,34.2161015],[-118.470311,34.2158707],[-118.470154,34.2158428],[-118.4694748,34.2157221],[-118.4683293,34.2155003],[-118.4664035,34.2151211],[-118.4657986,34.2150015],[-118.4606473,34.2139808],[-118.4510076,34.2120856],[-118.4499103,34.2118909],[-118.4489583,34.211722],[-118.4485961,34.2116541],[-118.4483953,34.2116103],[-118.4474847,34.2113818],[-118.4469603,34.2112543],[-118.446326,34.2111223],[-118.4447986,34.210816],[-118.4442399,34.2107083],[-118.4438834,34.210638],[-118.4437448,34.2106121],[-118.4426665,34.2104109],[-118.4419607,34.2102905],[-118.4400283,34.2099152],[-118.4367699,34.2092719],[-118.4337844,34.2086937],[-118.4313652,34.2082474],[-118.4309609,34.2081694],[-118.4309115,34.2081604],[-118.4306339,34.2081053],[-118.4273903,34.2074625],[-118.4272304,34.2074322],[-118.4270412,34.2073972],[-118.4265654,34.2073034],[-118.4138086,34.2047854],[-118.409444,34.2039261],[-118.4053173,34.2031074],[-118.4038769,34.2028243],[-118.4024318,34.2025402],[-118.4020272,34.202459],[-118.4001094,34.2020785],[-118.3967281,34.2014122],[-118.3963065,34.2013276],[-118.3962486,34.2013161],[-118.3961562,34.2012977],[-118.3943442,34.2009406],[-118.3937471,34.2008208],[-118.3880366,34.199687],[-118.3875489,34.1995942],[-118.379158,34.1979415],[-118.3791243,34.1979343],[-118.3790216,34.1979123],[-118.3789836,34.197907],[-118.3703298,34.1961942],[-118.3611261,34.1943673],[-118.3539722,34.1929551],[-118.3525298,34.1926741],[-118.3515234,34.1924753],[-118.3510804,34.192386],[-118.3509205,34.1923538],[-118.349066,34.191987],[-118.3487847,34.1919301],[-118.3478958,34.1917553],[-118.3473557,34.1916466],[-118.3448268,34.1911376],[-118.3424954,34.1906755],[-118.341084,34.1903957],[-118.3396514,34.1901127],[-118.338468,34.1898905],[-118.33834,34.1898665],[-118.338202,34.1898387],[-118.3381457,34.1898275],[-118.3288813,34.1879906],[-118.3230535,34.1868384],[-118.3228172,34.1867896],[-118.3225415,34.1867325],[-118.3224474,34.186713],[-118.3221857,34.186648],[-118.321958,34.1865735],[-118.3217235,34.186481],[-118.321479,34.1863636],[-118.3212541,34.1862344],[-118.3210429,34.1860943],[-118.3207956,34.1859003],[-118.3199195,34.1851623],[-118.3195575,34.1848244],[-118.3193432,34.1846395],[-118.3192211,34.1845282],[-118.3184347,34.1838244],[-118.3181724,34.1835973],[-118.3179962,34.1834385],[-118.3175655,34.1830513],[-118.31729,34.1828082],[-118.3166546,34.1822361],[-118.316385,34.1819907],[-118.316004,34.1816511],[-118.3157471,34.1814215],[-118.3154057,34.1811157],[-118.3149315,34.18069],[-118.3147004,34.1804851],[-118.3145832,34.1803813],[-118.3145519,34.1803535],[-118.3144464,34.18026],[-118.3135437,34.1795127],[-118.3128813,34.1789823],[-118.3121299,34.1784166],[-118.3118897,34.1782388],[-118.3112475,34.177769],[-118.3106581,34.1773603],[-118.3095053,34.1765785],[-118.3084978,34.1759355],[-118.3072174,34.1751479],[-118.3064923,34.1747416],[-118.3032707,34.1729454],[-118.3021558,34.1723515],[-118.3018693,34.1722037],[-118.3015831,34.1720454],[-118.300503,34.1714647],[-118.299925,34.1711449],[-118.2997543,34.1710498],[-118.2985166,34.1703523],[-118.2981359,34.170137],[-118.2976896,34.1698846],[-118.2968172,34.1693991],[-118.2960195,34.1689565],[-118.2953618,34.1685936],[-118.2947022,34.1682264],[-118.2941712,34.1679337],[-118.2937917,34.1677254],[-118.2933169,34.1674628],[-118.2926997,34.1671182],[-118.2919361,34.1666933],[-118.2912818,34.1663297],[-118.2903486,34.1658159],[-118.2897264,34.165467],[-118.289261,34.1652215],[-118.2891995,34.1651882],[-118.2891007,34.165134],[-118.2890434,34.1651025],[-118.2859362,34.1633815],[-118.2857847,34.1632898],[-118.2847016,34.1626644],[-118.284484,34.1625296],[-118.2840129,34.1622348],[-118.2834087,34.1618363],[-118.2831479,34.1616557],[-118.2829806,34.1615447],[-118.2829005,34.1614844],[-118.2828006,34.1614127],[-118.2819502,34.1607736],[-118.2813333,34.1602763],[-118.2807397,34.1597655],[-118.2803788,34.1594473],[-118.2799974,34.1590908],[-118.2799328,34.15903],[-118.2798303,34.1589326],[-118.2792089,34.1583116],[-118.2787323,34.1577973],[-118.2782363,34.1572412],[-118.2778649,34.1567852],[-118.2775766,34.1564239],[-118.2770833,34.1557723],[-118.2767194,34.1552558],[-118.2764658,34.1548739],[-118.2763184,34.1546464],[-118.2759741,34.1540929],[-118.2756388,34.1535122],[-118.2754477,34.1531712],[-118.275348,34.1529727],[-118.2751311,34.1525411],[-118.2746244,34.1515567],[-118.2741807,34.1507065],[-118.2737938,34.1499551],[-118.2735832,34.1495448],[-118.2734378,34.149263],[-118.2733776,34.1491397],[-118.2731914,34.1487844],[-118.2730103,34.1484388],[-118.2726338,34.1477074],[-118.2723302,34.1471175],[-118.2722503,34.1469619],[-118.2722366,34.1469315],[-118.2721994,34.1468677],[-118.2721383,34.1467466],[-118.2721032,34.1466793],[-118.2719148,34.1463057],[-118.2715099,34.1455192],[-118.2711018,34.144724],[-118.2707109,34.1439526],[-118.2702739,34.1430988],[-118.2700898,34.1427442],[-118.2699538,34.1424647],[-118.2697283,34.1420551],[-118.269606,34.1418161],[-118.2691737,34.1409738],[-118.2687128,34.1400671],[-118.268232,34.1391375],[-118.2677813,34.1382648],[-118.2673679,34.1374564],[-118.2670909,34.1369216],[-118.266706,34.1361699],[-118.2663272,34.1354348],[-118.2659923,34.1347954],[-118.2656277,34.1340884],[-118.2653265,34.1334987],[-118.2652938,34.1334347],[-118.2652454,34.1333379],[-118.2651715,34.1331898],[-118.2647862,34.1324389],[-118.2645911,34.1320619],[-118.2644532,34.1317974],[-118.2642342,34.1313701],[-118.2640636,34.1310315],[-118.2638189,34.1305609],[-118.263646,34.1302354],[-118.263343,34.1296413],[-118.2631295,34.1292236],[-118.2629118,34.1288156],[-118.2628117,34.1286288],[-118.2627089,34.1284451],[-118.2624851,34.1280565],[-118.2622997,34.1277456],[-118.261945,34.1271777],[-118.2616914,34.1267862],[-118.261489,34.1264788],[-118.2610878,34.125909],[-118.2608328,34.1255599],[-118.260576,34.1252194],[-118.2601622,34.1246845],[-118.2597446,34.1241702],[-118.259168,34.1235094],[-118.2588416,34.1231588],[-118.2585962,34.1228952],[-118.258028,34.1223102],[-118.2572649,34.1215591],[-118.2570388,34.1213356],[-118.2566905,34.1210123],[-118.2564672,34.1208051],[-118.2558086,34.1202257],[-118.254841,34.119392],[-118.2542183,34.1188565],[-118.2534045,34.118156],[-118.252546,34.117417],[-118.2517963,34.1167716],[-118.2513503,34.1163912],[-118.2505039,34.115663],[-118.2499567,34.1151922],[-118.2494314,34.1147357],[-118.2491131,34.1144633],[-118.2487829,34.1141807],[-118.2481461,34.1136342],[-118.2480272,34.1135315],[-118.2479079,34.1134284],[-118.2476832,34.1132247],[-118.2474638,34.1130132],[-118.2472978,34.1128392],[-118.2471184,34.1126313],[-118.2469868,34.1124679],[-118.2468464,34.1122797],[-118.2466706,34.1120174],[-118.2464222,34.1116002],[-118.2462709,34.1113024],[-118.2460297,34.1108019],[-118.2457715,34.1102728],[-118.2456422,34.1100126],[-118.2454643,34.1097012],[-118.2453235,34.1094828],[-118.2451876,34.109284],[-118.2449663,34.109001],[-118.2448135,34.1088203],[-118.2446357,34.108619],[-118.2443128,34.1082635],[-118.2440772,34.1080059],[-118.2436737,34.1075593],[-118.2434598,34.1073232],[-118.243228,34.1070675],[-118.24291,34.1067191],[-118.2425389,34.1063039],[-118.2423085,34.1060355],[-118.2421347,34.1058201],[-118.2419986,34.1056288],[-118.2418526,34.1054156],[-118.241716,34.1051884],[-118.2416168,34.1050095],[-118.2415297,34.1048417],[-118.2414227,34.1046074],[-118.2413227,34.1043608],[-118.241215,34.1040689],[-118.2409958,34.1034905],[-118.2407653,34.102879],[-118.2405171,34.102221],[-118.2404801,34.1021243],[-118.2403072,34.1016664],[-118.2401937,34.1013755],[-118.2400855,34.1011005],[-118.2399875,34.1008731],[-118.2399202,34.1007263],[-118.2398461,34.1005847],[-118.2397443,34.1003995],[-118.2395939,34.1001485],[-118.2394722,34.099968],[-118.2393217,34.0997607],[-118.2391659,34.0995608],[-118.2390207,34.0993809],[-118.2388339,34.0991627],[-118.2387634,34.0990803],[-118.237898,34.0980593],[-118.2370591,34.0970559],[-118.2369811,34.0969628],[-118.2368688,34.0968287],[-118.2366856,34.0966198],[-118.2365023,34.0964241],[-118.2363107,34.0962342],[-118.2361115,34.0960528],[-118.2359051,34.0958785],[-118.2357146,34.0957258],[-118.2355512,34.0956042],[-118.2353793,34.0954864],[-118.2351071,34.0953119],[-118.2349159,34.095197],[-118.2347106,34.0950836],[-118.2345545,34.0950035],[-118.234272,34.0948666],[-118.2339927,34.0947418],[-118.2335315,34.0945506],[-118.2331535,34.0943961],[-118.2324814,34.0941159],[-118.231784,34.0938218],[-118.2314519,34.0936832],[-118.2311176,34.093528],[-118.2307909,34.0933584],[-118.230481,34.0931828],[-118.2302096,34.0930103],[-118.2299486,34.0928307],[-118.2297015,34.0926426],[-118.229452,34.0924327],[-118.2292293,34.0922281],[-118.229018,34.0920158],[-118.2288199,34.0918006],[-118.2286537,34.0916069],[-118.2280279,34.0908692],[-118.2276454,34.0903966],[-118.2275135,34.0902137],[-118.2273939,34.0900533],[-118.2272362,34.0898213],[-118.2270987,34.0895947],[-118.2269733,34.0893704],[-118.2268489,34.0891346],[-118.226743,34.0889108],[-118.2266674,34.0887179],[-118.2265699,34.0884939],[-118.2265023,34.0882975],[-118.2264294,34.0880868],[-118.2263677,34.0878535],[-118.2263135,34.0876585],[-118.2262593,34.0873815],[-118.2262114,34.0871154],[-118.2261897,34.0869673],[-118.2261683,34.086793],[-118.2261494,34.0865576],[-118.226138,34.0863261],[-118.2261357,34.0860938],[-118.2261408,34.0858337],[-118.2261513,34.0856319],[-118.2261712,34.0854102],[-118.2261966,34.0852332],[-118.2262186,34.0850798],[-118.2262473,34.084909],[-118.2262919,34.0847025],[-118.2263463,34.084493],[-118.226416,34.0842232],[-118.226611,34.0835714],[-118.2266831,34.0833007],[-118.2267605,34.0829718],[-118.226833,34.0825379],[-118.2268612,34.0822372],[-118.2269013,34.081639],[-118.2269342,34.0812],[-118.2269397,34.0811124],[-118.2269421,34.0810746],[-118.2270155,34.0799782],[-118.2270307,34.0797487],[-118.2270317,34.0792328],[-118.2270148,34.0790183],[-118.2269961,34.0787994],[-118.2269672,34.0786258],[-118.2269324,34.0784524],[-118.2268798,34.078224],[-118.226831,34.0780275],[-118.2264139,34.0765401],[-118.2263607,34.0763433],[-118.2263073,34.0761093],[-118.2262609,34.0759063],[-118.2261316,34.0752244],[-118.2260467,34.0747765],[-118.2260216,34.0746472],[-118.2258807,34.0739213],[-118.2258377,34.0737083],[-118.2257681,34.0733439],[-118.2257113,34.0730366],[-118.2256956,34.0729171],[-118.2256639,34.0726905],[-118.2256272,34.0723792],[-118.2255891,34.0720892],[-118.2255553,34.0718006],[-118.225504,34.0715308],[-118.2254128,34.0711604],[-118.2253139,34.0707701],[-118.2252605,34.070538],[-118.2251953,34.0702574],[-118.2250819,34.0698061],[-118.2250049,34.0694561],[-118.2249652,34.0692729],[-118.2249441,34.0691469],[-118.2249311,34.0690111],[-118.2249249,34.0688527],[-118.2249277,34.0687175],[-118.2249451,34.068542],[-118.2249696,34.0684027],[-118.2250097,34.0682505],[-118.2250481,34.068132],[-118.2250968,34.0679981],[-118.2251558,34.067852],[-118.2251847,34.0677803],[-118.2252237,34.0676839],[-118.2255553,34.0668658],[-118.2257757,34.0663135],[-118.2258473,34.0661348],[-118.2259094,34.0659797],[-118.2262304,34.065166],[-118.2263291,34.0648945],[-118.2266443,34.0641061],[-118.2267544,34.0638345],[-118.2271002,34.0631383],[-118.2271601,34.0630315],[-118.2272323,34.0629182],[-118.2272759,34.0628601],[-118.2273286,34.0628002],[-118.2273805,34.062745],[-118.2274271,34.0626994],[-118.2274737,34.0626567],[-118.2275281,34.0626117],[-118.2275846,34.0625683],[-118.2276425,34.0625267],[-118.2276998,34.0624895],[-118.2277642,34.0624517],[-118.2278344,34.0624148],[-118.2279102,34.0623781],[-118.2279767,34.0623484],[-118.2280494,34.0623184],[-118.2281193,34.0622936],[-118.2281897,34.062272],[-118.2282608,34.0622524],[-118.2283426,34.0622334],[-118.2284484,34.0622141],[-118.2285513,34.0621991],[-118.2287771,34.0621737],[-118.2289329,34.0621575],[-118.2308308,34.0619677],[-118.2309789,34.0619514],[-118.2310905,34.0619328],[-118.2311918,34.0619115],[-118.2312999,34.0618831],[-118.2314043,34.0618486],[-118.2315067,34.0618101],[-118.2315866,34.0617757],[-118.2316534,34.0617434],[-118.2317203,34.0617082],[-118.2317928,34.0616654],[-118.2318719,34.061615],[-118.2319288,34.0615735],[-118.2319943,34.0615261],[-118.2320469,34.0614828],[-118.2320996,34.0614358],[-118.2321542,34.0613834],[-118.2321991,34.0613354],[-118.2322417,34.0612858],[-118.2322794,34.0612451],[-118.232319,34.0611933],[-118.2323552,34.0611396],[-118.2323839,34.0610948],[-118.2324216,34.0610371],[-118.2325943,34.0605971],[-118.2327187,34.0602737],[-118.2328331,34.059962],[-118.2329685,34.0597129],[-118.233102,34.0594711],[-118.2332207,34.0592439],[-118.2333051,34.0590966],[-118.2334204,34.0588787],[-118.2334777,34.0587644],[-118.2336432,34.0584609],[-118.2337032,34.0583227],[-118.2337449,34.0582009],[-118.2337641,34.0581208],[-118.2337785,34.058056],[-118.2338532,34.0577089],[-118.2342265,34.0559417],[-118.2342325,34.0559113]]}}]}