{"type":"FeatureCollection","metadata":{"route":"First Passage to the West: Vancouver to Banff","source":"OpenStreetMap contributors","sourceUrl":"https://www.openstreetmap.org/relation/7449835","license":"ODbL 1.0","geometryVersion":"2026-08-12","osmRelationIds":[7449835,19430310,7449764,7449700,8106956,7449396],"osmWayIds":[949249833,949249834,88761000,764843623,764843624,764843634,117596035,117596033,949278623,117596039,949395631,117595695,336845733,117595682,117595663,949395630,117595690,949278625,764843649,117595653,949278624,117595675,949278626,714072379,779966191,779966192,41745866,41745867,40702308,40702317,67479494,67479495,764629932,934237320,764629927,764629938,949402654,117597907,154646444,764629948,764629945,41746018,182629904,182629906,41746016,949402658,138290277,138290274,191983897,191982872,949402659,949403928,949737627,191983899,72370275,483137282,191982873,191982867,925342187,949737628,925342188,925342190,191989958,949737629,191989956,191990468,25542349,925342185,949737632,25542350,949737633,891167353,949737636,138291489,138291493,138291496,949737637,138291501,138291495,138291509,138291491,140488232,49859081,25219095,327365721,327365720,25219096,140488233,25219103,25542351,401287493,401287492,401287498,949877732,401287497,401287499,401287503,401287502,1302395141,950223193,950223192,25539309,25542352,576464164,576464165,950223195,950223196,25542323,25542325,950223198,950223199,25542329,25542338,784658379,950223200,62230878,62230871,1317795903,1317795904,62209434,950223202,950223203,107896824,950223204,107896661,108013027,545883086,545883085,108013077,313328028,950223205,313328024,1318486618,1318486617,661849861,661849862,661849864,1318486620,1318486621,1346995927,1346995928,661849863,356108707,356108706,356108705,1468635319,1468635320,356108702,356100398,356100422,356100396,356100410,356100401,356100406,356100400,356100408,356100397,356100404,356100416,356100405,356100413,356100420,356100407,356100391,356100388,356100394,356100415,356100392,1347036161,1347036160,1318294088,950223206,356100424,1347045613,1347045612,952824758,62607120,62607121,952824757,952824756,116734738,116734897,116734750,1347245497,952824755,952824754,116766047,116765865,116765862,116766062,62209433,1317950901,62209435,636776593,952824753,62209436,62209438,1347252582,952824752,952824751,952824750,89387594,952824749,89387595,89387596,952824748,116615028,116615092,952824747,952824746,89387597,952824745,42242238,116555524,952824744,116555607,952824743,952824742,951538841,636970792,91364036,951538838,951538840,951538839,91364037,1422378818,1422378817,951538837,951538836,951538835,951538834,951538833,951538832,951538831,951538830,951538829,951538828,951538827,951538826,91351770,91351773,91351777,91351774,91351772,91351771,91351776,91351778,42242743,42242742,42242735,42242734,125690431,951538825,125690419,125690413,125690406,125690398,125690401,125690348,125690364,125690372,125690359,125690448,125690439,125690451,125690434,125690373,125690402,125690382,126184892,125075006,126184896,951538822,125074979,951538821,125074982,125074958,125074988,128569148,128569186,128569230,128569236,128569208,128569222,128569227,128569223,128569229,128569179,128569221,128569147,128569169,128569177,128569207,128569175,128569213,128569211,128569209,128569198,128569171,128569161,128569185,128569197,128569216,128569206,128569210,128569184,128569146,125584687,125584677,125584663,125584656,125584686,125584676,125584653,125584672,125584673,1267576532,1267576531,1427175748,1427175740,91031256,145080336,91028963,38795448,144825437,144825438,144174703,1357539409,1427175745,1357539410,144174704,38795449,164762652,164762655,164762654,164770070,164770069,1424383270,145643477,145643476,145889790,145889789,89451290,366966237,366966238,89451281,89471073,89471098,321403041,321403036,321403043,1424383271,321403037,176754406,176754409,164776686,91151181,91151180,91151177,89482826,89482894,164776963,91158703,91158704,135672683,135672684,135670428,135670416,135670420,135670432,1423248534,231133151,231133088,164827770,269760711,269760744,164827786,164827771,164827782,165410702,165410701,164827774,164827776,164827778,164827772,164827773,164827775,164827777,164827768,164827787,164827785,164830667,164835306,164835302,164835304,164835307,164835305,636776607,164835308,164835303,164830692,569139353,1343736307,164830669,291956774,291956765,291956776,291956771,569139355,422705556,422705560,268522507,270272513,270272511,91180511,91180509,162134842,162134848,345390338,345390336,345390331,345390333,162134851,162134841,162134844,162134846,162134843,162134845,349332165,349332155,162134835,162134849,162134847,162134850,160548431,579773354,579773350,579773334,579773335,579773349,579773348,579773341,579773352,579773345,579773336,579773344,579773356,575521809,579425521,575521805,575521790,575521795,575521783,575521788,575521779,575521796,575521810,575521804,579421966,579421965,575521802,575521808,575521780,575521778,575521781,575521793,575410482,574316563,574316578,574316522,574316598,574316595,574316483,574316594,579381029,579381031,579381033,579381038,579381043,574316605,574316600,574316614,574316608,574316609,574316611,574316612,574316613,574316616,569132920,569132918,580287187,569132928,579391880,569132922,569132926,569132925,569132931,579394585,569132929,569132947,579398256,569132932,569132936,580289273,569132955,638380850,580289266,569132956,564555916,566856799,566856800,564555936,566856802,564555915,564555925,566856805,566856806,566856808,566856807,566856809,566856810,566856789,566856790,564555907,564555908,564555905,566856792,564555903,566856814,566856815,566856817,566856848,564555899,566856824,564555894,566856832,587781323,564555895,587622477,564555892,564555891,566856862,566856861,566856860,566856859,564555877,564555874,566856852,566856798,566856856,566856855,566856854,566856863,1334911710,566594498,667586396,667586395,128082654,128082651,668713481,668713484,128082653,154739232,157804020,159417389,351459695,351459688,154739227,154739230,1334911703,231686297,291776516,981010376,981010377,1334911707,268390923,667730318,268390925,128099115,268379795,128099107,128099113,128099109,1328815886,1327559529,291781950,260945636,260945635,269994564,1327559531,269994558,157803118,157803115,301608528,541523853,1334911701,541523852,301608532,1418976929,1418976930,1334911705,584166737,157803113,24308465,584166736,206392672],"approximateLengthKm":899.37},"features":[{"type":"Feature","properties":{"name":"First Passage to the West: Vancouver to Banff"},"geometry":{"type":"LineString","coordinates":[[-123.0840367,49.282914],[-123.0837235,49.2828777],[-123.083567,49.282863],[-123.0832859,49.2828362],[-123.0829637,49.282805],[-123.0828076,49.2827914],[-123.0826127,49.2827804],[-123.0824486,49.2827758],[-123.0822865,49.2827784],[-123.0821235,49.2827862],[-123.0819564,49.2828011],[-123.0817655,49.2828225],[-123.0815616,49.2828511],[-123.081307,49.2828842],[-123.0808745,49.2829419],[-123.0804489,49.2830009],[-123.0797578,49.2830943],[-123.079544,49.2831248],[-123.0794256,49.2831449],[-123.0793324,49.283162],[-123.0791975,49.2831923],[-123.0789321,49.2832475],[-123.0787246,49.283287],[-123.078561,49.2833165],[-123.078344,49.2833464],[-123.0780143,49.2833904],[-123.0772607,49.2834912],[-123.0764809,49.2835934],[-123.0750199,49.2837903],[-123.0736493,49.2839728],[-123.0729797,49.2840638],[-123.0722628,49.2841562],[-123.0713053,49.2842818],[-123.0680538,49.2847186],[-123.0677204,49.2847609],[-123.0673658,49.2848088],[-123.06713,49.2848422],[-123.0666672,49.2849058],[-123.0662575,49.2849594],[-123.0658577,49.2850098],[-123.0657057,49.28503],[-123.0655401,49.2850523],[-123.06548,49.2850604],[-123.065267,49.2850874],[-123.0650245,49.2851246],[-123.0648435,49.2851534],[-123.0646298,49.2851921],[-123.0643338,49.2852607],[-123.0642253,49.2852897],[-123.0639934,49.285356],[-123.063877,49.2853994],[-123.0637373,49.2854489],[-123.0633429,49.2856227],[-123.0632261,49.2856903],[-123.063072,49.2857838],[-123.0628434,49.2859387],[-123.0626589,49.2860878],[-123.062515,49.2862188],[-123.0623886,49.2863539],[-123.0622055,49.2865735],[-123.0620381,49.2867959],[-123.0618663,49.2870299],[-123.0610578,49.2881197],[-123.0606108,49.2887267],[-123.0604262,49.2889738],[-123.0602437,49.2891991],[-123.0600651,49.2893941],[-123.05992,49.2895325],[-123.0597512,49.2896709],[-123.059623,49.2897751],[-123.0594493,49.2898813],[-123.0593269,49.2899599],[-123.0590654,49.2900989],[-123.0588463,49.2902089],[-123.0584566,49.2903892],[-123.0579207,49.2906376],[-123.057526,49.2908191],[-123.0570099,49.2910489],[-123.0567434,49.2911602],[-123.0563004,49.2913224],[-123.0559974,49.2914222],[-123.0557458,49.2914923],[-123.0555001,49.2915554],[-123.0551014,49.29165],[-123.0546623,49.291735],[-123.0542291,49.2918135],[-123.0536745,49.2919152],[-123.0532748,49.2919872],[-123.052587,49.292114],[-123.0514759,49.2923174],[-123.0507101,49.2924577],[-123.0504535,49.2925015],[-123.0501427,49.2925504],[-123.0497795,49.2925897],[-123.0494381,49.2926128],[-123.0491924,49.2926173],[-123.0489319,49.2926135],[-123.0486112,49.292589],[-123.0482796,49.2925459],[-123.0480714,49.2925105],[-123.0478622,49.2924674],[-123.0475878,49.2924017],[-123.0470194,49.2922685],[-123.0463711,49.2921115],[-123.0456744,49.2919461],[-123.0453024,49.2918553],[-123.0449116,49.2917607],[-123.0445001,49.2916614],[-123.0442968,49.2916127],[-123.044059,49.2915464],[-123.043908,49.2915026],[-123.0437442,49.2914485],[-123.0435547,49.2913874],[-123.0432982,49.2912902],[-123.0430791,49.2911982],[-123.0428965,49.2911119],[-123.0426252,49.290971],[-123.0424396,49.2908738],[-123.0422699,49.2907689],[-123.0419976,49.2905797],[-123.041587,49.2902823],[-123.0414933,49.2902154],[-123.0413117,49.2900828],[-123.0411173,49.2899451],[-123.0409367,49.2898337],[-123.0406427,49.2896586],[-123.0405183,49.2895911],[-123.0402519,49.289452],[-123.0400782,49.289369],[-123.0397861,49.2892409],[-123.0395355,49.2891399],[-123.0392483,49.2890362],[-123.0390095,49.2889577],[-123.0388319,49.2889049],[-123.0385556,49.2888283],[-123.0382832,49.2887608],[-123.0380474,49.2887106],[-123.0377553,49.2886526],[-123.0374632,49.2886063],[-123.0371928,49.2885696],[-123.0368592,49.2885336],[-123.0365129,49.2885065],[-123.036281,49.288493],[-123.03613,49.2884866],[-123.0359494,49.2884827],[-123.0356711,49.2884821],[-123.0353632,49.2884859],[-123.0350396,49.2884994],[-123.0347169,49.2885213],[-123.034411,49.2885542],[-123.0341386,49.288587],[-123.0338771,49.2886282],[-123.0336689,49.2886636],[-123.0334429,49.2887086],[-123.0331725,49.2887691],[-123.0330028,49.2888103],[-123.032761,49.2888766],[-123.0325577,49.2889365],[-123.0322015,49.2890536],[-123.0319676,49.2891386],[-123.0316558,49.2892609],[-123.0314268,49.2893561],[-123.0311101,49.2895055],[-123.0308465,49.2896481],[-123.0305001,49.289827],[-123.0302369,49.2899799],[-123.0297433,49.2902707],[-123.0293654,49.2905172],[-123.0291503,49.2906569],[-123.028647,49.2909851],[-123.0283658,49.2911692],[-123.0280579,49.2913662],[-123.0278605,49.2914839],[-123.0274411,49.2917382],[-123.0271421,49.2919164],[-123.0269615,49.2920143],[-123.0267533,49.2921276],[-123.0265214,49.2922402],[-123.0259589,49.2924905],[-123.0255839,49.2926251],[-123.0252346,49.2927345],[-123.0249346,49.2928188],[-123.0246386,49.2928934],[-123.0243514,49.2929591],[-123.0236765,49.2930771],[-123.0225954,49.2931684],[-123.0208165,49.2932334],[-123.0193898,49.2932879],[-123.0189505,49.2932792],[-123.0184399,49.2932583],[-123.0174003,49.2931459],[-123.0161792,49.2930319],[-123.0147289,49.292877],[-123.0146612,49.2928694],[-123.0130592,49.2927337],[-123.0126185,49.2926814],[-123.0124014,49.2926592],[-123.0116073,49.2925692],[-123.0111184,49.2925138],[-123.0104318,49.292408],[-123.0098739,49.292268],[-123.009375,49.2921018],[-123.009029,49.2919584],[-123.0085784,49.2917572],[-123.0064581,49.2907557],[-123.0061429,49.2906158],[-123.0058608,49.2905151],[-123.0054764,49.2904084],[-123.0050727,49.2903263],[-123.0047013,49.2902756],[-123.0042493,49.2902423],[-123.0032663,49.2902222],[-123.002111,49.2902202],[-123.001903,49.2902221],[-123.0011728,49.2902554],[-123.00069,49.2903184],[-122.9999363,49.2904994],[-122.9992309,49.2907356],[-122.9985255,49.291061],[-122.9976511,49.2914668],[-122.9970744,49.2917502],[-122.9962804,49.2921053],[-122.9956635,49.292352],[-122.9956028,49.2923441],[-122.9937585,49.2930308],[-122.9916406,49.2938424],[-122.9899497,49.2944918],[-122.9889435,49.29477],[-122.9880148,49.2949003],[-122.9873196,49.2948832],[-122.9864723,49.2947635],[-122.9853504,49.2944082],[-122.9839051,49.2938137],[-122.9832201,49.2934096],[-122.9826992,49.2930356],[-122.9818522,49.292495],[-122.9812058,49.2921581],[-122.98084,49.2920009],[-122.9806158,49.2918988],[-122.9804794,49.29184],[-122.9800563,49.2916566],[-122.9785371,49.2909895],[-122.9758649,49.2899071],[-122.9749723,49.289532],[-122.974423,49.2892689],[-122.9739166,49.2890898],[-122.9734617,49.2889386],[-122.9733744,49.2889512],[-122.9718938,49.2886345],[-122.970727,49.2884333],[-122.9701128,49.2883284],[-122.9692706,49.2881744],[-122.9683962,49.2880152],[-122.9673153,49.2878298],[-122.9668352,49.287751],[-122.965773,49.2875638],[-122.964212,49.2872909],[-122.9633724,49.2871536],[-122.9630644,49.2871275],[-122.9627897,49.287112],[-122.9625518,49.2871099],[-122.9620716,49.2871387],[-122.9618123,49.287167],[-122.9615165,49.2872168],[-122.961228,49.2872782],[-122.9603871,49.2874956],[-122.9596498,49.2877176],[-122.9560568,49.2887393],[-122.9550149,49.2890336],[-122.9529662,49.2896181],[-122.9526873,49.2896987],[-122.9524076,49.2897698],[-122.9520746,49.2898422],[-122.9517218,49.2899074],[-122.9512427,49.2899786],[-122.9508094,49.2900193],[-122.9504381,49.2900405],[-122.9498579,49.2900533],[-122.9495315,49.2900496],[-122.9488418,49.2900363],[-122.9478547,49.290029],[-122.9473767,49.29004],[-122.9470267,49.2900567],[-122.9466788,49.290084],[-122.9416455,49.2906984],[-122.9406847,49.290816],[-122.9395981,49.2909527],[-122.9344427,49.2915964],[-122.933845,49.2916642],[-122.933161,49.2917127],[-122.932556,49.2917256],[-122.9318185,49.2916688],[-122.9312036,49.2915644],[-122.930393,49.2913697],[-122.9297663,49.2912076],[-122.9289941,49.2910111],[-122.9274496,49.2906061],[-122.9261621,49.2902703],[-122.9247754,49.2899204],[-122.9233378,49.2895477],[-122.9216936,49.2891314],[-122.9210924,49.288982],[-122.9204463,49.2888095],[-122.9200519,49.2887223],[-122.9196248,49.2886463],[-122.9191978,49.2885817],[-122.9187447,49.2885547],[-122.9183196,49.2885542],[-122.9178606,49.2885697],[-122.9174284,49.2886128],[-122.9169497,49.2886827],[-122.9162066,49.2887827],[-122.9153417,49.2889104],[-122.9146977,49.288998],[-122.9143761,49.2890463],[-122.9140566,49.2890798],[-122.9136159,49.2891152],[-122.9131374,49.2891271],[-122.9127862,49.2891184],[-122.9124856,49.2890964],[-122.9120662,49.2890599],[-122.9108654,49.2889074],[-122.9098595,49.2887883],[-122.9097873,49.2887797],[-122.9090282,49.288687],[-122.9082155,49.2885838],[-122.9067269,49.2883966],[-122.9054755,49.2882455],[-122.9044557,49.2881173],[-122.9038124,49.288066],[-122.9032615,49.2880561],[-122.9026633,49.2880834],[-122.9005914,49.2882608],[-122.9000052,49.2883308],[-122.899541,49.2884093],[-122.8988846,49.2885601],[-122.8983905,49.288708],[-122.8977746,49.2889509],[-122.8975155,49.2890707],[-122.8970357,49.2893129],[-122.896425,49.2896843],[-122.8961036,49.2898728],[-122.8958782,49.29],[-122.895456,49.2902087],[-122.8950501,49.2903898],[-122.8945455,49.2906106],[-122.8942269,49.2907482],[-122.8934974,49.2910657],[-122.8933764,49.2910688],[-122.892999,49.2912141],[-122.8927641,49.2912969],[-122.892395,49.2913997],[-122.8919623,49.2914793],[-122.8915956,49.2915178],[-122.8912012,49.291531],[-122.8906933,49.2915047],[-122.8905447,49.2915282],[-122.890242,49.2914832],[-122.889859,49.291411],[-122.8890396,49.2912343],[-122.8884406,49.291104],[-122.8876671,49.2909665],[-122.8870904,49.290893],[-122.8867337,49.2908563],[-122.8862214,49.2908143],[-122.88576,49.2907846],[-122.8852638,49.2907793],[-122.8850278,49.2907863],[-122.8842687,49.2908178],[-122.8836116,49.2908668],[-122.8832039,49.2909245],[-122.8825595,49.2910401],[-122.8822197,49.2911035],[-122.881613,49.2912234],[-122.8811708,49.2913096],[-122.8810389,49.2913375],[-122.8806726,49.2914087],[-122.8803863,49.2914656],[-122.8800481,49.291532],[-122.8797059,49.2915975],[-122.8793967,49.2916527],[-122.8791231,49.291696],[-122.8789837,49.291717],[-122.8788428,49.2917366],[-122.8787001,49.2917106],[-122.8784876,49.2917366],[-122.8782344,49.2917629],[-122.8780184,49.2917822],[-122.8778537,49.2917948],[-122.8777332,49.2918036],[-122.877586,49.2918121],[-122.8774559,49.2918191],[-122.8773419,49.291824],[-122.8771237,49.2918319],[-122.8769116,49.291838],[-122.8765784,49.2918445],[-122.8762533,49.2918486],[-122.8757823,49.2918522],[-122.8755544,49.2918508],[-122.8753446,49.291846],[-122.8750643,49.2918329],[-122.8748199,49.2918144],[-122.8745732,49.2917902],[-122.8744037,49.291769],[-122.8742196,49.2917432],[-122.8740735,49.29172],[-122.8739265,49.2916939],[-122.8736841,49.2916456],[-122.8734837,49.2916],[-122.8731979,49.2915256],[-122.8729809,49.2914619],[-122.8728192,49.2914098],[-122.87265,49.2913513],[-122.8724601,49.2912828],[-122.8713724,49.2908601],[-122.8710285,49.2907227],[-122.8708822,49.2906617],[-122.8707166,49.2905876],[-122.8705537,49.2905096],[-122.870414,49.2904378],[-122.870282,49.2903663],[-122.8701294,49.2902768],[-122.8700327,49.2902179],[-122.8699399,49.2901584],[-122.8697675,49.2900404],[-122.8695724,49.2898985],[-122.8691767,49.289605],[-122.8686126,49.2891842],[-122.8683041,49.2889496],[-122.8681226,49.2888046],[-122.8680654,49.2887564],[-122.8679196,49.2886269],[-122.8678228,49.288535],[-122.8676699,49.2883748],[-122.8675801,49.2882726],[-122.8675024,49.2881748],[-122.8674218,49.288068],[-122.8673562,49.2879711],[-122.867268,49.2878304],[-122.8671816,49.2876759],[-122.8670684,49.2874532],[-122.8669966,49.2873016],[-122.8669238,49.287145],[-122.8668566,49.2869978],[-122.8667906,49.2868518],[-122.8666561,49.2865599],[-122.8665897,49.2864134],[-122.8665245,49.2862672],[-122.8664564,49.2861081],[-122.8663946,49.285958],[-122.8663395,49.2858097],[-122.866292,49.2856535],[-122.8662543,49.2854982],[-122.8661607,49.2853819],[-122.8661492,49.2853066],[-122.8661418,49.2852314],[-122.8661295,49.2850736],[-122.8661235,49.2848526],[-122.8661179,49.2846117],[-122.8661109,49.2838836],[-122.866103,49.2831753],[-122.8661006,49.2829861],[-122.8660964,49.2827999],[-122.8660889,49.2826472],[-122.8660756,49.2825113],[-122.8660569,49.2823743],[-122.8660204,49.2821974],[-122.8659712,49.2820231],[-122.8659264,49.2818957],[-122.8658755,49.2817691],[-122.8658085,49.2816242],[-122.8657331,49.2814811],[-122.8656466,49.2813347],[-122.8655498,49.2811923],[-122.8654965,49.2811194],[-122.8654413,49.2810464],[-122.8653299,49.2809137],[-122.8652451,49.280822],[-122.8651232,49.2806971],[-122.8650109,49.2805908],[-122.8649001,49.2804917],[-122.8647822,49.2803956],[-122.8646497,49.2802934],[-122.8645083,49.2801923],[-122.8642788,49.2800386],[-122.8641647,49.2799713],[-122.8639735,49.2798679],[-122.8637893,49.2797725],[-122.8635881,49.2796773],[-122.8634792,49.279631],[-122.863245,49.2795353],[-122.8631193,49.2794884],[-122.8629905,49.2794414],[-122.8628443,49.2793936],[-122.8626942,49.2793472],[-122.8624355,49.279274],[-122.8616419,49.2790648],[-122.8606388,49.2788022],[-122.8599283,49.278616],[-122.8596609,49.2785469],[-122.8593895,49.2784758],[-122.8591275,49.2784102],[-122.8589278,49.2783639],[-122.8586889,49.2783136],[-122.858448,49.2782664],[-122.8581223,49.2782075],[-122.8578713,49.2781663],[-122.8576242,49.2781296],[-122.8574375,49.2781047],[-122.8572448,49.2780828],[-122.8571127,49.2780697],[-122.856973,49.2780575],[-122.8568415,49.2780484],[-122.8567077,49.2780398],[-122.8564901,49.2780305],[-122.8563163,49.2779877],[-122.8561557,49.277984],[-122.8559898,49.2779821],[-122.8556102,49.2779799],[-122.8553068,49.2779777],[-122.8550021,49.2779796],[-122.8548122,49.2779818],[-122.8546494,49.2779858],[-122.8543811,49.2779976],[-122.85416,49.2780111],[-122.8539633,49.2780262],[-122.8534117,49.2780779],[-122.8528606,49.2781306],[-122.8526466,49.2781497],[-122.852453,49.2781656],[-122.8522856,49.2781773],[-122.8520527,49.2781912],[-122.8518764,49.2781992],[-122.851672,49.2782069],[-122.8515133,49.2782114],[-122.8513504,49.2782143],[-122.8511849,49.2782151],[-122.8510263,49.278215],[-122.8507497,49.2782122],[-122.8504127,49.2782078],[-122.8489308,49.2781752],[-122.848004,49.2781646],[-122.8477927,49.2781599],[-122.845201,49.2781056],[-122.8413805,49.2780366],[-122.8393988,49.2780002],[-122.8365433,49.2779434],[-122.8358393,49.277915],[-122.8353464,49.2778799],[-122.8348702,49.2778245],[-122.8336823,49.2776712],[-122.8335976,49.27766],[-122.8309618,49.277257],[-122.8298075,49.2770862],[-122.8286441,49.2769264],[-122.8279968,49.2768537],[-122.8274064,49.2767964],[-122.8267699,49.2767462],[-122.8242646,49.2766427],[-122.8197028,49.276563],[-122.817454,49.2765144],[-122.8146623,49.2764616],[-122.808637,49.2763608],[-122.8069317,49.2762528],[-122.8051911,49.2759718],[-122.8042163,49.27571],[-122.8041004,49.2756789],[-122.8035341,49.2755268],[-122.8020022,49.2749441],[-122.801296,49.2746081],[-122.801015,49.2744726],[-122.799325,49.2735743],[-122.799228,49.2735197],[-122.7981954,49.2729799],[-122.7954384,49.2715168],[-122.794186,49.2708684],[-122.7934506,49.2704973],[-122.7925509,49.2700625],[-122.790976,49.2694002],[-122.790774,49.2693114],[-122.79063,49.2692546],[-122.790527,49.2692122],[-122.7904344,49.2691694],[-122.7831069,49.2660642],[-122.7830656,49.2660473],[-122.7821745,49.265669],[-122.7814451,49.2653607],[-122.7811027,49.2652216],[-122.7796916,49.264614],[-122.7795129,49.2645405],[-122.7793898,49.2644873],[-122.7793762,49.264481],[-122.7781261,49.263951],[-122.7778174,49.263821],[-122.7769617,49.2634202],[-122.7762563,49.2631191],[-122.7755053,49.262804],[-122.7751298,49.2626342],[-122.7748938,49.2625059],[-122.7746604,49.2623559],[-122.7742983,49.2620251],[-122.7740569,49.2617153],[-122.7736118,49.2611496],[-122.7732804,49.2608391],[-122.7730055,49.2606545],[-122.7726339,49.2604558],[-122.7719599,49.2601615],[-122.771085,49.2597898],[-122.7709099,49.2597167],[-122.7703769,49.2594939],[-122.7682794,49.2586064],[-122.7670322,49.2580638],[-122.7655758,49.2574546],[-122.7643634,49.2569486],[-122.7635158,49.256581],[-122.7620862,49.2559718],[-122.7602408,49.255184],[-122.7583821,49.2544015],[-122.7567298,49.2536994],[-122.7549113,49.2529274],[-122.7523659,49.2518489],[-122.7497963,49.2507529],[-122.7475111,49.249797],[-122.7468137,49.2494906],[-122.7462558,49.2492857],[-122.7457758,49.2491684],[-122.7452125,49.2490633],[-122.7446707,49.2489933],[-122.7441664,49.2489653],[-122.7435763,49.2489373],[-122.7431043,49.2488883],[-122.7426268,49.2487972],[-122.7422138,49.2486816],[-122.7414405,49.2483975],[-122.7413883,49.2483761],[-122.7403536,49.2479368],[-122.7400212,49.2477967],[-122.7398808,49.247737],[-122.7385527,49.2471785],[-122.737392,49.2466948],[-122.7369001,49.2464715],[-122.7341389,49.2452993],[-122.7331677,49.2448884],[-122.7307325,49.2438541],[-122.7299447,49.2435156],[-122.7279699,49.2426797],[-122.72787,49.2426374],[-122.7276343,49.242537],[-122.7267227,49.2421494],[-122.7224177,49.2403252],[-122.7177432,49.2383374],[-122.7135524,49.2365598],[-122.7134026,49.2364956],[-122.7105564,49.2352856],[-122.7075015,49.2339883],[-122.7014189,49.2314012],[-122.6950315,49.228685],[-122.6925429,49.2276251],[-122.6896617,49.2264001],[-122.6895978,49.2263729],[-122.6894997,49.2263286],[-122.6894339,49.2263014],[-122.6886979,49.2259964],[-122.6865853,49.2250997],[-122.6809686,49.2227052],[-122.6788714,49.2218267],[-122.678181,49.2215248],[-122.6773739,49.2211727],[-122.676647,49.2208662],[-122.6758287,49.2205069],[-122.6750481,49.2201776],[-122.6742062,49.219822],[-122.6734897,49.2195136],[-122.6725805,49.2191194],[-122.6716688,49.2187323],[-122.6707435,49.2183399],[-122.6699729,49.2180209],[-122.6699226,49.217999],[-122.6692226,49.2176952],[-122.6684247,49.217351],[-122.6682978,49.2172963],[-122.6681551,49.2172362],[-122.6677942,49.2170911],[-122.6673518,49.2168996],[-122.667259,49.2168594],[-122.6663283,49.2164652],[-122.6654541,49.2160938],[-122.6651644,49.2159696],[-122.66514,49.2159592],[-122.6646495,49.2157487],[-122.6635951,49.2153053],[-122.6630965,49.2150811],[-122.6625118,49.2148359],[-122.6620314,49.2145905],[-122.6615247,49.2142752],[-122.6610685,49.2139387],[-122.6604971,49.2134166],[-122.6597491,49.2127106],[-122.658836,49.2118728],[-122.658713,49.2118235],[-122.6586451,49.2117602],[-122.6566047,49.2098574],[-122.6550424,49.2083757],[-122.6549968,49.2083329],[-122.654053,49.2074468],[-122.65383,49.2072557],[-122.6537507,49.2071798],[-122.6535423,49.2070215],[-122.6534747,49.2069717],[-122.6533727,49.2068935],[-122.6532014,49.2067832],[-122.6530204,49.2066675],[-122.6527675,49.2065268],[-122.6524779,49.2063936],[-122.6521914,49.2062712],[-122.6519973,49.2061949],[-122.6517946,49.2061274],[-122.6514625,49.20602],[-122.6510711,49.2059177],[-122.6508823,49.2058785],[-122.6506982,49.2058472],[-122.650316,49.2057823],[-122.6497638,49.2057257],[-122.6490248,49.2056971],[-122.6485211,49.2057172],[-122.6477872,49.2057931],[-122.6469673,49.2059374],[-122.646584,49.2060493],[-122.6393462,49.2083869],[-122.6380543,49.2087581],[-122.6378974,49.2088039],[-122.6367907,49.2091056],[-122.6312574,49.2106188],[-122.6307367,49.2107547],[-122.6255753,49.2120017],[-122.6255252,49.2119663],[-122.6245022,49.2121552],[-122.6231726,49.2123293],[-122.6208254,49.2127457],[-122.6202464,49.2128391],[-122.6194812,49.212938],[-122.6185605,49.2130041],[-122.6166783,49.2130766],[-122.6154917,49.213134],[-122.6136914,49.2132205],[-122.6130062,49.2132273],[-122.6115834,49.213257],[-122.6108521,49.2132416],[-122.6106751,49.2132293],[-122.6103368,49.2131959],[-122.6097542,49.213118],[-122.6093262,49.2130435],[-122.6085994,49.2128736],[-122.6074594,49.2126229],[-122.6062631,49.2123382],[-122.6054448,49.212148],[-122.604156,49.2118487],[-122.6035893,49.2117163],[-122.6030233,49.2115693],[-122.6022154,49.211342],[-122.6012958,49.2110706],[-122.6005149,49.2107988],[-122.5996317,49.2104654],[-122.598965,49.2101909],[-122.5981116,49.2098351],[-122.597315,49.2095021],[-122.5966073,49.2092027],[-122.59588,49.2089029],[-122.5947432,49.2084264],[-122.5937669,49.2080093],[-122.5927055,49.2075745],[-122.5916851,49.2071435],[-122.5908996,49.206816],[-122.5874509,49.2053752],[-122.5861832,49.2049157],[-122.5844686,49.2044068],[-122.5835974,49.2041505],[-122.5832898,49.2040516],[-122.5826887,49.2038198],[-122.582302,49.2036376],[-122.581954,49.2034547],[-122.581598,49.203219],[-122.5812758,49.2029747],[-122.580983,49.2027254],[-122.5806739,49.2023939],[-122.5804482,49.2020831],[-122.580033,49.2015287],[-122.5796018,49.2009573],[-122.5794312,49.2007432],[-122.5792883,49.2005588],[-122.5790197,49.2002054],[-122.5789007,49.200047],[-122.5786995,49.1997864],[-122.5785529,49.1995874],[-122.578486,49.1994958],[-122.5783448,49.1993942],[-122.5781282,49.1991152],[-122.5779544,49.1988843],[-122.5776917,49.1985466],[-122.5773219,49.1980773],[-122.5771549,49.1978554],[-122.5768855,49.1974974],[-122.5765112,49.1969999],[-122.5762004,49.1965868],[-122.5758705,49.1961484],[-122.5755589,49.1957342],[-122.5752271,49.1952904],[-122.5748952,49.1948506],[-122.5745547,49.1944085],[-122.5742143,49.1939637],[-122.5739269,49.1935894],[-122.5734783,49.1929893],[-122.5732461,49.1926778],[-122.5729332,49.1922707],[-122.5728383,49.1921643],[-122.5724939,49.1917624],[-122.5721104,49.1913324],[-122.5716735,49.1908944],[-122.5712609,49.1904925],[-122.5710707,49.1903235],[-122.5707704,49.1900799],[-122.5689949,49.1886934],[-122.5683629,49.1882082],[-122.5681224,49.1880174],[-122.5670674,49.1872199],[-122.5663823,49.1867447],[-122.5656848,49.1862705],[-122.5625052,49.1843399],[-122.5617088,49.1839218],[-122.5594526,49.182801],[-122.5586535,49.1824301],[-122.5577967,49.1820545],[-122.5569425,49.181695],[-122.5556048,49.1811656],[-122.5543223,49.1807008],[-122.5535899,49.18044],[-122.5528922,49.1802165],[-122.5525646,49.1801065],[-122.5513732,49.1797062],[-122.5501548,49.1792973],[-122.5493082,49.1790111],[-122.54836,49.178697],[-122.5470612,49.1782632],[-122.545949,49.1778993],[-122.545336,49.177706],[-122.5446782,49.1775284],[-122.5431866,49.177159],[-122.5422541,49.1769072],[-122.5413464,49.1766802],[-122.5401492,49.1763737],[-122.539009,49.1760773],[-122.5381332,49.1758533],[-122.536822,49.1755259],[-122.5353225,49.175146],[-122.5342579,49.1748602],[-122.5331834,49.1745849],[-122.5319276,49.1742613],[-122.5306392,49.1739464],[-122.5298594,49.1737668],[-122.5291799,49.1736602],[-122.5285394,49.1735792],[-122.5277173,49.1735313],[-122.5258262,49.1734447],[-122.5226671,49.173297],[-122.5203872,49.173204],[-122.517734,49.1730765],[-122.5163178,49.1730099],[-122.5141037,49.1729162],[-122.5123463,49.1728328],[-122.5122247,49.1728275],[-122.5105382,49.1727375],[-122.5091241,49.1726802],[-122.5085089,49.1726417],[-122.5081049,49.172582],[-122.5072841,49.1724838],[-122.5065041,49.1723447],[-122.5050794,49.1720216],[-122.5048594,49.1719647],[-122.502896,49.1714807],[-122.5013993,49.1711405],[-122.4995997,49.1708758],[-122.4991384,49.1708302],[-122.4985215,49.1708109],[-122.4977061,49.1708215],[-122.4965983,49.1708969],[-122.49596,49.1709442],[-122.4952331,49.1709863],[-122.4945598,49.1710301],[-122.4936881,49.171088],[-122.4926288,49.1711619],[-122.4926072,49.1711634],[-122.4919205,49.1712108],[-122.4912205,49.1712564],[-122.4905151,49.1713002],[-122.4897748,49.1713563],[-122.4891954,49.1713967],[-122.4887368,49.1714247],[-122.4879723,49.1714756],[-122.4876358,49.1714963],[-122.4875754,49.1715001],[-122.4865757,49.171574],[-122.4854913,49.1717],[-122.4846705,49.1717947],[-122.4836221,49.1719192],[-122.4825194,49.1720544],[-122.4812788,49.1721877],[-122.4799241,49.1723376],[-122.4784038,49.1725105],[-122.4775906,49.1726068],[-122.4755736,49.1728344],[-122.4751995,49.1728766],[-122.4729143,49.1731256],[-122.4713296,49.1733373],[-122.469819,49.1734974],[-122.4688348,49.1736132],[-122.4679067,49.1737289],[-122.4668821,49.1738401],[-122.4667782,49.1738023],[-122.4655987,49.1739364],[-122.4653596,49.1739636],[-122.4638296,49.1740446],[-122.4599818,49.1740342],[-122.4586592,49.1740307],[-122.4586372,49.1740306],[-122.4487176,49.1739939],[-122.4470102,49.173923],[-122.4463575,49.1738774],[-122.4450961,49.1737931],[-122.4413682,49.1735306],[-122.4376373,49.1732763],[-122.4365227,49.1732116],[-122.4336513,49.1730087],[-122.4326854,49.1729611],[-122.4304198,49.1729727],[-122.4289537,49.1729802],[-122.428677,49.1729813],[-122.4283762,49.1729753],[-122.4281075,49.1729643],[-122.4278881,49.1729553],[-122.427684,49.1729394],[-122.4270977,49.172875],[-122.4267958,49.1728333],[-122.426466,49.1727744],[-122.4259775,49.1726686],[-122.4254772,49.1725397],[-122.4245793,49.1722709],[-122.4229906,49.1717927],[-122.4223182,49.1716042],[-122.4217483,49.1714283],[-122.4213345,49.1712929],[-122.4208564,49.1711185],[-122.4204036,49.1709296],[-122.4200151,49.1707369],[-122.4196422,49.170529],[-122.4193039,49.1703139],[-122.4189675,49.170086],[-122.4182483,49.1695625],[-122.4168487,49.168533],[-122.4161355,49.1679921],[-122.4118052,49.1647045],[-122.4087586,49.1619876],[-122.406572,49.1600517],[-122.4063931,49.1598838],[-122.4057938,49.15936],[-122.4039968,49.1577541],[-122.403727,49.1575272],[-122.4032857,49.1572117],[-122.4026872,49.1568802],[-122.4016961,49.1563905],[-122.3971062,49.1544863],[-122.395779,49.1539357],[-122.3957381,49.1539187],[-122.3916118,49.1521797],[-122.3915101,49.1521356],[-122.390415,49.1516729],[-122.3820044,49.1481522],[-122.3803309,49.1474456],[-122.3751472,49.1453051],[-122.3726302,49.1442555],[-122.3712183,49.1436844],[-122.3685943,49.1426118],[-122.3666307,49.1418218],[-122.3633186,49.140466],[-122.3604406,49.1392829],[-122.360304,49.1392728],[-122.3588609,49.1387069],[-122.3573767,49.138113],[-122.3531437,49.1363794],[-122.3529773,49.1363123],[-122.3518137,49.1358403],[-122.3503774,49.1352195],[-122.349877,49.1349729],[-122.3473846,49.1335208],[-122.3453147,49.132311],[-122.3444944,49.1318981],[-122.3442976,49.1317986],[-122.3431668,49.1313457],[-122.3423739,49.1310948],[-122.3415216,49.1308567],[-122.3409183,49.1307363],[-122.3399208,49.1305707],[-122.337503,49.1302698],[-122.3366939,49.1302316],[-122.3349522,49.1303145],[-122.3306629,49.1306355],[-122.3277558,49.1308226],[-122.3263244,49.1309359],[-122.3255301,49.1310335],[-122.3244593,49.1311989],[-122.3232697,49.1313861],[-122.322256,49.1315447],[-122.3221659,49.1315602],[-122.3210305,49.1317406],[-122.3201332,49.1318847],[-122.3193505,49.1320083],[-122.3193276,49.1319758],[-122.3174478,49.1322749],[-122.3158233,49.1325341],[-122.3142037,49.1327912],[-122.3128709,49.1330013],[-122.3096673,49.1335097],[-122.3090329,49.133601],[-122.3086761,49.133649],[-122.3080573,49.1337089],[-122.3076748,49.1337348],[-122.3072962,49.1337516],[-122.3065744,49.1337597],[-122.3058526,49.1337414],[-122.3054492,49.1337235],[-122.3049884,49.1337055],[-122.3029753,49.1336211],[-122.3029759,49.1336021],[-122.303764,49.1335897],[-122.3049854,49.1336585],[-122.305218,49.1336683],[-122.3054479,49.1336641],[-122.3056516,49.1336502],[-122.3058402,49.1336223],[-122.3060981,49.1335712],[-122.3062395,49.1335293],[-122.3063967,49.1334735],[-122.3066311,49.1333723],[-122.3068543,49.1332418],[-122.3070524,49.1330918],[-122.3072655,49.1328622],[-122.3073966,49.1326593],[-122.3075021,49.1323674],[-122.3075207,49.1321512],[-122.3074946,49.1319019],[-122.3073621,49.1315618],[-122.307115,49.1313163],[-122.3067948,49.1310428],[-122.3066388,49.1309201],[-122.3034713,49.1283936],[-122.3032426,49.1282142],[-122.3029013,49.1279436],[-122.2994397,49.1252544],[-122.2987975,49.1247555],[-122.2984653,49.1244882],[-122.298133,49.1242209],[-122.2980546,49.1241614],[-122.2975102,49.1237409],[-122.2970351,49.1233144],[-122.2967556,49.1230549],[-122.2966332,49.1229168],[-122.296544,49.1228001],[-122.2964323,49.1226294],[-122.2963765,49.1225295],[-122.2963276,49.1224263],[-122.2962581,49.1222622],[-122.2962128,49.1221047],[-122.2961816,49.1219498],[-122.2961606,49.1217952],[-122.2961605,49.1216154],[-122.2961704,49.1214355],[-122.2961912,49.1213138],[-122.2962316,49.1211529],[-122.2963047,49.1209432],[-122.2964226,49.120711],[-122.2965494,49.1205022],[-122.296701,49.1203005],[-122.2965494,49.1205022],[-122.2964226,49.120711],[-122.2963047,49.1209432],[-122.2962316,49.1211529],[-122.2961912,49.1213138],[-122.2961704,49.1214355],[-122.2961605,49.1216154],[-122.2961606,49.1217952],[-122.2961816,49.1219498],[-122.2962128,49.1221047],[-122.2962581,49.1222622],[-122.2963276,49.1224263],[-122.2963765,49.1225295],[-122.2964323,49.1226294],[-122.296544,49.1228001],[-122.2966332,49.1229168],[-122.2967556,49.1230549],[-122.2970351,49.1233144],[-122.2975102,49.1237409],[-122.2980546,49.1241614],[-122.298133,49.1242209],[-122.2984653,49.1244882],[-122.2987975,49.1247555],[-122.2994397,49.1252544],[-122.3029013,49.1279436],[-122.3032426,49.1282142],[-122.3034713,49.1283936],[-122.3066388,49.1309201],[-122.3067948,49.1310428],[-122.307115,49.1313163],[-122.3073621,49.1315618],[-122.3074946,49.1319019],[-122.3075207,49.1321512],[-122.3075021,49.1323674],[-122.3073966,49.1326593],[-122.3072655,49.1328622],[-122.3070524,49.1330918],[-122.3068543,49.1332418],[-122.3066311,49.1333723],[-122.3063967,49.1334735],[-122.3062395,49.1335293],[-122.3060981,49.1335712],[-122.3058402,49.1336223],[-122.3056516,49.1336502],[-122.3054479,49.1336641],[-122.305218,49.1336683],[-122.3049854,49.1336585],[-122.303764,49.1335897],[-122.3029759,49.1336021],[-122.3025016,49.1335972],[-122.301075,49.1335393],[-122.2982567,49.1334172],[-122.2965034,49.1333467],[-122.2959559,49.133339],[-122.2955154,49.13334],[-122.2949891,49.1333518],[-122.2942344,49.1333921],[-122.2935931,49.1334432],[-122.2930035,49.1335059],[-122.2924222,49.1335822],[-122.2918474,49.1336718],[-122.2910197,49.133828],[-122.2906299,49.1339097],[-122.2902421,49.1340017],[-122.2896291,49.1341653],[-122.2886065,49.1344742],[-122.2881202,49.1346467],[-122.287501,49.1348811],[-122.28684,49.1351594],[-122.2862168,49.1354562],[-122.2812164,49.1380504],[-122.2806333,49.138337],[-122.2799608,49.1386533],[-122.2791087,49.1390179],[-122.2761523,49.1401974],[-122.2753122,49.1405808],[-122.2740971,49.1411937],[-122.2721488,49.1422258],[-122.2650001,49.1460362],[-122.2643257,49.1463777],[-122.2635979,49.1467145],[-122.2630797,49.1469131],[-122.2615665,49.147441],[-122.2595165,49.1481488],[-122.2581921,49.1486006],[-122.2575128,49.1488201],[-122.2568081,49.1490111],[-122.2557913,49.1492343],[-122.2547335,49.1494055],[-122.2542606,49.1494577],[-122.2537852,49.1495007],[-122.2528697,49.149532],[-122.2514326,49.1495182],[-122.2438574,49.1493866],[-122.2435297,49.1493809],[-122.2404562,49.1493152],[-122.2354567,49.1492185],[-122.234593,49.1492104],[-122.2338104,49.1492405],[-122.2332064,49.1492954],[-122.2322486,49.1494465],[-122.231199,49.149682],[-122.2260054,49.1509807],[-122.2251163,49.1512143],[-122.2245396,49.1513698],[-122.2093919,49.155456],[-122.2080388,49.1558261],[-122.2073897,49.1560383],[-122.2064113,49.1564125],[-122.205919,49.1566326],[-122.2054539,49.156863],[-122.2047745,49.1572547],[-122.2042725,49.1575778],[-122.2038639,49.1578782],[-122.2031951,49.1584339],[-122.1962635,49.1644847],[-122.1926777,49.1675949],[-122.1922265,49.1679511],[-122.1918525,49.1681943],[-122.1914601,49.1684136],[-122.1910475,49.1686023],[-122.1906531,49.1687565],[-122.19021,49.1688934],[-122.1895168,49.1690835],[-122.1877646,49.1695447],[-122.1870755,49.1697002],[-122.1864698,49.1698105],[-122.1856253,49.1699304],[-122.1792478,49.1708307],[-122.1756986,49.1713762],[-122.168299,49.1726255],[-122.163389,49.1734617],[-122.1496454,49.1758024],[-122.1492088,49.1758772],[-122.1491401,49.1758887],[-122.149002,49.1759122],[-122.1425252,49.1770511],[-122.1379075,49.1777988],[-122.1370517,49.1779822],[-122.1365801,49.1781018],[-122.1358341,49.178325],[-122.1351415,49.1785433],[-122.1318045,49.179607],[-122.1287236,49.1805893],[-122.1280927,49.1807694],[-122.1279721,49.1808566],[-122.1274558,49.1809788],[-122.1269494,49.1810736],[-122.1263253,49.1811719],[-122.1224697,49.1817399],[-122.1218865,49.1818476],[-122.1213133,49.1819686],[-122.1209759,49.1820589],[-122.1204331,49.1822449],[-122.1199691,49.182432],[-122.1191739,49.1828253],[-122.1183933,49.1832106],[-122.1178261,49.1834816],[-122.1172102,49.1837354],[-122.116576,49.1839294],[-122.1159418,49.1840742],[-122.1153381,49.1841619],[-122.1146409,49.184219],[-122.1078977,49.1845006],[-122.1067477,49.1845299],[-122.1055667,49.1845273],[-122.1043126,49.1844773],[-122.103289,49.1844021],[-122.102255,49.1843006],[-122.1013883,49.1841953],[-122.0937525,49.1832823],[-122.0929712,49.1831874],[-122.0924679,49.1831438],[-122.091895,49.1831159],[-122.091337,49.1831006],[-122.0858533,49.1831202],[-122.0848854,49.1831479],[-122.0842829,49.18318],[-122.0836385,49.1832471],[-122.0829932,49.183367],[-122.0823387,49.1835504],[-122.0816313,49.1837949],[-122.0809096,49.1841058],[-122.0758014,49.1863344],[-122.0756266,49.1864109],[-122.0743106,49.1869894],[-122.0735596,49.1873659],[-122.0730922,49.1876578],[-122.0726466,49.187984],[-122.0722413,49.1883447],[-122.0718283,49.1887876],[-122.0700258,49.1911231],[-122.0697327,49.1914515],[-122.0694077,49.1917419],[-122.0691,49.1919725],[-122.0687217,49.1922048],[-122.0683045,49.1924233],[-122.067829,49.1926306],[-122.0530167,49.1977325],[-122.0518177,49.1981097],[-122.0510629,49.198325],[-122.0500257,49.1985888],[-122.0465418,49.1993244],[-122.0457341,49.1995225],[-122.0375932,49.2016555],[-122.0356992,49.202144],[-122.0351524,49.2022704],[-122.0345332,49.2023746],[-122.0340744,49.2024252],[-122.0340228,49.202431],[-122.033634,49.2024534],[-122.0332453,49.2024662],[-122.0314853,49.2025157],[-122.0309853,49.202544],[-122.0304781,49.2025866],[-122.0294992,49.2027327],[-122.0288888,49.2028814],[-122.0282998,49.2030579],[-122.0277887,49.2032411],[-122.0272806,49.2034588],[-122.026807,49.2036981],[-122.0251303,49.2045907],[-122.0238862,49.2052681],[-122.0234884,49.2055242],[-122.0196012,49.2085241],[-122.0161278,49.2112227],[-122.0157685,49.2115267],[-122.0153906,49.2118582],[-122.0122669,49.2150384],[-122.0119333,49.2154058],[-122.0116377,49.2157638],[-122.0113747,49.2161211],[-122.0111448,49.2165035],[-122.01087,49.2170274],[-122.010651,49.2175528],[-122.010446,49.2183156],[-122.0103524,49.2189813],[-122.0103669,49.2197056],[-122.0105085,49.2204333],[-122.0106999,49.221094],[-122.0109477,49.2217441],[-122.0112563,49.2222821],[-122.0112978,49.2223419],[-122.0112903,49.2224292],[-122.0115535,49.2228271],[-122.0118241,49.2231502],[-122.0121153,49.2234691],[-122.0124242,49.2237716],[-122.0127612,49.2240623],[-122.0145999,49.2254922],[-122.0148442,49.2257366],[-122.0150518,49.2260027],[-122.0152616,49.2263255],[-122.0153986,49.2266656],[-122.0154851,49.2270094],[-122.0155333,49.227354],[-122.015513,49.227649],[-122.0154441,49.2279392],[-122.0153301,49.2282634],[-122.0151367,49.228575],[-122.0148729,49.2289233],[-122.0145147,49.2292688],[-122.0142547,49.2294784],[-122.0139667,49.2296674],[-122.0136377,49.2298608],[-122.0131875,49.2300515],[-122.0092251,49.2316612],[-122.0076727,49.2322874],[-122.0072537,49.2324327],[-122.0066787,49.2325748],[-122.0061074,49.2326816],[-122.0056675,49.2327362],[-122.0052007,49.2327667],[-122.0046038,49.2327784],[-122.0039811,49.2327491],[-122.0033983,49.2327008],[-121.9989393,49.2322635],[-121.9983306,49.2321967],[-121.9977443,49.2321128],[-121.9972255,49.2320232],[-121.9968267,49.2319415],[-121.9961764,49.2317873],[-121.9957281,49.2316698],[-121.995254,49.231536],[-121.9946308,49.2313199],[-121.993934,49.2310782],[-121.9932661,49.2308552],[-121.9932199,49.2308816],[-121.9925486,49.2306848],[-121.9918052,49.2305002],[-121.9911925,49.2303666],[-121.9904635,49.2302143],[-121.9895939,49.2300337],[-121.9880263,49.2297011],[-121.9874475,49.2295769],[-121.9867328,49.2294299],[-121.9863508,49.2293583],[-121.9858586,49.2292809],[-121.985402,49.2292219],[-121.9851495,49.2291934],[-121.9845976,49.2291473],[-121.9808243,49.2289227],[-121.9795811,49.2288497],[-121.9780562,49.2287589],[-121.9773292,49.228723],[-121.9769805,49.2287161],[-121.9766994,49.2287212],[-121.9762115,49.2287514],[-121.9758416,49.2287894],[-121.9755271,49.2288407],[-121.9751249,49.2289137],[-121.974786,49.2289999],[-121.974337,49.2291322],[-121.9739117,49.2292831],[-121.9734161,49.2294753],[-121.9729572,49.2296527],[-121.9724286,49.229855],[-121.9715803,49.2301697],[-121.9710347,49.2303528],[-121.9701952,49.2305888],[-121.9694573,49.2307729],[-121.9685951,49.2309842],[-121.9678958,49.2311555],[-121.9673405,49.2313008],[-121.9668285,49.2314574],[-121.966351,49.2316307],[-121.9658664,49.2318327],[-121.9652943,49.232086],[-121.9646412,49.2323717],[-121.9640898,49.2326136],[-121.9633627,49.2329345],[-121.9627585,49.2332042],[-121.9593902,49.2347217],[-121.9587084,49.2349873],[-121.9581815,49.2351786],[-121.9578016,49.2353045],[-121.9575094,49.2353903],[-121.9572123,49.2354749],[-121.9568317,49.2355687],[-121.9564549,49.2356544],[-121.9560522,49.2357358],[-121.9558553,49.235773],[-121.9555627,49.2358221],[-121.955194,49.2358687],[-121.9543549,49.2359588],[-121.9539098,49.2359869],[-121.9535457,49.236004],[-121.9531481,49.2360126],[-121.9526852,49.2360163],[-121.9521979,49.2360014],[-121.9518811,49.23598],[-121.9514277,49.235948],[-121.9509035,49.235887],[-121.9502611,49.2357996],[-121.949695,49.2357125],[-121.9490194,49.2356063],[-121.9476489,49.2353981],[-121.943711,49.2347813],[-121.9430933,49.2346898],[-121.9423114,49.2345599],[-121.9417998,49.2344868],[-121.9416284,49.2344581],[-121.9238529,49.2317018],[-121.9223787,49.2314733],[-121.9215774,49.2313456],[-121.9209561,49.2312247],[-121.9204252,49.2311054],[-121.9198408,49.2309507],[-121.9192764,49.2307733],[-121.9185911,49.2305321],[-121.9177473,49.2302096],[-121.9173422,49.2300522],[-121.9168844,49.2298746],[-121.9158256,49.2294665],[-121.9117854,49.227907],[-121.9109989,49.2276047],[-121.91039,49.2273762],[-121.9099612,49.227219],[-121.9090499,49.22695],[-121.9079098,49.2267191],[-121.906438,49.2265492],[-121.9048968,49.2265557],[-121.8953633,49.2267449],[-121.8945147,49.2267618],[-121.8934019,49.2268892],[-121.8887294,49.2280087],[-121.887252,49.2283399],[-121.8855449,49.2284435],[-121.88528,49.2284382],[-121.8838933,49.2284105],[-121.8803594,49.2282787],[-121.8790867,49.2281263],[-121.8762119,49.2277104],[-121.8739342,49.2274715],[-121.8721591,49.2275085],[-121.870388,49.2278133],[-121.8677644,49.2287483],[-121.8666071,49.2289624],[-121.8653299,49.2291066],[-121.8647102,49.2292098],[-121.8641223,49.2293601],[-121.861862,49.2300263],[-121.8608301,49.2303359],[-121.8602072,49.2305384],[-121.8595843,49.2307545],[-121.8591947,49.2309518],[-121.8586137,49.2312839],[-121.8583181,49.2314908],[-121.8580537,49.2317045],[-121.8578159,49.2319525],[-121.8561417,49.233891],[-121.8558258,49.2342596],[-121.8539218,49.2364938],[-121.8536161,49.2368303],[-121.8535472,49.2368364],[-121.853262,49.2371203],[-121.8528878,49.2374475],[-121.8525136,49.2377552],[-121.8520211,49.2380802],[-121.8515212,49.2383733],[-121.8508706,49.2387042],[-121.8501751,49.238996],[-121.8495857,49.2392002],[-121.8489887,49.23938],[-121.8483839,49.2395253],[-121.8477492,49.2396462],[-121.8470919,49.2397427],[-121.8464196,49.239805],[-121.846378,49.2398416],[-121.8412785,49.2402327],[-121.8236387,49.2415854],[-121.8153497,49.2422402],[-121.8124054,49.2424936],[-121.8099725,49.2426134],[-121.8072448,49.2425858],[-121.8046092,49.2423968],[-121.793898,49.2416521],[-121.772941,49.2401575],[-121.7657882,49.2396474],[-121.7505965,49.2385798],[-121.7490751,49.2385701],[-121.7475341,49.2386875],[-121.7465753,49.2388244],[-121.7449854,49.2391962],[-121.7429298,49.2398956],[-121.7420406,49.2403415],[-121.7409811,49.2409927],[-121.740102,49.241689],[-121.7381803,49.2436355],[-121.7346483,49.2472027],[-121.7344808,49.2473889],[-121.7232931,49.2587323],[-121.707984,49.2742613],[-121.6890838,49.2934331],[-121.6799881,49.3026262],[-121.6731944,49.3094927],[-121.6722069,49.3104915],[-121.6717309,49.3109659],[-121.6714806,49.3112147],[-121.6711713,49.3115097],[-121.6709181,49.3117298],[-121.670593,49.3120247],[-121.6703211,49.3122362],[-121.6700506,49.3124534],[-121.6695817,49.3128188],[-121.6694464,49.3129267],[-121.6692422,49.3130849],[-121.6689674,49.3132892],[-121.6687876,49.3134259],[-121.6685487,49.3136043],[-121.6682583,49.3138285],[-121.6679821,49.31405],[-121.6676426,49.314296],[-121.6674872,49.3144025],[-121.6671117,49.3146456],[-121.6668168,49.3147981],[-121.6665334,49.3149376],[-121.6663363,49.3150168],[-121.6660961,49.3151189],[-121.665781,49.3152498],[-121.6655221,49.3153462],[-121.6653768,49.3154009],[-121.6651164,49.3155016],[-121.6648546,49.3156066],[-121.6646532,49.3156872],[-121.6644532,49.3157706],[-121.6641942,49.3158742],[-121.6640144,49.3159403],[-121.6637411,49.3160698],[-121.6635152,49.3161691],[-121.6633153,49.316277],[-121.6631498,49.3163748],[-121.662934,49.3165],[-121.662747,49.3166323],[-121.6625125,49.3167877],[-121.6622982,49.3169344],[-121.662045,49.3171258],[-121.6618335,49.3172725],[-121.6615486,49.3174638],[-121.6612149,49.3176508],[-121.6609157,49.3178163],[-121.6605301,49.3180033],[-121.6601935,49.3181932],[-121.6597878,49.3184219],[-121.6594138,49.3186147],[-121.6591117,49.3187787],[-121.658811,49.3189341],[-121.6584557,49.3191139],[-121.6581866,49.3192376],[-121.6579147,49.3193642],[-121.6575853,49.3194836],[-121.6572429,49.3196059],[-121.6568372,49.319721],[-121.6563956,49.3198346],[-121.6560402,49.3199109],[-121.6556202,49.3199972],[-121.6552965,49.3200634],[-121.6547254,49.3202044],[-121.6543211,49.3203223],[-121.6538694,49.3204777],[-121.6534767,49.3206518],[-121.653117,49.3208316],[-121.6527689,49.32101],[-121.6524754,49.3211754],[-121.6522725,49.3212919],[-121.6519215,49.3214833],[-121.6516252,49.3216458],[-121.6511936,49.3218832],[-121.6509059,49.3220386],[-121.6504067,49.3223033],[-121.6500643,49.3224673],[-121.6497248,49.3226011],[-121.6493392,49.3227421],[-121.6490673,49.3228298],[-121.6487221,49.3229377],[-121.6481754,49.3231075],[-121.6474277,49.3233598],[-121.646822,49.3235919],[-121.6464286,49.323765],[-121.6460285,49.3239807],[-121.6454935,49.3242887],[-121.645226,49.3244528],[-121.6448843,49.3246483],[-121.6445022,49.3248754],[-121.6440796,49.3251339],[-121.6437267,49.3253452],[-121.6432637,49.3256239],[-121.6427175,49.3259386],[-121.6421353,49.3262982],[-121.6416632,49.3265725],[-121.6412923,49.3267928],[-121.6407416,49.3271254],[-121.6403168,49.3273749],[-121.6397683,49.3277031],[-121.6392423,49.3280268],[-121.6386467,49.3283617],[-121.6382842,49.3285735],[-121.6377582,49.3288905],[-121.6373963,49.3291153],[-121.636913,49.3293648],[-121.6364814,49.3296233],[-121.6360116,49.3298773],[-121.6359293,49.3299202],[-121.6354429,49.330174],[-121.6348922,49.3304797],[-121.6344202,49.3307224],[-121.6339257,49.3310102],[-121.6337324,49.331127],[-121.6333345,49.3313766],[-121.6330445,49.3315811],[-121.6327163,49.3318351],[-121.6323743,49.3321305],[-121.6320134,49.332478],[-121.6231714,49.341554],[-121.6190917,49.3457108],[-121.6189132,49.3458949],[-121.618574,49.346213],[-121.6183069,49.3464116],[-121.6180566,49.3466072],[-121.6178091,49.346787],[-121.6175876,49.3469381],[-121.6091257,49.3526701],[-121.6090204,49.3527394],[-121.60848,49.3530948],[-121.6080542,49.3533745],[-121.6030253,49.3568365],[-121.6026632,49.3570751],[-121.602251,49.3573285],[-121.6019022,49.3575155],[-121.6014365,49.357733],[-121.6010786,49.3578823],[-121.5998937,49.3584345],[-121.5990174,49.3588499],[-121.5969157,49.3598424],[-121.5963222,49.3601265],[-121.595504,49.360506],[-121.5952163,49.3606174],[-121.5949178,49.3607415],[-121.5945227,49.3609014],[-121.5941787,49.3610435],[-121.5938383,49.3611549],[-121.5935254,49.3612484],[-121.5932143,49.3613453],[-121.5929087,49.3614292],[-121.5925617,49.3615184],[-121.5921784,49.3616101],[-121.5912452,49.3618143],[-121.5907113,49.3619104],[-121.5895358,49.3621225],[-121.5864336,49.3626596],[-121.5821823,49.3633957],[-121.5761225,49.3644449],[-121.5737386,49.3648262],[-121.5726113,49.3649876],[-121.5718718,49.3650865],[-121.5711593,49.3651831],[-121.5684057,49.3655473],[-121.567819,49.3656372],[-121.5516232,49.3683055],[-121.5511141,49.3683921],[-121.519635,49.3735552],[-121.5174313,49.3739163],[-121.5168907,49.3740144],[-121.5162347,49.374141],[-121.5155418,49.3742918],[-121.511826,49.3750866],[-121.5110909,49.375226],[-121.5103447,49.3753294],[-121.510021,49.3753703],[-121.5095775,49.375414],[-121.5090584,49.3754551],[-121.4973333,49.3764089],[-121.4925875,49.3768703],[-121.4920509,49.3769188],[-121.4916444,49.3769762],[-121.4912379,49.3770525],[-121.4907705,49.3771792],[-121.4904203,49.3773183],[-121.4900702,49.3774953],[-121.4894253,49.3778309],[-121.4890211,49.3780365],[-121.4886654,49.3781755],[-121.4883096,49.3783051],[-121.4865284,49.3789148],[-121.4860636,49.3790609],[-121.4855407,49.3792071],[-121.4848223,49.3793762],[-121.4837085,49.3797453],[-121.4823593,49.380509],[-121.4810928,49.3810373],[-121.480119,49.3812664],[-121.4793658,49.3814829],[-121.47881,49.3816948],[-121.4782288,49.3819665],[-121.4772296,49.3825392],[-121.4750865,49.3838056],[-121.4739113,49.3844152],[-121.4731386,49.3848301],[-121.4730005,49.3849035],[-121.4718284,49.3855293],[-121.4670096,49.3881127],[-121.4668311,49.3882087],[-121.4658103,49.3887335],[-121.4651063,49.3890864],[-121.4644022,49.3893825],[-121.4637173,49.3896289],[-121.4629742,49.3898564],[-121.4551561,49.3921135],[-121.4540253,49.3924485],[-121.4532152,49.3927814],[-121.4527074,49.3929995],[-121.4521884,49.3932504],[-121.4516693,49.3935296],[-121.4511212,49.3938704],[-121.4506458,49.3941923],[-121.4502207,49.3945505],[-121.4498102,49.3949703],[-121.4492138,49.3957707],[-121.4482656,49.3965599],[-121.4467572,49.3971454],[-121.4457753,49.3973645],[-121.4434174,49.3976259],[-121.4424438,49.3979345],[-121.4411757,49.3985137],[-121.439801,49.3991756],[-121.4370961,49.4000666],[-121.4364152,49.4003403],[-121.4350659,49.4014349],[-121.4344104,49.4019759],[-121.4338567,49.4029624],[-121.4331948,49.4038343],[-121.4317497,49.4058326],[-121.4313424,49.4065391],[-121.4308715,49.4076719],[-121.4304514,49.408843],[-121.4301913,49.4095365],[-121.4301077,49.4097594],[-121.4296495,49.4104468],[-121.4291213,49.4108986],[-121.428523,49.4112614],[-121.4278038,49.4117515],[-121.4272756,49.4121079],[-121.4267855,49.4126488],[-121.4264482,49.4132916],[-121.4265182,49.4140108],[-121.4266646,49.4146218],[-121.4273838,49.4155955],[-121.4280775,49.4160919],[-121.4287839,49.4166456],[-121.4292295,49.4172439],[-121.4298977,49.4178803],[-121.4305914,49.4181922],[-121.4316161,49.4189495],[-121.4319216,49.4192805],[-121.4321889,49.4198851],[-121.4326726,49.4207315],[-121.4336081,49.4217753],[-121.4343209,49.4225645],[-121.4348746,49.4233791],[-121.4356642,49.4246945],[-121.4363702,49.4259873],[-121.4369371,49.4273099],[-121.4373033,49.4284435],[-121.4373547,49.4286026],[-121.437919,49.4305781],[-121.4381105,49.4311782],[-121.4386674,49.4331074],[-121.4386077,49.4342808],[-121.4380152,49.4355391],[-121.4372772,49.4375897],[-121.4372206,49.4377471],[-121.4364607,49.4400103],[-121.4360705,49.4412094],[-121.4358848,49.4417802],[-121.4347825,49.4451731],[-121.4339392,49.4477071],[-121.4331589,49.4500494],[-121.4323472,49.4524085],[-121.4322248,49.4527881],[-121.4317304,49.4543219],[-121.4311007,49.4563266],[-121.4305053,49.4582359],[-121.4301704,49.4592396],[-121.4294527,49.4613904],[-121.4287631,49.4635183],[-121.4280048,49.4656386],[-121.4272321,49.4677815],[-121.4267109,49.4693014],[-121.4259735,49.4713224],[-121.4257595,49.4721709],[-121.424981,49.4742744],[-121.4248744,49.4745394],[-121.4242083,49.4763717],[-121.423943,49.4771577],[-121.4229832,49.4799824],[-121.4223704,49.4817237],[-121.4217212,49.4835701],[-121.4211787,49.4850656],[-121.4209441,49.4860125],[-121.4207599,49.4870463],[-121.4206533,49.4883036],[-121.4203361,49.4916094],[-121.4202084,49.4932238],[-121.4199389,49.4968077],[-121.4196372,49.5003082],[-121.4193541,49.5019504],[-121.4190511,49.5033547],[-121.4185611,49.5047598],[-121.4177937,49.5059048],[-121.4173744,49.5063449],[-121.4170056,49.5069323],[-121.416891,49.507281],[-121.4167469,49.5077215],[-121.4167181,49.5083005],[-121.4167893,49.5088503],[-121.4169508,49.5094243],[-121.417363,49.5111713],[-121.4177687,49.5130965],[-121.4181715,49.5141911],[-121.4185353,49.5147983],[-121.4188668,49.5152537],[-121.4191636,49.5156226],[-121.4195825,49.5163582],[-121.4200758,49.5181323],[-121.4201392,49.5186969],[-121.4207599,49.5214178],[-121.4212087,49.5235921],[-121.4215083,49.5249012],[-121.4221569,49.5278697],[-121.4224287,49.5286786],[-121.4225155,49.5289369],[-121.4230352,49.529954],[-121.4243796,49.5317997],[-121.4261776,49.5336931],[-121.4290256,49.5359444],[-121.4297336,49.5366763],[-121.4312611,49.5382117],[-121.4320221,49.5386291],[-121.4327144,49.5389923],[-121.4339611,49.5396463],[-121.4343008,49.5398228],[-121.4348492,49.5401537],[-121.4352313,49.5404137],[-121.4356219,49.5407408],[-121.4360173,49.5411329],[-121.4368776,49.5422769],[-121.4377209,49.5434703],[-121.4382937,49.544226],[-121.4392165,49.5458171],[-121.4401393,49.5474002],[-121.4402745,49.5476462],[-121.4404786,49.5480176],[-121.4410224,49.5490072],[-121.4417092,49.5498206],[-121.4420418,49.5502452],[-121.4423907,49.5507574],[-121.4432112,49.5519992],[-121.4434472,49.5525491],[-121.4436238,49.5530963],[-121.4437272,49.5540271],[-121.4437352,49.5552443],[-121.4436091,49.5556967],[-121.443527,49.5559361],[-121.4434509,49.5561137],[-121.4433485,49.5563254],[-121.4431851,49.5566057],[-121.4430573,49.5568127],[-121.4429053,49.5570254],[-121.4426945,49.557304],[-121.4423942,49.5576568],[-121.4422945,49.5577662],[-121.4417208,49.5583138],[-121.4405621,49.5592255],[-121.4397038,49.5599563],[-121.4379968,49.5608018],[-121.4373543,49.5611171],[-121.436173,49.5616975],[-121.435665,49.5619087],[-121.435209,49.5620735],[-121.4347628,49.562173],[-121.4342711,49.5622551],[-121.4341351,49.5622771],[-121.433352,49.5623539],[-121.43261,49.5623622],[-121.4318113,49.5622857],[-121.4312416,49.5622232],[-121.4305106,49.5621164],[-121.4298968,49.5620428],[-121.4293819,49.5620204],[-121.4291111,49.5620306],[-121.4287612,49.5620555],[-121.4283945,49.5621043],[-121.42806,49.5621754],[-121.4276809,49.5622748],[-121.4274029,49.5623699],[-121.4270697,49.5625076],[-121.4266834,49.5626981],[-121.4261239,49.562976],[-121.425853,49.5631047],[-121.4255256,49.5632442],[-121.4251777,49.5633549],[-121.4248733,49.5634317],[-121.424571,49.5634918],[-121.4242943,49.5635343],[-121.4239782,49.5635613],[-121.4238529,49.5635718],[-121.423416,49.5635655],[-121.4231247,49.5635509],[-121.4227058,49.5635024],[-121.4223225,49.5634388],[-121.4217877,49.563338],[-121.4216401,49.5633091],[-121.4212109,49.5631983],[-121.4196998,49.562911],[-121.41884,49.562818],[-121.4179803,49.5627335],[-121.4160523,49.5625477],[-121.4142025,49.562404],[-121.4134175,49.5623578],[-121.4128522,49.5623246],[-121.4113592,49.5622688],[-121.4101837,49.5624315],[-121.4095609,49.5625255],[-121.408593,49.5626065],[-121.4080068,49.5626015],[-121.4059439,49.5625146],[-121.4053945,49.5625431],[-121.4037496,49.5629422],[-121.4018165,49.5634682],[-121.4006434,49.5640594],[-121.4004739,49.5641823],[-121.4003336,49.5643078],[-121.4001871,49.5644697],[-121.400061,49.5646293],[-121.3999546,49.5648041],[-121.3998288,49.5651515],[-121.3998034,49.5652624],[-121.3997894,49.5653944],[-121.3997936,49.56551],[-121.3998106,49.5656651],[-121.399853,49.5658368],[-121.3999774,49.566133],[-121.4000832,49.5663517],[-121.400213,49.5665956],[-121.4008475,49.5676468],[-121.4015317,49.5684582],[-121.4026295,49.5697152],[-121.4032313,49.5704023],[-121.4033892,49.5706174],[-121.403493,49.570903],[-121.4035603,49.5711782],[-121.4036148,49.5714449],[-121.4036346,49.5717138],[-121.4035789,49.5719859],[-121.4034566,49.572415],[-121.4032068,49.5729473],[-121.4031031,49.5731841],[-121.4023636,49.5745645],[-121.4020729,49.575463],[-121.4017612,49.5760477],[-121.4017725,49.5763886],[-121.401979,49.5767434],[-121.4022671,49.5771678],[-121.4023431,49.5776229],[-121.4023046,49.5781739],[-121.4022417,49.5784027],[-121.4021271,49.5787142],[-121.4020015,49.5789883],[-121.4017977,49.5793683],[-121.4016575,49.5796341],[-121.4016062,49.5797638],[-121.4015614,49.5799004],[-121.4015418,49.5800468],[-121.40153,49.5802309],[-121.4015395,49.5803977],[-121.4015709,49.5805484],[-121.4016244,49.5807099],[-121.4017155,49.5809026],[-121.4019624,49.5813106],[-121.4022809,49.5818205],[-121.4022948,49.5818438],[-121.4025303,49.5822401],[-121.4027585,49.5826099],[-121.4030086,49.5830601],[-121.4032312,49.5834903],[-121.4036682,49.5843726],[-121.4043399,49.5857215],[-121.4049489,49.5869502],[-121.4050653,49.587173],[-121.405166,49.5873614],[-121.405346,49.5876218],[-121.4055372,49.5878568],[-121.4057747,49.5881072],[-121.4061141,49.5884274],[-121.4064111,49.5886884],[-121.4069436,49.589164],[-121.4074377,49.5895961],[-121.4076616,49.5898278],[-121.4078506,49.5900565],[-121.4080041,49.5902966],[-121.4081272,49.5905758],[-121.4082466,49.5909278],[-121.4083562,49.591218],[-121.4084915,49.5914547],[-121.4086099,49.5916211],[-121.408992,49.5920376],[-121.4091743,49.5922399],[-121.4092915,49.5924104],[-121.4093709,49.5926057],[-121.4094098,49.5927702],[-121.4094343,49.592986],[-121.4094565,49.5932921],[-121.4094887,49.5935577],[-121.409526,49.5937237],[-121.4096193,49.593999],[-121.4097174,49.5942045],[-121.4099247,49.5945423],[-121.4101797,49.5949572],[-121.4104258,49.5953475],[-121.4105319,49.5954965],[-121.4106274,49.5956199],[-121.4108079,49.5958078],[-121.4109867,49.5959551],[-121.4112278,49.5961126],[-121.4114858,49.5962423],[-121.4118588,49.5964018],[-121.4122773,49.5965683],[-121.4126249,49.5967358],[-121.4128366,49.5968721],[-121.4130733,49.5970482],[-121.413233,49.5972026],[-121.413399,49.5974145],[-121.4135231,49.5976138],[-121.4136493,49.597859],[-121.4139155,49.5984214],[-121.414198,49.5990096],[-121.4145226,49.5996762],[-121.4152389,49.6013221],[-121.4154775,49.6023165],[-121.415398,49.603653],[-121.4151991,49.6049418],[-121.4149525,49.6068908],[-121.4149047,49.607925],[-121.4145467,49.609007],[-121.4143876,49.6095241],[-121.4140615,49.6103355],[-121.4135921,49.610972],[-121.4130909,49.6116561],[-121.4124704,49.6120698],[-121.4119135,49.6126108],[-121.4111657,49.6135495],[-121.4109429,49.6141462],[-121.4102747,49.6148622],[-121.40932,49.6156338],[-121.4085881,49.6160157],[-121.4072581,49.6164903],[-121.4065479,49.6167767],[-121.4060758,49.6171851],[-121.4057223,49.6176088],[-121.4054776,49.6180046],[-121.4046979,49.6187921],[-121.4037831,49.6192377],[-121.402001,49.6197866],[-121.4016334,49.6199035],[-121.4009278,49.6201159],[-121.4003934,49.6202755],[-121.4000927,49.6203813],[-121.3998506,49.6204848],[-121.3996074,49.6206123],[-121.3993894,49.6207588],[-121.3991754,49.6209324],[-121.3989981,49.621136],[-121.3988798,49.6212909],[-121.3986698,49.6216184],[-121.3984917,49.6218717],[-121.3983324,49.6220553],[-121.3981256,49.6222437],[-121.3979261,49.6223832],[-121.3976041,49.6225635],[-121.3968366,49.6229291],[-121.3963049,49.6232068],[-121.3959954,49.6234275],[-121.3957597,49.6236296],[-121.3955873,49.6238343],[-121.3953867,49.6241087],[-121.3952498,49.6243269],[-121.3946793,49.6252444],[-121.3944661,49.6255309],[-121.3942762,49.6257493],[-121.3940206,49.6259819],[-121.393599,49.6263034],[-121.3930721,49.6266268],[-121.3926695,49.6268972],[-121.3924304,49.6271028],[-121.3922844,49.6272677],[-121.3921328,49.6274876],[-121.3920077,49.6277244],[-121.3919359,49.6279306],[-121.3919004,49.6281856],[-121.3919006,49.6284345],[-121.3919264,49.628669],[-121.3920505,49.6292669],[-121.3922367,49.6301619],[-121.3923264,49.6304893],[-121.3924194,49.6307637],[-121.3925679,49.6310863],[-121.3927263,49.6313644],[-121.3929595,49.6317128],[-121.3931605,49.6319695],[-121.3935418,49.6323721],[-121.3939311,49.6327148],[-121.3942567,49.6329656],[-121.3945449,49.6331637],[-121.3948735,49.6333593],[-121.3952103,49.6335438],[-121.3959794,49.633927],[-121.3971409,49.6345009],[-121.3983002,49.6350693],[-121.3992324,49.6355257],[-121.4000472,49.6359297],[-121.4010721,49.6364316],[-121.4018397,49.6368128],[-121.4044951,49.6381372],[-121.4059867,49.6387712],[-121.4074908,49.6393803],[-121.4089451,49.6402877],[-121.4093678,49.6408595],[-121.4097282,49.6414313],[-121.4097282,49.6421647],[-121.4095294,49.6437682],[-121.4093429,49.6452474],[-121.4088954,49.6465526],[-121.4084231,49.6472611],[-121.4077767,49.6481561],[-121.406745,49.6489641],[-121.4057878,49.6499585],[-121.4050296,49.6506826],[-121.4048043,49.6510455],[-121.4046809,49.6514776],[-121.4047437,49.6519473],[-121.4050793,49.6536503],[-121.4052409,49.6550798],[-121.4054169,49.6560153],[-121.4057871,49.6567773],[-121.4064964,49.6578642],[-121.4072297,49.6588586],[-121.4079676,49.6596322],[-121.4082683,49.6600086],[-121.4084977,49.6602846],[-121.4088086,49.660609],[-121.4089384,49.6607251],[-121.4091485,49.6609163],[-121.4094145,49.6611199],[-121.4098017,49.6613894],[-121.410099,49.6615738],[-121.4105028,49.6617903],[-121.4109783,49.6620048],[-121.4113968,49.6621748],[-121.4117911,49.6623167],[-121.4126011,49.6625983],[-121.4135034,49.662911],[-121.414577,49.6632815],[-121.415697,49.6636702],[-121.4165315,49.6639569],[-121.4177401,49.6643793],[-121.4179814,49.6644754],[-121.4182772,49.6646183],[-121.4185089,49.6647478],[-121.4187569,49.664939],[-121.4189884,49.6651585],[-121.4193413,49.665783],[-121.4196386,49.6663543],[-121.419648,49.6664709],[-121.4196464,49.6666229],[-121.4196312,49.6667613],[-121.4196059,49.6668898],[-121.4195568,49.6670407],[-121.4194881,49.667175],[-121.4193809,49.6673573],[-121.4192488,49.6675463],[-121.4190884,49.6677569],[-121.4185857,49.6684213],[-121.4182766,49.6688273],[-121.4179438,49.6692937],[-121.4177983,49.6695439],[-121.417714,49.6697253],[-121.4176433,49.6699311],[-121.417593,49.6701576],[-121.4175718,49.6703549],[-121.417575,49.6706439],[-121.4176178,49.6710374],[-121.4176762,49.6714295],[-121.4177236,49.6717626],[-121.4180317,49.6740485],[-121.4181983,49.6750195],[-121.4181939,49.6760871],[-121.4181725,49.6765238],[-121.4179376,49.6771469],[-121.4177199,49.6778047],[-121.4175467,49.6783391],[-121.4174249,49.6786828],[-121.4164134,49.6811579],[-121.4161993,49.6818447],[-121.4160289,49.6825073],[-121.415853,49.6832771],[-121.4156062,49.6842144],[-121.4153451,49.6850125],[-121.4149994,49.6858696],[-121.4128609,49.6911709],[-121.4121519,49.6929951],[-121.4114381,49.6947827],[-121.411066,49.6957594],[-121.4108635,49.6964798],[-121.4108267,49.6969725],[-121.4108194,49.6973461],[-121.4108372,49.6977281],[-121.4108721,49.6985785],[-121.411006,49.6991102],[-121.411407,49.6999694],[-121.4119797,49.7008286],[-121.4125207,49.701675],[-121.4130299,49.7023878],[-121.4137458,49.7031611],[-121.4142073,49.7034793],[-121.4148517,49.7037419],[-121.4155199,49.703893],[-121.4162677,49.7040839],[-121.4169519,49.7044499],[-121.4172621,49.7047999],[-121.4178111,49.7054841],[-121.4185613,49.7064732],[-121.4186411,49.706713],[-121.4185748,49.7073457],[-121.418352,49.7080776],[-121.4184077,49.7088333],[-121.4185827,49.7093345],[-121.4189566,49.7098516],[-121.4195374,49.7103369],[-121.4202136,49.7108142],[-121.4207864,49.7112915],[-121.4214706,49.7119439],[-121.4224396,49.7127713],[-121.4232476,49.7133803],[-121.4243912,49.7141262],[-121.4250624,49.7147228],[-121.4255472,49.7155556],[-121.4258408,49.7164453],[-121.4258968,49.7170105],[-121.4259579,49.7179117],[-121.426075,49.7183801],[-121.4263808,49.7188666],[-121.4271445,49.7194156],[-121.4280117,49.7199168],[-121.4296496,49.7212916],[-121.4332176,49.7246208],[-121.4337357,49.7251438],[-121.4341128,49.7256701],[-121.4342551,49.7259466],[-121.4344194,49.7264405],[-121.4345491,49.7267873],[-121.4347422,49.7271489],[-121.4349118,49.7274604],[-121.4354503,49.7281263],[-121.4359951,49.7289512],[-121.43627,49.729501],[-121.4365679,49.7303055],[-121.4368903,49.7311682],[-121.4369561,49.7314447],[-121.4370516,49.7319093],[-121.4370663,49.7321303],[-121.4370261,49.7324057],[-121.4369188,49.7327203],[-121.4368224,49.7329594],[-121.4363897,49.7335449],[-121.4359079,49.7340253],[-121.4352059,49.734576],[-121.4347031,49.7350469],[-121.4341049,49.7355561],[-121.4335321,49.7359888],[-121.4328893,49.7364344],[-121.4316992,49.7370453],[-121.4304645,49.7375354],[-121.4295544,49.7378854],[-121.4289879,49.7380509],[-121.4282051,49.7382482],[-121.4277228,49.7384082],[-121.4271526,49.7387951],[-121.4265314,49.7393145],[-121.4257779,49.7400171],[-121.4252738,49.7405873],[-121.4247901,49.7413256],[-121.4244439,49.7419366],[-121.4241588,49.7427156],[-121.4239771,49.7432549],[-121.4237702,49.7444164],[-121.4235873,49.7457211],[-121.4234043,49.7469144],[-121.4233327,49.747702],[-121.4234441,49.7482271],[-121.4235023,49.7488538],[-121.4234331,49.7494006],[-121.4233744,49.7495911],[-121.4230992,49.7506463],[-121.423042,49.7510932],[-121.4233271,49.7518736],[-121.4234495,49.7521464],[-121.4239526,49.7528205],[-121.4245339,49.753208],[-121.4254822,49.7538508],[-121.4266963,49.7545151],[-121.4280417,49.7550665],[-121.4291076,49.7554413],[-121.4297658,49.7558465],[-121.4304251,49.7562935],[-121.4316413,49.7570776],[-121.4328144,49.7575687],[-121.4336719,49.7578201],[-121.4343001,49.7579899],[-121.4345723,49.7580929],[-121.4353201,49.758367],[-121.4360518,49.7586596],[-121.4372545,49.7591718],[-121.4379733,49.7595142],[-121.4390197,49.7599874],[-121.439382,49.7602034],[-121.4396436,49.760422],[-121.4398407,49.7606881],[-121.4399998,49.7609243],[-121.4401059,49.761278],[-121.4401457,49.7615201],[-121.4401725,49.7616487],[-121.4403176,49.7619035],[-121.4405131,49.7621414],[-121.4407549,49.7623661],[-121.4415538,49.7629168],[-121.4423349,49.7634057],[-121.4428517,49.7637378],[-121.443069,49.7639099],[-121.4436345,49.7644773],[-121.4439132,49.7648924],[-121.4440369,49.7651763],[-121.4441715,49.7655319],[-121.4442435,49.7658854],[-121.4443452,49.7674384],[-121.4443409,49.7682679],[-121.4443345,49.7687606],[-121.4443173,49.7694487],[-121.4443938,49.7702237],[-121.4444423,49.7710037],[-121.4443028,49.7715517],[-121.4441393,49.7722088],[-121.4441128,49.7724609],[-121.4441388,49.7727927],[-121.4442518,49.7731257],[-121.4445927,49.7736805],[-121.4449666,49.774126],[-121.4454281,49.774659],[-121.4459929,49.7752557],[-121.4466611,49.7758603],[-121.4473135,49.7763774],[-121.4482669,49.7769471],[-121.4485166,49.7770931],[-121.4492785,49.7774912],[-121.4496394,49.7777463],[-121.4498995,49.7779645],[-121.4504391,49.7785397],[-121.4506075,49.7787236],[-121.4507352,49.7789423],[-121.450884,49.7793084],[-121.4509707,49.7795845],[-121.4510762,49.7798607],[-121.4512903,49.7804847],[-121.4513863,49.7808666],[-121.4515222,49.7814458],[-121.4516678,49.7821321],[-121.451836,49.782858],[-121.4519141,49.7832121],[-121.4519654,49.7836029],[-121.4519463,49.7840159],[-121.4518949,49.7844056],[-121.4518311,49.7847338],[-121.4517494,49.785214],[-121.4516753,49.7860985],[-121.4516005,49.7872386],[-121.4515645,49.7876033],[-121.4516122,49.7879195],[-121.4518964,49.7884252],[-121.4522203,49.7889393],[-121.4523733,49.7892828],[-121.4524038,49.7894776],[-121.452389,49.7896564],[-121.4523409,49.7898535],[-121.4521778,49.7901648],[-121.4519298,49.7906033],[-121.4516102,49.7910208],[-121.4514212,49.79129],[-121.4512903,49.7917773],[-121.4513004,49.7920874],[-121.4514432,49.7924444],[-121.4516896,49.7928499],[-121.4524495,49.7938456],[-121.4531943,49.794642],[-121.4535703,49.7949805],[-121.454625,49.7958384],[-121.4553286,49.7963676],[-121.4570867,49.7977038],[-121.4571113,49.7977297],[-121.4573356,49.7979652],[-121.457543,49.798209],[-121.45759,49.7982642],[-121.4578534,49.7986649],[-121.4580587,49.7990692],[-121.4583466,49.7996977],[-121.458877,49.8005633],[-121.4597623,49.8021557],[-121.4602723,49.802962],[-121.4606454,49.8036118],[-121.4609111,49.8041488],[-121.4610066,49.8044215],[-121.4610683,49.8047038],[-121.4610517,49.8049303],[-121.4608855,49.8056445],[-121.4608826,49.8056569],[-121.4599411,49.8103501],[-121.4598366,49.8106354],[-121.4596774,49.8110491],[-121.4593902,49.8115973],[-121.4586782,49.812061],[-121.4581818,49.812392],[-121.4575518,49.8128757],[-121.4571317,49.8134421],[-121.4566798,49.8138558],[-121.4560561,49.8142504],[-121.4552097,49.8146386],[-121.4543696,49.8148932],[-121.4533832,49.8152562],[-121.4526449,49.8157205],[-121.4516266,49.8163442],[-121.4507865,49.8169998],[-121.4498191,49.8175662],[-121.4489472,49.8181326],[-121.4481007,49.8184381],[-121.4467324,49.8189727],[-121.4458414,49.8192591],[-121.4451668,49.8193673],[-121.4438748,49.8193737],[-121.4427801,49.8194309],[-121.4415709,49.8196728],[-121.4402853,49.8198255],[-121.4393116,49.8198637],[-121.4379814,49.8196919],[-121.4370777,49.8198637],[-121.4363522,49.8201437],[-121.4360028,49.8203522],[-121.435257,49.8212223],[-121.4346603,49.8222874],[-121.4343223,49.8228699],[-121.4340046,49.8235297],[-121.4338253,49.8240144],[-121.433638,49.8248453],[-121.4334791,49.8255133],[-121.4334954,49.8262547],[-121.4335891,49.8266457],[-121.433752,49.8271222],[-121.4340942,49.827778],[-121.4344485,49.8282139],[-121.4348925,49.8286986],[-121.4355849,49.829444],[-121.4361348,49.8300183],[-121.4365706,49.8305233],[-121.4369535,49.8309918],[-121.4372916,49.8317738],[-121.4374627,49.8323766],[-121.4377926,49.8332524],[-121.4379474,49.8337452],[-121.438314,49.8345151],[-121.4386724,49.8353908],[-121.4390431,49.8360832],[-121.4395359,49.8368856],[-121.4401143,49.8377532],[-121.4404809,49.8385027],[-121.4407497,49.8395902],[-121.4408638,49.8400098],[-121.4411285,49.8405637],[-121.4415929,49.8412317],[-121.4421835,49.8420301],[-121.4425501,49.842808],[-121.4426886,49.8436716],[-121.4426682,49.8443599],[-121.4425867,49.845309],[-121.4427374,49.8458466],[-121.4427952,49.8461069],[-121.4430025,49.8463549],[-121.4439739,49.847416],[-121.4443028,49.8478855],[-121.4445826,49.8483557],[-121.4446844,49.8486449],[-121.4448718,49.8490481],[-121.4449695,49.8493129],[-121.4451039,49.8496184],[-121.4452872,49.8499483],[-121.4455846,49.8503801],[-121.4459197,49.8508466],[-121.4461647,49.8512253],[-121.4464905,49.8517927],[-121.4466622,49.8520783],[-121.4467966,49.8523679],[-121.4474028,49.853763],[-121.4474643,49.8539045],[-121.4475903,49.8543053],[-121.4477218,49.8548071],[-121.447813,49.855622],[-121.4478374,49.8562333],[-121.4479433,49.8568739],[-121.448131,49.8573059],[-121.4487885,49.8584707],[-121.4490283,49.8589704],[-121.4497442,49.8602582],[-121.4499747,49.8607688],[-121.450035,49.8610232],[-121.4503043,49.8623857],[-121.4508064,49.865247],[-121.4509026,49.8659668],[-121.4511191,49.8671469],[-121.4514363,49.8686282],[-121.4515665,49.8691021],[-121.4517298,49.8699646],[-121.451723,49.8704109],[-121.4516468,49.8709091],[-121.4514913,49.8714102],[-121.449719,49.8762226],[-121.4497069,49.8762556],[-121.4496577,49.8766697],[-121.449644,49.8770105],[-121.449672,49.8772947],[-121.449795,49.877905],[-121.4499273,49.878328],[-121.4501353,49.8790901],[-121.4506969,49.8810827],[-121.4509035,49.8818116],[-121.4513739,49.883471],[-121.4516712,49.8845996],[-121.4519844,49.8856747],[-121.4524936,49.8873434],[-121.4526643,49.8880534],[-121.4529025,49.8889249],[-121.4531776,49.8900005],[-121.4536344,49.8919346],[-121.4536999,49.8925143],[-121.4536427,49.8931541],[-121.453543,49.8941333],[-121.4534345,49.8950292],[-121.4533228,49.8962037],[-121.453186,49.8971811],[-121.4530157,49.8981438],[-121.4528065,49.89888],[-121.452721,49.899181],[-121.4525665,49.8998299],[-121.4523774,49.900535],[-121.4523096,49.901023],[-121.452313,49.9020137],[-121.4523413,49.9028497],[-121.4523582,49.9036856],[-121.4523921,49.904674],[-121.4524486,49.9054422],[-121.4525164,49.9059279],[-121.4525898,49.9065944],[-121.4527592,49.9072553],[-121.4529287,49.9077071],[-121.4531341,49.9082165],[-121.4533779,49.9088617],[-121.4535116,49.9093533],[-121.4535731,49.9098377],[-121.4536237,49.9103402],[-121.4536743,49.9109113],[-121.4537574,49.9114029],[-121.4539418,49.9117789],[-121.4541768,49.9120934],[-121.4545346,49.9124223],[-121.4550479,49.9127694],[-121.4555359,49.912979],[-121.4561975,49.9132321],[-121.4570108,49.913496],[-121.4574735,49.9136659],[-121.4580013,49.9138864],[-121.4585001,49.9141575],[-121.4587387,49.9143418],[-121.4590062,49.9147069],[-121.4591833,49.9149997],[-121.4592484,49.9152998],[-121.4592123,49.9158348],[-121.459158,49.9166554],[-121.4592303,49.9171795],[-121.4593316,49.917794],[-121.4594942,49.9186038],[-121.4596497,49.9191785],[-121.459787,49.9196195],[-121.4599895,49.9201292],[-121.4603582,49.9210293],[-121.4607161,49.9219475],[-121.4609438,49.9225404],[-121.4611535,49.9230934],[-121.4613703,49.923614],[-121.4616342,49.9242466],[-121.4619487,49.9250563],[-121.4623211,49.9259492],[-121.4625271,49.9264661],[-121.4628054,49.9270879],[-121.463138,49.9278181],[-121.4634236,49.9284037],[-121.4636007,49.9288375],[-121.463908,49.9293472],[-121.4641068,49.9295857],[-121.464396,49.92994],[-121.4647719,49.9303557],[-121.4650864,49.9307389],[-121.4656142,49.9312883],[-121.4660335,49.9315739],[-121.4664745,49.9317944],[-121.4669987,49.9319499],[-121.4674469,49.9320655],[-121.4679675,49.9321776],[-121.4684772,49.9322933],[-121.468882,49.932474],[-121.4692471,49.9326331],[-121.4695869,49.9328717],[-121.4698508,49.9331319],[-121.4700316,49.9333488],[-121.4702232,49.9337356],[-121.4704834,49.934267],[-121.4708666,49.9348562],[-121.4712245,49.9353153],[-121.4716004,49.9358142],[-121.4719511,49.9363311],[-121.4723379,49.9368046],[-121.4728548,49.9374156],[-121.4733428,49.9380084],[-121.4737368,49.9384964],[-121.4744634,49.9395122],[-121.4751301,49.940402],[-121.4753962,49.9407571],[-121.4760934,49.9421702],[-121.4764432,49.9428502],[-121.4767549,49.9433407],[-121.4769462,49.9436111],[-121.4772584,49.9439605],[-121.4775365,49.9442336],[-121.4815909,49.9474293],[-121.4825095,49.9481665],[-121.4830036,49.948563],[-121.4841863,49.9494677],[-121.4850341,49.9500306],[-121.4897966,49.9525518],[-121.4900771,49.9527359],[-121.4907496,49.9532807],[-121.49113,49.9536944],[-121.4914279,49.9541051],[-121.4915787,49.9542987],[-121.4919767,49.9547297],[-121.492432,49.9551308],[-121.4929934,49.9554939],[-121.4932368,49.9556216],[-121.4938376,49.9559233],[-121.4942853,49.9561424],[-121.4951201,49.9566216],[-121.4956528,49.956904],[-121.4963306,49.9572598],[-121.4973473,49.9576552],[-121.4985447,49.958237],[-121.5001679,49.9591848],[-121.500971,49.9597673],[-121.5019947,49.9605704],[-121.5029832,49.9615853],[-121.5036474,49.9621769],[-121.50428,49.9628208],[-121.5045476,49.9632057],[-121.5046356,49.963387],[-121.5048392,49.9639617],[-121.5050199,49.9645153],[-121.5052515,49.9649445],[-121.5056186,49.965419],[-121.5060422,49.9658031],[-121.5065788,49.9663622],[-121.5070476,49.9668423],[-121.5075108,49.9672942],[-121.5078779,49.9677743],[-121.5083411,49.9685312],[-121.5088438,49.9693727],[-121.5094029,49.9702652],[-121.5097644,49.9708582],[-121.5100073,49.9714569],[-121.5100412,49.9720896],[-121.5101203,49.9727504],[-121.5102389,49.9731853],[-121.5104648,49.9735016],[-121.5107981,49.973801],[-121.5112047,49.9741173],[-121.5116058,49.9744336],[-121.5121198,49.9748628],[-121.5124135,49.9752074],[-121.5125886,49.9755576],[-121.5126676,49.9758852],[-121.5126959,49.9762862],[-121.5126055,49.9766477],[-121.5124106,49.9771324],[-121.5117725,49.9784395],[-121.5115606,49.9789917],[-121.5115493,49.9792911],[-121.5115945,49.9797824],[-121.5116905,49.9801891],[-121.5118486,49.9805901],[-121.5121706,49.9809686],[-121.5128653,49.9814261],[-121.5138086,49.9819005],[-121.5144468,49.9824032],[-121.5147292,49.9829116],[-121.5147857,49.9834199],[-121.514605,49.9838661],[-121.5143056,49.9843575],[-121.5138651,49.9850635],[-121.5138989,49.9856792],[-121.514187,49.9861819],[-121.5144751,49.9867411],[-121.5146332,49.9873624],[-121.5145711,49.9878142],[-121.5142548,49.9882604],[-121.5137973,49.988797],[-121.5135262,49.9893675],[-121.5135262,49.9897685],[-121.5136222,49.9902995],[-121.5137408,49.9910733],[-121.5137182,49.9915195],[-121.5135488,49.9919657],[-121.513385,49.992395],[-121.5132155,49.9928581],[-121.5132268,49.9932874],[-121.5133115,49.9936376],[-121.5135375,49.9939426],[-121.5139667,49.9943605],[-121.5145993,49.9949084],[-121.515311,49.9956257],[-121.5159775,49.9963318],[-121.5166553,49.9971112],[-121.5173952,49.9980262],[-121.5177284,49.9983595],[-121.518282,49.9987718],[-121.5186604,49.9991841],[-121.5191292,49.9998167],[-121.519485,50.0003194],[-121.5200047,50.0010142],[-121.5206655,50.0018614],[-121.5211456,50.0025222],[-121.5217131,50.0032285],[-121.5225171,50.0044036],[-121.5234444,50.0054763],[-121.5244392,50.0065346],[-121.5258638,50.0079351],[-121.5266327,50.0087706],[-121.5274743,50.0097944],[-121.5275269,50.0098638],[-121.5294913,50.0124569],[-121.5309134,50.0142186],[-121.5317995,50.015161],[-121.5319732,50.0153694],[-121.5320722,50.0155853],[-121.5321237,50.015837],[-121.5321285,50.0165513],[-121.532161,50.0169286],[-121.5323324,50.017449],[-121.5329034,50.0189157],[-121.5330315,50.0191866],[-121.5344378,50.0221603],[-121.5353748,50.0242766],[-121.5357513,50.0251271],[-121.5357124,50.0256857],[-121.5356164,50.0262448],[-121.5354413,50.0268266],[-121.5355091,50.0273575],[-121.5356842,50.0279619],[-121.5360061,50.0283968],[-121.5363168,50.0290068],[-121.5367574,50.0295434],[-121.5372092,50.0301195],[-121.5376837,50.0306956],[-121.5379943,50.0313339],[-121.5381355,50.0318253],[-121.5381807,50.0325087],[-121.5383106,50.0329945],[-121.5384744,50.0334294],[-121.538689,50.0339208],[-121.5388077,50.0345026],[-121.5388811,50.03509],[-121.5390392,50.036101],[-121.5391522,50.0365472],[-121.5395193,50.0370838],[-121.5399317,50.0375865],[-121.5401576,50.038044],[-121.5406264,50.0390211],[-121.5409709,50.039987],[-121.5412025,50.040501],[-121.5415809,50.0411279],[-121.5421062,50.0416871],[-121.5426146,50.042139],[-121.5430777,50.0428393],[-121.5433771,50.0433194],[-121.5435352,50.0437148],[-121.5437668,50.0444717],[-121.5443669,50.0452416],[-121.5449671,50.0457976],[-121.5452671,50.0462565],[-121.5456466,50.0472538],[-121.5465733,50.0486835],[-121.5470902,50.0497804],[-121.5471769,50.050478],[-121.5472131,50.051248],[-121.5473288,50.0517975],[-121.5476902,50.0526903],[-121.5480047,50.0535688],[-121.5482144,50.0542447],[-121.548518,50.0550653],[-121.5487096,50.0556618],[-121.5489591,50.0563052],[-121.5492229,50.0568872],[-121.5495049,50.057415],[-121.5498158,50.0581054],[-121.550105,50.0588465],[-121.5503725,50.0593742],[-121.5506038,50.0597791],[-121.5509509,50.0602346],[-121.5512943,50.0607081],[-121.5515618,50.0610805],[-121.5518473,50.0615974],[-121.5520679,50.062042],[-121.5522414,50.0625517],[-121.5523137,50.0630144],[-121.552339,50.0635928],[-121.5522992,50.06437],[-121.5522594,50.0650641],[-121.5522124,50.0658268],[-121.5522594,50.0663256],[-121.5524257,50.0669004],[-121.5525739,50.0674282],[-121.5527981,50.0682524],[-121.5530366,50.0687584],[-121.5533981,50.0694489],[-121.5537235,50.070096],[-121.5540271,50.0706563],[-121.5542729,50.0711696],[-121.5544862,50.0717588],[-121.5545983,50.072395],[-121.5547176,50.0731144],[-121.5548332,50.0735373],[-121.5550357,50.0741085],[-121.555314,50.0747374],[-121.5557225,50.0754423],[-121.5561237,50.0761328],[-121.5565647,50.0767943],[-121.5570311,50.0773763],[-121.5575914,50.0780776],[-121.5581517,50.0787283],[-121.5584373,50.079303],[-121.5585565,50.0800368],[-121.5586505,50.0807996],[-121.5588809,50.0813004],[-121.5593618,50.0822416],[-121.5596012,50.0826323],[-121.5599627,50.083077],[-121.5608014,50.0836336],[-121.5614268,50.0840783],[-121.5620847,50.0846241],[-121.5625112,50.0850615],[-121.5629956,50.0857664],[-121.5633824,50.0863737],[-121.5639029,50.0874509],[-121.5642536,50.0886149],[-121.5645355,50.0895909],[-121.5647777,50.0904549],[-121.5650199,50.0912502],[-121.5653923,50.092219],[-121.5657357,50.0929202],[-121.5661116,50.093683],[-121.5664659,50.0943409],[-121.5668744,50.0951687],[-121.5675829,50.0962929],[-121.5679154,50.0968858],[-121.5682046,50.0974135],[-121.568342,50.0979341],[-121.5685083,50.0989245],[-121.568671,50.0999584],[-121.5688408,50.1009814],[-121.5689421,50.1016791],[-121.5690903,50.102684],[-121.5691391,50.102917],[-121.5693072,50.1037142],[-121.5694397,50.1045475],[-121.5695436,50.105085],[-121.5696754,50.1057885],[-121.5697632,50.1062571],[-121.5698567,50.1068601],[-121.5699333,50.1071551],[-121.5700821,50.10744],[-121.5703835,50.107806],[-121.570688,50.1080824],[-121.571218,50.1084381],[-121.5722154,50.1090236],[-121.572699,50.1093768],[-121.5729775,50.1096214],[-121.5731369,50.1098111],[-121.5733347,50.1101153],[-121.5736432,50.1106152],[-121.5739566,50.1111634],[-121.5740406,50.1113616],[-121.5740702,50.1115047],[-121.5741025,50.111728],[-121.574167,50.1122689],[-121.5741788,50.1127098],[-121.5741892,50.1135196],[-121.5741061,50.114461],[-121.5739993,50.1148418],[-121.5736953,50.1153624],[-121.5732398,50.1158474],[-121.5725963,50.1164283],[-121.5722521,50.1167539],[-121.5718718,50.1172806],[-121.5717543,50.1175755],[-121.5716321,50.1181697],[-121.5715296,50.1185334],[-121.5713951,50.1188096],[-121.5711576,50.1190839],[-121.57093,50.1192664],[-121.5705122,50.1195503],[-121.5700174,50.1198251],[-121.5693915,50.1201053],[-121.5689161,50.120241],[-121.5681153,50.1204257],[-121.567563,50.1206195],[-121.5670819,50.1208872],[-121.5665644,50.1211917],[-121.5659254,50.1215909],[-121.5656513,50.1217969],[-121.5650422,50.1224013],[-121.5645728,50.1228843],[-121.5644485,50.1233701],[-121.5643525,50.1239405],[-121.564392,50.1245505],[-121.5647592,50.1252001],[-121.5651094,50.1256407],[-121.5656064,50.1261772],[-121.5659566,50.1264596],[-121.5664988,50.1268437],[-121.5670693,50.12716],[-121.5683805,50.1275978],[-121.5690688,50.1278327],[-121.569916,50.1281937],[-121.5706616,50.1286738],[-121.571198,50.1293178],[-121.571386,50.1297061],[-121.5716861,50.1302389],[-121.5721544,50.1306762],[-121.5726441,50.1310178],[-121.5734179,50.1315487],[-121.5741013,50.1320627],[-121.5745193,50.1324976],[-121.5749825,50.1329834],[-121.5753666,50.1336047],[-121.5757619,50.1344293],[-121.5763493,50.1355251],[-121.5767108,50.1363384],[-121.576852,50.1370388],[-121.5770949,50.1376149],[-121.5773321,50.1382362],[-121.5773886,50.1386542],[-121.5774112,50.1402752],[-121.5774903,50.1412241],[-121.5775637,50.1426136],[-121.5777501,50.143201],[-121.5780664,50.1436472],[-121.5783093,50.1440144],[-121.5784279,50.1446583],[-121.5783801,50.1457079],[-121.5784997,50.1466529],[-121.5785009,50.1476545],[-121.5785014,50.1477052],[-121.578411,50.149143],[-121.5784501,50.1493677],[-121.5785107,50.1495921],[-121.5786324,50.1498352],[-121.5787706,50.1500681],[-121.5790774,50.1504364],[-121.5793164,50.1506722],[-121.579558,50.1509318],[-121.5796852,50.151144],[-121.5797816,50.1513447],[-121.5799906,50.1518003],[-121.5801975,50.1523546],[-121.5804506,50.1530117],[-121.5805838,50.1533748],[-121.5807779,50.1537293],[-121.581252,50.1544071],[-121.5813696,50.1546087],[-121.5814474,50.1548166],[-121.5815159,50.1552212],[-121.5814354,50.1559073],[-121.5813294,50.1566073],[-121.5812919,50.1569596],[-121.5813237,50.1572867],[-121.5814367,50.1576006],[-121.5815691,50.1578808],[-121.5817103,50.1582123],[-121.5818149,50.1584787],[-121.5818296,50.1588534],[-121.5818256,50.1591678],[-121.581777,50.1593832],[-121.5815976,50.160008],[-121.5813913,50.160668],[-121.5813428,50.1611559],[-121.5814472,50.1620715],[-121.581426,50.1627865],[-121.5813282,50.1635484],[-121.5813257,50.1643988],[-121.5812892,50.1650156],[-121.5811873,50.1654394],[-121.5808792,50.1661351],[-121.5804248,50.1671063],[-121.5801412,50.1677438],[-121.5800285,50.1685492],[-121.5800052,50.1689822],[-121.5801036,50.169391],[-121.5804697,50.1701058],[-121.5808981,50.1708808],[-121.5810566,50.1715338],[-121.5810173,50.1723314],[-121.5807769,50.1735244],[-121.580566,50.1742845],[-121.5804523,50.1749021],[-121.5802667,50.1753267],[-121.5800446,50.1757369],[-121.5797778,50.1761924],[-121.5791011,50.1771066],[-121.5785855,50.1777982],[-121.578239,50.1782722],[-121.5777445,50.17896],[-121.5770334,50.1798347],[-121.5764137,50.1808747],[-121.5762025,50.1819818],[-121.5762413,50.182477],[-121.5764454,50.1829646],[-121.5769029,50.1835181],[-121.5777049,50.1842185],[-121.578699,50.1851222],[-121.5793147,50.1858395],[-121.5800433,50.1871217],[-121.5801707,50.1877011],[-121.5801396,50.1886573],[-121.5800509,50.1894115],[-121.5798438,50.1899038],[-121.579614,50.1903638],[-121.5791904,50.1913296],[-121.5787385,50.1922955],[-121.5785239,50.1931258],[-121.5786279,50.1937952],[-121.5791106,50.194595],[-121.5799104,50.1954775],[-121.5801466,50.1958891],[-121.5802842,50.1964154],[-121.5805769,50.198047],[-121.5807739,50.1996402],[-121.5807555,50.2004302],[-121.5807438,50.2009953],[-121.5802244,50.2021094],[-121.5793436,50.2035473],[-121.5787144,50.2049013],[-121.5785142,50.2064414],[-121.5783656,50.20698],[-121.5780356,50.2076611],[-121.5776044,50.2086589],[-121.5773554,50.2100708],[-121.5770409,50.2116437],[-121.5770704,50.2124041],[-121.5771747,50.2132214],[-121.5771923,50.2139192],[-121.5770283,50.2143639],[-121.5767771,50.2149313],[-121.5765125,50.2158923],[-121.5764835,50.2164432],[-121.5763417,50.2175746],[-121.5763134,50.2180166],[-121.5763654,50.2183626],[-121.5765602,50.2189032],[-121.5771003,50.219884],[-121.5780462,50.2214865],[-121.5785456,50.2224318],[-121.578795,50.2227686],[-121.5790717,50.2230036],[-121.5793091,50.2231817],[-121.5796524,50.2234186],[-121.5800984,50.2238039],[-121.5804098,50.2241597],[-121.5805738,50.2244319],[-121.5807128,50.224727],[-121.5807459,50.2251045],[-121.5806893,50.2270364],[-121.5806792,50.2273813],[-121.5806343,50.2289118],[-121.580547,50.2295746],[-121.5804439,50.2298968],[-121.5774456,50.2352514],[-121.5768056,50.236889],[-121.5764358,50.2378153],[-121.5763167,50.2380818],[-121.5760903,50.2385882],[-121.5760006,50.2387761],[-121.5759834,50.2388122],[-121.5758641,50.2390263],[-121.5751785,50.2398892],[-121.574936,50.2403601],[-121.5746444,50.2408928],[-121.5741139,50.2422093],[-121.5738925,50.242775],[-121.5736273,50.2433107],[-121.5729802,50.2444595],[-121.5726697,50.2449952],[-121.572133,50.2456005],[-121.5716626,50.2461035],[-121.5712848,50.2464777],[-121.5706879,50.2470143],[-121.5701967,50.247375],[-121.5693064,50.2479334],[-121.5687552,50.2482312],[-121.5676057,50.2488333],[-121.5664176,50.2494548],[-121.5656512,50.2498437],[-121.565323,50.2500186],[-121.5650039,50.2501644],[-121.5646708,50.2502937],[-121.5642797,50.2504132],[-121.5638823,50.250488],[-121.5634082,50.2505579],[-121.5630526,50.25059],[-121.5627426,50.2505958],[-121.5623733,50.2505842],[-121.5620451,50.2505521],[-121.5616667,50.2504909],[-121.5609874,50.2503509],[-121.5597392,50.2500604],[-121.5587457,50.249862],[-121.5583053,50.2497676],[-121.5579579,50.2497253],[-121.5576912,50.2497038],[-121.5573857,50.2497009],[-121.5571395,50.2497154],[-121.5567976,50.2497475],[-121.5564511,50.2497912],[-121.5560636,50.2498524],[-121.5553159,50.2499807],[-121.554664,50.250109],[-121.5524963,50.2506355],[-121.5510143,50.2509278],[-121.5504139,50.2511027],[-121.5498979,50.2513245],[-121.549501,50.2515395],[-121.5486677,50.2521268],[-121.548005,50.2526859],[-121.5475383,50.2530995],[-121.5472357,50.2534231],[-121.5467492,50.2540822],[-121.5459241,50.2553418],[-121.5456728,50.2556174],[-121.5436901,50.2571808],[-121.5434801,50.2574077],[-121.5432594,50.2577371],[-121.5422682,50.2600643],[-121.5421734,50.2605663],[-121.5420884,50.2609321],[-121.5419196,50.2612801],[-121.5416446,50.2615874],[-121.5413402,50.2618239],[-121.5409857,50.2620163],[-121.5403621,50.2622893],[-121.5397271,50.2624614],[-121.5392944,50.2625219],[-121.5388171,50.2625367],[-121.5382126,50.2625084],[-121.5376287,50.262416],[-121.5370467,50.2622981],[-121.5353679,50.2617192],[-121.5343302,50.2612887],[-121.5334518,50.2609737],[-121.5319149,50.260579],[-121.5298351,50.2603072],[-121.5271248,50.2599419],[-121.5261448,50.2597745],[-121.5252179,50.259538],[-121.5246112,50.2592973],[-121.5241151,50.2590513],[-121.523694,50.258737],[-121.523326,50.2583815],[-121.522689,50.2575855],[-121.5222382,50.2570552],[-121.5218174,50.2566248],[-121.5213415,50.2562559],[-121.5209668,50.256051],[-121.5202605,50.2557352],[-121.5199214,50.2555897],[-121.5195106,50.2554554],[-121.5187019,50.2552408],[-121.5179386,50.2551017],[-121.5172125,50.2549912],[-121.516312,50.2549386],[-121.5155664,50.2549504],[-121.5147711,50.2550595],[-121.5140083,50.2551969],[-121.5131717,50.2554344],[-121.5119505,50.2558019],[-121.5114163,50.255954],[-121.5110932,50.2559908],[-121.5107718,50.2560036],[-121.5104647,50.2559928],[-121.5100839,50.2559637],[-121.5095749,50.2558376],[-121.5092658,50.2557176],[-121.5088535,50.2555014],[-121.5084534,50.2552112],[-121.5077954,50.2547393],[-121.5072104,50.2543879],[-121.5066468,50.2540853],[-121.5047076,50.2531505],[-121.4997583,50.2507401],[-121.4981023,50.2499439],[-121.4974982,50.2496963],[-121.4961262,50.2492339],[-121.4936634,50.2484181],[-121.4906909,50.2475638],[-121.490019,50.2475284],[-121.4891889,50.2475688],[-121.4886197,50.2477205],[-121.4860742,50.2483726],[-121.4852836,50.2485293],[-121.4833231,50.2489894],[-121.4822163,50.2491865],[-121.4785245,50.2495656],[-121.4778762,50.2497982],[-121.4771805,50.2501571],[-121.4765086,50.2509912],[-121.4756943,50.2525531],[-121.4756469,50.2529575],[-121.4757022,50.2534175],[-121.4758445,50.2538067],[-121.4758603,50.2541403],[-121.4758761,50.2545649],[-121.4756785,50.2551411],[-121.4748326,50.2565159],[-121.4744452,50.2568495],[-121.4737891,50.2572286],[-121.4729353,50.2574914],[-121.4707455,50.2580221],[-121.4694727,50.2581181],[-121.4691565,50.2581686],[-121.4688561,50.2581333],[-121.4672118,50.258199],[-121.4662545,50.2581535],[-121.4652986,50.258108],[-121.4645476,50.2582293],[-121.4629902,50.2586134],[-121.462342,50.2586286],[-121.4614171,50.2585123],[-121.45933,50.2583607],[-121.4561362,50.2571982],[-121.4541678,50.2564249],[-121.4521519,50.2559144],[-121.4485075,50.2553281],[-121.4474956,50.2551411],[-121.4472792,50.2550917],[-121.4469137,50.2550006],[-121.4467194,50.2549592],[-121.4458905,50.2548681],[-121.4448543,50.2549136],[-121.443839,50.2549861],[-121.4429892,50.2550233],[-121.4413734,50.2554084],[-121.4388639,50.2557749],[-121.4372513,50.2561579],[-121.4357424,50.2566775],[-121.4330969,50.2578327],[-121.4307363,50.2584993],[-121.427093,50.2594087],[-121.4227925,50.2603346],[-121.4210849,50.2607592],[-121.4190421,50.2616406],[-121.4173029,50.2623481],[-121.4158863,50.2626351],[-121.4145392,50.2627484],[-121.4136411,50.26272],[-121.4112758,50.2626392],[-121.4100995,50.2626675],[-121.4092583,50.26272],[-121.4072851,50.2629182],[-121.4060203,50.2632416],[-121.405002,50.2638399],[-121.4042305,50.2645555],[-121.4034652,50.2655339],[-121.4028454,50.266205],[-121.4022509,50.2669892],[-121.4019566,50.2675433],[-121.40188,50.2677591],[-121.4017283,50.268215],[-121.4014811,50.2689335],[-121.4013931,50.2693055],[-121.4013695,50.2697013],[-121.4014236,50.2701641],[-121.4015556,50.2712498],[-121.4016232,50.2717039],[-121.4019142,50.2727852],[-121.4022086,50.2734967],[-121.4028278,50.2744612],[-121.4029225,50.2745088],[-121.4031357,50.274764],[-121.404523,50.2759815],[-121.4047091,50.2761869],[-121.404971,50.2765124],[-121.4052336,50.2768378],[-121.4056735,50.2776271],[-121.4061336,50.2784682],[-121.4064991,50.2791926],[-121.4067021,50.2796337],[-121.4067495,50.2799472],[-121.4067258,50.2802327],[-121.4066107,50.2806392],[-121.4063536,50.2809808],[-121.405511,50.2818089],[-121.4046144,50.2826608],[-121.4043031,50.2830997],[-121.404029,50.2836295],[-121.4039072,50.2840294],[-121.4038463,50.2844337],[-121.4038302,50.2848104],[-121.4037919,50.2852477],[-121.4036935,50.2856827],[-121.403388,50.286296],[-121.402916,50.2869815],[-121.4025297,50.2875162],[-121.4019504,50.2880372],[-121.4011779,50.2884485],[-121.400341,50.2888735],[-121.3995256,50.2894081],[-121.3987961,50.2899291],[-121.3981524,50.2904363],[-121.3975301,50.2908613],[-121.3967576,50.2913686],[-121.396028,50.2917935],[-121.3953414,50.2922596],[-121.3947835,50.2928765],[-121.3940539,50.2936716],[-121.3936677,50.2943844],[-121.3935819,50.2950698],[-121.3936892,50.2960705],[-121.3938179,50.2970163],[-121.3937965,50.2977702],[-121.3934102,50.3035817],[-121.3933244,50.304774],[-121.3932386,50.305843],[-121.3932386,50.3065283],[-121.393539,50.3071312],[-121.3942256,50.3079261],[-121.3949337,50.3086661],[-121.3954063,50.3091732],[-121.3957067,50.3096734],[-121.3958462,50.3100845],[-121.3958033,50.3105641],[-121.3955994,50.3115028],[-121.3954492,50.3121742],[-121.3950093,50.3130306],[-121.3946017,50.3140515],[-121.3943656,50.3147914],[-121.3940438,50.3154148],[-121.3934966,50.3162644],[-121.3930996,50.3167987],[-121.3923379,50.3176756],[-121.3915117,50.3185114],[-121.3910504,50.3191554],[-121.3907178,50.3197308],[-121.3904603,50.3203062],[-121.3904067,50.3209775],[-121.3905891,50.321642],[-121.3911577,50.3227106],[-121.3922628,50.3247382],[-121.392649,50.3253135],[-121.3930352,50.3257793],[-121.3940223,50.3267519],[-121.3945909,50.3273341],[-121.3950308,50.3277793],[-121.3952347,50.3283341],[-121.3952561,50.329019],[-121.3952454,50.3295464],[-121.3953956,50.3300601],[-121.3957174,50.3306422],[-121.3961573,50.331197],[-121.3969083,50.3318887],[-121.3973482,50.3323064],[-121.397992,50.3329091],[-121.3982495,50.333231],[-121.3983997,50.3336282],[-121.3984426,50.3339638],[-121.3983353,50.3343404],[-121.39811,50.334854],[-121.3977881,50.3353608],[-121.3974233,50.3358128],[-121.3970156,50.336388],[-121.3964685,50.3373056],[-121.3952239,50.3394216],[-121.3949342,50.3399009],[-121.3944193,50.340572],[-121.393797,50.3411266],[-121.3931533,50.3416059],[-121.3914581,50.3425645],[-121.3908466,50.3430027],[-121.3905247,50.3432903],[-121.3901492,50.3437764],[-121.388851,50.345406],[-121.3886579,50.3457072],[-121.388454,50.3460701],[-121.3883038,50.3466452],[-121.3880785,50.3474462],[-121.3880785,50.3479666],[-121.388218,50.348439],[-121.388733,50.350171],[-121.389087,50.3513006],[-121.3893231,50.3517867],[-121.3896342,50.3521563],[-121.3901814,50.3526903],[-121.3906642,50.3531626],[-121.3909109,50.3535323],[-121.3910504,50.3541142],[-121.3910611,50.3550451],[-121.3910397,50.355846],[-121.3911148,50.3563868],[-121.3913294,50.3568043],[-121.3916727,50.3573177],[-121.3924559,50.3579611],[-121.3930245,50.3584197],[-121.3934107,50.3588031],[-121.3938506,50.3593849],[-121.3941725,50.3600009],[-121.3943978,50.3606443],[-121.3943871,50.3613629],[-121.3942691,50.3620542],[-121.3936575,50.3640459],[-121.3933571,50.3653873],[-121.3930352,50.3675088],[-121.3929065,50.3682342],[-121.3929494,50.3686311],[-121.3931318,50.3691033],[-121.3939365,50.3710673],[-121.3945587,50.3720595],[-121.3946875,50.3723537],[-121.394784,50.3728122],[-121.3948806,50.3733938],[-121.3953527,50.3744613],[-121.3956311,50.3752502],[-121.3960608,50.376165],[-121.3964792,50.3769177],[-121.3969191,50.3774445],[-121.3974233,50.3780193],[-121.397713,50.3784161],[-121.3978418,50.3788266],[-121.3978632,50.3792371],[-121.3977023,50.3796955],[-121.3970586,50.3806739],[-121.3963934,50.3819601],[-121.3961788,50.3825621],[-121.3961466,50.3831299],[-121.3961251,50.383602],[-121.3959535,50.3840945],[-121.3958462,50.3845734],[-121.395814,50.385107],[-121.3958355,50.3855996],[-121.3956638,50.3861537],[-121.3953527,50.3866736],[-121.3948377,50.3876586],[-121.3942798,50.3884385],[-121.3940116,50.3889652],[-121.393561,50.3897929],[-121.3932498,50.3903059],[-121.3928421,50.3906752],[-121.3923379,50.3910514],[-121.390632,50.392098],[-121.3901921,50.3923511],[-121.3895806,50.3925973],[-121.3887652,50.3928982],[-121.3881643,50.3931992],[-121.3874992,50.3936369],[-121.3868018,50.39402],[-121.3861044,50.3944372],[-121.3853732,50.3949416],[-121.3851072,50.395289],[-121.3845933,50.3958092],[-121.3839651,50.3963334],[-121.3835349,50.3966689],[-121.3831433,50.3968994],[-121.3826712,50.3971524],[-121.382242,50.3974807],[-121.3819953,50.3977885],[-121.3818343,50.3981646],[-121.3816519,50.3988417],[-121.3813837,50.3995256],[-121.3811155,50.4000385],[-121.3808473,50.400401],[-121.3804181,50.4008318],[-121.3797637,50.401461],[-121.3793882,50.401796],[-121.3789697,50.4021175],[-121.3785299,50.4023431],[-121.3772424,50.4029176],[-121.376824,50.4031432],[-121.3758798,50.4037313],[-121.3749035,50.4043946],[-121.3741418,50.4050442],[-121.3736664,50.4056007],[-121.3731787,50.4061472],[-121.3726663,50.4065344],[-121.3720951,50.4067685],[-121.3709369,50.4070644],[-121.3700257,50.4072687],[-121.3694373,50.4074749],[-121.3684884,50.4079133],[-121.3678591,50.4081296],[-121.367196,50.4083408],[-121.365735,50.4087858],[-121.364642,50.4091434],[-121.364213,50.4093289],[-121.3632604,50.4098476],[-121.3627643,50.4101196],[-121.3620523,50.4104624],[-121.36148,50.4108257],[-121.3605737,50.4114949],[-121.3601843,50.4117899],[-121.3596154,50.4122204],[-121.3587807,50.4129654],[-121.358273,50.413446],[-121.3578533,50.4138384],[-121.3573987,50.4141823],[-121.3566594,50.4145564],[-121.3549114,50.4152788],[-121.353291,50.4159265],[-121.3525557,50.4162373],[-121.3490651,50.4176883],[-121.3482896,50.4179837],[-121.3476381,50.4182019],[-121.3466523,50.4184711],[-121.3453616,50.4187526],[-121.3438435,50.4190124],[-121.3389561,50.4198939],[-121.3367243,50.420293],[-121.3362839,50.4204095],[-121.3349922,50.4207897],[-121.3341983,50.4210222],[-121.3331361,50.4212204],[-121.3314303,50.4213571],[-121.3272353,50.4215143],[-121.3261946,50.4216237],[-121.3252505,50.4217604],[-121.3244029,50.4219655],[-121.3232978,50.4223278],[-121.3223966,50.4227448],[-121.3218262,50.4230176],[-121.3210877,50.423401],[-121.320283,50.4238521],[-121.3191431,50.4246042],[-121.3173223,50.4259778],[-121.3162261,50.4268204],[-121.3153913,50.4274709],[-121.3152706,50.4275617],[-121.3112815,50.430564],[-121.3078805,50.4331268],[-121.3072797,50.4336667],[-121.3066896,50.4342817],[-121.3061424,50.4350198],[-121.305606,50.4361063],[-121.3044687,50.4387304],[-121.3042327,50.4395504],[-121.3041039,50.440384],[-121.3040288,50.4411766],[-121.3041576,50.4421059],[-121.3042863,50.4427618],[-121.3044453,50.4430399],[-121.3047369,50.4435476],[-121.3051983,50.4441625],[-121.3058742,50.4449619],[-121.3064106,50.4455563],[-121.3068398,50.4462122],[-121.3070758,50.4468612],[-121.3073548,50.4478928],[-121.3073548,50.4483233],[-121.307108,50.4488971],[-121.3066896,50.449389],[-121.3061746,50.4497238],[-121.3051661,50.4502088],[-121.3032671,50.4510354],[-121.3024946,50.4513906],[-121.3021191,50.4516229],[-121.3014754,50.4521558],[-121.2987717,50.4541505],[-121.2983103,50.454492],[-121.297967,50.454895],[-121.2976237,50.455339],[-121.2973233,50.4556464],[-121.2968512,50.4561177],[-121.2966045,50.4565481],[-121.2963148,50.457156],[-121.2961324,50.4576205],[-121.2957569,50.4582967],[-121.295596,50.458645],[-121.295435,50.4594715],[-121.2953706,50.4600043],[-121.2952848,50.4604209],[-121.2952634,50.4608444],[-121.295317,50.4611107],[-121.2958642,50.4625996],[-121.2960144,50.4630982],[-121.2960573,50.4636104],[-121.2960251,50.4641568],[-121.2959071,50.4647305],[-121.2957032,50.4652086],[-121.2954136,50.4657481],[-121.2950268,50.4662487],[-121.294448,50.4668134],[-121.2941368,50.4671549],[-121.2939223,50.4674622],[-121.293772,50.4678515],[-121.2934931,50.4696338],[-121.293182,50.4722355],[-121.2931605,50.4727681],[-121.2932463,50.4732119],[-121.2934716,50.4737104],[-121.2946411,50.4758203],[-121.2951668,50.4767966],[-121.2953385,50.4772131],[-121.2957354,50.4788859],[-121.2962719,50.4819103],[-121.2963362,50.482436],[-121.2962397,50.4829548],[-121.2960251,50.4841564],[-121.2959285,50.4845455],[-121.2957676,50.4848527],[-121.2953814,50.4852964],[-121.2947913,50.4859108],[-121.2946411,50.4862521],[-121.2945016,50.4866822],[-121.2944158,50.4877607],[-121.2943514,50.4898768],[-121.2942119,50.4903682],[-121.2939759,50.4908392],[-121.2936326,50.4912214],[-121.2930747,50.4916173],[-121.292506,50.4918972],[-121.2919696,50.4920815],[-121.2912508,50.4922248],[-121.2900921,50.4923545],[-121.2880107,50.4925592],[-121.2870665,50.4926411],[-121.2862619,50.4927026],[-121.2852748,50.4928118],[-121.2848988,50.4929142],[-121.2841692,50.4931735],[-121.2835577,50.49351],[-121.282989,50.4940335],[-121.282517,50.4944567],[-121.2822166,50.4949754],[-121.2820664,50.4954258],[-121.2815299,50.497173],[-121.281487,50.4976507],[-121.2816587,50.4980875],[-121.2820664,50.4988109],[-121.2823668,50.4993023],[-121.282517,50.4997937],[-121.2827101,50.5021958],[-121.2827959,50.5030283],[-121.2831607,50.5044477],[-121.2832251,50.5050618],[-121.2831178,50.5054985],[-121.2828603,50.5059079],[-121.2825599,50.5063856],[-121.2818732,50.5069178],[-121.2813153,50.5074227],[-121.280972,50.5079686],[-121.2805214,50.5086373],[-121.2797489,50.5096471],[-121.2775173,50.512076],[-121.276938,50.5129629],[-121.2767234,50.513727],[-121.2768307,50.5146549],[-121.2772384,50.5154736],[-121.2778821,50.5165105],[-121.2800721,50.5204463],[-121.2815634,50.5230656],[-121.2817566,50.5235772],[-121.2818638,50.5241706],[-121.2819068,50.5247026],[-121.2818424,50.5252278],[-121.2817136,50.5258281],[-121.2815849,50.5264624],[-121.2814454,50.5289314],[-121.2814454,50.529286],[-121.2815312,50.5296407],[-121.282411,50.5320072],[-121.2825934,50.5325596],[-121.2826363,50.5331529],[-121.2826363,50.5337462],[-121.2826363,50.5341076],[-121.2826685,50.5342781],[-121.2829367,50.5348714],[-121.2836946,50.5364575],[-121.2840096,50.5371149],[-121.2846963,50.5383628],[-121.2850288,50.5389833],[-121.2855116,50.540047],[-121.2860433,50.5409272],[-121.2864021,50.5415402],[-121.2865202,50.5418266],[-121.2866167,50.5421948],[-121.2867562,50.543313],[-121.286842,50.5440357],[-121.2870459,50.5446561],[-121.2873463,50.5451334],[-121.2877325,50.545597],[-121.2881402,50.546006],[-121.288623,50.5464833],[-121.2889771,50.5468583],[-121.2891594,50.547165],[-121.2894813,50.5479422],[-121.2897603,50.548549],[-121.2900821,50.5492103],[-121.2904684,50.549817],[-121.2908868,50.5503147],[-121.2914661,50.5508873],[-121.2920777,50.5515554],[-121.292421,50.5520394],[-121.2926356,50.5524688],[-121.2928394,50.5530278],[-121.2933866,50.5544797],[-121.2934188,50.5547796],[-121.293687,50.5564701],[-121.2941484,50.5595373],[-121.2945775,50.5625634],[-121.2949745,50.5652349],[-121.2950389,50.5657392],[-121.2951247,50.5660732],[-121.2959079,50.5681653],[-121.2964551,50.5697326],[-121.2967018,50.5703868],[-121.2967233,50.5708501],[-121.2967018,50.571293],[-121.296498,50.5721175],[-121.2963907,50.5728807],[-121.2964443,50.5736847],[-121.296498,50.574441],[-121.296616,50.5749452],[-121.2967877,50.5752587],[-121.2969915,50.5756538],[-121.2972168,50.5759741],[-121.2972919,50.5762602],[-121.2976442,50.577315],[-121.2981502,50.5784813],[-121.2984506,50.5789991],[-121.2987832,50.5794079],[-121.2992124,50.5797485],[-121.3019268,50.5814381],[-121.3050167,50.583366],[-121.3058535,50.5838701],[-121.3065509,50.5844083],[-121.307141,50.5849941],[-121.3075916,50.5855527],[-121.3083426,50.5869151],[-121.308525,50.5874192],[-121.3086001,50.5878279],[-121.3085465,50.5882775],[-121.3082997,50.5887951],[-121.3079349,50.5892243],[-121.3073663,50.589633],[-121.3064758,50.5902255],[-121.3051669,50.5908045],[-121.3036005,50.5915469],[-121.3024203,50.5921463],[-121.3018838,50.5925073],[-121.3013903,50.5928683],[-121.3009504,50.5933314],[-121.3005964,50.5938695],[-121.3003925,50.5943735],[-121.3003174,50.5948979],[-121.3003925,50.5956198],[-121.3002853,50.59626],[-121.3000921,50.5968661],[-121.3001029,50.5974178],[-121.3002316,50.5979149],[-121.3005964,50.5987389],[-121.3013903,50.6001214],[-121.3016478,50.6004959],[-121.3016907,50.6007274],[-121.3018624,50.6019804],[-121.301916,50.6025388],[-121.3021092,50.6030087],[-121.3023023,50.6034785],[-121.3026027,50.6037781],[-121.3030104,50.6042276],[-121.3033859,50.604568],[-121.3039331,50.604854],[-121.3043729,50.6050174],[-121.3049845,50.6052081],[-121.3056175,50.6053307],[-121.3063578,50.6053783],[-121.3072054,50.6053851],[-121.3080529,50.6054056],[-121.308879,50.6054532],[-121.3096623,50.6055894],[-121.3103596,50.6057664],[-121.3109604,50.6060252],[-121.311336,50.6063044],[-121.3116793,50.6066244],[-121.3118724,50.6069376],[-121.3119904,50.6073802],[-121.3119582,50.6078091],[-121.3117007,50.6082517],[-121.3113896,50.6086602],[-121.3108532,50.6092458],[-121.3082246,50.612044],[-121.3054029,50.615094],[-121.3047377,50.6157952],[-121.304212,50.6164623],[-121.3038365,50.617252],[-121.3036541,50.6178442],[-121.3035575,50.6185385],[-121.3035468,50.6191104],[-121.3036541,50.6197775],[-121.3039286,50.620561],[-121.303976,50.6206964],[-121.3044695,50.6218263],[-121.3052205,50.623562],[-121.306229,50.6259783],[-121.307023,50.6280065],[-121.3071302,50.6285101],[-121.307141,50.6290477],[-121.307023,50.6296943],[-121.3065938,50.6319809],[-121.3064221,50.6323212],[-121.3061539,50.6326819],[-121.3055853,50.6331514],[-121.305242,50.6334781],[-121.3047592,50.633968],[-121.3043729,50.6346485],[-121.3041154,50.6355127],[-121.3038901,50.6360435],[-121.3037614,50.6366015],[-121.3037185,50.6372479],[-121.3037316,50.6376022],[-121.3037507,50.6381189],[-121.3037829,50.6395342],[-121.3037829,50.6405548],[-121.3037292,50.6409154],[-121.303579,50.641242],[-121.3033215,50.6416298],[-121.3029782,50.64197],[-121.3024847,50.6422762],[-121.30168,50.6428273],[-121.3013259,50.6431199],[-121.3010577,50.6433784],[-121.3005106,50.6442833],[-121.3002638,50.6446303],[-121.3001136,50.6449568],[-121.3000278,50.6452153],[-121.2999956,50.6454739],[-121.3001136,50.6460113],[-121.3002745,50.6466236],[-121.3006822,50.6473992],[-121.3009397,50.6478618],[-121.301165,50.6482836],[-121.3014011,50.6485693],[-121.3017122,50.6488618],[-121.3021092,50.6491747],[-121.3025276,50.6494877],[-121.3029675,50.6500183],[-121.3033001,50.6504809],[-121.3034395,50.650821],[-121.3035361,50.6510591],[-121.3036005,50.6513176],[-121.3036219,50.6517121],[-121.303579,50.6519978],[-121.3032357,50.6535691],[-121.302946,50.6551676],[-121.3028709,50.6556234],[-121.302946,50.6566912],[-121.3033274,50.6594465],[-121.3033615,50.6596738],[-121.3035468,50.6608877],[-121.3036541,50.6613094],[-121.3040189,50.6619895],[-121.3042656,50.6623635],[-121.3046412,50.6627716],[-121.304963,50.6630912],[-121.3054136,50.6633836],[-121.3054655,50.6634093],[-121.3059823,50.6636625],[-121.3068406,50.6639209],[-121.3076345,50.6641181],[-121.308128,50.6643493],[-121.3085786,50.664635],[-121.3091795,50.6651654],[-121.3094691,50.6656822],[-121.3095657,50.6660971],[-121.3095979,50.6665527],[-121.3094369,50.6670151],[-121.3090507,50.6675999],[-121.3084821,50.6680759],[-121.3076452,50.6685043],[-121.3064543,50.6690143],[-121.3057784,50.6693611],[-121.3052312,50.6697283],[-121.3014332,50.6722238],[-121.2991158,50.6740256],[-121.2983326,50.6745559],[-121.2974528,50.6750047],[-121.2960903,50.6754942],[-121.2946204,50.6759633],[-121.2934724,50.6764461],[-121.2923781,50.6771395],[-121.2916915,50.6779418],[-121.2897817,50.680532],[-121.2894169,50.6811166],[-121.2892882,50.6816877],[-121.2892989,50.6822723],[-121.289374,50.6827278],[-121.289653,50.6832648],[-121.2900178,50.6837611],[-121.2903718,50.6840941],[-121.2918738,50.6851614],[-121.2933652,50.6861538],[-121.2936226,50.6863509],[-121.2939445,50.6866976],[-121.2942878,50.6870035],[-121.2945882,50.6872346],[-121.2950389,50.6874793],[-121.2962512,50.6878396],[-121.2970344,50.6880299],[-121.2975709,50.6880843],[-121.2980858,50.688091],[-121.2984935,50.6880639],[-121.2989227,50.6880978],[-121.2993518,50.6881726],[-121.2997059,50.6882882],[-121.3002531,50.6885397],[-121.3005427,50.6887979],[-121.3008646,50.6891174],[-121.3011221,50.6893893],[-121.3020877,50.6900758],[-121.3035683,50.6910205],[-121.3041262,50.6914555],[-121.3046304,50.6918633],[-121.3049845,50.6922439],[-121.3056389,50.6932838],[-121.3060788,50.6944324],[-121.3061432,50.6949149],[-121.3061217,50.6952955],[-121.3059072,50.6957304],[-121.3056282,50.6961518],[-121.3035683,50.6979323],[-121.3031177,50.698143],[-121.302592,50.6983401],[-121.3020662,50.698476],[-121.3013581,50.6985507],[-121.3004462,50.6985167],[-121.2987832,50.6983401],[-121.2974314,50.6982109],[-121.296734,50.6982313],[-121.2961761,50.6982993],[-121.2950925,50.6984828],[-121.2943522,50.6987546],[-121.2937085,50.6991759],[-121.2932686,50.6996652],[-121.2930755,50.7001477],[-121.2929896,50.7007389],[-121.292818,50.7012145],[-121.2925498,50.7016223],[-121.2921206,50.7019892],[-121.2915949,50.7023018],[-121.2909941,50.7025192],[-121.2899319,50.7027706],[-121.2888161,50.7028454],[-121.2874536,50.7029473],[-121.2863115,50.7032877],[-121.2854473,50.7037695],[-121.2850437,50.7041734],[-121.2848821,50.7043835],[-121.2844669,50.7049975],[-121.2839774,50.7056856],[-121.2836234,50.706399],[-121.2827865,50.7088722],[-121.282057,50.711549],[-121.2811343,50.715136],[-121.2804364,50.7177378],[-121.2804301,50.7177597],[-121.2797068,50.7204685],[-121.2796668,50.7206199],[-121.2795583,50.7210395],[-121.2790845,50.7228729],[-121.278727,50.7241695],[-121.2786017,50.7244962],[-121.2783872,50.7249037],[-121.2779307,50.7254624],[-121.277758,50.7256305],[-121.2774198,50.7259394],[-121.2770966,50.7261822],[-121.2768692,50.7263356],[-121.2764318,50.7265987],[-121.2758235,50.7268993],[-121.2755791,50.7269921],[-121.2750611,50.7271826],[-121.2746347,50.727318],[-121.2741658,50.727441],[-121.2736652,50.7275378],[-121.273098,50.7276335],[-121.272615,50.7277223],[-121.2710647,50.7279362],[-121.2698631,50.7281365],[-121.2692623,50.7282452],[-121.2684523,50.728415],[-121.2668966,50.7287851],[-121.2660705,50.728999],[-121.2654589,50.7292028],[-121.2646382,50.7295321],[-121.2635116,50.7299973],[-121.2628143,50.7303233],[-121.2621437,50.730673],[-121.2617145,50.7309481],[-121.2612371,50.7312876],[-121.2605558,50.7318818],[-121.2591718,50.7331449],[-121.258807,50.7335353],[-121.258394,50.7339937],[-121.2580131,50.7345981],[-121.2578307,50.7350802],[-121.257702,50.7356336],[-121.2576,50.7365706],[-121.2574981,50.7371274],[-121.2573104,50.7376027],[-121.2570851,50.7380441],[-121.256849,50.73837],[-121.256554,50.7388385],[-121.2563716,50.7392764],[-121.2561731,50.739969],[-121.2560229,50.7402847],[-121.2556688,50.7407905],[-121.2553255,50.7411572],[-121.2537001,50.7423725],[-121.2530993,50.7427289],[-121.2524556,50.7430378],[-121.2520532,50.7432075],[-121.2505405,50.743693],[-121.2502656,50.7437805],[-121.2478958,50.7445348],[-121.2461953,50.7450236],[-121.2451278,50.7452612],[-121.2443714,50.7453698],[-121.2432234,50.7454988],[-121.2423275,50.7455362],[-121.2411366,50.7455362],[-121.2398116,50.7454445],[-121.2381379,50.7451899],[-121.2358232,50.7448115],[-121.2356943,50.7447904],[-121.2323345,50.7442412],[-121.2305193,50.7439445],[-121.2301353,50.7438799],[-121.2296536,50.743797],[-121.2290592,50.743698],[-121.2286392,50.7436136],[-121.2282686,50.7435555],[-121.2272061,50.7433928],[-121.2261223,50.7431873],[-121.2251224,50.7430041],[-121.2241041,50.7429077],[-121.222742,50.7428477],[-121.2203924,50.7426746],[-121.2197809,50.7426101],[-121.2184635,50.7425174],[-121.2176803,50.7424428],[-121.2171851,50.7424053],[-121.2168411,50.7423954],[-121.2163269,50.7424237],[-121.2157147,50.7425082],[-121.2152265,50.7426474],[-121.2146549,50.7428349],[-121.214445,50.7429161],[-121.2142297,50.7429855],[-121.2134304,50.7433035],[-121.2128941,50.7436048],[-121.2118112,50.7442448],[-121.2113868,50.7445622],[-121.2106359,50.7453107],[-121.209894,50.7461224],[-121.2095358,50.7464715],[-121.2093034,50.7466979],[-121.2089939,50.7470009],[-121.2086924,50.7472742],[-121.2080995,50.7476955],[-121.2075822,50.7480004],[-121.2065361,50.7484722],[-121.2037949,50.7496738],[-121.2021427,50.7504171],[-121.1997019,50.7514081],[-121.1974864,50.7523618],[-121.1968421,50.7525844],[-121.1963652,50.7527216],[-121.1955069,50.7528845],[-121.1948042,50.7530135],[-121.1944088,50.7530638],[-121.1932777,50.7533377],[-121.1926246,50.7535247],[-121.1922641,50.7536382],[-121.1920302,50.753701],[-121.1916781,50.7538103],[-121.1912237,50.7539237],[-121.1908624,50.7540252],[-121.1906041,50.7541101],[-121.1901221,50.7542863],[-121.1892091,50.7545848],[-121.1878044,50.7551037],[-121.1862983,50.7556238],[-121.184365,50.7563258],[-121.1831687,50.7568891],[-121.1818276,50.7575169],[-121.1791025,50.7589558],[-121.1775093,50.7597295],[-121.1763291,50.7602249],[-121.1734752,50.7611886],[-121.1717318,50.761718],[-121.1708252,50.7619283],[-121.1700205,50.7620844],[-121.1679123,50.7623796],[-121.1667912,50.7625663],[-121.1654554,50.7627631],[-121.1642806,50.7628445],[-121.1619739,50.7628886],[-121.1591791,50.7629395],[-121.1583047,50.7629802],[-121.1572961,50.7630786],[-121.1565129,50.7632143],[-121.1556439,50.7633942],[-121.1532567,50.7639982],[-121.1524843,50.7641576],[-121.1516367,50.7642289],[-121.1510573,50.7642289],[-121.1502849,50.764178],[-121.14911,50.7640117],[-121.1478601,50.7638149],[-121.1471789,50.7637403],[-121.1465351,50.7637471],[-121.1458646,50.7638048],[-121.1454247,50.7638794],[-121.1448453,50.7640016],[-121.1444162,50.7641169],[-121.1429034,50.764653],[-121.1423884,50.7648464],[-121.1418681,50.7651043],[-121.1414604,50.7653452],[-121.1411063,50.765637],[-121.1400495,50.766855],[-121.1388586,50.768487],[-121.13851,50.7689314],[-121.1381023,50.7693318],[-121.1375765,50.7697389],[-121.136788,50.7702274],[-121.1362462,50.7706413],[-121.1359565,50.770906],[-121.1350606,50.7719373],[-121.1344759,50.7724224],[-121.1337785,50.7728567],[-121.1330651,50.7731857],[-121.1315791,50.7737149],[-121.1298411,50.7743086],[-121.1280601,50.7749226],[-121.127014,50.7752991],[-121.1261021,50.7757062],[-121.1258745,50.7758154],[-121.1233179,50.7770427],[-121.1204211,50.7784267],[-121.1178784,50.7796343],[-121.1151157,50.7809639],[-121.1146222,50.7811403],[-121.1135869,50.7813404],[-121.1117737,50.7816592],[-121.109585,50.7820323],[-121.1090271,50.782168],[-121.1077772,50.782402],[-121.106935,50.7824766],[-121.106479,50.7824868],[-121.103947,50.782324],[-121.1020212,50.7822087],[-121.0992853,50.7820526],[-121.0968392,50.7819136],[-121.0960656,50.781869],[-121.0950743,50.7818118],[-121.0939263,50.7816762],[-121.0929553,50.7814591],[-121.0920005,50.7811606],[-121.0894416,50.7802889],[-121.087843,50.7797394],[-121.0870598,50.7794714],[-121.0865234,50.7792272],[-121.0859869,50.7789185],[-121.0853486,50.7784097],[-121.0848068,50.7780095],[-121.0844313,50.7778094],[-121.0840128,50.7776431],[-121.0833745,50.7774769],[-121.0814325,50.7770597],[-121.0808103,50.7769104],[-121.078922,50.7763439],[-121.0780637,50.7760929],[-121.0775541,50.7759844],[-121.0769103,50.775903],[-121.076449,50.775903],[-121.075993,50.7759165],[-121.0754834,50.775964],[-121.0747646,50.7761201],[-121.0736595,50.7763609],[-121.0730426,50.7764389],[-121.0724311,50.7764864],[-121.0719,50.7764627],[-121.0712562,50.7763847],[-121.0707252,50.7762558],[-121.0703121,50.7761099],[-121.0697703,50.7758792],[-121.0693572,50.7756418],[-121.0689764,50.77535],[-121.0684292,50.7748548],[-121.0680322,50.7745359],[-121.0677157,50.7743289],[-121.0672222,50.7740711],[-121.0665302,50.7737353],[-121.0659347,50.7734605],[-121.0642557,50.7724055],[-121.063392,50.7718253],[-121.0631292,50.7715879],[-121.0627215,50.7711299],[-121.0624532,50.7708483],[-121.0621734,50.7706025],[-121.0616539,50.770146],[-121.0603075,50.7690196],[-121.0597871,50.7686023],[-121.0592078,50.7682563],[-121.0565953,50.7668177],[-121.0561393,50.7665429],[-121.055458,50.7662715],[-121.0545836,50.7659966],[-121.0538809,50.7657863],[-121.0529797,50.7654673],[-121.0520463,50.7651179],[-121.0512041,50.7648464],[-121.0505389,50.7647209],[-121.0499273,50.7646361],[-121.0475455,50.7644494],[-121.0465907,50.7643612],[-121.0458557,50.7642323],[-121.0451208,50.7640389],[-121.0427068,50.7633229],[-121.0410599,50.7628275],[-121.0390483,50.7622507],[-121.0376964,50.761891],[-121.0366504,50.7616603],[-121.0358243,50.7614974],[-121.0332118,50.7610495],[-121.0314523,50.7607441],[-121.0287379,50.7602554],[-121.0243122,50.7594953],[-121.022381,50.7590745],[-121.0202323,50.7585649],[-121.0199778,50.7585044],[-121.0173278,50.7577511],[-121.0149674,50.7569943],[-121.0137711,50.7566041],[-121.0110192,50.7555011],[-121.0088949,50.7546595],[-121.0070173,50.7539603],[-121.0057943,50.7536854],[-121.0046677,50.7535395],[-121.0035734,50.7534784],[-121.0022859,50.7534488],[-120.9974042,50.7532522],[-120.9964508,50.7532162],[-120.9958145,50.7531739],[-120.9951369,50.7531123],[-120.9945022,50.7530301],[-120.993734,50.7529108],[-120.9867989,50.7518494],[-120.9861998,50.751768],[-120.9857681,50.7517214],[-120.9853183,50.751683],[-120.9846813,50.7516368],[-120.9840203,50.7516033],[-120.980442,50.751476],[-120.9784276,50.7514006],[-120.9782028,50.7513896],[-120.9774004,50.7513504],[-120.9763972,50.7511977],[-120.9758286,50.7510619],[-120.975232,50.7508735],[-120.9747946,50.7507123],[-120.9743964,50.7505551],[-120.9737832,50.7503033],[-120.9734977,50.7502068],[-120.97323,50.7501211],[-120.9728608,50.7500148],[-120.9724168,50.7499046],[-120.971915,50.749818],[-120.9715162,50.7497697],[-120.971118,50.7497324],[-120.9707015,50.7497162],[-120.9702319,50.7497094],[-120.9672241,50.749796],[-120.9667842,50.749796],[-120.9663966,50.7497764],[-120.9659152,50.7497417],[-120.9650469,50.7496362],[-120.964168,50.7495106],[-120.9555062,50.748234],[-120.9547281,50.7481509],[-120.942478,50.7470772],[-120.9421347,50.7470399],[-120.9416465,50.7469889],[-120.9411852,50.7468871],[-120.9406702,50.7467378],[-120.940225,50.7465477],[-120.9398548,50.7464085],[-120.9394257,50.7462965],[-120.9390036,50.7461989],[-120.9386652,50.7461523],[-120.9384011,50.7461438],[-120.9380738,50.746137],[-120.937811,50.7461675],[-120.9372437,50.7462495],[-120.9346728,50.746843],[-120.9341567,50.7469266],[-120.9337823,50.746972],[-120.9334284,50.7470045],[-120.9322714,50.7471024],[-120.9320174,50.7471077],[-120.9317793,50.7471142],[-120.9315067,50.7470912],[-120.931218,50.7470607],[-120.9309956,50.7470202],[-120.92664,50.7460192],[-120.9262124,50.7459014],[-120.9258805,50.7457602],[-120.9254906,50.7455526],[-120.9252004,50.7453481],[-120.9249036,50.7450892],[-120.9244697,50.7446502],[-120.9241746,50.7444296],[-120.9238742,50.7442497],[-120.9236114,50.7441207],[-120.9232144,50.7439815],[-120.921395,50.7433986],[-120.9201036,50.7430172],[-120.9188957,50.7427368],[-120.916824,50.7423107],[-120.9154205,50.7420848],[-120.9051846,50.7410078],[-120.9046428,50.7409331],[-120.9043209,50.7408618],[-120.9038381,50.7406887],[-120.9030335,50.7403831],[-120.9025185,50.7402304],[-120.9021859,50.7401727],[-120.9018318,50.7401319],[-120.9015475,50.7401183],[-120.9011506,50.7401251],[-120.9007321,50.7401727],[-120.900303,50.740227],[-120.8968107,50.7408822],[-120.8938389,50.7414525],[-120.8934848,50.7415611],[-120.8930664,50.7416833],[-120.8926372,50.7418497],[-120.8913068,50.7425456],[-120.8898424,50.7433908],[-120.8894132,50.7436047],[-120.8890538,50.7437269],[-120.8885603,50.7438491],[-120.8880989,50.7438898],[-120.8865379,50.7439272],[-120.8859317,50.7439509],[-120.8855723,50.7439951],[-120.8851807,50.7440697],[-120.8848266,50.7441784],[-120.884494,50.7443209],[-120.8823429,50.7454411],[-120.8795105,50.7469788],[-120.878738,50.7473453],[-120.8784376,50.7474981],[-120.8768444,50.7481498],[-120.8754121,50.7487404],[-120.8749507,50.7488795],[-120.8745645,50.7489474],[-120.8741085,50.7490119],[-120.8735935,50.7490357],[-120.8717696,50.7490187],[-120.8705895,50.7490289],[-120.8699618,50.7490662],[-120.8693771,50.7491239],[-120.8688943,50.7492232],[-120.8683184,50.7493331],[-120.8677195,50.7494939],[-120.8662496,50.7499317],[-120.8644901,50.7504714],[-120.8637905,50.7506992],[-120.8614723,50.7514251],[-120.8604943,50.7517246],[-120.8598629,50.7519143],[-120.8594208,50.7520343],[-120.8589311,50.7521466],[-120.8585502,50.7522207],[-120.8581188,50.7522891],[-120.8576685,50.7523422],[-120.8573287,50.7523788],[-120.8568071,50.7524094],[-120.8563423,50.7524234],[-120.8557055,50.7524205],[-120.8550135,50.7523812],[-120.854382,50.7523158],[-120.8537881,50.7522288],[-120.8532709,50.7521262],[-120.8506698,50.7515099],[-120.8500936,50.7513911],[-120.8496387,50.7513102],[-120.8491824,50.7512613],[-120.8485991,50.7512277],[-120.8480122,50.7512355],[-120.8474075,50.7512739],[-120.8469346,50.7513335],[-120.8464419,50.7514227],[-120.8460147,50.7515254],[-120.8455621,50.7516585],[-120.8449666,50.7518649],[-120.8429103,50.7526131],[-120.8425008,50.752752],[-120.8421713,50.7528563],[-120.8417745,50.7529627],[-120.8414045,50.7530513],[-120.8284274,50.7558667],[-120.8262175,50.7563441],[-120.8257769,50.7564442],[-120.8253712,50.7565439],[-120.8249616,50.7566554],[-120.8243341,50.7568313],[-120.8211222,50.7577527],[-120.8182793,50.7585688],[-120.8152199,50.7594504],[-120.8135065,50.7599834],[-120.8130621,50.7601091],[-120.8126747,50.7602091],[-120.8120903,50.7603268],[-120.811614,50.7604034],[-120.8111181,50.7604608],[-120.8107547,50.7604904],[-120.8103877,50.7605121],[-120.810021,50.7605242],[-120.8095242,50.7605195],[-120.8091774,50.7605065],[-120.8042799,50.7602317],[-120.8035241,50.7601978],[-120.8028356,50.7601855],[-120.8022142,50.7602023],[-120.8018513,50.760228],[-120.8014662,50.7602609],[-120.8009651,50.7603204],[-120.8006268,50.7603695],[-120.8002734,50.7604313],[-120.7996193,50.760572],[-120.798984,50.7607395],[-120.7983085,50.7609472],[-120.7959919,50.7617112],[-120.7941304,50.7623695],[-120.7937388,50.7625357],[-120.7933365,50.7627597],[-120.7931004,50.7629327],[-120.7928859,50.7631295],[-120.7920812,50.7639167],[-120.7917218,50.7642051],[-120.7913248,50.7644325],[-120.7908206,50.7646666],[-120.7901661,50.764843],[-120.7895975,50.7649516],[-120.7889537,50.7650263],[-120.7872854,50.7651552],[-120.7846998,50.7653214],[-120.7840078,50.7653622],[-120.7835606,50.7654039],[-120.783305,50.7654266],[-120.7819639,50.7655963],[-120.7789974,50.7660679],[-120.7783751,50.7661765],[-120.7777528,50.7663359],[-120.7772325,50.766509],[-120.7766961,50.7667363],[-120.776224,50.766984],[-120.7756816,50.7672815],[-120.7733004,50.7686227],[-120.7729678,50.7687686],[-120.772544,50.7689213],[-120.7720505,50.7689993],[-120.7715838,50.7690332],[-120.7709937,50.7690095],[-120.7704948,50.7689348],[-120.7701783,50.7688161],[-120.7694434,50.7685888],[-120.7689767,50.76847],[-120.7684992,50.7684225],[-120.7680272,50.7684022],[-120.7675605,50.7684293],[-120.7670562,50.768487],[-120.7650553,50.7688364],[-120.7618634,50.7693861],[-120.7612358,50.7695218],[-120.7606833,50.769671],[-120.7601039,50.7698475],[-120.7594977,50.7700883],[-120.7574378,50.7709535],[-120.7569228,50.7711061],[-120.7564239,50.7711672],[-120.7546644,50.7713368],[-120.7539402,50.7713741],[-120.7535057,50.7713707],[-120.7529639,50.77133],[-120.752347,50.7712283],[-120.7518159,50.7710926],[-120.7497506,50.7704921],[-120.7490157,50.7702987],[-120.7484846,50.7702207],[-120.7479642,50.7701799],[-120.7473688,50.7701732],[-120.7470362,50.7702037],[-120.7465909,50.7702648],[-120.7461189,50.770353],[-120.7438122,50.7709467],[-120.7431416,50.7711129],[-120.7425569,50.7712384],[-120.7419561,50.7712825],[-120.7414411,50.7712995],[-120.7409422,50.7712825],[-120.7403629,50.7712011],[-120.7396977,50.7710077],[-120.7391237,50.7707974],[-120.7385926,50.770543],[-120.7379757,50.7701358],[-120.7364951,50.769135],[-120.7356207,50.7685582],[-120.7352291,50.7682563],[-120.7349019,50.7679408],[-120.7338075,50.7668211],[-120.733432,50.7664683],[-120.7332174,50.7661799],[-120.7330511,50.7658847],[-120.7329063,50.7655793],[-120.7323109,50.7641237],[-120.7317369,50.762814],[-120.7316457,50.762607],[-120.7314418,50.7620471],[-120.7313667,50.7618503],[-120.730841,50.7610223],[-120.7299237,50.7595327],[-120.72928,50.7584909],[-120.7290868,50.758233],[-120.7288454,50.758026],[-120.7284592,50.7577443],[-120.728073,50.7575271],[-120.7277511,50.7573744],[-120.7270591,50.7570656],[-120.7266675,50.7568586],[-120.7262866,50.7566821],[-120.7260077,50.7565022],[-120.7257234,50.7562681],[-120.7254605,50.7560034],[-120.7250421,50.7556946],[-120.7247309,50.7554943],[-120.7243179,50.7553246],[-120.7239102,50.7551889],[-120.72354,50.7550871],[-120.7231162,50.755026],[-120.7216142,50.7548835],[-120.7209168,50.7548088],[-120.7203858,50.754707],[-120.7198118,50.7545407],[-120.7193021,50.7543065],[-120.7180952,50.7536413],[-120.7152091,50.7519987],[-120.7140772,50.7513708],[-120.7128917,50.750821],[-120.7103007,50.7495787],[-120.7098822,50.7493683],[-120.7095818,50.7491545],[-120.7091956,50.7488829],[-120.7079135,50.7475524],[-120.7068621,50.7466088],[-120.70639,50.7461471],[-120.7062559,50.7460759],[-120.7043676,50.7450304],[-120.7006715,50.7432075],[-120.6985848,50.7421654],[-120.6981932,50.7419549],[-120.6979893,50.7418157],[-120.6972007,50.7412386],[-120.6952159,50.7396193],[-120.6946066,50.7391499],[-120.6941538,50.7387231],[-120.6937836,50.7385024],[-120.6931184,50.7382206],[-120.6926517,50.7380644],[-120.6918739,50.737932],[-120.6908546,50.7378777],[-120.6898622,50.737803],[-120.6890897,50.737708],[-120.6882046,50.7375212],[-120.6874214,50.7373379],[-120.6865738,50.7371851],[-120.6856726,50.7369509],[-120.6842189,50.7366182],[-120.6833766,50.7364484],[-120.6824164,50.7362311],[-120.681424,50.7360783],[-120.6805657,50.7360172],[-120.6796269,50.7360342],[-120.6786399,50.7361225],[-120.6777762,50.7361564],[-120.6771432,50.7361089],[-120.6765799,50.7360037],[-120.6759469,50.7358271],[-120.6754051,50.7355962],[-120.6748848,50.7352839],[-120.6745522,50.7350666],[-120.6739192,50.7347135],[-120.672283,50.7337594],[-120.6717144,50.733464],[-120.6711833,50.7332196],[-120.6703626,50.7329242],[-120.6697993,50.7326729],[-120.6692468,50.7323945],[-120.6689303,50.732201],[-120.6679325,50.7314472],[-120.6674175,50.7310363],[-120.6670366,50.7308292],[-120.6666128,50.7306493],[-120.6660925,50.7304489],[-120.6656204,50.7302995],[-120.6653576,50.7302452],[-120.664687,50.7301297],[-120.6640057,50.7299566],[-120.6634532,50.7298038],[-120.6628738,50.7295321],[-120.6621604,50.7292265],[-120.6616615,50.7290126],[-120.6612055,50.7288938],[-120.6605993,50.7287647],[-120.6600629,50.7287002],[-120.6594352,50.7286187],[-120.6589042,50.7284897],[-120.6583945,50.7282622],[-120.6579117,50.7279769],[-120.6574236,50.7275355],[-120.6569998,50.727094],[-120.6567101,50.7268495],[-120.6563722,50.7266322],[-120.6560396,50.7264794],[-120.6555997,50.7263538],[-120.6550418,50.7262315],[-120.6545214,50.7261161],[-120.653867,50.7259021],[-120.652896,50.7256508],[-120.6522416,50.7254403],[-120.6517909,50.7252739],[-120.6511365,50.7249173],[-120.650482,50.7245472],[-120.6500582,50.7243434],[-120.6495647,50.7241906],[-120.6492428,50.7241362],[-120.6485669,50.7240547],[-120.648127,50.7239529],[-120.647435,50.7238136],[-120.6470005,50.723654],[-120.6465875,50.7235318],[-120.645241,50.7234061],[-120.6438516,50.7233076],[-120.642709,50.7232057],[-120.6421725,50.7232023],[-120.6415932,50.7232091],[-120.641105,50.7232227],[-120.6381761,50.7234095],[-120.6368089,50.7234944],[-120.634767,50.7236223],[-120.6336197,50.7236673],[-120.6331193,50.7237143],[-120.6326684,50.7237798],[-120.6319851,50.7239012],[-120.6314585,50.7239594],[-120.6311275,50.723996],[-120.6306551,50.7239444],[-120.6301042,50.7238352],[-120.629682,50.7237386],[-120.6292746,50.723681],[-120.6289718,50.7236601],[-120.6285965,50.7236724],[-120.6282245,50.7237154],[-120.627801,50.7238174],[-120.6273367,50.7240052],[-120.6269451,50.7242286],[-120.6265195,50.7244351],[-120.6261426,50.7245582],[-120.6258277,50.7246208],[-120.6255166,50.7246601],[-120.6251008,50.7246704],[-120.6247092,50.7246417],[-120.6244008,50.7245847],[-120.6233703,50.7242447],[-120.6224642,50.7239573],[-120.6221045,50.7238505],[-120.6216502,50.7237532],[-120.6213656,50.7237107],[-120.6209654,50.7236717],[-120.6207015,50.7236617],[-120.6203777,50.7236661],[-120.620087,50.7236518],[-120.6197428,50.7235908],[-120.6195199,50.7235309],[-120.6183502,50.723239],[-120.6180206,50.7232023],[-120.6176655,50.723184],[-120.6170974,50.723219],[-120.6152249,50.7233108],[-120.6150578,50.7232852],[-120.6148116,50.723229],[-120.6144964,50.7231483],[-120.6139578,50.7229646],[-120.6134217,50.7228052],[-120.6130368,50.7226785],[-120.6126001,50.7225963],[-120.612182,50.7225821],[-120.6116656,50.7225798],[-120.6110423,50.722588],[-120.6105077,50.7225123],[-120.609952,50.7224593],[-120.6095679,50.7224409],[-120.6090333,50.722442],[-120.608296,50.72241],[-120.6076614,50.7223155],[-120.607108,50.722139],[-120.6066751,50.7217403],[-120.6062089,50.7213778],[-120.6057157,50.7209915],[-120.6053434,50.7208498],[-120.6048236,50.720751],[-120.60427,50.7206856],[-120.603887,50.7206994],[-120.6026743,50.7208339],[-120.6008469,50.7206252],[-120.5997703,50.720325],[-120.5994983,50.7201368],[-120.5993165,50.720037],[-120.5990906,50.7199369],[-120.5988822,50.7198269],[-120.5986966,50.719763],[-120.5958999,50.7191081],[-120.5956829,50.7190094],[-120.5954232,50.7188632],[-120.595213,50.7186859],[-120.5949075,50.7183512],[-120.5942133,50.7176366],[-120.5938391,50.7173756],[-120.593443,50.7171786],[-120.5930506,50.717029],[-120.5926085,50.7168724],[-120.5921346,50.7167223],[-120.5917627,50.7166073],[-120.5914152,50.7164614],[-120.5911331,50.7163045],[-120.5908337,50.7161593],[-120.5904748,50.7159478],[-120.590106,50.7157539],[-120.5879026,50.7150253],[-120.5869762,50.7147533],[-120.5863467,50.7146515],[-120.5853848,50.7146121],[-120.5835631,50.7145422],[-120.5826339,50.7145099],[-120.5817821,50.7144995],[-120.5813052,50.7145306],[-120.5805177,50.7146315],[-120.5799574,50.7147341],[-120.5793979,50.714738],[-120.5788719,50.7146981],[-120.5781158,50.7145863],[-120.5776834,50.7145432],[-120.5772078,50.7145185],[-120.5765298,50.714517],[-120.5755591,50.7143961],[-120.57512,50.7142776],[-120.5746042,50.7141373],[-120.5741938,50.7140352],[-120.5739339,50.7139892],[-120.5717098,50.7136998],[-120.5709827,50.7136137],[-120.5705283,50.7135603],[-120.5699224,50.7134437],[-120.569412,50.7132918],[-120.5688423,50.7131373],[-120.568197,50.7130065],[-120.5675358,50.7128679],[-120.5670943,50.7127118],[-120.5667137,50.7124941],[-120.5663114,50.7122047],[-120.5659198,50.7119983],[-120.565556,50.7118951],[-120.5651771,50.7118008],[-120.564683,50.7117804],[-120.5641374,50.7118067],[-120.5636903,50.7117643],[-120.5631614,50.7117019],[-120.56265,50.7116719],[-120.5621451,50.7116953],[-120.5617384,50.7117556],[-120.5612106,50.7117853],[-120.5606597,50.711787],[-120.5601857,50.7117123],[-120.5598612,50.7115983],[-120.5593376,50.7113699],[-120.5589994,50.711179],[-120.5585654,50.7109804],[-120.5582234,50.7108585],[-120.5575692,50.7106652],[-120.5569513,50.7105006],[-120.5564101,50.7103821],[-120.5560675,50.7103333],[-120.5556769,50.7102807],[-120.5553414,50.710273],[-120.5547277,50.7103406],[-120.5542918,50.7104058],[-120.5539008,50.7104403],[-120.553551,50.7104373],[-120.5531197,50.7103895],[-120.5527528,50.710287],[-120.5523923,50.7101429],[-120.5520814,50.709958],[-120.5518124,50.7097529],[-120.5515973,50.7095248],[-120.5512459,50.7092344],[-120.5509969,50.7090613],[-120.5506446,50.7089061],[-120.5502983,50.7087848],[-120.5499866,50.7087027],[-120.5495398,50.7086101],[-120.5476665,50.7084683],[-120.5468602,50.708272],[-120.545124,50.7074485],[-120.5445455,50.7071241],[-120.5436668,50.7068126],[-120.5428916,50.7066502],[-120.5422651,50.7066333],[-120.5416353,50.7066352],[-120.5408907,50.7067687],[-120.540107,50.7070113],[-120.5395727,50.7071329],[-120.5387718,50.7073007],[-120.5380782,50.7073677],[-120.5371292,50.7073765],[-120.5358562,50.7072793],[-120.5347007,50.7071696],[-120.5338349,50.7070928],[-120.5331086,50.7069216],[-120.5324198,50.7067538],[-120.5319343,50.7066509],[-120.531246,50.7065275],[-120.5304725,50.7064497],[-120.5295659,50.706408],[-120.5290284,50.7063611],[-120.5286459,50.7063893],[-120.5282629,50.7064443],[-120.5279877,50.7065065],[-120.5277399,50.706569],[-120.5274893,50.7065833],[-120.5267812,50.7065517],[-120.5261327,50.7064817],[-120.5243436,50.7063652],[-120.5230943,50.7062153],[-120.5223728,50.7060329],[-120.5218814,50.7058036],[-120.5212248,50.7054768],[-120.5207151,50.7051319],[-120.5202839,50.7048162],[-120.5197882,50.7046047],[-120.5192019,50.7043945],[-120.5189055,50.7043219],[-120.5186197,50.7042618],[-120.5183564,50.7042048],[-120.5178926,50.7041165],[-120.517669,50.7040722],[-120.5172994,50.7040196],[-120.5170342,50.703978],[-120.5167721,50.7039307],[-120.5165023,50.7038792],[-120.5162226,50.7038222],[-120.5156782,50.7037142],[-120.5154404,50.7036684],[-120.5150014,50.7035821],[-120.5147686,50.7035375],[-120.5145329,50.7034944],[-120.514325,50.7034615],[-120.5141187,50.7034319],[-120.5139114,50.7034084],[-120.5136933,50.7033865],[-120.5134902,50.7033717],[-120.5132524,50.7033577],[-120.5131045,50.7033157],[-120.5128251,50.7033061],[-120.5122492,50.7032913],[-120.5116889,50.7032793],[-120.5114157,50.7032713],[-120.5111337,50.7032585],[-120.5108795,50.703244],[-120.5106194,50.7032241],[-120.5103833,50.7031993],[-120.510152,50.7031699],[-120.5098896,50.7031283],[-120.5096388,50.7030823],[-120.5094008,50.7030308],[-120.5091854,50.7029783],[-120.5089474,50.7029164],[-120.5087356,50.7028492],[-120.5085325,50.7027808],[-120.508334,50.7027093],[-120.5081426,50.7026333],[-120.50773,50.7024543],[-120.5075377,50.7023631],[-120.5069652,50.7020859],[-120.5067225,50.701969],[-120.5058928,50.7015619],[-120.5052795,50.7012667],[-120.5050079,50.7011368],[-120.5047011,50.7009928],[-120.5045362,50.7009138],[-120.5043813,50.7008445],[-120.5041811,50.7007568],[-120.5039908,50.7006767],[-120.5037977,50.7005981],[-120.5036077,50.7005293],[-120.5034208,50.7004599],[-120.5032131,50.7003859],[-120.5027606,50.7002323],[-120.5018265,50.6999191],[-120.50115,50.6996965],[-120.5007474,50.6995595],[-120.5001,50.699343],[-120.4997492,50.6992275],[-120.4994061,50.6991098],[-120.4991009,50.6990079],[-120.4988977,50.6989417],[-120.4987159,50.6988797],[-120.4983559,50.698761],[-120.49803,50.6986504],[-120.4979822,50.6986342],[-120.4978028,50.698576],[-120.4976131,50.6985108],[-120.4972681,50.698394],[-120.4971013,50.6983353],[-120.4969362,50.6982767],[-120.4965985,50.69815],[-120.4964464,50.6980921],[-120.4963145,50.6980378],[-120.4961825,50.6979846],[-120.4960694,50.6979372],[-120.4958622,50.6978524],[-120.4957053,50.6978283],[-120.4955562,50.6977661],[-120.4954062,50.6977009],[-120.4951236,50.6975826],[-120.494671,50.6973908],[-120.4943962,50.6972755],[-120.4941374,50.6971682],[-120.4939993,50.6971119],[-120.4938444,50.6970525],[-120.4936972,50.6969986],[-120.4935459,50.6969464],[-120.4934083,50.6969024],[-120.4932661,50.6968605],[-120.4931198,50.6968207],[-120.4929672,50.6967836],[-120.4928093,50.6967474],[-120.4926607,50.696719],[-120.492503,50.6966912],[-120.4923266,50.6966636],[-120.4921319,50.6966393],[-120.4918002,50.6966034],[-120.4914548,50.696569],[-120.4909363,50.6965196],[-120.4906213,50.6964888],[-120.4899692,50.6964269],[-120.4898216,50.6964114],[-120.4893369,50.6963657],[-120.489195,50.6963501],[-120.4890609,50.6963364],[-120.4888041,50.6963082],[-120.4886798,50.6962908],[-120.4885536,50.6962359],[-120.4882465,50.6961847],[-120.48815,50.6961667],[-120.488049,50.6961491],[-120.4878522,50.696111],[-120.4876369,50.6960683],[-120.4869584,50.6959388],[-120.4866483,50.6958807],[-120.4864728,50.6958467],[-120.4862868,50.6958092],[-120.4858213,50.6957215],[-120.4856385,50.6956862],[-120.4855118,50.6956608],[-120.4848614,50.6955363],[-120.4845744,50.6954801],[-120.4844153,50.6954479],[-120.4842517,50.6954134],[-120.4839574,50.6953452],[-120.4838278,50.6953118],[-120.4836766,50.6952682],[-120.4835479,50.6952284],[-120.4834049,50.6951793],[-120.4832689,50.6951285],[-120.483144,50.6950804],[-120.4830167,50.6950241],[-120.4828841,50.6949615],[-120.4827644,50.694901],[-120.4826308,50.6948269],[-120.4825003,50.694756],[-120.4823794,50.6946861],[-120.4819032,50.694397],[-120.4817677,50.6943164],[-120.4816245,50.6942291],[-120.481507,50.6941589],[-120.4813897,50.6940859],[-120.4811351,50.6939325],[-120.4806421,50.6936308],[-120.4805121,50.6936031],[-120.4802399,50.69344],[-120.4800803,50.6933423],[-120.4798196,50.6931866],[-120.4796803,50.6931023],[-120.4793946,50.6929364],[-120.4792566,50.6928596],[-120.4791161,50.692785],[-120.4789766,50.6927143],[-120.4788374,50.6926483],[-120.4786925,50.6925833],[-120.4785469,50.6925201],[-120.4783927,50.6924599],[-120.4782472,50.692406],[-120.4781287,50.6923653],[-120.4779941,50.6923203],[-120.4778782,50.692284],[-120.4777516,50.6922467],[-120.4776272,50.6922113],[-120.4774949,50.692175],[-120.4771765,50.6920929],[-120.4769959,50.6920487],[-120.4766818,50.6919699],[-120.4761837,50.6918468],[-120.475835,50.6917587],[-120.4756958,50.6917251],[-120.4755382,50.6916853],[-120.4749467,50.6915401],[-120.4745186,50.6914326],[-120.4743704,50.691397],[-120.4742346,50.6913631],[-120.4739434,50.6912921],[-120.4736483,50.6912173],[-120.47304,50.6910688],[-120.4721899,50.6908579],[-120.4711675,50.6906062],[-120.4708348,50.6905248],[-120.4705262,50.6904505],[-120.4702141,50.6903779],[-120.4699343,50.6903146],[-120.4696682,50.6902599],[-120.4692798,50.6901835],[-120.4689534,50.6901224],[-120.4685164,50.6900438],[-120.4678589,50.689927],[-120.4672822,50.6898245],[-120.4669299,50.6897611],[-120.4665652,50.6896974],[-120.4659335,50.6895851],[-120.4656423,50.6895341],[-120.4653927,50.6894891],[-120.4650493,50.6894295],[-120.4646993,50.6893661],[-120.4639957,50.6892421],[-120.4636833,50.6891857],[-120.4635312,50.68916],[-120.4633679,50.6891309],[-120.4632304,50.6891074],[-120.463093,50.6890818],[-120.4629578,50.6890583],[-120.4628292,50.6890375],[-120.4625618,50.6889975],[-120.4624392,50.6889812],[-120.4622894,50.6889646],[-120.4621514,50.6889508],[-120.4620104,50.6889402],[-120.4618704,50.6889314],[-120.4617426,50.6889272],[-120.4615926,50.6889268],[-120.4614384,50.6889281],[-120.461296,50.688934],[-120.4611556,50.6889421],[-120.461014,50.688953],[-120.4608779,50.6889666],[-120.4607434,50.688982],[-120.4605973,50.6890037],[-120.4604594,50.6890284],[-120.4603186,50.6890562],[-120.4601856,50.689085],[-120.4600582,50.6891168],[-120.4598282,50.6891805],[-120.4597141,50.6892172],[-120.4595982,50.689255],[-120.4594935,50.6892955],[-120.459371,50.6893399],[-120.4592656,50.6893826],[-120.4591313,50.6893937],[-120.4590189,50.6894402],[-120.4588444,50.6895163],[-120.4587624,50.6895551],[-120.458661,50.6895972],[-120.4585628,50.6896425],[-120.4584578,50.6896899],[-120.4583394,50.6897409],[-120.4579836,50.6899012],[-120.4577683,50.6899969],[-120.4576546,50.6900458],[-120.4570667,50.6903068],[-120.4569734,50.6903472],[-120.4567821,50.6904287],[-120.456613,50.6904966],[-120.456532,50.6905279],[-120.4563598,50.6905907],[-120.4562767,50.6906191],[-120.4561787,50.6906512],[-120.4559767,50.6907104],[-120.4558629,50.690741],[-120.4557526,50.6907689],[-120.4555284,50.6908201],[-120.4554122,50.6908427],[-120.4552984,50.6908629],[-120.4551738,50.6908839],[-120.4550493,50.6909024],[-120.4549277,50.6909189],[-120.4546656,50.690948],[-120.4544129,50.6909706],[-120.4542866,50.6909804],[-120.4536767,50.6910207],[-120.453217,50.6910481],[-120.4530521,50.6910592],[-120.4523935,50.6910995],[-120.4520957,50.6911185],[-120.4519468,50.6911268],[-120.4517894,50.691137],[-120.4513336,50.6911648],[-120.4508751,50.6911915],[-120.4505204,50.6912147],[-120.450255,50.6912301],[-120.4500947,50.6912413],[-120.4499584,50.6912484],[-120.4496452,50.6912675],[-120.4484625,50.6913416],[-120.4482671,50.6913531],[-120.4481113,50.6913634],[-120.4479113,50.6913748],[-120.4470731,50.6914259],[-120.4467411,50.6914471],[-120.4465389,50.6914588],[-120.4461217,50.6914846],[-120.4460046,50.6914924],[-120.4459167,50.6914958],[-120.4456739,50.6915125],[-120.4453193,50.6915335],[-120.4451459,50.6915445],[-120.4449812,50.6915538],[-120.4446026,50.6915783],[-120.4440452,50.6916114],[-120.4431114,50.6916686],[-120.4429506,50.6916791],[-120.4424545,50.6917089],[-120.4422908,50.6917197],[-120.441702,50.691755],[-120.4410097,50.6917998],[-120.4405692,50.6918272],[-120.4399618,50.6918635],[-120.4398037,50.6918744],[-120.4393707,50.6919005],[-120.4392541,50.6919084],[-120.4391331,50.6919151],[-120.4388671,50.6919319],[-120.4387376,50.6919392],[-120.4384647,50.6919565],[-120.4378539,50.6919931],[-120.437564,50.6920116],[-120.4372685,50.6920288],[-120.4371304,50.692038],[-120.4369843,50.6920463],[-120.4368576,50.6920547],[-120.4364115,50.6920812],[-120.4363006,50.6920885],[-120.4360279,50.6921041],[-120.4357807,50.6921195],[-120.4356551,50.6921261],[-120.4355164,50.6921349],[-120.4351258,50.6921526],[-120.4348712,50.6921581],[-120.4347329,50.6921594],[-120.4345897,50.6921569],[-120.434454,50.6921532],[-120.4341829,50.6921383],[-120.4340611,50.692128],[-120.4338089,50.6921005],[-120.4336868,50.6920842],[-120.43357,50.6920668],[-120.4334206,50.6920423],[-120.4333096,50.6920222],[-120.4331308,50.6919881],[-120.432942,50.6919497],[-120.4326077,50.691878],[-120.4323094,50.6918124],[-120.4321286,50.6917739],[-120.4319826,50.6917404],[-120.4316725,50.6916724],[-120.4315129,50.6916383],[-120.4312164,50.6915717],[-120.4310759,50.6915413],[-120.4309304,50.6915078],[-120.4307563,50.6914709],[-120.4306276,50.6914414],[-120.4304524,50.6914045],[-120.4301278,50.6913325],[-120.429722,50.6912441],[-120.4286946,50.6910178],[-120.427852,50.6908252],[-120.4271212,50.6906744],[-120.4267866,50.6906084],[-120.4264446,50.6905581],[-120.4260748,50.6905194],[-120.4257103,50.6905011],[-120.4254022,50.6905078],[-120.4252573,50.6905126],[-120.424829,50.6905427],[-120.4243956,50.6906016],[-120.4238805,50.6906782],[-120.4235851,50.6907249],[-120.4231831,50.6907838],[-120.4226867,50.6908405],[-120.4223639,50.6908591],[-120.421972,50.6908616],[-120.4216911,50.6908439],[-120.42143,50.6908268],[-120.4213736,50.6908214],[-120.4211943,50.6907966],[-120.4210477,50.6907739],[-120.4209007,50.690748],[-120.4206388,50.69069],[-120.420526,50.6906612],[-120.4204071,50.6906302],[-120.4200826,50.6905363],[-120.4199423,50.6905317],[-120.4197058,50.6904553],[-120.4194427,50.6903678],[-120.4192124,50.6902925],[-120.4188436,50.6901685],[-120.4185738,50.6900794],[-120.4182173,50.6899603],[-120.4180789,50.6899134],[-120.417804,50.6898231],[-120.4174403,50.6897006],[-120.4160342,50.6892323],[-120.4144963,50.6887211],[-120.41385,50.6885052],[-120.4133694,50.6883463],[-120.4131364,50.6882685],[-120.4126986,50.6881246],[-120.41246,50.6880448],[-120.4120566,50.6879142],[-120.4118416,50.6878475],[-120.4116074,50.6877808],[-120.411345,50.687712],[-120.4110571,50.6876445],[-120.4107576,50.6875802],[-120.4104875,50.6875275],[-120.40959,50.6873604],[-120.4093416,50.6873138],[-120.4090928,50.6872658],[-120.40835,50.6871277],[-120.4078842,50.6870393],[-120.4062176,50.6867273],[-120.4057876,50.6866475],[-120.4053275,50.6865607],[-120.404423,50.6863955],[-120.4041525,50.686351],[-120.4039453,50.6863197],[-120.403708,50.6862882],[-120.4034873,50.6862638],[-120.4032415,50.6862436],[-120.4029586,50.6862283],[-120.4026775,50.6862213],[-120.4025292,50.6862209],[-120.4023478,50.6862233],[-120.4022718,50.6862252],[-120.4021873,50.6862284],[-120.4019687,50.6862375],[-120.4016556,50.6862572],[-120.4015355,50.6862671],[-120.4012887,50.686285],[-120.4011578,50.6862961],[-120.4010254,50.6863057],[-120.4006647,50.6863347],[-120.4002831,50.6863636],[-120.400126,50.6863774],[-120.3998125,50.6864035],[-120.3996504,50.686415],[-120.3995332,50.6864257],[-120.399462,50.6864312],[-120.3993091,50.6864423],[-120.3990264,50.6864648],[-120.3989086,50.6864754],[-120.3988193,50.6864816],[-120.3986549,50.6864942],[-120.3985079,50.6864697],[-120.3983986,50.6864792],[-120.398059,50.6865061],[-120.3979503,50.6865163],[-120.3978546,50.6865229],[-120.3977081,50.6865332],[-120.3973855,50.6865594],[-120.3972695,50.686568],[-120.3971694,50.6865765],[-120.3969464,50.6865939],[-120.3966483,50.6866185],[-120.3965607,50.6866241],[-120.3962735,50.6866458],[-120.396187,50.6866532],[-120.396099,50.686658],[-120.3958294,50.6866776],[-120.3956737,50.6866867],[-120.3954069,50.6866976],[-120.3951591,50.6867036],[-120.3950667,50.6867048],[-120.3948515,50.6867043],[-120.3945222,50.6866994],[-120.3941263,50.6866899],[-120.3923295,50.6866338],[-120.3921519,50.6866295],[-120.3919359,50.6866228],[-120.3910325,50.6865936],[-120.3900476,50.6865633],[-120.3898904,50.686559],[-120.389731,50.6865537],[-120.3895732,50.6865494],[-120.3892481,50.6865385],[-120.3887749,50.686524],[-120.3884579,50.6865107],[-120.3883094,50.6865031],[-120.3881536,50.6864942],[-120.388008,50.6864845],[-120.3878727,50.6864739],[-120.3876124,50.686449],[-120.387331,50.6864168],[-120.3872045,50.6863992],[-120.3869456,50.6863603],[-120.3867481,50.6863267],[-120.3865491,50.6862898],[-120.3863453,50.6862478],[-120.3861679,50.6862093],[-120.3858801,50.6861395],[-120.385797,50.6861175],[-120.385712,50.6860966],[-120.3856334,50.686075],[-120.385549,50.686054],[-120.3854609,50.6860298],[-120.3851462,50.6859453],[-120.3850071,50.6859098],[-120.3848603,50.6858709],[-120.3845446,50.6857843],[-120.3843795,50.6857382],[-120.3840575,50.6856528],[-120.3835537,50.685516],[-120.3832211,50.6854265],[-120.3828736,50.6853312],[-120.3825221,50.685237],[-120.3823363,50.6851857],[-120.382175,50.6851432],[-120.3818051,50.6850427],[-120.3815398,50.6849722],[-120.3813791,50.6849288],[-120.3813169,50.6849111],[-120.3811655,50.6848718],[-120.3811021,50.684854],[-120.380871,50.6847921],[-120.3807278,50.6847563],[-120.3805512,50.6847138],[-120.380404,50.6846766],[-120.3803398,50.6846635],[-120.3802023,50.6846333],[-120.3800717,50.6846058],[-120.3799308,50.6845784],[-120.3797904,50.6845521],[-120.37972,50.6845406],[-120.3796526,50.6845282],[-120.3796084,50.6845209],[-120.3767203,50.6840619],[-120.3764359,50.6840165],[-120.3761134,50.6839644],[-120.3750365,50.6837953],[-120.3749152,50.6837753],[-120.3745639,50.68372],[-120.3743371,50.6836834],[-120.3731279,50.6834926],[-120.3727961,50.6834432],[-120.3725487,50.6834095],[-120.3722317,50.6833719],[-120.3721326,50.6833614],[-120.3720157,50.6833496],[-120.3717168,50.683323],[-120.3716023,50.6833138],[-120.3715023,50.6833077],[-120.3713788,50.6832983],[-120.3702377,50.6832226],[-120.3698988,50.6832007],[-120.3696792,50.6831856],[-120.3690404,50.6831446],[-120.3683429,50.683098],[-120.3681733,50.6830875],[-120.3677674,50.6830599],[-120.3672699,50.6830275],[-120.3668774,50.683001],[-120.3664007,50.6829705],[-120.3658796,50.6829357],[-120.3657284,50.682926],[-120.3654756,50.6829102],[-120.3647808,50.6828649],[-120.3641362,50.6828219],[-120.363835,50.6828027],[-120.3636784,50.6827917],[-120.363158,50.6827573],[-120.3629115,50.6827421],[-120.3627513,50.682731],[-120.3614097,50.6826435],[-120.3612242,50.6826306],[-120.360121,50.6825588],[-120.3594613,50.6825147],[-120.3590995,50.6824889],[-120.3589818,50.6824788],[-120.3588417,50.6824656],[-120.3585687,50.6824355],[-120.358469,50.6824228],[-120.3583386,50.6824042],[-120.3582176,50.6823849],[-120.3580877,50.6823617],[-120.357946,50.6823338],[-120.3578131,50.6823052],[-120.3576801,50.6822735],[-120.3575628,50.6822442],[-120.3574445,50.682211],[-120.3573202,50.6821745],[-120.3572049,50.682138],[-120.3570488,50.6820841],[-120.3569069,50.6820322],[-120.3566626,50.681937],[-120.3565454,50.6818897],[-120.3563058,50.6817902],[-120.3559155,50.6816265],[-120.3554945,50.6814484],[-120.3553095,50.6813718],[-120.355189,50.6813205],[-120.3551088,50.681288],[-120.3549102,50.6812018],[-120.3548038,50.681159],[-120.3544262,50.6809987],[-120.3543265,50.6809576],[-120.3542263,50.6809141],[-120.3536699,50.6806804],[-120.3535711,50.6806381],[-120.3531577,50.6804668],[-120.3529441,50.6803815],[-120.352705,50.6802876],[-120.3525982,50.680247],[-120.3523782,50.6801652],[-120.3522761,50.680126],[-120.3518245,50.6799651],[-120.3515074,50.6798549],[-120.3511251,50.6797216],[-120.3510387,50.679692],[-120.3509301,50.6796553],[-120.3508501,50.6796273],[-120.3507371,50.6795886],[-120.3506441,50.6795569],[-120.3505345,50.6795184],[-120.3504188,50.6794791],[-120.3503099,50.6794415],[-120.3501907,50.6794009],[-120.3500718,50.6793586],[-120.3499472,50.6793163],[-120.3498227,50.6792737],[-120.3497265,50.6792399],[-120.3496023,50.6791965],[-120.3494975,50.6791614],[-120.3493417,50.6791508],[-120.3492344,50.6791156],[-120.3490811,50.6790674],[-120.348923,50.6790183],[-120.3487835,50.6789773],[-120.3486427,50.6789364],[-120.3485155,50.6789012],[-120.3483733,50.6788625],[-120.3482568,50.6788322],[-120.3481263,50.6787999],[-120.348002,50.6787694],[-120.3477774,50.6787163],[-120.3476115,50.6786779],[-120.3474836,50.6786482],[-120.3472913,50.6786044],[-120.3471733,50.6785774],[-120.3470132,50.6785409],[-120.346866,50.6785077],[-120.3467479,50.6784808],[-120.3465766,50.6784419],[-120.3464274,50.6784074],[-120.3462619,50.6783705],[-120.3460743,50.6783279],[-120.3458793,50.6782836],[-120.3457251,50.6782486],[-120.3455775,50.6782151],[-120.3454139,50.6781779],[-120.3452821,50.6781481],[-120.3451592,50.6781198],[-120.3450302,50.6780906],[-120.3449117,50.678063],[-120.3448057,50.6780394],[-120.3447443,50.6780269],[-120.344378,50.6779426],[-120.3436915,50.6777866],[-120.343033,50.6776375],[-120.3425,50.677515],[-120.341838,50.6773661],[-120.3413054,50.6772452],[-120.3408683,50.6771468],[-120.3404248,50.6770501],[-120.3402197,50.6770099],[-120.3401122,50.6769903],[-120.3400034,50.6769682],[-120.3398772,50.6769476],[-120.3397386,50.6769247],[-120.3394879,50.676896],[-120.3393371,50.6768804],[-120.3392833,50.6768759],[-120.3389733,50.676854],[-120.3389409,50.6768549],[-120.3387883,50.6768476],[-120.3385343,50.6768453],[-120.3384003,50.6768467],[-120.3382574,50.6768528],[-120.3381262,50.6768589],[-120.3379484,50.6768711],[-120.3378324,50.6768817],[-120.3377035,50.6768933],[-120.3375728,50.6769054],[-120.3374048,50.6769251],[-120.3372438,50.676944],[-120.3371163,50.6769585],[-120.3369949,50.676974],[-120.3368851,50.6769855],[-120.3367794,50.6769998],[-120.3366699,50.6770127],[-120.336593,50.6770219],[-120.3345129,50.6772708],[-120.3344618,50.6772781],[-120.3343345,50.6772923],[-120.3342983,50.6772971],[-120.3340113,50.6773351],[-120.3320825,50.6775667],[-120.3316147,50.677623],[-120.331457,50.6776417],[-120.3313327,50.6776583],[-120.3311881,50.6776698],[-120.3310679,50.6776797],[-120.330943,50.6776857],[-120.3308185,50.6776887],[-120.3306759,50.6776918],[-120.3304374,50.6776886],[-120.3256053,50.6774653],[-120.3253425,50.6774565],[-120.3250955,50.6774432],[-120.3248466,50.6774253],[-120.3245913,50.6774027],[-120.3243272,50.6773739],[-120.3240695,50.6773369],[-120.3238323,50.6772947],[-120.3236202,50.6772493],[-120.3233689,50.6771826],[-120.323163,50.6771255],[-120.3229247,50.6770533],[-120.3226969,50.6769848],[-120.322466,50.6769132],[-120.3161482,50.6748914],[-120.3159291,50.6748215],[-120.3158623,50.6748003],[-120.3156979,50.6747481],[-120.3152448,50.6746037],[-120.3147838,50.6744592],[-120.3143332,50.6743269],[-120.3138815,50.6742097],[-120.313701,50.6741722],[-120.3133923,50.6741079],[-120.3128953,50.6740242],[-120.3124987,50.6739716],[-120.3121284,50.6739346],[-120.3117277,50.6739056],[-120.3112268,50.6738799],[-120.3010288,50.6734565],[-120.2994805,50.6733922],[-120.2990648,50.6733771],[-120.2986875,50.6733634],[-120.2984006,50.673354],[-120.298173,50.6733491],[-120.297941,50.6733491],[-120.2977424,50.6733514],[-120.297482,50.6733642],[-120.2972729,50.6733806],[-120.2969695,50.6734141],[-120.2966865,50.6734588],[-120.2965054,50.6734945],[-120.2964135,50.6735127],[-120.2961738,50.6735701],[-120.2959205,50.6736397],[-120.2956701,50.6737206],[-120.2955046,50.673781],[-120.2953461,50.6738444],[-120.295135,50.6739364],[-120.2949568,50.6740221],[-120.2947405,50.6741395],[-120.2945308,50.6742636],[-120.2943473,50.6743799],[-120.29429,50.6744142],[-120.2942228,50.6744577],[-120.291915,50.6759582],[-120.2918474,50.6760004],[-120.2917245,50.6760775],[-120.291666,50.6761137],[-120.2915686,50.6761746],[-120.2915,50.6762159],[-120.2913112,50.6762786],[-120.2912536,50.6763102],[-120.2911213,50.6763875],[-120.2910575,50.6764235],[-120.290937,50.6764903],[-120.2908777,50.6765221],[-120.290744,50.6765947],[-120.2906713,50.6766327],[-120.290594,50.6766728],[-120.2905331,50.6767044],[-120.2904709,50.6767353],[-120.2903594,50.6767919],[-120.2902827,50.6768291],[-120.2901674,50.6768834],[-120.2901093,50.6769103],[-120.2900454,50.6769407],[-120.289929,50.6769943],[-120.2898618,50.6770249],[-120.289714,50.6770911],[-120.2896436,50.6771207],[-120.2895174,50.6771739],[-120.2894523,50.6772014],[-120.2893284,50.6772526],[-120.2892538,50.6772823],[-120.2891863,50.6773064],[-120.2891141,50.6773366],[-120.2890343,50.6773674],[-120.2889682,50.6773922],[-120.2888913,50.6774208],[-120.2887433,50.6774771],[-120.2886709,50.6775026],[-120.2885333,50.6775513],[-120.2884585,50.6775774],[-120.2883204,50.6776243],[-120.2882548,50.6776454],[-120.2881224,50.6776884],[-120.2880463,50.6777134],[-120.2879588,50.6777406],[-120.2878826,50.6777642],[-120.2877171,50.6778132],[-120.2876322,50.6778384],[-120.2875616,50.6778587],[-120.2874656,50.6778876],[-120.2873775,50.6779112],[-120.2872733,50.6779401],[-120.2871052,50.6779855],[-120.2870429,50.6780011],[-120.2869529,50.6780241],[-120.2868436,50.6780513],[-120.2867526,50.6780735],[-120.2866607,50.6780964],[-120.2865944,50.6781113],[-120.2864946,50.6781349],[-120.2863995,50.6781566],[-120.2862933,50.6781797],[-120.2862059,50.6781986],[-120.2860905,50.6782235],[-120.2859855,50.6782448],[-120.2858752,50.6782665],[-120.2857508,50.6782903],[-120.2856365,50.6783138],[-120.283609,50.6787122],[-120.2835474,50.6787219],[-120.28343,50.6787448],[-120.2761472,50.6801693],[-120.2760506,50.6801878],[-120.275944,50.6802092],[-120.275585,50.6802771],[-120.27531,50.6803277],[-120.2749787,50.6803862],[-120.2746394,50.6804393],[-120.2743097,50.680491],[-120.2740098,50.680533],[-120.2736918,50.6805704],[-120.273418,50.6806031],[-120.2731252,50.6806353],[-120.2728228,50.6806622],[-120.2725626,50.6806868],[-120.2722108,50.6807134],[-120.2718758,50.6807335],[-120.2715218,50.6807516],[-120.2711712,50.6807659],[-120.2708322,50.6807764],[-120.2704493,50.680781],[-120.2701102,50.6807809],[-120.2698745,50.68078],[-120.2696167,50.6807754],[-120.2693385,50.6807674],[-120.2691124,50.6807601],[-120.26903,50.680758],[-120.2689283,50.6807542],[-120.2687915,50.6807481],[-120.2686896,50.6807429],[-120.2685698,50.6807353],[-120.2684768,50.6807308],[-120.268375,50.6807236],[-120.268268,50.6807163],[-120.2681558,50.6807088],[-120.2680437,50.6807016],[-120.2678726,50.6806887],[-120.2677334,50.6806766],[-120.2675914,50.6806641],[-120.2674439,50.6806502],[-120.2673111,50.6806379],[-120.2671782,50.6806239],[-120.2670211,50.6806062],[-120.2669082,50.6805951],[-120.2667662,50.6805781],[-120.2666301,50.6805607],[-120.2664686,50.6805403],[-120.2663248,50.6805219],[-120.2661974,50.6805045],[-120.2660794,50.680487],[-120.2659297,50.680464],[-120.2657511,50.6804375],[-120.2655826,50.680409],[-120.2654241,50.6803832],[-120.2652702,50.6803565],[-120.2650739,50.680321],[-120.264917,50.6802925],[-120.2647411,50.6802575],[-120.2645652,50.6802229],[-120.2644013,50.6801907],[-120.2642245,50.6801533],[-120.2640428,50.6801152],[-120.2639013,50.6800849],[-120.2509167,50.6773489],[-120.2442642,50.6759472],[-120.2381048,50.6746484],[-120.2345087,50.6738927],[-120.2246471,50.671817],[-120.2244651,50.6717784],[-120.2242671,50.6717374],[-120.224049,50.6716913],[-120.2237692,50.6716328],[-120.2235287,50.6715819],[-120.2232312,50.6715192],[-120.2229719,50.6714666],[-120.2227098,50.6714176],[-120.2225118,50.6713836],[-120.2222895,50.6713492],[-120.2221303,50.6713669],[-120.2219454,50.6713444],[-120.2217916,50.671328],[-120.2216641,50.6713165],[-120.2215251,50.6713065],[-120.2213703,50.6712976],[-120.2212426,50.6712921],[-120.2210875,50.6712883],[-120.2209393,50.6712862],[-120.2207872,50.6712868],[-120.220671,50.671289],[-120.2204665,50.671296],[-120.2202941,50.6713052],[-120.2201046,50.6713193],[-120.2199238,50.6713356],[-120.2197532,50.6713546],[-120.2195442,50.671382],[-120.2193317,50.6714147],[-120.2191212,50.6714506],[-120.2188977,50.6714929],[-120.2187048,50.6715309],[-120.2184983,50.671572],[-120.2182797,50.671617],[-120.2181187,50.671609],[-120.2178821,50.6716574],[-120.2176784,50.6716996],[-120.2174242,50.6717519],[-120.2171882,50.6718001],[-120.216988,50.6718408],[-120.216754,50.6718889],[-120.2165704,50.6719261],[-120.2163704,50.6719661],[-120.21616,50.672007],[-120.2159385,50.6720482],[-120.2157286,50.6720837],[-120.2155072,50.6721178],[-120.2154663,50.6721242],[-120.2153604,50.6721373],[-120.215232,50.6721532],[-120.214996,50.6721764],[-120.2147588,50.6721937],[-120.2145602,50.6722037],[-120.2143203,50.6722108],[-120.2140802,50.6722121],[-120.2138401,50.6722074],[-120.2136005,50.6721968],[-120.2135651,50.6721947],[-120.2133248,50.6721764],[-120.213086,50.6721523],[-120.2128487,50.6721223],[-120.2126136,50.6720867],[-120.2123803,50.6720451],[-120.2122885,50.6720275],[-120.2121486,50.6719995],[-120.2116272,50.6718847],[-120.2073505,50.6708865],[-120.2066465,50.6707197],[-120.2053697,50.6704256],[-120.2050085,50.670342],[-120.204689,50.6702704],[-120.2042324,50.6701663],[-120.203773,50.6700821],[-120.2033109,50.6699963],[-120.2028461,50.6699164],[-120.2023792,50.6698415],[-120.2019099,50.6697735],[-120.2014361,50.6697111],[-120.2009658,50.6696538],[-120.2004911,50.6696026],[-120.2004161,50.6695952],[-120.2002476,50.6695804],[-120.1999678,50.669555],[-120.1997069,50.6695326],[-120.1994343,50.6695124],[-120.1991478,50.6694918],[-120.1988944,50.6694763],[-120.1986176,50.6694611],[-120.1984889,50.669455],[-120.1983587,50.6694487],[-120.1980652,50.6694365],[-120.1978207,50.6694286],[-120.1975731,50.6694212],[-120.1973793,50.6694178],[-120.1971062,50.6694135],[-120.1968814,50.6694116],[-120.1965519,50.6694109],[-120.1962842,50.6694125],[-120.1960693,50.6694154],[-120.1957917,50.6694207],[-120.1955562,50.6694267],[-120.1952985,50.6694342],[-120.1950538,50.6694422],[-120.1947552,50.669453],[-120.1816966,50.6699184],[-120.1813646,50.6699301],[-120.1811687,50.6699373],[-120.1809364,50.6699448],[-120.1806509,50.6699548],[-120.1803388,50.6699667],[-120.1800607,50.6699755],[-120.1797954,50.669985],[-120.1795364,50.669994],[-120.179272,50.6700036],[-120.1790715,50.6700107],[-120.1787853,50.6700198],[-120.1785784,50.6700257],[-120.1783328,50.6700295],[-120.1780826,50.6700309],[-120.1778497,50.6700288],[-120.1777758,50.6700273],[-120.1776695,50.6700252],[-120.1774608,50.6700181],[-120.1772358,50.670008],[-120.177035,50.6699971],[-120.1767975,50.6699813],[-120.1767174,50.6699769],[-120.1766491,50.669971],[-120.1765175,50.6699611],[-120.1764156,50.6699525],[-120.1762785,50.6699399],[-120.1761762,50.6699327],[-120.1760652,50.6699221],[-120.1759659,50.6699151],[-120.1758006,50.6699007],[-120.1756792,50.66989],[-120.1755628,50.6698803],[-120.1754105,50.6698674],[-120.1753078,50.6698577],[-120.1751763,50.6698464],[-120.1750424,50.6698345],[-120.174894,50.6698211],[-120.1747441,50.6698088],[-120.1606251,50.6685743],[-120.1600112,50.6685221],[-120.1592702,50.6684575],[-120.1585799,50.6683995],[-120.1580805,50.6683533],[-120.1574089,50.6682895],[-120.1573451,50.6682831],[-120.1569218,50.6682412],[-120.1564306,50.6681897],[-120.1562851,50.6681744],[-120.1555276,50.6680906],[-120.1547718,50.6680011],[-120.1542216,50.6679335],[-120.154055,50.6679113],[-120.1538281,50.6678822],[-120.1536075,50.6678534],[-120.1533805,50.6678234],[-120.1531359,50.6677912],[-120.1529218,50.6677614],[-120.1527297,50.6677347],[-120.1525228,50.6677055],[-120.1522725,50.6676701],[-120.152037,50.6676368],[-120.151789,50.667601],[-120.1515381,50.6675629],[-120.1512913,50.6675248],[-120.1509744,50.6674763],[-120.1506688,50.6674283],[-120.1503223,50.6673727],[-120.1499846,50.6673177],[-120.1497004,50.6672709],[-120.1494871,50.6672356],[-120.149182,50.6671824],[-120.1489085,50.6671358],[-120.1486571,50.6670928],[-120.1486192,50.6670863],[-120.1483693,50.6670413],[-120.1480952,50.6669918],[-120.1478603,50.6669491],[-120.1475593,50.666892],[-120.1472914,50.6668409],[-120.1471253,50.6668464],[-120.1459438,50.6666073],[-120.1458456,50.666593],[-120.145611,50.666545],[-120.1340067,50.6640559],[-120.1335515,50.6639593],[-120.1330943,50.6638606],[-120.1325578,50.663746],[-120.1320841,50.6636443],[-120.13134,50.6634883],[-120.1310626,50.6634318],[-120.1309074,50.6634006],[-120.1308905,50.6633972],[-120.1306552,50.6633519],[-120.1304274,50.6633074],[-120.1301876,50.6632615],[-120.1299472,50.6632173],[-120.1296152,50.6631562],[-120.1293674,50.6631125],[-120.1291082,50.6630669],[-120.1288124,50.6630162],[-120.1284959,50.6629634],[-120.1281576,50.6629093],[-120.1278702,50.6628635],[-120.1275956,50.6628218],[-120.1272468,50.6627688],[-120.1269181,50.662721],[-120.1267581,50.6626982],[-120.1265754,50.6626721],[-120.1262602,50.6626284],[-120.1259134,50.6625817],[-120.1256572,50.6625476],[-120.1254051,50.6625134],[-120.1251227,50.6624751],[-120.1248535,50.6624385],[-120.1245696,50.6624004],[-120.1242768,50.6623608],[-120.1240226,50.6623273],[-120.1239018,50.6623106],[-120.1236709,50.662279],[-120.1233049,50.6622288],[-120.1228349,50.6621662],[-120.1225198,50.662123],[-120.1217835,50.6620235],[-120.1214013,50.6619717],[-120.1206486,50.6618708],[-120.1060244,50.6598902],[-120.1059159,50.6598752],[-120.1041853,50.6596405],[-120.0906926,50.6578094],[-120.0905423,50.6577893],[-120.0851932,50.6570667],[-120.0819266,50.6566219],[-120.0799117,50.6563443],[-120.0796258,50.6563074],[-120.0793553,50.6562698],[-120.0789318,50.6562124],[-120.0785928,50.6561667],[-120.0782328,50.6561177],[-120.0778497,50.6560662],[-120.0775761,50.6560291],[-120.0774414,50.6560105],[-120.0771244,50.6559684],[-120.076755,50.6559176],[-120.0762026,50.655843],[-120.0757693,50.6557839],[-120.0753112,50.655721],[-120.0749105,50.6556667],[-120.0744316,50.6556018],[-120.0740101,50.6555442],[-120.0735923,50.6554878],[-120.0730985,50.6554215],[-120.0726489,50.6553607],[-120.0722242,50.655303],[-120.0717173,50.6552371],[-120.0712552,50.6551809],[-120.0708668,50.6551381],[-120.0704357,50.6550956],[-120.0700295,50.655061],[-120.0696879,50.6550359],[-120.0693021,50.6550101],[-120.0690923,50.6549984],[-120.0688556,50.6549865],[-120.068702,50.6549791],[-120.0683804,50.6549663],[-120.0680657,50.6549556],[-120.06769,50.6549427],[-120.0673139,50.6549297],[-120.0669067,50.6549155],[-120.0665377,50.6549024],[-120.0663041,50.6548941],[-120.0618277,50.654742],[-120.0573764,50.6545916],[-120.0451903,50.6541771],[-120.044863,50.6541642],[-120.0446957,50.6541603],[-120.0442394,50.6541441],[-120.0438605,50.6541317],[-120.0432392,50.6541104],[-120.0427952,50.6540953],[-120.0424718,50.6540839],[-120.0422276,50.6540769],[-120.0419201,50.6540663],[-120.0418485,50.6540635],[-120.0417934,50.6540613],[-120.0415717,50.6540536],[-120.0411869,50.6540411],[-120.039522,50.6539838],[-120.0393883,50.6539784],[-120.0389377,50.6539637],[-120.036141,50.6538702],[-120.0286023,50.6536214],[-120.0274319,50.6535269],[-120.0265867,50.6534164],[-120.0162708,50.6519397],[-120.0134477,50.6515359],[-120.0107903,50.6511281],[-120.0089504,50.6508625],[-120.0078079,50.6506311],[-120.0067174,50.6503106],[-120.0060499,50.6500858],[-120.0053281,50.6498234],[-120.0045087,50.6495314],[-120.0034109,50.649151],[-120.0027333,50.6488627],[-120.0015942,50.6484631],[-120.0006466,50.6481768],[-119.9999877,50.6480425],[-119.9992946,50.6479203],[-119.9988658,50.6479013],[-119.9979628,50.6478943],[-119.9973146,50.6479111],[-119.9951636,50.6479494],[-119.9924767,50.6479722],[-119.9916686,50.6480024],[-119.9913782,50.6480103],[-119.9895857,50.6481017],[-119.9881064,50.6482657],[-119.9865791,50.6484565],[-119.9847955,50.6486665],[-119.9830088,50.6488725],[-119.9822015,50.6489753],[-119.980415,50.649166],[-119.9786293,50.6493647],[-119.9768453,50.6495628],[-119.9759297,50.6496659],[-119.9744407,50.649849],[-119.9729539,50.6500282],[-119.9710841,50.650257],[-119.9669262,50.6507489],[-119.9616323,50.6513712],[-119.960754,50.6515004],[-119.96006,50.6515653],[-119.9597252,50.651573],[-119.9585302,50.6515787],[-119.9572316,50.6514512],[-119.9565946,50.651326],[-119.9552794,50.6510339],[-119.9539946,50.6507455],[-119.9474188,50.6491584],[-119.9448695,50.6486472],[-119.9435977,50.6484394],[-119.9422391,50.6482848],[-119.9376674,50.6478232],[-119.9327161,50.6473366],[-119.9261877,50.6466455],[-119.9253262,50.64649],[-119.9249162,50.6464143],[-119.9240015,50.6461781],[-119.9197387,50.6450346],[-119.9189657,50.6448903],[-119.9182289,50.6447687],[-119.9168389,50.6447295],[-119.9154823,50.6447984],[-119.9144286,50.6449239],[-119.9082948,50.6454542],[-119.9069664,50.6456677],[-119.9061658,50.645851],[-119.9048536,50.6462975],[-119.899811,50.6482774],[-119.8977667,50.6490286],[-119.8969197,50.6493034],[-119.8877616,50.6516671],[-119.8822873,50.6531068],[-119.8809891,50.6534877],[-119.8795836,50.6540387],[-119.8783191,50.6547555],[-119.8770516,50.6554739],[-119.8710327,50.6591332],[-119.8704048,50.6595383],[-119.8687404,50.6605611],[-119.8675028,50.6613314],[-119.8664673,50.6619886],[-119.8656446,50.6624981],[-119.8654551,50.6626115],[-119.8616469,50.6648913],[-119.8606197,50.6655162],[-119.8593797,50.6662789],[-119.8584349,50.666853],[-119.8574056,50.6674784],[-119.8558997,50.6683929],[-119.8555332,50.6686102],[-119.8539739,50.6694633],[-119.8525899,50.6700685],[-119.8516206,50.6703782],[-119.850884,50.6705784],[-119.8469894,50.6715236],[-119.8419791,50.6727135],[-119.8393827,50.673339],[-119.8385777,50.6735396],[-119.8375802,50.6738558],[-119.8359417,50.674464],[-119.8340719,50.6753992],[-119.8331492,50.6759635],[-119.8320334,50.6767998],[-119.8274307,50.6804098],[-119.8232787,50.6837068],[-119.8195862,50.6866889],[-119.8171954,50.6885602],[-119.8118847,50.6927199],[-119.8093527,50.6946704],[-119.8084836,50.6952481],[-119.8074215,50.6959073],[-119.8041277,50.6974228],[-119.8018532,50.6984286],[-119.8000508,50.6993935],[-119.7983985,50.7003721],[-119.7971647,50.7012759],[-119.7960653,50.7021913],[-119.795609,50.7025941],[-119.7949307,50.70333],[-119.7945254,50.7037697],[-119.793592,50.7049927],[-119.7928303,50.7061886],[-119.7919398,50.7080299],[-119.7911458,50.7097148],[-119.7906308,50.7104757],[-119.79003,50.7111144],[-119.7890752,50.7120111],[-119.7877923,50.7128366],[-119.7857599,50.7141443],[-119.7817366,50.716814],[-119.776737,50.7200949],[-119.7733896,50.7223296],[-119.7722202,50.723199],[-119.7704177,50.724537],[-119.7697203,50.7249853],[-119.7687011,50.7253249],[-119.7679501,50.7255966],[-119.7674136,50.7259158],[-119.7668987,50.7263776],[-119.7666197,50.7268462],[-119.7664051,50.7273828],[-119.7658794,50.7292436],[-119.7652679,50.7315797],[-119.7649997,50.7326934],[-119.7647743,50.733128],[-119.7642486,50.7339768],[-119.7640984,50.7344929],[-119.7641521,50.7354707],[-119.7643881,50.736401],[-119.7643667,50.7369713],[-119.7640341,50.7375892],[-119.7635727,50.7380238],[-119.7628968,50.7383769],[-119.7619848,50.7386281],[-119.7608369,50.7388997],[-119.7597533,50.7394768],[-119.7589486,50.7401015],[-119.7557836,50.7444059],[-119.7544961,50.746171],[-119.7541206,50.7468702],[-119.7523718,50.7505224],[-119.751535,50.7524026],[-119.7510307,50.7533326],[-119.7503548,50.7542285],[-119.7454624,50.759604],[-119.7426944,50.7626104],[-119.741997,50.7633569],[-119.7412567,50.7638184],[-119.7397547,50.7643613],[-119.7377591,50.7650195],[-119.732266,50.7669128],[-119.7312467,50.7673539],[-119.7293155,50.7682631],[-119.7278993,50.7690774],[-119.7257214,50.7706109],[-119.7244768,50.7716761],[-119.7218805,50.7739355],[-119.7198956,50.7756452],[-119.7173743,50.777823],[-119.7163551,50.7787185],[-119.7154217,50.7796547],[-119.7145634,50.7806451],[-119.7125571,50.7838537],[-119.710819,50.7869332],[-119.7091346,50.7898294],[-119.7083593,50.7912151],[-119.7073965,50.7929357],[-119.7043281,50.7983406],[-119.702236,50.8020768],[-119.7004228,50.805128],[-119.697129,50.8110468],[-119.6936982,50.8168867],[-119.6929541,50.8182153],[-119.6925072,50.818911],[-119.692226,50.8193088],[-119.6920219,50.8195302],[-119.6919108,50.8196563],[-119.691755,50.8198119],[-119.6916085,50.8199515],[-119.6911197,50.8203591],[-119.690611,50.8206998],[-119.6900306,50.8210309],[-119.6893591,50.8213444],[-119.6884614,50.8216592],[-119.684233,50.822943],[-119.6779995,50.8248136],[-119.6739226,50.8259996],[-119.6728282,50.8263859],[-119.6723776,50.826718],[-119.671927,50.8272601],[-119.6712618,50.8282089],[-119.6703499,50.8291509],[-119.6696632,50.8298556],[-119.6684079,50.8308721],[-119.6673887,50.83136],[-119.6662836,50.8316853],[-119.6650927,50.8319292],[-119.663301,50.8322545],[-119.6594494,50.8330947],[-119.6584301,50.8333116],[-119.65725,50.8334607],[-119.6562844,50.8334674],[-119.65504,50.8334235],[-119.6537845,50.8333793],[-119.6520787,50.8334064],[-119.6507054,50.833542],[-119.64989,50.8337249],[-119.6489459,50.833996],[-119.6483129,50.8342535],[-119.6472078,50.8347413],[-119.6462958,50.8352156],[-119.6456414,50.8354392],[-119.6447723,50.8356154],[-119.6438068,50.8357035],[-119.6428519,50.8357916],[-119.6422082,50.8358593],[-119.6416288,50.8360287],[-119.6409422,50.8363811],[-119.6403521,50.8366114],[-119.6390539,50.8373364],[-119.6383458,50.8377565],[-119.6372085,50.8384883],[-119.6359854,50.8390232],[-119.6342581,50.8398091],[-119.6320587,50.8408321],[-119.6302026,50.8416451],[-119.6265994,50.8430047],[-119.6257188,50.8432445],[-119.6245537,50.8435692],[-119.6235162,50.8437838],[-119.6227895,50.8439456],[-119.6221436,50.8440829],[-119.6216141,50.8441922],[-119.6212455,50.8442862],[-119.6209197,50.8444055],[-119.6206301,50.8445728],[-119.6200048,50.8449692],[-119.6185189,50.8460215],[-119.6175211,50.8467463],[-119.6168988,50.8470783],[-119.6137472,50.848787],[-119.6133189,50.8490095],[-119.6124731,50.8493526],[-119.6115889,50.849754],[-119.61098,50.8500318],[-119.6104916,50.8503244],[-119.6097854,50.8507842],[-119.6090985,50.8511037],[-119.6081711,50.8513686],[-119.6071529,50.851543],[-119.6066439,50.8516506],[-119.6062405,50.8517654],[-119.6058251,50.8519491],[-119.6054778,50.8521346],[-119.604676,50.8527545],[-119.6043439,50.8530324],[-119.6040952,50.8532895],[-119.6037022,50.8537566],[-119.6034265,50.854067],[-119.60315,50.8543299],[-119.6024361,50.8549808],[-119.6021044,50.855281],[-119.6017946,50.8555934],[-119.6012228,50.8562226],[-119.6005646,50.8569291],[-119.600362,50.8571752],[-119.6002214,50.8573977],[-119.6000512,50.8577248],[-119.5999445,50.8579139],[-119.5998458,50.8580536],[-119.5997058,50.858218],[-119.5995571,50.8583594],[-119.5992859,50.8585763],[-119.5989919,50.8587903],[-119.5985164,50.8591254],[-119.5978444,50.85961],[-119.5975008,50.8598466],[-119.5970898,50.8601172],[-119.596703,50.8603433],[-119.5963317,50.86055],[-119.5948306,50.8613726],[-119.5932284,50.8621482],[-119.5925411,50.8624702],[-119.5919778,50.8627225],[-119.5915539,50.8628691],[-119.5911489,50.8629732],[-119.5907237,50.8630425],[-119.5903378,50.8630819],[-119.589926,50.863103],[-119.5896079,50.8631106],[-119.5855387,50.8631952],[-119.5851846,50.8632201],[-119.5849077,50.8632566],[-119.5845908,50.8633177],[-119.5841832,50.8634312],[-119.5839362,50.8635282],[-119.5837628,50.8636067],[-119.5834916,50.8637546],[-119.5832948,50.8638894],[-119.5830601,50.8640932],[-119.5828422,50.8643132],[-119.5822322,50.8649527],[-119.5817465,50.8654766],[-119.580979,50.8662767],[-119.5805506,50.8666759],[-119.5802201,50.8669588],[-119.5784576,50.8684213],[-119.5778355,50.8689363],[-119.5763729,50.8701487],[-119.5763703,50.8701509],[-119.5756704,50.8707134],[-119.5753436,50.8709376],[-119.5749344,50.8711298],[-119.5746518,50.8712368],[-119.5743221,50.8713208],[-119.5739971,50.871383],[-119.5735999,50.8714153],[-119.5726043,50.871479],[-119.5719474,50.8715505],[-119.5714148,50.8716745],[-119.5707367,50.8719342],[-119.5697898,50.8724837],[-119.5678153,50.8740311],[-119.5675092,50.8742707],[-119.5671832,50.8744612],[-119.5662907,50.8748646],[-119.5660566,50.874986],[-119.5658152,50.8751465],[-119.5655762,50.8753373],[-119.5654111,50.8755276],[-119.5649759,50.8760814],[-119.56472,50.8763393],[-119.5644045,50.8765707],[-119.5640822,50.8767782],[-119.5637039,50.8769838],[-119.5633198,50.8771427],[-119.56285,50.8772801],[-119.5620584,50.8774998],[-119.5615213,50.877666],[-119.5610807,50.8778488],[-119.5603141,50.8782064],[-119.5601091,50.878298],[-119.559859,50.8784033],[-119.5592254,50.8786066],[-119.5585698,50.8788259],[-119.5579546,50.8790885],[-119.5571499,50.8795082],[-119.55582,50.8802112],[-119.5554947,50.8803839],[-119.5552439,50.8805044],[-119.554929,50.8806336],[-119.554645,50.880715],[-119.5542739,50.8807779],[-119.5538887,50.8808294],[-119.5534391,50.8808364],[-119.5530426,50.8808284],[-119.5522787,50.8807971],[-119.5516581,50.8808261],[-119.5511208,50.8808961],[-119.5502262,50.8810407],[-119.5496672,50.8811434],[-119.5490827,50.8811974],[-119.5485454,50.881214],[-119.5471458,50.8812101],[-119.5466101,50.8812151],[-119.5460787,50.8812485],[-119.5456915,50.8813199],[-119.5452966,50.8814269],[-119.544571,50.8816631],[-119.5435843,50.881992],[-119.5431367,50.8821502],[-119.5425964,50.8824266],[-119.5421204,50.8827625],[-119.5413035,50.8833869],[-119.5410127,50.8836031],[-119.5406083,50.8838355],[-119.5399629,50.8841778],[-119.5396938,50.8843564],[-119.539465,50.884555],[-119.5392609,50.8848069],[-119.5390143,50.8851838],[-119.5388031,50.8854776],[-119.5386534,50.8856612],[-119.5384192,50.8858601],[-119.5381274,50.8860631],[-119.5376564,50.8862718],[-119.5371605,50.8864288],[-119.5366418,50.8865106],[-119.535853,50.8865724],[-119.5353599,50.8866358],[-119.5347643,50.8867602],[-119.5343507,50.8868538],[-119.5338245,50.8869498],[-119.5332751,50.8869913],[-119.5327035,50.8869719],[-119.5320218,50.8868684],[-119.5309862,50.8866589],[-119.5303248,50.8865635],[-119.5295402,50.8865032],[-119.5278574,50.8864992],[-119.5274708,50.8864898],[-119.5268214,50.8864587],[-119.5262853,50.8863892],[-119.5258959,50.8862983],[-119.5255297,50.8862046],[-119.5251211,50.8860695],[-119.5239582,50.8856555],[-119.5218531,50.884913],[-119.5215088,50.884782],[-119.5212148,50.8846598],[-119.5208918,50.8844801],[-119.5206898,50.8843342],[-119.520484,50.884162],[-119.5202879,50.883937],[-119.5201344,50.8836947],[-119.5200458,50.8834469],[-119.5198067,50.8824167],[-119.5196301,50.8819976],[-119.5193286,50.8816215],[-119.5189874,50.881377],[-119.5186316,50.8811637],[-119.5182504,50.8810098],[-119.517633,50.8807979],[-119.5172827,50.8806615],[-119.5170456,50.8805694],[-119.5168008,50.8804754],[-119.5166793,50.8804306],[-119.5165935,50.880397],[-119.5130974,50.8792237],[-119.5119605,50.8788486],[-119.5115008,50.8786669],[-119.5110449,50.8784366],[-119.5099549,50.877767],[-119.5090369,50.8772006],[-119.5087446,50.8770453],[-119.508394,50.8768933],[-119.5080849,50.8767958],[-119.507768,50.8767108],[-119.5068792,50.8765403],[-119.5065682,50.8764811],[-119.506154,50.8763865],[-119.5057623,50.8762516],[-119.5054164,50.8760835],[-119.5050293,50.8758276],[-119.5047481,50.8755713],[-119.5041143,50.8749334],[-119.5039508,50.8747892],[-119.5037327,50.874629],[-119.5034864,50.8744718],[-119.5030737,50.8742463],[-119.5021302,50.8738066],[-119.5015473,50.8735288],[-119.5011106,50.8732839],[-119.5002072,50.8726842],[-119.4998452,50.8724561],[-119.4995549,50.8723183],[-119.4992055,50.8721949],[-119.4987386,50.872079],[-119.4976943,50.8718978],[-119.4973547,50.8718312],[-119.496929,50.8717241],[-119.4965846,50.8716145],[-119.4962548,50.8714567],[-119.4959881,50.8712892],[-119.4957367,50.8710943],[-119.4951731,50.8705438],[-119.4949112,50.8703336],[-119.4945498,50.8701079],[-119.4941916,50.8699411],[-119.4938094,50.8698086],[-119.4934757,50.8697224],[-119.4931817,50.8696738],[-119.4927709,50.8696326],[-119.4924085,50.8696166],[-119.4904637,50.8695935],[-119.4895033,50.8695799],[-119.4890621,50.8695761],[-119.4886263,50.8695537],[-119.4881018,50.8695073],[-119.4876466,50.8694239],[-119.4872371,50.8693271],[-119.4867157,50.8691611],[-119.4862049,50.8689432],[-119.4858613,50.8687667],[-119.4854555,50.8685061],[-119.4848524,50.8680762],[-119.4843958,50.8677843],[-119.4839691,50.8675441],[-119.4815327,50.8663422],[-119.4809449,50.8660481],[-119.4797888,50.8654843],[-119.4781592,50.8646756],[-119.4777099,50.8644586],[-119.477213,50.8642476],[-119.474901,50.8633389],[-119.4745397,50.8631991],[-119.4741997,50.8630473],[-119.4738877,50.8629046],[-119.4735543,50.8627125],[-119.4733391,50.8625555],[-119.4731457,50.862397],[-119.4729284,50.8622031],[-119.4727201,50.8619788],[-119.472207,50.8614148],[-119.4720243,50.8612405],[-119.4717376,50.8610162],[-119.4714671,50.860853],[-119.4711041,50.8606617],[-119.4677724,50.8590526],[-119.4659403,50.8581858],[-119.4652069,50.8578954],[-119.4644561,50.8576278],[-119.4636344,50.8573604],[-119.4626991,50.8570905],[-119.4616441,50.8568168],[-119.4603464,50.8565517],[-119.4598148,50.8564537],[-119.4590621,50.8563373],[-119.4578867,50.8561789],[-119.4566518,50.856082],[-119.4558874,50.8560445],[-119.4549623,50.8560205],[-119.4541803,50.856003],[-119.4509709,50.8559429],[-119.4489891,50.8558975],[-119.4481633,50.8558679],[-119.4469758,50.8557654],[-119.4458944,50.8555964],[-119.4410182,50.8548145],[-119.4405495,50.8547239],[-119.4399805,50.8545872],[-119.439508,50.854452],[-119.4390361,50.8542802],[-119.43533,50.8528202],[-119.4350439,50.8527076],[-119.4335148,50.8521048],[-119.4321259,50.85155],[-119.4304531,50.850919],[-119.4280499,50.8499369],[-119.4254428,50.8489208],[-119.4188016,50.8462925],[-119.4150826,50.8448239],[-119.4100469,50.8428375],[-119.4093388,50.8425462],[-119.4085985,50.8423226],[-119.4076501,50.8421563],[-119.4063726,50.8420736],[-119.4053454,50.8419997],[-119.4044982,50.8419257],[-119.4036084,50.841791],[-119.4028049,50.8415841],[-119.4019359,50.8412725],[-119.4012385,50.8409405],[-119.4005411,50.8405815],[-119.4000583,50.8403714],[-119.3994851,50.8402008],[-119.3989148,50.8400424],[-119.3965259,50.8394671],[-119.3956553,50.8392535],[-119.3949075,50.8390961],[-119.3942495,50.8390087],[-119.3935174,50.8389466],[-119.3929242,50.8389377],[-119.3922276,50.838941],[-119.3917226,50.8389536],[-119.3910465,50.8390319],[-119.3901504,50.8391707],[-119.3891033,50.8393494],[-119.3882007,50.8394157],[-119.3873892,50.8393621],[-119.3865558,50.8391946],[-119.3855013,50.8388353],[-119.3832405,50.8380172],[-119.382182,50.8376466],[-119.3812034,50.8373883],[-119.3803496,50.837231],[-119.3789626,50.8370627],[-119.3780444,50.8370161],[-119.3773075,50.8370168],[-119.3765817,50.8370503],[-119.3726944,50.837366],[-119.3720779,50.837392],[-119.3713524,50.837369],[-119.3699153,50.8372307],[-119.3688864,50.837088],[-119.3672284,50.8367782],[-119.3656905,50.83644],[-119.3650835,50.8362769],[-119.3622898,50.8353596],[-119.3568344,50.8335712],[-119.3554688,50.8331468],[-119.3554518,50.8331415],[-119.3549126,50.8330017],[-119.3543308,50.8329266],[-119.353441,50.8329298],[-119.3524616,50.8331551],[-119.3512576,50.8335991],[-119.3497609,50.8341371],[-119.3485478,50.8344556],[-119.3469177,50.8347338],[-119.3454789,50.8348522],[-119.3440037,50.8348746],[-119.3429202,50.8348043],[-119.3419396,50.8346967],[-119.3408972,50.8345398],[-119.3376875,50.8339829],[-119.3336378,50.833296],[-119.3327391,50.8331485],[-119.3317157,50.8328545],[-119.3309971,50.8325092],[-119.3303663,50.8320132],[-119.3300527,50.8315566],[-119.3297803,50.8309508],[-119.3297324,50.8307794],[-119.3297316,50.8307765],[-119.3296776,50.8302804],[-119.3292889,50.8284585],[-119.3290708,50.8278481],[-119.3287784,50.8274314],[-119.3281829,50.8268551],[-119.327624,50.8262414],[-119.3274003,50.8256716],[-119.3272336,50.824954],[-119.327168,50.8243422],[-119.3272652,50.8237482],[-119.3274726,50.8232362],[-119.3277925,50.8225758],[-119.3279069,50.8220833],[-119.3278564,50.8215271],[-119.3276462,50.82043],[-119.3275223,50.8197437],[-119.327579,50.8193179],[-119.3277159,50.8189916],[-119.3279437,50.8186139],[-119.3283407,50.8181802],[-119.328745,50.8178934],[-119.3292926,50.8175884],[-119.3299501,50.8173519],[-119.3315447,50.8168682],[-119.3321267,50.8166568],[-119.3326665,50.816418],[-119.3332046,50.816075],[-119.3336645,50.815717],[-119.3341016,50.8152818],[-119.3344254,50.8147226],[-119.3352292,50.8127984],[-119.3355163,50.8118612],[-119.3356724,50.811027],[-119.3357337,50.8104221],[-119.3356394,50.8098983],[-119.3348493,50.8066568],[-119.3346237,50.8056364],[-119.3344884,50.8048372],[-119.3345653,50.8042094],[-119.3347408,50.8036795],[-119.334995,50.8032398],[-119.3353405,50.8027901],[-119.335902,50.8021096],[-119.3372509,50.8005429],[-119.3389277,50.7986088],[-119.3391411,50.7983154],[-119.3392742,50.7980442],[-119.3393806,50.7975662],[-119.3393302,50.7970895],[-119.3391213,50.796641],[-119.3388073,50.796214],[-119.3381754,50.7956546],[-119.3377369,50.7951839],[-119.3375084,50.794763],[-119.3372752,50.7942752],[-119.3363398,50.7915589],[-119.3360608,50.7908332],[-119.3358999,50.7901685],[-119.3358677,50.7894835],[-119.3359535,50.7887307],[-119.3359643,50.7881338],[-119.3359213,50.7876251],[-119.3357497,50.7871028],[-119.3353634,50.7865466],[-119.334827,50.7858615],[-119.3344086,50.7853257],[-119.334024,50.7847897],[-119.3338619,50.784531],[-119.3337112,50.7841961],[-119.3336611,50.7839624],[-119.3336673,50.783404],[-119.333625,50.7833039],[-119.3338121,50.7822241],[-119.3339497,50.7814642],[-119.3344471,50.7786402],[-119.3345757,50.7779084],[-119.335027,50.7753519],[-119.3354533,50.7729288],[-119.3354904,50.7727166],[-119.3355946,50.7720866],[-119.3361518,50.7688955],[-119.3362665,50.7681831],[-119.3362319,50.7677486],[-119.3361518,50.7674857],[-119.3360259,50.7672175],[-119.3358204,50.7669231],[-119.3355273,50.766601],[-119.3341902,50.7655701],[-119.331898,50.7638252],[-119.3308757,50.7630328],[-119.3298181,50.762238],[-119.3285721,50.7613482],[-119.3275529,50.7606627],[-119.3245824,50.7588242],[-119.3242838,50.7586305],[-119.3240506,50.7584092],[-119.3238272,50.7581672],[-119.3237193,50.7579657],[-119.3236277,50.7577418],[-119.3235928,50.7574156],[-119.3236135,50.7571325],[-119.3241541,50.753185],[-119.3243493,50.7516761],[-119.3242965,50.750978],[-119.3241114,50.7501059],[-119.3237286,50.7491983],[-119.3234055,50.7486217],[-119.3229933,50.7479988],[-119.3202174,50.7439417],[-119.318324,50.741166],[-119.3167398,50.7387933],[-119.3164815,50.7384343],[-119.316212,50.737987],[-119.31565,50.7368584],[-119.3152765,50.7357918],[-119.3150469,50.7349497],[-119.3149207,50.7342072],[-119.3148489,50.7335477],[-119.3148219,50.7323895],[-119.3150717,50.73049],[-119.3156795,50.727358],[-119.316335,50.723737],[-119.3169059,50.7208146],[-119.3173219,50.7188264],[-119.3175284,50.7177039],[-119.3181088,50.7143511],[-119.3184643,50.7124063],[-119.318488,50.7116397],[-119.3184498,50.7108717],[-119.3183597,50.7103332],[-119.3182231,50.7097376],[-119.3180727,50.7092565],[-119.3177464,50.7084084],[-119.3170638,50.7071655],[-119.3162606,50.7060837],[-119.3151835,50.7048985],[-119.3140152,50.703898],[-119.3129094,50.7031311],[-119.3118054,50.7024553],[-119.3111538,50.7021207],[-119.3103128,50.7016852],[-119.3092859,50.7012365],[-119.306049,50.7001927],[-119.3043751,50.6998382],[-119.3039158,50.6997605],[-119.3022273,50.6994924],[-119.3011191,50.6993766],[-119.2997015,50.6993159],[-119.2981521,50.6993027],[-119.2970147,50.6993553],[-119.2955822,50.6994774],[-119.294372,50.699636],[-119.2928056,50.6998937],[-119.2918726,50.7000997],[-119.2908741,50.7003378],[-119.2898826,50.7006368],[-119.2897157,50.7006889],[-119.2893487,50.7008038],[-119.2884619,50.7011175],[-119.2875808,50.701455],[-119.2865801,50.7018535],[-119.2855369,50.7022711],[-119.2846722,50.7026173],[-119.2833905,50.7031324],[-119.2828445,50.7033436],[-119.2826191,50.7034347],[-119.281314,50.7039602],[-119.2787365,50.7049934],[-119.276953,50.7057195],[-119.2754985,50.7063165],[-119.2740726,50.7069192],[-119.2734536,50.7072268],[-119.2729024,50.707534],[-119.2723913,50.707851],[-119.2719949,50.7081205],[-119.2718002,50.7082682],[-119.2715911,50.7084301],[-119.2712354,50.7087368],[-119.2707367,50.7092035],[-119.2702135,50.7098136],[-119.2697284,50.7105266],[-119.2694781,50.710998],[-119.2692501,50.7115381],[-119.2691019,50.7119825],[-119.2689708,50.7124924],[-119.2688562,50.713105],[-119.2687655,50.7137818],[-119.2686294,50.7145653],[-119.2683093,50.716841],[-119.2682407,50.7173322],[-119.2681593,50.7179621],[-119.2679363,50.7197168],[-119.2677561,50.7212532],[-119.2676132,50.7224496],[-119.2673571,50.7243562],[-119.2673533,50.7247206],[-119.267391,50.7251006],[-119.2674622,50.7253611],[-119.2675579,50.7256249],[-119.2684866,50.7279475],[-119.2689053,50.7289797],[-119.2691689,50.7296353],[-119.2694052,50.7302256],[-119.269657,50.7306961],[-119.2699108,50.7310284],[-119.2702092,50.7313972],[-119.2704598,50.7316428],[-119.2707502,50.7319038],[-119.2717423,50.7326214],[-119.2724273,50.7331199],[-119.2726206,50.7332632],[-119.2727919,50.7334013],[-119.2729492,50.7335329],[-119.2731033,50.733679],[-119.2732813,50.7338867],[-119.2734601,50.7341719],[-119.2736104,50.7344458],[-119.2737017,50.7346516],[-119.2737889,50.7349994],[-119.2738442,50.7353576],[-119.2740182,50.7367969],[-119.274087,50.7371078],[-119.2741542,50.7373211],[-119.2742627,50.7375784],[-119.2744126,50.7377473],[-119.2745567,50.7379196],[-119.2748005,50.7381006],[-119.275136,50.7383103],[-119.275552,50.7384874],[-119.2762795,50.7387486],[-119.2768046,50.7389671],[-119.2770853,50.7391317],[-119.2773344,50.7393216],[-119.2775975,50.7395713],[-119.2777141,50.739787],[-119.277834,50.7400293],[-119.2779093,50.7402966],[-119.2778938,50.7406492],[-119.2778205,50.7409465],[-119.2776516,50.7412284],[-119.2774799,50.7414983],[-119.2769405,50.7422842],[-119.2765799,50.7428237],[-119.2761068,50.7435027],[-119.2758974,50.7438684],[-119.2757624,50.7441612],[-119.2756225,50.7445129],[-119.2752989,50.7454151],[-119.2750669,50.7460842],[-119.2749389,50.74647],[-119.2749261,50.7468848],[-119.2750209,50.7473336],[-119.2751837,50.7476993],[-119.2753698,50.748022],[-119.2756082,50.7484067],[-119.2760737,50.7489888],[-119.2768269,50.7498521],[-119.2769511,50.7500283],[-119.2771574,50.7504319],[-119.2772123,50.7509043],[-119.2770987,50.7513592],[-119.2768401,50.7517431],[-119.2764626,50.7520898],[-119.276072,50.7523495],[-119.2754376,50.7525973],[-119.2747906,50.7527535],[-119.2743078,50.7528035],[-119.2739178,50.7528209],[-119.2660188,50.752721],[-119.264447,50.7528407],[-119.2631678,50.7529793],[-119.2624592,50.7530325],[-119.2619188,50.7530391],[-119.2614772,50.7530375],[-119.260948,50.7530089],[-119.2603956,50.7529502],[-119.2563361,50.7524403],[-119.2555627,50.7524224],[-119.254943,50.7524384],[-119.2542579,50.7525012],[-119.2537079,50.7525826],[-119.2529519,50.7527517],[-119.2518603,50.7530699],[-119.2499923,50.753767],[-119.2475078,50.7547214],[-119.246623,50.7550415],[-119.2458553,50.7552955],[-119.2450293,50.7555172],[-119.2437444,50.7558459],[-119.2409163,50.7565534],[-119.2397631,50.7568431],[-119.2390841,50.7570125],[-119.2385517,50.757101],[-119.2380454,50.7571483],[-119.2375833,50.7571344],[-119.2370779,50.7570736],[-119.2366081,50.7569896],[-119.2361414,50.7568504],[-119.2316035,50.7550236],[-119.2307602,50.7547473],[-119.2298545,50.7545121],[-119.2291513,50.7543812],[-119.2284194,50.7542913],[-119.2279338,50.7542539],[-119.2274568,50.754243],[-119.2259913,50.7542379],[-119.2217724,50.754236],[-119.2188855,50.7542373],[-119.2182975,50.7542629],[-119.2175969,50.7543165],[-119.2169373,50.7544125],[-119.2162007,50.7545618],[-119.2154772,50.7547485],[-119.2147514,50.7550038],[-119.2143229,50.7551782],[-119.2138643,50.7553978],[-119.2135888,50.7555464],[-119.2133002,50.7557135],[-119.2130854,50.7558543],[-119.2128728,50.7560016],[-119.2126278,50.7561852],[-119.2124277,50.7563483],[-119.2121989,50.7565504],[-119.2120104,50.7567386],[-119.2118248,50.7569384],[-119.2112383,50.757627],[-119.2109443,50.7579351],[-119.2105738,50.7582199],[-119.2100803,50.7585107],[-119.2095738,50.7587541],[-119.2088377,50.759107],[-119.2085308,50.7592779],[-119.2082503,50.7594667],[-119.2080524,50.7596341],[-119.2078749,50.7598023],[-119.2052821,50.7624071],[-119.203779,50.763878],[-119.2029392,50.7646113],[-119.2020552,50.7652878],[-119.2018842,50.7654002],[-119.2016854,50.7655287],[-119.2013709,50.7656989],[-119.2009885,50.7658756],[-119.2001746,50.7662103],[-119.1936676,50.7688667],[-119.1927505,50.7692004],[-119.1917892,50.7695073],[-119.1905779,50.7698624],[-119.1901299,50.7700123],[-119.1889649,50.7704222],[-119.1882021,50.7707162],[-119.1860797,50.7715087],[-119.1854169,50.7717796],[-119.1848076,50.7720733],[-119.1798046,50.7747344],[-119.1793856,50.7749865],[-119.1789189,50.7753297],[-119.1764111,50.7772723],[-119.1759916,50.7776053],[-119.1756441,50.7778922],[-119.1753045,50.778192],[-119.1750064,50.7784797],[-119.171845,50.7816311],[-119.171659,50.781801],[-119.1713469,50.7820361],[-119.1710956,50.7821875],[-119.1706657,50.7824112],[-119.169036,50.7831622],[-119.168534,50.7833864],[-119.1678961,50.7836948],[-119.1671629,50.7841627],[-119.1654541,50.7854789],[-119.1649782,50.7857992],[-119.164431,50.786086],[-119.1636556,50.7863156],[-119.1628781,50.7864444],[-119.157005,50.7873343],[-119.1563669,50.7874565],[-119.1558367,50.7875821],[-119.1554195,50.7876874],[-119.1547642,50.7878998],[-119.1517281,50.7890455],[-119.1511419,50.78929],[-119.150527,50.7896161],[-119.1490622,50.7904859],[-119.1487536,50.7906503],[-119.1482676,50.7908302],[-119.1477789,50.7909647],[-119.14719,50.7910664],[-119.1438781,50.7914438],[-119.1434372,50.791507],[-119.1429099,50.791609],[-119.1378161,50.7928304],[-119.1372946,50.7929651],[-119.1368955,50.7931007],[-119.1364687,50.7933248],[-119.1361309,50.7935452],[-119.1358556,50.7937964],[-119.1356489,50.7940615],[-119.1353736,50.7945077],[-119.1351749,50.7948225],[-119.1349396,50.7950821],[-119.1346857,50.7952907],[-119.1333498,50.7962281],[-119.1329127,50.7965154],[-119.1325961,50.7967009],[-119.1323106,50.7968522],[-119.1319819,50.7969927],[-119.1316647,50.797077],[-119.1313026,50.7971573],[-119.1309623,50.7972023],[-119.1306795,50.7972146],[-119.1295872,50.7972281],[-119.1289295,50.7972147],[-119.128103,50.7971762],[-119.1274274,50.7971259],[-119.1268538,50.7970405],[-119.1261457,50.7968869],[-119.1256915,50.7968128],[-119.1252112,50.7968005],[-119.1244252,50.7968243],[-119.1242018,50.7968244],[-119.1238657,50.7967971],[-119.1235203,50.7967518],[-119.1231642,50.796671],[-119.1221929,50.7964268],[-119.1216933,50.7963537],[-119.1212563,50.7963389],[-119.1204257,50.7963927],[-119.1197586,50.7963824],[-119.119337,50.7963266],[-119.1179286,50.7960359],[-119.1174094,50.7958829],[-119.1169745,50.7956947],[-119.1165318,50.7954319],[-119.1157646,50.7948594],[-119.1153933,50.7946359],[-119.1150003,50.7944623],[-119.1142612,50.7941826],[-119.1110388,50.7930626],[-119.1104867,50.7929007],[-119.10994,50.7927518],[-119.1094664,50.7926629],[-119.1090481,50.7926075],[-119.108594,50.7925896],[-119.1081213,50.7925948],[-119.1070369,50.79267],[-119.1064711,50.7926152],[-119.1060671,50.792525],[-119.1051076,50.7922204],[-119.104676,50.7921215],[-119.1042478,50.7920718],[-119.1038944,50.7920574],[-119.1035293,50.7920644],[-119.1026661,50.7921391],[-119.1014854,50.7922322],[-119.1007464,50.7922426],[-119.1000954,50.7922252],[-119.0989189,50.7921343],[-119.0978486,50.7919424],[-119.0957159,50.7914823],[-119.0945749,50.7913124],[-119.0924828,50.7911024],[-119.0922591,50.7910824],[-119.0903394,50.7909242],[-119.0897875,50.7908809],[-119.0891675,50.7908725],[-119.088437,50.7909127],[-119.0878988,50.7909911],[-119.086823,50.7912025],[-119.0859155,50.7913912],[-119.0838734,50.7918258],[-119.0819851,50.7922256],[-119.0805414,50.7925441],[-119.0794652,50.7927747],[-119.0786811,50.7930535],[-119.0781158,50.7933072],[-119.0754714,50.7945027],[-119.0751225,50.7946933],[-119.0748497,50.7948794],[-119.0745524,50.7951498],[-119.0742923,50.7954776],[-119.0739549,50.7959978],[-119.0730709,50.797571],[-119.0716071,50.7998066],[-119.0702585,50.8016775],[-119.0698413,50.8023339],[-119.0695646,50.8026991],[-119.0692992,50.802998],[-119.0689704,50.803282],[-119.0686777,50.8035084],[-119.0683708,50.8037099],[-119.0679249,50.8039468],[-119.06742,50.8041763],[-119.0669148,50.8043612],[-119.0657466,50.8046765],[-119.0650506,50.8049049],[-119.0646747,50.805122],[-119.0643448,50.8053741],[-119.0641415,50.8056049],[-119.0639736,50.8058816],[-119.0636861,50.8064589],[-119.0634397,50.8067556],[-119.0631294,50.8070118],[-119.0627068,50.8072649],[-119.0623056,50.8074265],[-119.0617955,50.8075647],[-119.0612935,50.8076543],[-119.0600822,50.8077648],[-119.0591322,50.8078441],[-119.0583265,50.8079675],[-119.0578621,50.8081167],[-119.0573843,50.8083068],[-119.056955,50.808591],[-119.0563465,50.8090285],[-119.0559741,50.8092722],[-119.0556538,50.8094294],[-119.0547444,50.8097903],[-119.0543755,50.8099522],[-119.0540458,50.8101573],[-119.0537236,50.8103844],[-119.0534889,50.8106201],[-119.0529484,50.8112612],[-119.0526851,50.8115373],[-119.0523694,50.8117845],[-119.0517247,50.8122616],[-119.0510402,50.8127806],[-119.050499,50.8131762],[-119.0489882,50.8142904],[-119.0486854,50.8145468],[-119.0484824,50.814743],[-119.0482747,50.8150296],[-119.0481585,50.8152858],[-119.0481098,50.8155916],[-119.0481551,50.8159217],[-119.0483758,50.8165381],[-119.0484564,50.8167681],[-119.0484479,50.8169565],[-119.0483982,50.8171623],[-119.0482932,50.8173725],[-119.0481473,50.8176383],[-119.0479609,50.8178492],[-119.0477948,50.818013],[-119.0475908,50.8181715],[-119.0472267,50.8183677],[-119.0468855,50.818503],[-119.0462799,50.8186625],[-119.0456041,50.8187794],[-119.0443239,50.8189767],[-119.0428537,50.8192191],[-119.0421806,50.8194201],[-119.0415859,50.8197023],[-119.0409428,50.8201324],[-119.0405679,50.8203397],[-119.0401995,50.820509],[-119.0393597,50.8208288],[-119.0388438,50.8210738],[-119.0384724,50.8213373],[-119.0369837,50.8226263],[-119.036551,50.8229731],[-119.0360751,50.8232475],[-119.0355881,50.8235032],[-119.0349035,50.8238672],[-119.0344294,50.8241614],[-119.0336287,50.8247129],[-119.0328605,50.8252178],[-119.0325101,50.8254181],[-119.0320942,50.825629],[-119.0317145,50.8257568],[-119.0313648,50.8258376],[-119.029894,50.8260514],[-119.0291495,50.8261987],[-119.0284482,50.826457],[-119.0260014,50.8273488],[-119.0244547,50.8279984],[-119.0237001,50.8282942],[-119.0230756,50.8285936],[-119.022475,50.8289033],[-119.0219151,50.8292246],[-119.0206922,50.8299393],[-119.0191212,50.8309004],[-119.0186462,50.8311561],[-119.0182474,50.8313208],[-119.0175123,50.8315828],[-119.0171038,50.8317459],[-119.0167123,50.8319194],[-119.0161618,50.8321684],[-119.0155515,50.8323672],[-119.0147568,50.8326089],[-119.014187,50.8326949],[-119.0137765,50.8327211],[-119.0130389,50.8327053],[-119.0115121,50.8325975],[-119.0105566,50.8325562],[-119.0096337,50.8325921],[-119.0087735,50.8326919],[-119.0080142,50.8328302],[-119.0065696,50.8331174],[-119.0053991,50.8333648],[-119.0039524,50.8336771],[-119.0021859,50.8340859],[-118.9998922,50.8345864],[-118.9985704,50.8349845],[-118.9972495,50.8354712],[-118.9954823,50.8361768],[-118.9950091,50.8363631],[-118.994363,50.8366155],[-118.9934621,50.8369739],[-118.990159,50.8382659],[-118.9842645,50.8405209],[-118.9838741,50.8406827],[-118.9834537,50.8408554],[-118.98336,50.8408912],[-118.9825268,50.8412097],[-118.9743215,50.8444646],[-118.9651572,50.8480996],[-118.9607025,50.8498819],[-118.9598859,50.8502606],[-118.959205,50.8506707],[-118.958634,50.8511671],[-118.9582105,50.8516257],[-118.9556199,50.8547479],[-118.9538659,50.8567367],[-118.9523188,50.85857],[-118.9519766,50.8589224],[-118.9515714,50.8592335],[-118.9511938,50.8594567],[-118.9506248,50.8597152],[-118.9495748,50.8600443],[-118.94755,50.8605927],[-118.9466075,50.8608882],[-118.9457411,50.8612972],[-118.9448727,50.8619162],[-118.9416098,50.8645364],[-118.9392724,50.8664986],[-118.9334053,50.8712176],[-118.9299426,50.8739829],[-118.9295049,50.8743665],[-118.9282104,50.87544],[-118.9276133,50.87587],[-118.9267209,50.8764827],[-118.9235074,50.8783563],[-118.9218938,50.8790597],[-118.9201531,50.8797001],[-118.9168979,50.8809307],[-118.9129755,50.8824189],[-118.9114445,50.8830176],[-118.9095626,50.8837073],[-118.9064218,50.8845196],[-118.901776,50.8852667],[-118.8969638,50.8860405],[-118.8922661,50.8867664],[-118.8893356,50.8872771],[-118.8877434,50.8875762],[-118.8863359,50.8880021],[-118.8786727,50.8906411],[-118.8777217,50.8908812],[-118.8769277,50.8910377],[-118.8757309,50.8912363],[-118.8732841,50.8914596],[-118.871067,50.8916529],[-118.868664,50.8918586],[-118.867272,50.8920002],[-118.8658344,50.8922074],[-118.8643212,50.8924982],[-118.8619052,50.8929943],[-118.8609543,50.8932047],[-118.8553651,50.8943475],[-118.8543033,50.8945556],[-118.8531477,50.8946097],[-118.8523435,50.894602],[-118.8512743,50.8947674],[-118.8496137,50.8954003],[-118.8489169,50.8956064],[-118.8481684,50.8957414],[-118.8460005,50.8960137],[-118.8425259,50.8964498],[-118.8406022,50.8966953],[-118.8393773,50.8968743],[-118.8385115,50.8970959],[-118.8374852,50.8974621],[-118.8341053,50.8988266],[-118.8334183,50.8991747],[-118.8329476,50.8994868],[-118.8321482,50.9001547],[-118.8266311,50.9052406],[-118.8257297,50.9060046],[-118.8250762,50.9064891],[-118.8229342,50.9078998],[-118.8223368,50.9083746],[-118.8219808,50.9087669],[-118.8217494,50.9092868],[-118.82165,50.9098174],[-118.8213238,50.9126957],[-118.8210983,50.9151188],[-118.8211374,50.9166343],[-118.821173,50.9172569],[-118.8211663,50.9180372],[-118.8209776,50.9187714],[-118.8203958,50.9195579],[-118.8196681,50.9201846],[-118.8188931,50.9207874],[-118.8154824,50.9233973],[-118.8106461,50.9271611],[-118.8087789,50.9285849],[-118.80679,50.9301054],[-118.8060851,50.9306463],[-118.8058211,50.9308411],[-118.8008806,50.9346539],[-118.8002586,50.9351251],[-118.7996103,50.9356251],[-118.798368,50.9365323],[-118.7976224,50.9369341],[-118.7963764,50.9375],[-118.7939026,50.9386454],[-118.7938465,50.9386714],[-118.7809991,50.9445132],[-118.7739202,50.9477681],[-118.7732801,50.9480641],[-118.766972,50.950867],[-118.7636335,50.9523967],[-118.7596042,50.9542419],[-118.758851,50.9545889],[-118.7580276,50.9549633],[-118.7362929,50.9648455],[-118.7357763,50.9650883],[-118.7353678,50.9653233],[-118.7346111,50.9658481],[-118.7339392,50.9662971],[-118.7327561,50.9671314],[-118.7319941,50.9676167],[-118.731423,50.968027],[-118.7303703,50.9687882],[-118.7299076,50.9690448],[-118.7294527,50.969269],[-118.7274198,50.9702206],[-118.7269081,50.9704932],[-118.7264934,50.9707795],[-118.7261879,50.9710366],[-118.7258558,50.9714387],[-118.7256793,50.9717184],[-118.7254704,50.9720988],[-118.725391,50.9724967],[-118.7252314,50.9729772],[-118.7250936,50.9732817],[-118.7247513,50.9736888],[-118.7245955,50.9738271],[-118.7241365,50.9742696],[-118.7238119,50.9745611],[-118.7229643,50.9758228],[-118.7221567,50.9771166],[-118.7190297,50.9820911],[-118.7182392,50.982928],[-118.7173685,50.983561],[-118.7148535,50.9849209],[-118.7104678,50.986966],[-118.6917743,50.9964621],[-118.6911176,50.9967744],[-118.6903112,50.9971569],[-118.6891144,50.9976216],[-118.6884597,50.9978695],[-118.6880041,50.9980155],[-118.6863755,50.9985632],[-118.6857444,50.9987842],[-118.6852951,50.9989019],[-118.6847533,50.9990198],[-118.6839382,50.9991302],[-118.6826789,50.9992136],[-118.6815824,50.999284],[-118.681126,50.9993212],[-118.6746128,50.9998307],[-118.6720306,51.0000496],[-118.6703308,51.0001934],[-118.6675278,51.0004123],[-118.6646194,51.0006451],[-118.6639709,51.0007085],[-118.6628607,51.0007882],[-118.6621236,51.0008298],[-118.6616116,51.0008309],[-118.6609744,51.0007961],[-118.6605031,51.0007406],[-118.6600671,51.0006687],[-118.6593671,51.0005036],[-118.6587548,51.0003313],[-118.6580872,51.0001308],[-118.6573696,50.9999298],[-118.6565059,50.9996283],[-118.6556855,50.9993007],[-118.6541934,50.9985522],[-118.6538635,50.9983763],[-118.6534939,50.9981691],[-118.6533219,50.998072],[-118.6484991,50.9954187],[-118.6473766,50.9948083],[-118.6465282,50.994373],[-118.6458879,50.9941009],[-118.6440023,50.9933147],[-118.6437263,50.993195],[-118.642278,50.9925886],[-118.6405775,50.9918607],[-118.6390019,50.9912177],[-118.6380563,50.9908996],[-118.6361842,50.9903487],[-118.6340483,50.9896883],[-118.632045,50.9890595],[-118.631591,50.9889082],[-118.6311133,50.9887217],[-118.6306102,50.9884528],[-118.6301636,50.9881626],[-118.6297951,50.9878639],[-118.6294356,50.9874696],[-118.6288171,50.9866488],[-118.6285808,50.9863219],[-118.6282993,50.9859778],[-118.6280239,50.985681],[-118.6277558,50.9854487],[-118.627504,50.9852471],[-118.627241,50.9850626],[-118.6269256,50.9848742],[-118.6267054,50.9847689],[-118.626136,50.9845199],[-118.6255099,50.9843031],[-118.6250651,50.9841707],[-118.6246483,50.9840897],[-118.6241137,50.984004],[-118.6235243,50.9839414],[-118.622874,50.9838944],[-118.6216919,50.9838108],[-118.6212387,50.9837567],[-118.6207096,50.9836575],[-118.6201744,50.9834935],[-118.619741,50.9833311],[-118.6167989,50.9821225],[-118.6153533,50.9815193],[-118.614731,50.9812012],[-118.6141876,50.9807942],[-118.613629,50.9803379],[-118.6124531,50.9792585],[-118.6115531,50.9783966],[-118.6107201,50.9777725],[-118.6104377,50.9775961],[-118.6100963,50.977429],[-118.6097162,50.977259],[-118.608075,50.9766206],[-118.6070713,50.976258],[-118.6060826,50.9758605],[-118.6057283,50.9756985],[-118.6052145,50.9753824],[-118.6044469,50.9749138],[-118.6038819,50.9746225],[-118.603435,50.9744243],[-118.603009,50.9743118],[-118.6025703,50.9742219],[-118.6022331,50.974176],[-118.6018549,50.9741344],[-118.6013405,50.9740902],[-118.5994203,50.9741554],[-118.5989351,50.974178],[-118.5984026,50.9741307],[-118.5979102,50.9740827],[-118.597452,50.9740011],[-118.5968651,50.9738656],[-118.5960921,50.9737439],[-118.5953832,50.9736408],[-118.594445,50.9735343],[-118.5921973,50.9732713],[-118.5905287,50.9730566],[-118.5892026,50.9728979],[-118.5885956,50.9728408],[-118.5880139,50.9727982],[-118.587435,50.9727736],[-118.5844666,50.9726602],[-118.5833251,50.9726361],[-118.5821653,50.9726069],[-118.5811217,50.972671],[-118.5787165,50.9727641],[-118.5780403,50.9727658],[-118.577465,50.9727874],[-118.5769009,50.972745],[-118.5759675,50.9726254],[-118.57546,50.9725172],[-118.5741454,50.9723167],[-118.572681,50.9720443],[-118.5721432,50.9719882],[-118.5715934,50.9719775],[-118.5710202,50.9719968],[-118.5705288,50.9720823],[-118.5699237,50.9722437],[-118.569409,50.9723859],[-118.5669647,50.973056],[-118.5657003,50.9733888],[-118.5642457,50.9737035],[-118.5626498,50.9740744],[-118.5560384,50.9755121],[-118.5535707,50.9760789],[-118.5529334,50.9761623],[-118.5520708,50.9761448],[-118.5511406,50.9760857],[-118.5492905,50.9758421],[-118.5468523,50.9755598],[-118.5421161,50.9749122],[-118.5394382,50.9745397],[-118.536937,50.9742181],[-118.5365038,50.9741624],[-118.5360025,50.9740979],[-118.5334289,50.9737526],[-118.5315364,50.9733297],[-118.5294544,50.9726386],[-118.527402,50.9718705],[-118.5254365,50.9712091],[-118.5232628,50.9705318],[-118.519246,50.9696634],[-118.5181716,50.9694189],[-118.517164,50.9691356],[-118.5165167,50.9689358],[-118.5158745,50.9686453],[-118.5153258,50.9682399],[-118.514963,50.9678373],[-118.5146204,50.9673277],[-118.5142234,50.9665558],[-118.5134942,50.965265],[-118.5120147,50.9641893],[-118.511135,50.9634812],[-118.5101908,50.9617053],[-118.5095696,50.9604187],[-118.5091592,50.9596558],[-118.508441,50.9589469],[-118.5070601,50.9582424],[-118.5066691,50.9580298],[-118.5048843,50.9555648],[-118.5041237,50.9548771],[-118.5028743,50.9541874],[-118.500714,50.9532088],[-118.5,50.952969],[-118.4913585,50.9495038],[-118.4903535,50.9489923],[-118.4896292,50.9484122],[-118.4891262,50.9478169],[-118.4887812,50.9473937],[-118.4878862,50.9457482],[-118.4875963,50.9453759],[-118.487262,50.944988],[-118.4870814,50.9448195],[-118.486564,50.944337],[-118.4856506,50.943774],[-118.4843761,50.9431731],[-118.4826924,50.942682],[-118.4815449,50.9424817],[-118.4809436,50.9423845],[-118.4803087,50.9422774],[-118.4796971,50.9421485],[-118.4791036,50.9420122],[-118.4785894,50.9418291],[-118.4780765,50.9415541],[-118.477598,50.9412428],[-118.4743331,50.9387652],[-118.4728803,50.9375963],[-118.4728105,50.9375],[-118.471393,50.9355429],[-118.4700008,50.9342719],[-118.468822,50.9335505],[-118.4672033,50.932888],[-118.4664285,50.9327765],[-118.4644857,50.9328144],[-118.4552248,50.933669],[-118.4542119,50.9337707],[-118.4536464,50.9338506],[-118.4526563,50.9340147],[-118.4514205,50.9342291],[-118.4488982,50.9349127],[-118.4466827,50.9354915],[-118.4450152,50.9358606],[-118.4380901,50.9369165],[-118.4372162,50.9370851],[-118.4360505,50.9374273],[-118.4279974,50.9401577],[-118.4273025,50.9404533],[-118.4264866,50.940953],[-118.4248284,50.9427644],[-118.4238634,50.9433975],[-118.4229175,50.9437348],[-118.4170645,50.9450158],[-118.4159611,50.945372],[-118.4150668,50.9459198],[-118.4136633,50.9472786],[-118.4135593,50.9473682],[-118.4131698,50.9476499],[-118.4128834,50.9478375],[-118.4092787,50.9491445],[-118.4068672,50.9502267],[-118.4016309,50.9548104],[-118.4009635,50.9551767],[-118.3999471,50.9555502],[-118.3980057,50.9559937],[-118.3964482,50.9565378],[-118.3957107,50.9569404],[-118.3928486,50.9580154],[-118.3895535,50.9595642],[-118.3855223,50.961292],[-118.3837916,50.9619555],[-118.3806251,50.9629099],[-118.3775706,50.9637206],[-118.3753754,50.9643028],[-118.375,50.9643957],[-118.3731461,50.9648545],[-118.3719638,50.9651548],[-118.3679792,50.9662074],[-118.3669334,50.9665585],[-118.365482,50.9670466],[-118.3648052,50.9672449],[-118.3640635,50.9674341],[-118.3594911,50.9685898],[-118.3579589,50.9691128],[-118.3560194,50.9698982],[-118.3551822,50.9702119],[-118.3544938,50.9704312],[-118.3531304,50.9707622],[-118.3520601,50.9709316],[-118.3509653,50.9710535],[-118.3501556,50.9711013],[-118.3494612,50.9711155],[-118.3489597,50.9711092],[-118.3472483,50.9710238],[-118.3410001,50.9707065],[-118.3402687,50.9706687],[-118.3396823,50.9706617],[-118.339162,50.9706827],[-118.3385248,50.9707215],[-118.3375664,50.9708073],[-118.3364063,50.9709605],[-118.3353994,50.9711319],[-118.3336576,50.9715231],[-118.3322607,50.9719515],[-118.3285065,50.9732254],[-118.3259031,50.974601],[-118.3253594,50.9748401],[-118.3249524,50.974997],[-118.3244531,50.9751602],[-118.3194298,50.9763356],[-118.3176114,50.97661],[-118.3164158,50.9768198],[-118.3108127,50.977519],[-118.3070281,50.9780037],[-118.3035858,50.9784704],[-118.3029485,50.9785694],[-118.3023638,50.9787028],[-118.301838,50.9788751],[-118.301361,50.9790697],[-118.2982171,50.980427],[-118.2950433,50.981843],[-118.2945237,50.9821663],[-118.2940908,50.9825002],[-118.2929733,50.9835611],[-118.2918213,50.9847059],[-118.2915265,50.9849659],[-118.2911637,50.9852316],[-118.2906049,50.9855077],[-118.2900363,50.9856971],[-118.2893578,50.9858364],[-118.2868311,50.9861732],[-118.2841787,50.9864936],[-118.2834542,50.9865379],[-118.282612,50.9865599],[-118.2813315,50.9865048],[-118.2776458,50.9862568],[-118.2760423,50.9862471],[-118.2750738,50.9864232],[-118.2735956,50.9871006],[-118.2717943,50.9887401],[-118.2713494,50.9890503],[-118.2709062,50.9892659],[-118.2704508,50.989404],[-118.2700108,50.9894847],[-118.2695592,50.9895235],[-118.2690163,50.9895306],[-118.2685399,50.9894746],[-118.2680458,50.9893732],[-118.2669801,50.9890604],[-118.2657869,50.9886999],[-118.2652172,50.9885983],[-118.2646224,50.9885488],[-118.2639791,50.9885605],[-118.2634598,50.9886199],[-118.2628736,50.988743],[-118.2623328,50.9888798],[-118.2597944,50.9896243],[-118.2581797,50.9901494],[-118.2576647,50.9903014],[-118.2572334,50.9903818],[-118.2566014,50.99045],[-118.2557243,50.9904686],[-118.2533594,50.9904601],[-118.2525954,50.9905225],[-118.2516156,50.9907176],[-118.2501973,50.991108],[-118.2493659,50.9913448],[-118.247817,50.9917668],[-118.2471013,50.9919391],[-118.2465086,50.9922009],[-118.2457509,50.9926262],[-118.2446424,50.9936469],[-118.243553,50.99474],[-118.2425502,50.9960589],[-118.2413171,50.997675],[-118.2409237,50.9981813],[-118.2403511,50.9986291],[-118.2398746,50.9989823],[-118.2392615,50.9993064],[-118.2384915,50.9996422],[-118.2376356,50.9999893],[-118.2349108,51.0011067],[-118.2334357,51.0017076],[-118.2327139,51.0019534],[-118.2318821,51.0021538],[-118.2308345,51.0022683],[-118.2286012,51.0024459],[-118.2269818,51.0024901],[-118.2263244,51.0025487],[-118.2254274,51.0026242],[-118.223892,51.0027704],[-118.2230962,51.0028836],[-118.2224933,51.0030238],[-118.2219648,51.0032345],[-118.221554,51.0034645],[-118.2211718,51.0037126],[-118.220545,51.0041722],[-118.2174625,51.0067041],[-118.216979,51.0071151],[-118.2167907,51.007245],[-118.2164867,51.0074239],[-118.2158333,51.0077996],[-118.2153546,51.0080184],[-118.2148312,51.0082318],[-118.2143665,51.0083808],[-118.2138548,51.0085243],[-118.2134341,51.008616],[-118.2130254,51.0086835],[-118.212262,51.0087608],[-118.2119271,51.0087773],[-118.2113434,51.0087713],[-118.2107504,51.008726],[-118.2103415,51.0086722],[-118.2100106,51.0086162],[-118.2096091,51.0085354],[-118.2092437,51.0084525],[-118.2089301,51.0083687],[-118.2084252,51.0081912],[-118.2079955,51.0080032],[-118.2075883,51.0077971],[-118.2064462,51.0071292],[-118.2037822,51.0055009],[-118.2012665,51.0039908],[-118.196704,51.0012625],[-118.1957249,51.0006981],[-118.1939982,50.999643],[-118.1939413,50.9996104],[-118.1937756,50.9995167],[-118.1934149,50.9993402],[-118.1921682,50.9988135],[-118.1894223,50.997676],[-118.1863894,50.9964245],[-118.1850881,50.9959206],[-118.1846837,50.9957769],[-118.1842947,50.995673],[-118.1840046,50.9956126],[-118.1837707,50.9955753],[-118.1834503,50.995552],[-118.183219,50.9955419],[-118.1829191,50.995542],[-118.1827087,50.9955474],[-118.1823622,50.9955858],[-118.1821138,50.9956195],[-118.1817231,50.9957074],[-118.1813174,50.9958305],[-118.1782061,50.9968328],[-118.1777319,50.9969809],[-118.1773162,50.9970861],[-118.1768284,50.9971966],[-118.1763291,50.9972926],[-118.1758138,50.9973913],[-118.175447,50.9974329],[-118.1750893,50.9974647],[-118.17472,50.9974641],[-118.1744453,50.9974469],[-118.1741884,50.9974309],[-118.1738679,50.9973908],[-118.173495,50.9973199],[-118.1731661,50.9972353],[-118.1693204,50.9961027],[-118.1687211,50.9959273],[-118.1684766,50.9958315],[-118.1682472,50.9957301],[-118.1680437,50.9956148],[-118.1678506,50.9954943],[-118.1677252,50.9954016],[-118.1675191,50.9952215],[-118.1672627,50.9949305],[-118.16713,50.994698],[-118.1670402,50.9944739],[-118.1669197,50.9941009],[-118.1666588,50.9928362],[-118.1663522,50.9914457],[-118.1662464,50.9911476],[-118.1658609,50.9905674],[-118.1649844,50.9893514],[-118.1648174,50.9891128],[-118.164686,50.9888781],[-118.1645931,50.9886836],[-118.1644932,50.9884828],[-118.164458,50.9884121],[-118.1642944,50.9881706],[-118.1641656,50.9879731],[-118.1640935,50.9878803],[-118.163888,50.9877048],[-118.163648,50.987551],[-118.1633717,50.9873771],[-118.1629908,50.9872234],[-118.1622613,50.9869533],[-118.1615424,50.9867169],[-118.160947,50.9865801],[-118.160424,50.9865025],[-118.1601155,50.9864788],[-118.1595455,50.9864824],[-118.1588857,50.9865516],[-118.1582125,50.9866056],[-118.1577404,50.9866732],[-118.1572898,50.9867525],[-118.1568204,50.9868809],[-118.156389,50.9870283],[-118.1559876,50.9872268],[-118.1557891,50.9873501],[-118.1555611,50.987502],[-118.1553774,50.987671],[-118.1550287,50.9880087],[-118.1548074,50.9883294],[-118.1546116,50.988635],[-118.1543528,50.9890606],[-118.153984,50.9895197],[-118.1536152,50.9898423],[-118.1532571,50.9900734],[-118.1528454,50.9902813],[-118.1524873,50.990428],[-118.1520756,50.9905514],[-118.1515861,50.9906559],[-118.151059,50.990732],[-118.1504327,50.9908095],[-118.1495882,50.9908949],[-118.1494806,50.9909058],[-118.1488341,50.9909716],[-118.1482413,50.9910324],[-118.1477559,50.9910712],[-118.147249,50.9911151],[-118.1466481,50.9911135],[-118.1454572,50.9910932],[-118.1446191,50.99109],[-118.1440343,50.9910765],[-118.1436253,50.9910408],[-118.1432283,50.9909784],[-118.14259,50.9908501],[-118.1421742,50.9907673],[-118.1416995,50.9907049],[-118.1413159,50.9906846],[-118.1408063,50.9906964],[-118.1402953,50.9907388],[-118.1393176,50.9908298],[-118.1385425,50.9908974],[-118.1379666,50.9909686],[-118.1373663,50.9910833],[-118.1366153,50.9912503],[-118.1361389,50.9913815],[-118.1357232,50.9915334],[-118.135313,50.9917196],[-118.1349963,50.9918863],[-118.134696,50.992069],[-118.1344574,50.9922631],[-118.134189,50.9925379],[-118.1336206,50.9931309],[-118.1333604,50.9933588],[-118.1330142,50.9935879],[-118.1326333,50.9937855],[-118.1322713,50.9939358],[-118.1318933,50.9940544],[-118.1314585,50.9941569],[-118.1310256,50.9942299],[-118.1302493,50.9943409],[-118.1295844,50.994444],[-118.1289399,50.9945739],[-118.1282827,50.9947849],[-118.1278083,50.9949828],[-118.1273627,50.995239],[-118.1268451,50.9956172],[-118.1261614,50.9961645],[-118.1258393,50.9963836],[-118.1255794,50.9965628],[-118.1253431,50.9966925],[-118.1251124,50.9968056],[-118.1248766,50.9969089],[-118.124646,50.9969916],[-118.1242973,50.9971098],[-118.1230766,50.9975078],[-118.1206535,50.9982133],[-118.1200728,50.998413],[-118.1197858,50.9985193],[-118.1194717,50.9986557],[-118.119292,50.998735],[-118.1191338,50.9988177],[-118.1189272,50.9989393],[-118.1182942,50.9993748],[-118.1167281,51.0004774],[-118.1153685,51.001407],[-118.1149441,51.0016991],[-118.114625,51.0018848],[-118.1139406,51.0022758],[-118.1129298,51.0028519],[-118.1117016,51.0035949],[-118.1108031,51.0041165],[-118.1100652,51.0045617],[-118.1095583,51.0048115],[-118.1089041,51.0050566],[-118.1083057,51.0052419],[-118.1078446,51.0053317],[-118.107504,51.0053806],[-118.1069353,51.0054414],[-118.1020296,51.0058802],[-118.1007419,51.0059896],[-118.0995778,51.0060807],[-118.0990899,51.0061587],[-118.0986688,51.0062717],[-118.0982933,51.0064017],[-118.0978641,51.0065907],[-118.0974615,51.0068182],[-118.0972284,51.0069671],[-118.0969412,51.0072132],[-118.0966461,51.0074899],[-118.0950719,51.0088489],[-118.0947125,51.0091847],[-118.0942378,51.0095762],[-118.0938274,51.0098783],[-118.0935082,51.0100859],[-118.093178,51.0102391],[-118.0928564,51.0103745],[-118.092489,51.0105145],[-118.092132,51.0106138],[-118.0914909,51.0107707],[-118.0892808,51.0111875],[-118.0859336,51.011819],[-118.0825457,51.0124549],[-118.0793837,51.0130492],[-118.0783092,51.0132561],[-118.0774495,51.0134218],[-118.0690301,51.0149928],[-118.0682472,51.0151754],[-118.0673939,51.0153793],[-118.066375,51.0156276],[-118.0646885,51.0160438],[-118.0640036,51.0162128],[-118.0625019,51.0165913],[-118.0622472,51.0166555],[-118.060791,51.0170225],[-118.0596695,51.0172914],[-118.05924,51.0173822],[-118.0588031,51.0174466],[-118.0582825,51.0174969],[-118.057816,51.0175158],[-118.0574778,51.0175155],[-118.0570302,51.0175023],[-118.0564159,51.0174652],[-118.0550668,51.0173555],[-118.0545867,51.0173302],[-118.0542004,51.0173302],[-118.0536854,51.0173319],[-118.0530685,51.0173437],[-118.0524138,51.0173771],[-118.0519688,51.0174213],[-118.051258,51.0174854],[-118.0502393,51.0175679],[-118.0491791,51.0176538],[-118.0485058,51.0177196],[-118.0480284,51.0177837],[-118.0476046,51.0178816],[-118.0472398,51.017998],[-118.0467999,51.0181533],[-118.0464059,51.0183476],[-118.0460409,51.0185565],[-118.0455125,51.0189126],[-118.0441741,51.0197646],[-118.0438391,51.0199539],[-118.0434445,51.020124],[-118.0431283,51.0202509],[-118.0428195,51.0203602],[-118.0424363,51.020477],[-118.03825,51.0216323],[-118.0375276,51.0218129],[-118.0367122,51.0220052],[-118.0360336,51.0221436],[-118.0355215,51.0222097],[-118.035079,51.0222553],[-118.034454,51.0223076],[-118.0336062,51.0223612],[-118.0324906,51.0224442],[-118.0320719,51.0225114],[-118.0315972,51.0226194],[-118.0311278,51.0227729],[-118.0308354,51.0228927],[-118.0305487,51.0230651],[-118.0302268,51.0232625],[-118.0288857,51.024128],[-118.0285719,51.0243001],[-118.0283061,51.0244161],[-118.0278904,51.0245511],[-118.0263749,51.0250522],[-118.0233094,51.0260495],[-118.0228559,51.0261555],[-118.0224401,51.0262331],[-118.0221344,51.0262753],[-118.0216757,51.026309],[-118.0212975,51.0263157],[-118.0208606,51.0262992],[-118.0204848,51.0262753],[-118.0194336,51.0261845],[-118.0189264,51.0261555],[-118.0184839,51.0261487],[-118.0181727,51.0261605],[-118.0178804,51.0261757],[-118.0175746,51.0262145],[-118.0172286,51.0262921],[-118.0168185,51.0263869],[-118.0166461,51.0264574],[-118.0164372,51.026577],[-118.0156933,51.0269425],[-118.0146966,51.0274295],[-118.0136851,51.0279079],[-118.0129958,51.0281417],[-118.0111553,51.0288482],[-118.0064035,51.0305928],[-118.0054958,51.0308446],[-118.004433,51.0310289],[-118.0030762,51.0312382],[-118.0019631,51.0313536],[-118.0013955,51.0313726],[-118.0006928,51.0313318],[-117.9999697,51.0312004],[-117.9987881,51.0309428],[-117.9979617,51.0307843],[-117.9970082,51.0307073],[-117.9959979,51.0307337],[-117.9952072,51.0307995],[-117.9943318,51.0309526],[-117.9933286,51.0313204],[-117.9926414,51.0317586],[-117.99195,51.032405],[-117.9912617,51.0329225],[-117.9904404,51.0333833],[-117.9890439,51.0340327],[-117.9873614,51.0346428],[-117.9839633,51.0358965],[-117.9822287,51.036558],[-117.9807345,51.0370716],[-117.9797587,51.0373063],[-117.9782584,51.0375953],[-117.9771597,51.03777],[-117.9762258,51.0378516],[-117.9752398,51.0378304],[-117.9743354,51.0377292],[-117.9736787,51.0376101],[-117.9729808,51.0374489],[-117.9696157,51.036417],[-117.9687065,51.0362112],[-117.9679163,51.0361728],[-117.967132,51.0361745],[-117.9663107,51.0362622],[-117.9651959,51.0364756],[-117.9642685,51.0367904],[-117.9628834,51.0374044],[-117.959369,51.0388779],[-117.9585209,51.0391366],[-117.9574222,51.0393484],[-117.9565285,51.0393704],[-117.9559159,51.0393302],[-117.9547121,51.0393383],[-117.952742,51.0393595],[-117.9518338,51.0394991],[-117.9508393,51.0398479],[-117.9480128,51.0422222],[-117.9442126,51.0438252],[-117.9424472,51.0447504],[-117.9414456,51.0452549],[-117.9405803,51.0459514],[-117.939857,51.0470341],[-117.9392687,51.0482174],[-117.939008,51.0486443],[-117.9379363,51.0495691],[-117.9354005,51.0506309],[-117.9341157,51.0511098],[-117.9323894,51.0518314],[-117.9318744,51.0523548],[-117.9314464,51.052869],[-117.93122,51.0535502],[-117.9312151,51.0541919],[-117.9314372,51.0552965],[-117.9315735,51.0561857],[-117.9312683,51.0574801],[-117.9313723,51.0587826],[-117.9313589,51.0598012],[-117.9312763,51.0601464],[-117.9311653,51.0603966],[-117.9310006,51.0606333],[-117.9307994,51.0608885],[-117.9304802,51.061191],[-117.9300234,51.0615541],[-117.929513,51.0619037],[-117.9290377,51.0622366],[-117.9286966,51.0625729],[-117.9283007,51.0633702],[-117.928486,51.0642459],[-117.9287502,51.0649036],[-117.9293086,51.0663232],[-117.9294674,51.0668265],[-117.9295444,51.0672206],[-117.9295913,51.0677217],[-117.9294717,51.0682415],[-117.9291627,51.0689127],[-117.9287276,51.0693635],[-117.9281134,51.0697763],[-117.9271924,51.0702101],[-117.9263496,51.0707043],[-117.9257751,51.0711769],[-117.9255197,51.0717459],[-117.9251919,51.0725127],[-117.9250651,51.0728503],[-117.9243203,51.0738168],[-117.9236406,51.0743749],[-117.9231224,51.0749186],[-117.9228778,51.0756311],[-117.9227544,51.0762857],[-117.9230108,51.0769547],[-117.9235285,51.0778899],[-117.9237919,51.0784177],[-117.9238283,51.0789367],[-117.9235901,51.0794954],[-117.9231503,51.0800822],[-117.9223488,51.0810714],[-117.921129,51.0821966],[-117.9202481,51.0828291],[-117.9193367,51.0836045],[-117.9188437,51.0840942],[-117.9159791,51.0870218],[-117.914944,51.0879793],[-117.9138725,51.0887207],[-117.9125019,51.0897497],[-117.911347,51.0903862],[-117.9105755,51.090926],[-117.909324,51.0923973],[-117.9079518,51.0941233],[-117.9058752,51.0966942],[-117.9049333,51.0980492],[-117.9042997,51.0987569],[-117.9034119,51.0993701],[-117.901654,51.100378],[-117.9000452,51.1012999],[-117.899086,51.1021478],[-117.8982267,51.1030074],[-117.8965363,51.1049648],[-117.8954221,51.1062899],[-117.8948889,51.1069342],[-117.8946786,51.1074259],[-117.8945064,51.1083208],[-117.8945279,51.109272],[-117.8944801,51.109762],[-117.8942334,51.1102978],[-117.8938691,51.1107522],[-117.8933032,51.1112324],[-117.8926965,51.1116127],[-117.8916113,51.1121801],[-117.8905952,51.1127274],[-117.8894784,51.1133774],[-117.8887917,51.1139259],[-117.8878352,51.1148177],[-117.8868267,51.1157764],[-117.8863273,51.1163317],[-117.8861154,51.1167554],[-117.8860124,51.1173396],[-117.8860366,51.1178865],[-117.8859952,51.1184495],[-117.8859148,51.1188623],[-117.8854658,51.1195624],[-117.8848762,51.120119],[-117.8843468,51.1208742],[-117.8842384,51.1215678],[-117.8843382,51.1220867],[-117.8845506,51.1225359],[-117.8849293,51.1231083],[-117.8852185,51.1237611],[-117.8852936,51.1243365],[-117.885086,51.1249665],[-117.8846209,51.1255425],[-117.8832218,51.1264495],[-117.8824671,51.1268353],[-117.8817649,51.1273215],[-117.8814392,51.1277083],[-117.8812086,51.1281608],[-117.8806823,51.1292694],[-117.8801148,51.1305463],[-117.879581,51.1316825],[-117.8788949,51.133162],[-117.8785505,51.1338301],[-117.8780919,51.1343314],[-117.877572,51.1346932],[-117.8768419,51.13505],[-117.8760394,51.1352641],[-117.8751484,51.1353806],[-117.8740026,51.1353355],[-117.8705479,51.1349188],[-117.8687209,51.1346844],[-117.8645875,51.134126],[-117.8626572,51.1339241],[-117.8623962,51.1338891],[-117.8615132,51.1337525],[-117.8606866,51.1336338],[-117.8600018,51.1335569],[-117.8594702,51.1335313],[-117.8592851,51.1335341],[-117.8590249,51.133538],[-117.8586363,51.1335717],[-117.8583471,51.1336109],[-117.857819,51.1337164],[-117.8575157,51.1337967],[-117.8571168,51.1339659],[-117.8566423,51.1341896],[-117.8562161,51.1344296],[-117.8559506,51.134662],[-117.8557548,51.134854],[-117.8555614,51.1350895],[-117.8554254,51.135365],[-117.8552226,51.1360591],[-117.8551438,51.1365608],[-117.8550762,51.1368822],[-117.854933,51.1372791],[-117.8545882,51.1376957],[-117.8540426,51.1381535],[-117.8535196,51.1384894],[-117.852738,51.1387772],[-117.8518534,51.1389966],[-117.8492383,51.1390963],[-117.8482512,51.1390437],[-117.8472427,51.1388307],[-117.846423,51.1384934],[-117.8457879,51.1381656],[-117.8447456,51.1376143],[-117.8438894,51.1372723],[-117.8429783,51.137077],[-117.8424033,51.1370086],[-117.8419492,51.1369947],[-117.8412856,51.1370076],[-117.8404305,51.1370758],[-117.8396916,51.1371473],[-117.8392571,51.1371986],[-117.8386806,51.1373365],[-117.8382982,51.1374437],[-117.8376257,51.1377337],[-117.8373519,51.1379429],[-117.8369085,51.1383101],[-117.8366751,51.1385727],[-117.8365153,51.1388163],[-117.8363656,51.1390679],[-117.8362707,51.139409],[-117.8362645,51.1407036],[-117.8361999,51.1409657],[-117.8361626,51.14119],[-117.8360046,51.1414954],[-117.8357521,51.1418629],[-117.8354483,51.1421192],[-117.8351186,51.1423983],[-117.8344282,51.1427897],[-117.83383,51.1430842],[-117.8330495,51.1434901],[-117.8324283,51.1439539],[-117.8319391,51.144529],[-117.831805,51.1449911],[-117.8317476,51.1455679],[-117.8319053,51.1462807],[-117.8321601,51.146942],[-117.8323521,51.1474942],[-117.832342,51.1481945],[-117.8320867,51.1489628],[-117.831543,51.1495662],[-117.8307644,51.1500391],[-117.8301249,51.1503137],[-117.8292036,51.1505768],[-117.8277881,51.1507297],[-117.826508,51.15088],[-117.825313,51.1511338],[-117.82198,51.1520313],[-117.8173463,51.1532759],[-117.816849,51.1534556],[-117.8152493,51.1541854],[-117.8117539,51.1558586],[-117.8110882,51.1561496],[-117.8108227,51.1562662],[-117.8102897,51.156445],[-117.8098909,51.156535],[-117.8079076,51.1568915],[-117.8063943,51.1571637],[-117.8052452,51.1573797],[-117.8046847,51.1575283],[-117.8042177,51.1577354],[-117.8033559,51.1582336],[-117.8023228,51.1588603],[-117.8019867,51.1590381],[-117.8017261,51.1591538],[-117.8013604,51.1593061],[-117.8008443,51.1594937],[-117.8004476,51.1596341],[-117.800066,51.1597409],[-117.7992684,51.1600053],[-117.7990781,51.160066],[-117.7943983,51.1615575],[-117.791876,51.1622438],[-117.789498,51.1631367],[-117.7875281,51.1639807],[-117.7865071,51.1642998],[-117.7855915,51.1648307],[-117.7842337,51.1656991],[-117.7816786,51.1673855],[-117.7763294,51.1701969],[-117.7752898,51.1709366],[-117.7745409,51.1716796],[-117.7740323,51.172216],[-117.7736372,51.172778],[-117.7734353,51.1730464],[-117.773019,51.1735923],[-117.772386,51.1741842],[-117.7716731,51.1746225],[-117.7708545,51.1748377],[-117.7700251,51.1748976],[-117.7691416,51.1749796],[-117.7681331,51.1752884],[-117.7657293,51.1761645],[-117.7640223,51.1768297],[-117.7630267,51.1773402],[-117.7624945,51.1777942],[-117.7619034,51.1785452],[-117.7615053,51.1790704],[-117.7609491,51.1796188],[-117.7597662,51.1805743],[-117.7572825,51.1825734],[-117.7564564,51.1833142],[-117.755693,51.1841296],[-117.7552735,51.1844067],[-117.7545563,51.1847382],[-117.7533554,51.1851512],[-117.7505496,51.1861579],[-117.7495019,51.1866979],[-117.7488834,51.1873074],[-117.7484249,51.1878956],[-117.7478223,51.1886501],[-117.7470606,51.1895403],[-117.7450119,51.1917051],[-117.7443612,51.1924972],[-117.7439589,51.1927776],[-117.7433994,51.1930452],[-117.7424633,51.1935659],[-117.7416962,51.1941889],[-117.7414719,51.194596],[-117.7412054,51.1951626],[-117.741112,51.1958872],[-117.741015,51.197314],[-117.7409725,51.1980514],[-117.7409913,51.198914],[-117.7411619,51.1995913],[-117.7418169,51.2003973],[-117.7421136,51.2011825],[-117.7419145,51.2016471],[-117.7412477,51.2021523],[-117.7404977,51.2023953],[-117.7395423,51.2025822],[-117.7369293,51.2032487],[-117.7342364,51.2042388],[-117.7333363,51.2043666],[-117.7324774,51.2043172],[-117.7311384,51.2041182],[-117.7300055,51.2039115],[-117.7296951,51.2038715],[-117.728743,51.2037488],[-117.728357,51.2036991],[-117.7275476,51.2037283],[-117.7274906,51.2037327],[-117.7265438,51.2039619],[-117.7258417,51.2043652],[-117.7254898,51.2045894],[-117.7187113,51.2071249],[-117.7167543,51.2075074],[-117.7147341,51.2074089],[-117.7137577,51.2076193],[-117.7124821,51.2082034],[-117.7115868,51.208769],[-117.7106442,51.209467],[-117.7100241,51.2099426],[-117.7093254,51.2104077],[-117.7085615,51.2108438],[-117.7075218,51.2111425],[-117.7060198,51.2113494],[-117.7039998,51.2116295],[-117.7012763,51.2120131],[-117.6993336,51.2123333],[-117.6975658,51.212681],[-117.6963883,51.2132349],[-117.6958435,51.2135152],[-117.6953948,51.2137267],[-117.6949871,51.2138882],[-117.6941272,51.2141475],[-117.6936557,51.2142097],[-117.6931102,51.2142816],[-117.6926788,51.2143385],[-117.6913642,51.2143948],[-117.6908344,51.2144047],[-117.6903463,51.2144052],[-117.6892552,51.2143897],[-117.6886244,51.2144409],[-117.6879409,51.2146199],[-117.6876484,51.2147066],[-117.6866588,51.2152396],[-117.6855559,51.2160783],[-117.6842862,51.2169876],[-117.6829311,51.2174177],[-117.6809639,51.2181612],[-117.6790972,51.2193383],[-117.6762107,51.2213968],[-117.6760963,51.2214784],[-117.6736099,51.2232615],[-117.6709813,51.2252073],[-117.6706712,51.2254533],[-117.6695362,51.2263537],[-117.6673024,51.2281287],[-117.6664039,51.2288836],[-117.6657097,51.2296142],[-117.6654608,51.2303274],[-117.6654855,51.2310429],[-117.6656974,51.2315528],[-117.6656904,51.2320368],[-117.6651593,51.2333196],[-117.6646433,51.2343555],[-117.6642576,51.2348294],[-117.6632914,51.2355307],[-117.6625136,51.2361225],[-117.6617684,51.236596],[-117.6610137,51.2369259],[-117.6586109,51.2375694],[-117.6547569,51.2386759],[-117.6510278,51.2395423],[-117.6478703,51.2403779],[-117.6464777,51.2408393],[-117.6416036,51.2430652],[-117.6385105,51.2445025],[-117.6380543,51.244722],[-117.6369274,51.2452099],[-117.6361138,51.2454113],[-117.6352833,51.245558],[-117.6347843,51.2455776],[-117.6309847,51.2451428],[-117.630365,51.2451052],[-117.6296906,51.2451057],[-117.6286172,51.2452527],[-117.6273014,51.245565],[-117.6270161,51.2456465],[-117.6258515,51.2459632],[-117.6247191,51.2462127],[-117.6235051,51.2463981],[-117.6211229,51.2466219],[-117.6205879,51.2466737],[-117.615812,51.2477949],[-117.6128778,51.2484822],[-117.6120923,51.24867],[-117.6105152,51.2490353],[-117.6082712,51.2495004],[-117.6066415,51.2497448],[-117.6031106,51.2498693],[-117.6021822,51.2499652],[-117.6014193,51.2501477],[-117.5993754,51.2508827],[-117.5984295,51.2512217],[-117.597226,51.2514779],[-117.5951673,51.2517161],[-117.594402,51.2519223],[-117.5933829,51.252341],[-117.5920448,51.2530085],[-117.5905657,51.2537981],[-117.5888243,51.2546817],[-117.5884835,51.2548531],[-117.5881403,51.2550227],[-117.5877947,51.2551903],[-117.5835466,51.2572326],[-117.5833709,51.257314],[-117.5831908,51.2573915],[-117.5830065,51.2574651],[-117.5828182,51.2575346],[-117.5826261,51.2575999],[-117.5824306,51.2576609],[-117.5822317,51.2577177],[-117.5820299,51.25777],[-117.5818252,51.2578179],[-117.581618,51.2578613],[-117.5660235,51.2609365],[-117.5657318,51.2609941],[-117.5656132,51.2610175],[-117.5654038,51.2610565],[-117.5651926,51.2610916],[-117.5649797,51.2611223],[-117.5647653,51.2611483],[-117.5645495,51.2611696],[-117.5643326,51.2611861],[-117.564115,51.2611979],[-117.5638968,51.261205],[-117.5636784,51.2612072],[-117.56346,51.2612047],[-117.5632419,51.2611974],[-117.5630243,51.2611853],[-117.5628074,51.2611687],[-117.5625915,51.261148],[-117.5608327,51.2609621],[-117.5603158,51.2609075],[-117.5481806,51.2596241],[-117.5479647,51.2596034],[-117.5477478,51.2595868],[-117.5475303,51.2595744],[-117.5473123,51.2595661],[-117.5470939,51.2595625],[-117.5468755,51.259564],[-117.5466573,51.2595705],[-117.5464396,51.2595822],[-117.5462228,51.2595988],[-117.5460071,51.2596205],[-117.5457927,51.2596468],[-117.5455797,51.2596772],[-117.5453683,51.2597116],[-117.5451587,51.2597501],[-117.5432259,51.2601249],[-117.5398838,51.2607729],[-117.53955,51.2608376],[-117.5310706,51.2624811],[-117.5308621,51.262522],[-117.5306546,51.2625648],[-117.5304481,51.2626095],[-117.530243,51.2626565],[-117.5300391,51.2627058],[-117.5298367,51.2627573],[-117.5296357,51.262811],[-117.5294363,51.2628668],[-117.5292384,51.2629249],[-117.5290422,51.2629851],[-117.5288477,51.2630475],[-117.5286549,51.2631119],[-117.5284638,51.2631783],[-117.5282742,51.2632463],[-117.518368,51.2668572],[-117.5158992,51.2677571],[-117.5157113,51.267827],[-117.5155253,51.2678989],[-117.5153414,51.2679728],[-117.5151595,51.2680488],[-117.5149798,51.2681267],[-117.5148023,51.2682066],[-117.5138856,51.2686267],[-117.5132237,51.26893],[-117.5130496,51.2690128],[-117.5128802,51.2690993],[-117.5127156,51.2691895],[-117.5125562,51.2692833],[-117.5124022,51.2693804],[-117.5122536,51.2694809],[-117.5121107,51.2695846],[-117.5119736,51.2696913],[-117.5118426,51.269801],[-117.5117483,51.2698851],[-117.5117177,51.2699135],[-117.5,51.2808692],[-117.4987028,51.2820806],[-117.4858417,51.2940972],[-117.472975,51.3061111],[-117.466131,51.3125],[-117.4600955,51.318122],[-117.4472222,51.3301361],[-117.4464667,51.3308417],[-117.446225,51.3310694],[-117.4459833,51.3312972],[-117.4457417,51.331525],[-117.4455056,51.3317556],[-117.4452667,51.3319861],[-117.4450333,51.3322167],[-117.4447972,51.33245],[-117.4445667,51.3326806],[-117.4443361,51.3329139],[-117.4441083,51.3331472],[-117.4438806,51.3333833],[-117.4436556,51.3336167],[-117.4434306,51.3338528],[-117.4412444,51.3361639],[-117.4410361,51.3364056],[-117.4408667,51.3366583],[-117.4407278,51.3369167],[-117.4406306,51.3371833],[-117.4405667,51.3374556],[-117.4405444,51.3377306],[-117.4405583,51.3380028],[-117.4406083,51.338275],[-117.4406472,51.3384194],[-117.4407167,51.3386889],[-117.4407806,51.3389611],[-117.4408444,51.3392306],[-117.4409,51.3395028],[-117.4409556,51.339775],[-117.4410056,51.3400472],[-117.4410528,51.3403194],[-117.4410944,51.3405917],[-117.4411333,51.3408667],[-117.4417028,51.3450722],[-117.4417333,51.3453444],[-117.4417556,51.3456167],[-117.4417667,51.3458917],[-117.4417667,51.3461667],[-117.4417528,51.3464389],[-117.4417306,51.3467139],[-117.441575,51.3482361],[-117.4415556,51.3485111],[-117.4415583,51.3487861],[-117.4415833,51.3490583],[-117.4415944,51.3491694],[-117.4416444,51.3494444],[-117.4417222,51.3497139],[-117.4418306,51.3499778],[-117.4419694,51.3502389],[-117.4424167,51.3509944],[-117.4429333,51.3518694],[-117.4430722,51.3521278],[-117.4431806,51.3523944],[-117.4432583,51.3526639],[-117.4433083,51.3529361],[-117.443325,51.3532111],[-117.4433389,51.3545778],[-117.4433472,51.35485],[-117.4433639,51.355125],[-117.4433944,51.3553972],[-117.4434333,51.3556722],[-117.4434861,51.3559444],[-117.44355,51.3562139],[-117.443625,51.3564861],[-117.4438389,51.357225],[-117.4439222,51.3574944],[-117.4440111,51.3577611],[-117.4441083,51.3580306],[-117.4442139,51.3582944],[-117.444325,51.3585611],[-117.4444444,51.358825],[-117.4460222,51.3621861],[-117.4461528,51.3624472],[-117.4463056,51.3627056],[-117.4464778,51.3629556],[-117.4466722,51.3632028],[-117.4468861,51.3634417],[-117.44885,51.3655417],[-117.449075,51.3657778],[-117.4493056,51.3660111],[-117.4495444,51.3662417],[-117.4497889,51.3664667],[-117.4500389,51.3666917],[-117.4502944,51.3669139],[-117.4521,51.36845],[-117.4523556,51.3686722],[-117.4526056,51.3688972],[-117.45285,51.369125],[-117.4530861,51.3693556],[-117.4533194,51.3695861],[-117.4554389,51.3717639],[-117.4556694,51.3719972],[-117.4559111,51.372225],[-117.4561667,51.3724472],[-117.4564333,51.3726639],[-117.4567111,51.3728778],[-117.4573944,51.3733917],[-117.4595417,51.375],[-117.4618361,51.376719],[-117.4623417,51.3770972],[-117.4626417,51.3772972],[-117.4629778,51.3774694],[-117.4633528,51.3776139],[-117.4637528,51.377725],[-117.4643222,51.3778583],[-117.4647194,51.377975],[-117.4650722,51.3781361],[-117.4653583,51.3783444],[-117.4655639,51.3785861],[-117.4656778,51.3788528],[-117.4657,51.3789889],[-117.4657056,51.379125],[-117.4656833,51.3803389],[-117.4657111,51.3806111],[-117.4658056,51.3808806],[-117.4659667,51.3811361],[-117.4661861,51.3813722],[-117.4663028,51.3814806],[-117.4665528,51.3817056],[-117.4668056,51.3819306],[-117.4670583,51.3821528],[-117.4673167,51.382375],[-117.4675778,51.3825944],[-117.4678444,51.3828139],[-117.4681111,51.3830306],[-117.4683806,51.3832444],[-117.4704361,51.3848722],[-117.4707056,51.3850889],[-117.4709694,51.3853056],[-117.471225,51.3855278],[-117.471475,51.3857528],[-117.4717194,51.3859806],[-117.4719583,51.3862111],[-117.4721889,51.3864444],[-117.4724139,51.3866806],[-117.4725944,51.3868722],[-117.4728278,51.3871028],[-117.4730944,51.3873222],[-117.4733889,51.387525],[-117.4735778,51.3876444],[-117.4738694,51.38785],[-117.4741306,51.3880694],[-117.4743556,51.3883056],[-117.4781,51.3926417],[-117.4783139,51.3928806],[-117.4785472,51.3931139],[-117.4787972,51.3933389],[-117.4790611,51.3935556],[-117.4793583,51.3937889],[-117.4796222,51.3940083],[-117.479875,51.3942333],[-117.4801056,51.3944667],[-117.4803167,51.3947056],[-117.4805083,51.3949528],[-117.4806778,51.3952056],[-117.4808306,51.3954611],[-117.4836639,51.4004972],[-117.4838028,51.4007583],[-117.4839306,51.4010194],[-117.4840417,51.4012861],[-117.4841417,51.4015528],[-117.4846528,51.4030056],[-117.4847417,51.403275],[-117.484825,51.4035417],[-117.4849,51.4038139],[-117.4850139,51.4042389],[-117.4850889,51.4045083],[-117.4851694,51.4047778],[-117.4852611,51.4050472],[-117.4853583,51.4053139],[-117.4854639,51.4055806],[-117.4857194,51.4062028],[-117.4858306,51.4064667],[-117.4859444,51.4067333],[-117.4860611,51.4069972],[-117.4861833,51.4072583],[-117.4866167,51.4081806],[-117.4867361,51.4084444],[-117.48685,51.4087111],[-117.4869556,51.408975],[-117.4870528,51.4092444],[-117.48715,51.4095222],[-117.48725,51.4097889],[-117.4873667,51.4100528],[-117.4874972,51.4103139],[-117.4876444,51.4105722],[-117.4879417,51.4110722],[-117.4880833,51.4113306],[-117.4882028,51.4115944],[-117.4882944,51.4118611],[-117.4883611,51.4121333],[-117.4884222,51.4124306],[-117.4885333,51.4129722],[-117.4887778,51.4141417],[-117.4888361,51.4144139],[-117.4888972,51.4146861],[-117.4889639,51.4149556],[-117.4898667,51.4185778],[-117.4899333,51.41885],[-117.49,51.4191194],[-117.4900611,51.4193917],[-117.4901222,51.4196639],[-117.4901833,51.4199333],[-117.4902389,51.4202056],[-117.4902667,51.4203417],[-117.4902944,51.4204778],[-117.49035,51.42075],[-117.4904,51.4210222],[-117.49045,51.4212944],[-117.4904972,51.4215667],[-117.4905444,51.4218389],[-117.4909806,51.4244917],[-117.4910111,51.4247639],[-117.4910056,51.4250389],[-117.4909639,51.4253111],[-117.4908861,51.4255806],[-117.4908194,51.4257694],[-117.4907417,51.4260389],[-117.4906972,51.4263139],[-117.4906917,51.4265861],[-117.4907167,51.4268611],[-117.4908639,51.4278278],[-117.4909083,51.4281],[-117.4909611,51.4283722],[-117.4910222,51.4286417],[-117.4911306,51.4291028],[-117.4912028,51.4293722],[-117.4913,51.4296389],[-117.4914278,51.4299028],[-117.4915778,51.4301583],[-117.4917528,51.4304361],[-117.4918917,51.4306944],[-117.4919944,51.4309611],[-117.4920556,51.4312333],[-117.4920722,51.4315083],[-117.49205,51.4317806],[-117.4919833,51.4320528],[-117.4918778,51.4323167],[-117.4917778,51.432525],[-117.4914389,51.4332333],[-117.4913417,51.4335],[-117.4912972,51.4337722],[-117.4913167,51.4340472],[-117.4913917,51.4343167],[-117.4918861,51.4356139],[-117.4919778,51.4358833],[-117.4920472,51.4361528],[-117.4920972,51.436425],[-117.4921222,51.4367],[-117.492125,51.4369722],[-117.4921056,51.4372472],[-117.4920669,51.4375],[-117.4920639,51.4375194],[-117.492,51.4377917],[-117.4915111,51.4395889],[-117.4914417,51.4398583],[-117.4913806,51.4401306],[-117.491325,51.4404028],[-117.4905639,51.4445056],[-117.4905417,51.4447806],[-117.490575,51.4450528],[-117.4906694,51.4453194],[-117.4908222,51.4455778],[-117.4910278,51.4458194],[-117.4914972,51.4463028],[-117.4917111,51.4465417],[-117.4918972,51.4467889],[-117.4920528,51.4470444],[-117.492175,51.4473083],[-117.4922639,51.4475778],[-117.4923194,51.4478472],[-117.4924167,51.4484861],[-117.4924778,51.4487583],[-117.4925833,51.4490222],[-117.4927333,51.4492806],[-117.492925,51.4495278],[-117.4931556,51.4497611],[-117.493425,51.4499778],[-117.4937278,51.450175],[-117.49455,51.4506639],[-117.4947139,51.4507611],[-117.4950167,51.4509611],[-117.4952861,51.4511778],[-117.4955167,51.4514083],[-117.4957083,51.4516556],[-117.4958583,51.4519139],[-117.4959639,51.4521806],[-117.496025,51.45245],[-117.4960361,51.4525889],[-117.4960389,51.452725],[-117.4960083,51.453],[-117.4958528,51.4538361],[-117.4957806,51.4541083],[-117.4957278,51.4542417],[-117.4956611,51.4543722],[-117.4955,51.454625],[-117.4952972,51.4548694],[-117.4950556,51.4550972],[-117.4945611,51.4555139],[-117.4943056,51.4557361],[-117.4940639,51.4559667],[-117.4938444,51.4562028],[-117.4936417,51.4564444],[-117.4933361,51.456825],[-117.4931528,51.457075],[-117.4930028,51.4573333],[-117.4928889,51.4575972],[-117.4928111,51.4578667],[-117.4927722,51.4581389],[-117.4927667,51.4584139],[-117.492875,51.4611556],[-117.4928778,51.4614278],[-117.4928611,51.4617028],[-117.4928222,51.461975],[-117.4927583,51.4622472],[-117.4926778,51.4625167],[-117.4924833,51.4631111],[-117.4924111,51.4633806],[-117.4923806,51.4636556],[-117.4923944,51.4639278],[-117.49245,51.4642],[-117.4926778,51.4650611],[-117.4927583,51.4653306],[-117.4928639,51.4655972],[-117.4929917,51.4658583],[-117.4931417,51.4661167],[-117.4935028,51.4666917],[-117.4936556,51.4669472],[-117.4937917,51.4672083],[-117.4939111,51.4674722],[-117.4948083,51.4695778],[-117.4949139,51.4698417],[-117.4950028,51.4701111],[-117.4950694,51.4703833],[-117.4951167,51.4706556],[-117.4951361,51.4707778],[-117.4951778,51.4710528],[-117.495225,51.471325],[-117.495275,51.4715972],[-117.4953306,51.4718694],[-117.4958306,51.4742722],[-117.495875,51.4745444],[-117.4958917,51.4748194],[-117.4958694,51.4750917],[-117.4958194,51.4753639],[-117.4947694,51.4799639],[-117.4947167,51.4802361],[-117.4946889,51.4805111],[-117.4946889,51.4807861],[-117.4947139,51.4810583],[-117.4947667,51.4813306],[-117.4948417,51.4816],[-117.4952528,51.4828722],[-117.4953306,51.4831417],[-117.4953889,51.4834139],[-117.4954167,51.4836861],[-117.4954194,51.4839611],[-117.4953972,51.4842361],[-117.4953472,51.4845083],[-117.4952694,51.4847778],[-117.4951667,51.4850444],[-117.4950361,51.4853056],[-117.4948833,51.4855611],[-117.4947028,51.4858111],[-117.4945028,51.4860556],[-117.4942722,51.486325],[-117.4931306,51.4876611],[-117.493025,51.4877861],[-117.4928056,51.488025],[-117.4925611,51.4882528],[-117.4922944,51.4884694],[-117.4920028,51.488675],[-117.4916889,51.4888667],[-117.4913556,51.4890444],[-117.4905333,51.4894583],[-117.4900194,51.4897167],[-117.4878667,51.4908],[-117.4797972,51.4948611],[-117.4789444,51.4952917],[-117.4786083,51.4954694],[-117.4782889,51.4956583],[-117.4779861,51.4958556],[-117.4777,51.4960639],[-117.4774333,51.4962806],[-117.4771833,51.4965056],[-117.4769528,51.4967389],[-117.4739221,51.5],[-117.4735556,51.5003944],[-117.4733444,51.5006333],[-117.4731472,51.5008778],[-117.472975,51.5011306],[-117.4728222,51.5013861],[-117.4726861,51.5016472],[-117.4721944,51.5026778],[-117.4709333,51.5053111],[-117.4708778,51.5054306],[-117.4707333,51.5056889],[-117.4705528,51.5059389],[-117.4703389,51.5061778],[-117.4700944,51.5064056],[-117.4698167,51.5066167],[-117.4674889,51.50825],[-117.4671833,51.5084472],[-117.4668528,51.5086278],[-117.4664944,51.5087889],[-117.4661194,51.5089278],[-117.4655611,51.5091167],[-117.4651861,51.5092556],[-117.4648306,51.5094167],[-117.4644972,51.5095972],[-117.4640417,51.5098639],[-117.4637333,51.5100611],[-117.4634556,51.5102722],[-117.4632056,51.5104972],[-117.4629861,51.5107333],[-117.4629417,51.5107889],[-117.4628333,51.5109083],[-117.4627167,51.511025],[-117.4626111,51.5111222],[-117.4624944,51.5112389],[-117.4623889,51.5113583],[-117.4622361,51.5115417],[-117.4620139,51.5117778],[-117.4617611,51.5120028],[-117.46125,51.5124167],[-117.4607806,51.5127972],[-117.4606417,51.5129028],[-117.4605,51.5130083],[-117.4601944,51.5132028],[-117.4598611,51.5133833],[-117.4595056,51.5135444],[-117.4591278,51.5136833],[-117.4587333,51.5138028],[-117.4583222,51.5139028],[-117.4579,51.5139778],[-117.4548,51.514475],[-117.4543778,51.51455],[-117.4539667,51.5146444],[-117.4535694,51.5147639],[-117.4531917,51.5149],[-117.4528333,51.5150611],[-117.4524944,51.5152333],[-117.4478972,51.5177583],[-117.4475694,51.5179417],[-117.4472472,51.5181278],[-117.4469306,51.5183167],[-117.4466194,51.5185111],[-117.4463139,51.5187083],[-117.4460139,51.5189083],[-117.4457194,51.5191111],[-117.4444611,51.5199944],[-117.4441694,51.5202],[-117.4438889,51.5204111],[-117.4436111,51.5206222],[-117.4433389,51.5208389],[-117.4430722,51.5210556],[-117.4428139,51.5212778],[-117.4425611,51.5215028],[-117.4423139,51.5217278],[-117.4404333,51.5234917],[-117.440175,51.5237111],[-117.4398861,51.5239194],[-117.4395694,51.5241083],[-117.4392278,51.5242806],[-117.4388611,51.5244333],[-117.4384778,51.5245639],[-117.438075,51.524675],[-117.4345528,51.5255333],[-117.4341389,51.525625],[-117.4337139,51.5256972],[-117.4332806,51.5257389],[-117.4328417,51.5257528],[-117.4324028,51.5257361],[-117.4319694,51.5256944],[-117.4316668,51.5256425],[-117.4315444,51.5256222],[-117.4311333,51.5255222],[-117.4307444,51.5253972],[-117.430375,51.5252472],[-117.4300361,51.525075],[-117.4297194,51.5248833],[-117.4271472,51.5232417],[-117.4268417,51.5230444],[-117.4265444,51.5228444],[-117.42625,51.5226389],[-117.4259639,51.5224333],[-117.4256833,51.5222222],[-117.4228639,51.5200778],[-117.4225806,51.5198667],[-117.4222889,51.5196639],[-117.4219833,51.5194639],[-117.4216694,51.519275],[-117.4213444,51.5190889],[-117.4210083,51.5189139],[-117.4206639,51.5187444],[-117.4203083,51.5185806],[-117.4142333,51.5158611],[-117.4138694,51.5157083],[-117.4134861,51.515575],[-117.4130833,51.5154667],[-117.4126639,51.5153861],[-117.4122333,51.5153333],[-117.4117944,51.5153083],[-117.4113556,51.5153056],[-117.4087028,51.5153444],[-117.4082639,51.5153556],[-117.4078278,51.5153833],[-117.4073944,51.5154278],[-117.4069639,51.5154833],[-117.4065389,51.5155528],[-117.4052778,51.5157833],[-117.4029611,51.5162056],[-117.4025417,51.5162889],[-117.4021278,51.5163806],[-117.4017194,51.5164833],[-117.4013194,51.5165972],[-117.4009306,51.5167222],[-117.4005472,51.5168556],[-117.3988667,51.5174694],[-117.3984806,51.5175972],[-117.398075,51.5177083],[-117.3976556,51.5177889],[-117.397225,51.5178417],[-117.3967889,51.5178667],[-117.39635,51.5178639],[-117.3959139,51.5178333],[-117.3954833,51.5177722],[-117.3950694,51.5176833],[-117.3946667,51.517575],[-117.3922417,51.5168472],[-117.3918389,51.5167361],[-117.391425,51.5166472],[-117.391,51.5165806],[-117.3905667,51.5165361],[-117.3901278,51.5165167],[-117.3896889,51.5165194],[-117.3892528,51.5165472],[-117.3888194,51.5165972],[-117.3883972,51.5166722],[-117.3879861,51.5167694],[-117.3836694,51.5178722],[-117.3832611,51.5179722],[-117.3828444,51.5180611],[-117.3824222,51.5181361],[-117.3819944,51.5181944],[-117.3815611,51.5182417],[-117.381125,51.5182778],[-117.3798222,51.5183667],[-117.3793833,51.5183889],[-117.3789444,51.5183972],[-117.3785056,51.5183917],[-117.3780667,51.5183722],[-117.3776306,51.5183389],[-117.3772,51.5182889],[-117.3767722,51.5182278],[-117.37635,51.51815],[-117.375,51.5178809],[-117.3690194,51.5166889],[-117.3686083,51.5165944],[-117.3682139,51.5164694],[-117.3678444,51.5163222],[-117.3675028,51.51615],[-117.3664222,51.51555],[-117.3660833,51.515375],[-117.3657222,51.5152194],[-117.3653361,51.5150861],[-117.3649306,51.5149806],[-117.3645111,51.5149028],[-117.3640806,51.51485],[-117.3636417,51.5148278],[-117.3632028,51.5148333],[-117.3627667,51.5148639],[-117.3616806,51.5149639],[-117.3608944,51.5150333],[-117.3604583,51.5150667],[-117.3600222,51.5150861],[-117.3595833,51.5150889],[-117.3591444,51.5150778],[-117.3587056,51.5150528],[-117.3582722,51.5150139],[-117.3578389,51.5149611],[-117.3574139,51.5148944],[-117.3569944,51.5148111],[-117.3565833,51.5147167],[-117.3561778,51.5146083],[-117.3556556,51.5144583],[-117.35525,51.5143556],[-117.3548306,51.5142722],[-117.3544,51.5142194],[-117.3539611,51.5141944],[-117.3535222,51.5141972],[-117.3530861,51.5142306],[-117.3526583,51.5142917],[-117.3522417,51.514375],[-117.3513111,51.5145917],[-117.3508917,51.5146778],[-117.3504667,51.5147389],[-117.3500306,51.514775],[-117.3495917,51.5147806],[-117.3491528,51.5147583],[-117.3487222,51.5147056],[-117.3483,51.5146278],[-117.3478917,51.5145278],[-117.3446667,51.5136417],[-117.3442583,51.5135389],[-117.3438389,51.5134556],[-117.3434139,51.5133917],[-117.3412806,51.5131139],[-117.3408556,51.5130472],[-117.3404417,51.5129528],[-117.3400472,51.5128306],[-117.339675,51.5126861],[-117.3372972,51.5116556],[-117.3371861,51.5116083],[-117.3368222,51.5114556],[-117.3364472,51.5113139],[-117.3360667,51.5111778],[-117.3356778,51.51105],[-117.3352833,51.5109306],[-117.3348806,51.5108194],[-117.3282222,51.5090778],[-117.3278222,51.5089639],[-117.3274333,51.5088333],[-117.3270639,51.5086889],[-117.3267083,51.5085278],[-117.326375,51.50835],[-117.3260583,51.5081583],[-117.3257639,51.5079556],[-117.3245222,51.5070389],[-117.324225,51.5068361],[-117.3239,51.5066528],[-117.3235472,51.5064889],[-117.3231667,51.5063528],[-117.3227667,51.5062389],[-117.32235,51.5061528],[-117.3219194,51.5060944],[-117.3214833,51.5060667],[-117.3210444,51.5060611],[-117.3197894,51.5060782],[-117.3193507,51.5060913],[-117.3189137,51.5061188],[-117.3184797,51.5061605],[-117.3180497,51.5062163],[-117.317625,51.5062861],[-117.3172067,51.5063696],[-117.316796,51.5064667],[-117.3151585,51.5068847],[-117.3147438,51.5069751],[-117.3143163,51.5070379],[-117.3138807,51.5070724],[-117.3134416,51.5070784],[-117.3130039,51.5070557],[-117.3125725,51.5070045],[-117.3121519,51.5069255],[-117.3113495,51.5067457],[-117.3044278,51.5051944],[-117.3041556,51.5051333],[-117.3037361,51.50505],[-117.3033083,51.5049917],[-117.3028722,51.5049611],[-117.3024333,51.5049611],[-117.3019944,51.5049889],[-117.3015639,51.5050444],[-117.3011472,51.5051278],[-117.3007417,51.5052361],[-117.2995889,51.505575],[-117.296,51.5066306],[-117.2956083,51.5067556],[-117.2952361,51.5069028],[-117.2948917,51.5070722],[-117.2945778,51.5072611],[-117.2942972,51.5074722],[-117.2940528,51.5077],[-117.2938417,51.5079417],[-117.2936417,51.5081889],[-117.2934639,51.5084389],[-117.2933306,51.5087],[-117.2932944,51.5087806],[-117.2931694,51.5090444],[-117.2930056,51.5092972],[-117.2928,51.5095417],[-117.2925556,51.5097694],[-117.292275,51.5099806],[-117.2919611,51.5101694],[-117.2916167,51.5103389],[-117.2912444,51.5104861],[-117.29085,51.5106083],[-117.2904389,51.5107028],[-117.2900139,51.5107694],[-117.2895806,51.5108139],[-117.2881389,51.5109278],[-117.2877083,51.510975],[-117.2872861,51.5110528],[-117.2868778,51.5111556],[-117.2864917,51.5112861],[-117.2861278,51.5114389],[-117.2857944,51.5116167],[-117.2852972,51.5119083],[-117.2849639,51.5120861],[-117.2846028,51.5122444],[-117.2842167,51.512375],[-117.2838111,51.5124778],[-117.2833861,51.51255],[-117.2829528,51.5125944],[-117.2825139,51.5126056],[-117.282075,51.5125861],[-117.2816444,51.5125361],[-117.2812222,51.5124611],[-117.2808083,51.5123694],[-117.2804056,51.5122583],[-117.2800167,51.5121306],[-117.2796444,51.5119861],[-117.2792889,51.511825],[-117.27895,51.51165],[-117.2786333,51.5114611],[-117.2783389,51.5112583],[-117.2780667,51.5110417],[-117.2778194,51.5108167],[-117.2710972,51.5041583],[-117.2704278,51.5034944],[-117.2701833,51.5032667],[-117.2699222,51.5030472],[-117.2696417,51.5028361],[-117.2693444,51.5026361],[-117.2690278,51.5024444],[-117.2687,51.5022639],[-117.2683556,51.5020944],[-117.2679944,51.5019361],[-117.2678194,51.5018611],[-117.26745,51.5017111],[-117.2670722,51.5015722],[-117.2666861,51.5014389],[-117.2662944,51.5013167],[-117.2658972,51.5012028],[-117.2654917,51.5010944],[-117.2650806,51.5009972],[-117.2646667,51.5009111],[-117.2642444,51.5008306],[-117.2616556,51.500375],[-117.2612361,51.5002944],[-117.260825,51.5001972],[-117.2604333,51.500075],[-117.2602486,51.5],[-117.2600639,51.499925],[-117.2597222,51.4997528],[-117.2594111,51.4995611],[-117.2591333,51.4993472],[-117.2588833,51.4991222],[-117.2586528,51.4988889],[-117.2584417,51.49865],[-117.25825,51.4984028],[-117.2576556,51.497575],[-117.257475,51.497325],[-117.2572806,51.4970806],[-117.2570667,51.4968417],[-117.2568306,51.4966083],[-117.2565778,51.4963861],[-117.2563083,51.4961694],[-117.2560167,51.4959639],[-117.2557111,51.4957667],[-117.2553889,51.4955806],[-117.2550528,51.4954056],[-117.2547,51.4952417],[-117.2543417,51.4950833],[-117.2532028,51.4945889],[-117.2528361,51.4944361],[-117.2524639,51.4942917],[-117.2520833,51.4941556],[-117.2516944,51.4940278],[-117.2513,51.4939083],[-117.2508972,51.4937972],[-117.2504889,51.4936972],[-117.2500778,51.4936028],[-117.25,51.4935863],[-117.246775,51.4929028],[-117.2463583,51.4928167],[-117.2459361,51.4927417],[-117.2455111,51.4926722],[-117.2450833,51.4926139],[-117.24465,51.4925639],[-117.2442167,51.492525],[-117.2437806,51.4924944],[-117.2433417,51.492475],[-117.2429028,51.4924639],[-117.2424639,51.4924611],[-117.242025,51.4924694],[-117.24085,51.4924972],[-117.2404111,51.4925139],[-117.239975,51.4925472],[-117.2395417,51.4925917],[-117.2391139,51.4926528],[-117.2386917,51.4927278],[-117.238275,51.4928139],[-117.2338917,51.4938222],[-117.2334889,51.4939278],[-117.2331056,51.4940611],[-117.2327472,51.4942194],[-117.2324167,51.4944],[-117.2321167,51.4946028],[-117.2318528,51.4948222],[-117.2295944,51.4969278],[-117.2293667,51.4971611],[-117.2291944,51.4974139],[-117.2290917,51.4976806],[-117.2290667,51.4979528],[-117.2291,51.4982278],[-117.2291667,51.4985611],[-117.2292028,51.4988333],[-117.2292,51.4991083],[-117.2291611,51.4993806],[-117.2290806,51.49965],[-117.2289556,51.4999111],[-117.2288894,51.5],[-117.2287694,51.5001611],[-117.2285333,51.5003917],[-117.2282444,51.5005972],[-117.2279139,51.5007778],[-117.2275444,51.5009278],[-117.2271444,51.5010361],[-117.2267194,51.5011056],[-117.2262806,51.5011333],[-117.2258417,51.5011167],[-117.2254139,51.5010583],[-117.2250056,51.5009583],[-117.224625,51.5008222],[-117.2234306,51.5003028],[-117.2230639,51.50015],[-117.2226667,51.5000333],[-117.2225054,51.5],[-117.22225,51.4999472],[-117.2218167,51.4999],[-117.2213778,51.4998889],[-117.2188972,51.4999222],[-117.2184583,51.499925],[-117.2180194,51.4999222],[-117.2175806,51.4999167],[-117.2172861,51.4999111],[-117.2168472,51.4999111],[-117.2164083,51.4999333],[-117.215975,51.4999722],[-117.2157597,51.5],[-117.2155444,51.5000278],[-117.2151222,51.5001056],[-117.2144194,51.50025],[-117.2140028,51.5003333],[-117.2135778,51.5004056],[-117.2131472,51.5004528],[-117.2127083,51.5004806],[-117.2122694,51.5004806],[-117.2118333,51.5004583],[-117.2114,51.5004111],[-117.210975,51.5003417],[-117.2105611,51.50025],[-117.2101639,51.5001333],[-117.2097806,51.5],[-117.2094194,51.4998417],[-117.2090833,51.4996667],[-117.2087722,51.499475],[-117.2084722,51.499275],[-117.2064639,51.4979167],[-117.2061583,51.4977222],[-117.2058361,51.4975361],[-117.2054972,51.4973611],[-117.2051444,51.4971972],[-117.2047806,51.4970444],[-117.2044028,51.4969056],[-117.2040139,51.4967778],[-117.2036167,51.4966611],[-117.2032083,51.4965611],[-117.2007722,51.496],[-117.1989806,51.4955861],[-117.1985806,51.4954944],[-117.1981694,51.4953972],[-117.1977722,51.4952806],[-117.1973944,51.4951417],[-117.1970361,51.4949833],[-117.1967,51.4948056],[-117.1963861,51.4946139],[-117.1921194,51.4918111],[-117.1891917,51.4898889],[-117.1888778,51.4896972],[-117.1885472,51.4895194],[-117.1881917,51.4893556],[-117.1878222,51.4892083],[-117.1874333,51.4890806],[-117.1870333,51.4889694],[-117.1866194,51.488875],[-117.1738495,51.4862746],[-117.1606611,51.4835889],[-117.1602472,51.4835],[-117.1598389,51.4833972],[-117.1594417,51.4832833],[-117.1590528,51.4831556],[-117.158675,51.4830167],[-117.1583111,51.4828639],[-117.1579583,51.4827],[-117.1576194,51.482525],[-117.1515525,51.4792917],[-117.1512701,51.4791412],[-117.149806,51.4783608],[-117.1496393,51.478272],[-117.1481751,51.4774916],[-117.1358139,51.4709028],[-117.1354778,51.470725],[-117.1351361,51.4705556],[-117.1347833,51.4703917],[-117.1344222,51.4702361],[-117.1340528,51.4700889],[-117.1336778,51.4699472],[-117.1304778,51.4687611],[-117.1301083,51.4686139],[-117.12975,51.4684556],[-117.1294056,51.4682861],[-117.1290778,51.4681028],[-117.1287667,51.4679111],[-117.125,51.4654485],[-117.12165,51.4632583],[-117.1213444,51.4630611],[-117.1210389,51.4628639],[-117.1207306,51.4626694],[-117.1204194,51.462475],[-117.1201056,51.4622833],[-117.1197917,51.4620917],[-117.1162056,51.4599361],[-117.1158861,51.4597472],[-117.1155639,51.4595639],[-117.1152333,51.4593833],[-117.1107583,51.4569583],[-117.1104278,51.4567778],[-117.1101028,51.4565944],[-117.1097833,51.4564083],[-117.1094639,51.4562194],[-117.1080528,51.4553639],[-117.1077333,51.4551722],[-117.1074111,51.4549889],[-117.1070833,51.4548056],[-117.1056389,51.4540194],[-117.1053111,51.4538389],[-117.1049833,51.4536556],[-117.1046583,51.4534722],[-117.1043333,51.4532861],[-117.1040139,51.4531],[-117.1036944,51.4529111],[-117.1033778,51.4527222],[-117.1030611,51.4525306],[-117.0997056,51.4504833],[-117.0993972,51.4502889],[-117.0991056,51.4500861],[-117.0988306,51.4498722],[-117.0985722,51.44965],[-117.0983333,51.4494194],[-117.0981139,51.4491833],[-117.0979139,51.4489389],[-117.0977361,51.4486889],[-117.0975778,51.4484333],[-117.0965333,51.4466694],[-117.0963694,51.4464139],[-117.0961833,51.4461667],[-117.0959778,51.445925],[-117.0957472,51.4456917],[-117.0954972,51.4454667],[-117.0952278,51.44525],[-117.0949389,51.4450444],[-117.0946306,51.44485],[-117.0943056,51.4446667],[-117.0939639,51.4444944],[-117.0936083,51.4443333],[-117.0932389,51.4441861],[-117.0860556,51.4414972],[-117.0856833,51.44135],[-117.0853222,51.4411944],[-117.084975,51.4410278],[-117.0846361,51.4408528],[-117.0843139,51.4406694],[-117.0840028,51.440475],[-117.0794293,51.4375],[-117.0768972,51.4358528],[-117.0765889,51.4356583],[-117.0762722,51.4354528],[-117.0759611,51.435275],[-117.0756361,51.4350917],[-117.0753083,51.4349111],[-117.0729164,51.433604],[-117.0725867,51.4334207],[-117.0722697,51.4332497],[-117.0721641,51.4331943],[-117.0718975,51.4330546],[-117.0715791,51.4328816],[-117.0714757,51.4328255],[-117.0706195,51.4323704],[-117.070434,51.432271],[-117.0694765,51.4317899],[-117.0663349,51.4301043],[-117.0659884,51.4299185],[-117.0656658,51.4297443],[-117.0653291,51.429566],[-117.0650032,51.4293835],[-117.0646715,51.4291934],[-117.0635421,51.4285698],[-117.0631449,51.4283532],[-117.0630588,51.4283041],[-117.0627341,51.4281221],[-117.0624228,51.4279502],[-117.0620966,51.4277587],[-117.061824,51.4275714],[-117.0615194,51.4273556],[-117.0612556,51.4271389],[-117.0610083,51.4269111],[-117.0607722,51.4266806],[-117.0603925,51.4262769],[-117.0601298,51.4260084],[-117.0598955,51.4257581],[-117.0596797,51.4255245],[-117.0594454,51.4252844],[-117.0592265,51.4250483],[-117.0564108,51.4221125],[-117.0307306,51.3952528],[-117.0305111,51.3950139],[-117.0303028,51.394775],[-117.0301056,51.3945306],[-117.0299194,51.3942806],[-117.0297417,51.3940306],[-117.0295778,51.3937778],[-117.0294278,51.3935194],[-117.0292861,51.3932583],[-117.0291583,51.3929972],[-117.0290417,51.3927333],[-117.0289361,51.3924667],[-117.0288444,51.3922],[-117.0267056,51.385575],[-117.0266083,51.3853083],[-117.0264917,51.3850444],[-117.0263528,51.3847833],[-117.0261917,51.3845278],[-117.0260111,51.3842778],[-117.0258083,51.3840361],[-117.0255861,51.3838],[-117.0249639,51.3831667],[-117.0247417,51.3829306],[-117.0245333,51.3826917],[-117.0243361,51.3824444],[-117.0241556,51.3821944],[-117.0231806,51.3807861],[-117.0230194,51.3805333],[-117.0228806,51.3802722],[-117.022775,51.3800056],[-117.0226972,51.3797361],[-117.0226472,51.3794639],[-117.0226278,51.3791917],[-117.0225361,51.3759278],[-117.0225194,51.3756556],[-117.0224806,51.3753833],[-117.0224194,51.3751111],[-117.022385,51.375],[-117.0223361,51.3748417],[-117.0222306,51.374575],[-117.0221,51.3743139],[-117.0219528,51.3740556],[-117.0217833,51.3738028],[-117.0205424,51.3720609],[-117.0197609,51.3709639],[-117.0196719,51.370839],[-117.0188905,51.369742],[-117.018075,51.3685972],[-117.0179,51.3683444],[-117.0177333,51.3680917],[-117.017575,51.3678361],[-117.017425,51.3675806],[-117.0172833,51.3673194],[-117.0170417,51.3668639],[-117.0168972,51.3666028],[-117.0167472,51.3663472],[-117.0165861,51.3660917],[-117.0164194,51.3658389],[-117.0162417,51.3655889],[-117.0135861,51.361925],[-117.0134,51.361675],[-117.0132083,51.3614278],[-117.0130083,51.3611861],[-117.0128,51.3609444],[-117.0125833,51.3607056],[-117.0123611,51.3604694],[-117.0121278,51.3602389],[-117.0118889,51.3600083],[-117.0116417,51.3597833],[-117.0113861,51.3595611],[-117.011125,51.3593417],[-117.0108556,51.359125],[-117.0105667,51.3588972],[-117.0103,51.3586806],[-117.0100417,51.3584583],[-117.0097972,51.3582306],[-117.0095667,51.3579972],[-117.00935,51.3577611],[-117.0091444,51.3575167],[-117.0089528,51.3572722],[-117.0087722,51.3570222],[-117.0074556,51.3551167],[-117.0073694,51.3549889],[-117.0072861,51.3548639],[-117.0072028,51.3547361],[-117.0071222,51.3546083],[-117.0070194,51.3544444],[-117.0069389,51.3543167],[-117.0068611,51.3541889],[-117.0067861,51.3540583],[-117.0067083,51.3539306],[-117.0066167,51.3537694],[-117.0064528,51.3535167],[-117.0062639,51.3532694],[-117.0060472,51.3530306],[-117.0058056,51.3528028],[-117.0055417,51.3525833],[-117.0052528,51.3523778],[-117.0049444,51.3521833],[-117.0048472,51.352125],[-117.0045361,51.3519333],[-117.0042444,51.3517278],[-117.003975,51.3515139],[-117.003725,51.3512889],[-117.0035,51.3510528],[-117.0032972,51.3508111],[-117.0014167,51.3483944],[-117.0012278,51.3481444],[-117.0010583,51.3478944],[-117.0009056,51.3476361],[-117.000775,51.347375],[-117.0006667,51.3471083],[-117.000575,51.3468417],[-117.0005083,51.3465694],[-117.0004556,51.3462972],[-117.000425,51.3461111],[-117.0003722,51.3458389],[-117.0003207,51.3455808],[-117.0002383,51.3453071],[-117.000149,51.3450257],[-117.0000318,51.3447611],[-117.0000114,51.3447182],[-116.9998865,51.3444969],[-116.9997361,51.3442472],[-116.9995806,51.3439917],[-116.9993624,51.3437168],[-116.9991984,51.3435117],[-116.998587,51.3427156],[-116.9983848,51.3424434],[-116.9981968,51.3422033],[-116.997998,51.3419438],[-116.9945628,51.336991],[-116.9944272,51.3367899],[-116.9942642,51.3365561],[-116.9939871,51.3362143],[-116.993403,51.33556],[-116.9931816,51.3353076],[-116.9929966,51.3350638],[-116.9928361,51.3348229],[-116.992674,51.334566],[-116.9925152,51.3342877],[-116.9923832,51.3340326],[-116.9922494,51.3337537],[-116.9917538,51.3326266],[-116.9916955,51.3324933],[-116.9904417,51.3296472],[-116.9903194,51.3293861],[-116.9901889,51.3291222],[-116.9900528,51.3288639],[-116.9899083,51.3286028],[-116.9897583,51.3283472],[-116.9896,51.3280917],[-116.9894333,51.3278389],[-116.9892611,51.3275861],[-116.9890833,51.3273361],[-116.9888972,51.3270889],[-116.9885083,51.3265806],[-116.9873611,51.3250778],[-116.9867416,51.3242693],[-116.9860639,51.3233722],[-116.985875,51.323125],[-116.9823825,51.3186154],[-116.978988,51.314125],[-116.9777448,51.3125],[-116.97695,51.3114611],[-116.9768194,51.3113],[-116.9766083,51.3110611],[-116.976375,51.3108278],[-116.9762111,51.3106778],[-116.9647611,51.3006472],[-116.9645,51.300425],[-116.9642278,51.3002111],[-116.9639444,51.3000028],[-116.9636444,51.2998028],[-116.9633333,51.2996111],[-116.9630083,51.2994278],[-116.962675,51.2992528],[-116.9623278,51.2990861],[-116.9619667,51.2989278],[-116.9615944,51.2987833],[-116.9612111,51.2986528],[-116.9608167,51.2985361],[-116.9604139,51.2984306],[-116.96,51.2983389],[-116.9595833,51.2982583],[-116.9591611,51.2981889],[-116.9587333,51.2981333],[-116.9583,51.2980917],[-116.9578639,51.2980694],[-116.9574278,51.2980611],[-116.9569917,51.2980694],[-116.9565528,51.2980833],[-116.9561194,51.2981056],[-116.9556833,51.2981278],[-116.9552472,51.2981556],[-116.9526056,51.2983306],[-116.9521694,51.2983556],[-116.9517333,51.2983806],[-116.9507639,51.2984278],[-116.9491806,51.2985083],[-116.9489611,51.2985194],[-116.9487444,51.2985389],[-116.9483528,51.298575],[-116.9480306,51.2986028],[-116.9477112,51.2986166],[-116.9474999,51.2986291],[-116.9472626,51.2986399],[-116.9467262,51.2986649],[-116.946508,51.298677],[-116.9462471,51.2986904],[-116.9457065,51.2987093],[-116.94527,51.2987364],[-116.9448459,51.298771],[-116.9444075,51.2988324],[-116.9439823,51.2989192],[-116.9435816,51.2990166],[-116.9429002,51.2992056],[-116.9425162,51.2992962],[-116.942125,51.2993852],[-116.9418684,51.2994499],[-116.941438,51.2995249],[-116.9410352,51.2995872],[-116.9406,51.2996111],[-116.9401772,51.2996127],[-116.9397556,51.2995625],[-116.9393242,51.2994783],[-116.9387289,51.2993097],[-116.9383595,51.299191],[-116.9379841,51.2990471],[-116.9376395,51.2988641],[-116.9370195,51.2984441],[-116.9366992,51.2982596],[-116.9363361,51.2981176],[-116.9359487,51.2980169],[-116.9355297,51.297956],[-116.9350366,51.2979469],[-116.9339778,51.2980278],[-116.9335417,51.2980389],[-116.9331327,51.2980314],[-116.9327243,51.2979753],[-116.9323145,51.2978655],[-116.9319368,51.2977172],[-116.9316133,51.2975226],[-116.9313582,51.2973132],[-116.9311124,51.2970419],[-116.9309066,51.2967997],[-116.930669,51.2965787],[-116.9303999,51.2963969],[-116.9300926,51.2962419],[-116.9297575,51.2961217],[-116.9295142,51.2960402],[-116.9291,51.2959528],[-116.9286639,51.295925],[-116.9282278,51.2959417],[-116.9274833,51.2960083],[-116.9268972,51.2960583],[-116.9262694,51.2961139],[-116.9261389,51.296125],[-116.9258361,51.2961417],[-116.9253972,51.2961389],[-116.9249667,51.2960972],[-116.9246694,51.2960472],[-116.9245472,51.2960194],[-116.92415,51.2959056],[-116.9237806,51.2957583],[-116.9234389,51.2955861],[-116.9231194,51.2954111],[-116.9227667,51.2952472],[-116.922375,51.295125],[-116.9219528,51.2950556],[-116.9215167,51.2950389],[-116.9210833,51.2950778],[-116.9206722,51.2951722],[-116.9202972,51.2953139],[-116.9199694,51.2954944],[-116.9186583,51.2963444],[-116.9183333,51.2965278],[-116.9179694,51.2966806],[-116.917775,51.2967444],[-116.917575,51.2968],[-116.9173972,51.2968472],[-116.9169806,51.2969278],[-116.9168944,51.2969389],[-116.9165472,51.2969694],[-116.9161111,51.2969667],[-116.9156778,51.2969333],[-116.9152472,51.2968833],[-116.9148889,51.2968361],[-116.9144556,51.2967944],[-116.9140194,51.2967778],[-116.9135861,51.2968139],[-116.9131833,51.2969194],[-116.9127056,51.2970917],[-116.9123167,51.2972139],[-116.9119056,51.2973056],[-116.9114778,51.2973694],[-116.9094917,51.2975889],[-116.9090583,51.2976333],[-116.9086278,51.2976778],[-116.9081944,51.2977167],[-116.9081,51.297725],[-116.9076722,51.2977778],[-116.9072528,51.2978528],[-116.9068444,51.2979556],[-116.9064556,51.2980778],[-116.9060861,51.298225],[-116.9057417,51.2983944],[-116.9054222,51.2985806],[-116.9052556,51.2986917],[-116.9049361,51.2988778],[-116.9045778,51.2990361],[-116.9041806,51.2991528],[-116.9037766,51.2992904],[-116.903351,51.2993729],[-116.9028579,51.2994249],[-116.9024086,51.2994193],[-116.9020378,51.2993997],[-116.901549,51.2993572],[-116.9006172,51.2993063],[-116.9001988,51.299286],[-116.8997715,51.2992702],[-116.8993354,51.2992769],[-116.8990514,51.2993011],[-116.8987196,51.2993269],[-116.8983172,51.2993963],[-116.897988,51.2994545],[-116.8976469,51.2995476],[-116.8974336,51.2996107],[-116.8971431,51.2997076],[-116.8968279,51.2998239],[-116.8965075,51.2999539],[-116.8962041,51.3000801],[-116.8959448,51.3002062],[-116.8956281,51.3003628],[-116.8952688,51.3005308],[-116.8948487,51.3006855],[-116.8945085,51.3007951],[-116.8942144,51.300877],[-116.8939551,51.3009236],[-116.8937024,51.3009696],[-116.893381,51.301012],[-116.8927992,51.3011082],[-116.8923162,51.3011576],[-116.8921039,51.3012118],[-116.8915928,51.3013009],[-116.8912115,51.3013775],[-116.8908416,51.3014672],[-116.8905277,51.3015754],[-116.8902481,51.3017167],[-116.8900039,51.3018652],[-116.8898422,51.3019932],[-116.8896752,51.3021594],[-116.8895173,51.3023936],[-116.8893895,51.3026156],[-116.8892267,51.3028518],[-116.8889717,51.3030997],[-116.8886759,51.303269],[-116.888342,51.3034406],[-116.8879812,51.3035458],[-116.887558,51.3036325],[-116.8871147,51.3037003],[-116.8863944,51.3037556],[-116.8859743,51.3038239],[-116.8855432,51.3038802],[-116.8853967,51.3039044],[-116.8849717,51.303943],[-116.8845389,51.3039583],[-116.8841028,51.3039361],[-116.8836806,51.3038639],[-116.883275,51.3037611],[-116.8831194,51.3037167],[-116.8830278,51.3036917],[-116.8827111,51.3036139],[-116.8822889,51.3035472],[-116.8818528,51.303525],[-116.8815472,51.3035361],[-116.8814194,51.30355],[-116.8809917,51.3036111],[-116.8801694,51.3037472],[-116.8797472,51.303825],[-116.8793333,51.3039111],[-116.87905,51.303975],[-116.8786278,51.3040472],[-116.8781944,51.304075],[-116.8777583,51.3040556],[-116.8773333,51.3039917],[-116.8758889,51.3036972],[-116.8754861,51.3035917],[-116.8751167,51.3034444],[-116.8747917,51.3032611],[-116.8745194,51.3030472],[-116.8739778,51.3025417],[-116.8737167,51.3023222],[-116.8734139,51.3021222],[-116.8730722,51.3019528],[-116.8729778,51.3019111],[-116.8726333,51.3017417],[-116.8723,51.3015639],[-116.8719833,51.301375],[-116.8716833,51.301175],[-116.8698556,51.2999],[-116.8695583,51.2996972],[-116.8692417,51.2995083],[-116.8689,51.2993389],[-116.8685417,51.2991806],[-116.8677944,51.2988639],[-116.8674278,51.2987139],[-116.8653,51.297875],[-116.8649222,51.2977361],[-116.8645361,51.2976083],[-116.8641389,51.2974944],[-116.8637306,51.2973944],[-116.8633167,51.2973083],[-116.8628972,51.2972333],[-116.8624694,51.2971722],[-116.8620389,51.2971278],[-116.8613,51.2970611],[-116.8608694,51.2970139],[-116.8604472,51.2969444],[-116.8600333,51.2968556],[-116.8596306,51.2967472],[-116.8592444,51.2966222],[-116.8563083,51.295575],[-116.8559222,51.2954444],[-116.8555222,51.2953333],[-116.8551028,51.2952583],[-116.8546694,51.2952194],[-116.8542333,51.2952056],[-116.8535833,51.2951917],[-116.8531472,51.2951722],[-116.8527139,51.2951361],[-116.8522861,51.2950778],[-116.8507972,51.2948556],[-116.8503722,51.2947861],[-116.8499528,51.2947083],[-116.8495389,51.2946194],[-116.8491306,51.2945222],[-116.8487333,51.2944111],[-116.8483472,51.2942806],[-116.8479778,51.2941361],[-116.8462056,51.2933833],[-116.8458417,51.2932333],[-116.845475,51.2930833],[-116.8451028,51.2929417],[-116.844725,51.2928],[-116.8445444,51.2927361],[-116.8443583,51.2926639],[-116.844175,51.2925889],[-116.8438056,51.2924306],[-116.843625,51.2923556],[-116.8434361,51.2922833],[-116.8420278,51.2917722],[-116.8416444,51.2916417],[-116.84125,51.2915222],[-116.8408389,51.2914278],[-116.8404111,51.2913694],[-116.8399778,51.29135],[-116.8395389,51.2913583],[-116.8393333,51.2913694],[-116.8388972,51.2913861],[-116.8384583,51.2913861],[-116.838025,51.2913556],[-116.8376,51.2912917],[-116.8371861,51.2912028],[-116.8367833,51.2910944],[-116.8352139,51.2906694],[-116.8348111,51.2905667],[-116.8344,51.2904694],[-116.8339861,51.2903833],[-116.8300583,51.2896167],[-116.8296389,51.2895417],[-116.8292111,51.2894889],[-116.8287722,51.289475],[-116.8283389,51.2895028],[-116.8279139,51.2895639],[-116.8274972,51.2896528],[-116.8271861,51.2897222],[-116.8267694,51.2898056],[-116.8263417,51.2898583],[-116.8259028,51.2898611],[-116.8254722,51.2898194],[-116.8250528,51.2897417],[-116.8246639,51.2896639],[-116.8242528,51.2895694],[-116.8238639,51.2894444],[-116.8235139,51.2892778],[-116.8232167,51.2890778],[-116.8229611,51.2888556],[-116.8221028,51.2880528],[-116.8218444,51.2878333],[-116.8215528,51.2876278],[-116.8212306,51.2874444],[-116.8211222,51.2873861],[-116.8178861,51.2856861],[-116.8175472,51.2855139],[-116.8172,51.2853472],[-116.8168389,51.2851944],[-116.8164611,51.2850528],[-116.8160778,51.2849222],[-116.81555,51.2847444],[-116.8151611,51.2846194],[-116.8147667,51.2845028],[-116.8141639,51.2843333],[-116.813775,51.2842083],[-116.8134083,51.2840583],[-116.8130694,51.2838861],[-116.8127528,51.2836972],[-116.8124528,51.2834972],[-116.8102917,51.2819861],[-116.8101444,51.2818861],[-116.8099889,51.2817889],[-116.8096667,51.2815944],[-116.8095139,51.2814972],[-116.8093639,51.2813972],[-116.8091889,51.281275],[-116.8088889,51.281075],[-116.8085833,51.2808778],[-116.8082889,51.280675],[-116.8080111,51.2804639],[-116.8077528,51.2802444],[-116.8077,51.2801972],[-116.8075139,51.2800278],[-116.8063889,51.2790167],[-116.8061222,51.2788],[-116.8058167,51.2786028],[-116.8054778,51.2784306],[-116.8045917,51.278025],[-116.8042333,51.2778694],[-116.8038639,51.2777222],[-116.8031583,51.2774583],[-116.802775,51.2773278],[-116.8023694,51.277225],[-116.8019417,51.2771722],[-116.8015028,51.2771694],[-116.801075,51.2772194],[-116.8006667,51.2773167],[-116.8002806,51.2774444],[-116.8000194,51.2775389],[-116.7996472,51.2776806],[-116.7992917,51.2778389],[-116.7989528,51.2780139],[-116.7984889,51.2782639],[-116.7981444,51.2784333],[-116.7977667,51.2785694],[-116.7973556,51.2786611],[-116.7969278,51.2787167],[-116.7951694,51.2788889],[-116.7947472,51.2789556],[-116.79435,51.2790694],[-116.7943111,51.2790833],[-116.7939333,51.2792222],[-116.7935639,51.2793694],[-116.7931917,51.2795111],[-116.7927972,51.2796306],[-116.7923806,51.2797083],[-116.7919472,51.2797444],[-116.7915083,51.2797361],[-116.791075,51.2797028],[-116.7900167,51.2796],[-116.7895833,51.2795611],[-116.78915,51.2795278],[-116.7887139,51.2795],[-116.7882806,51.2794694],[-116.78785,51.2794222],[-116.7874278,51.27935],[-116.7870194,51.2792528],[-116.786625,51.2791333],[-116.7862528,51.2789917],[-116.7859,51.2788278],[-116.785575,51.2786444],[-116.7852778,51.2784444],[-116.7850111,51.2782278],[-116.7847778,51.2779944],[-116.7845694,51.2777556],[-116.7842056,51.2773167],[-116.784,51.277075],[-116.7837861,51.2768361],[-116.7835611,51.2766],[-116.7833278,51.2763694],[-116.7830833,51.2761417],[-116.7828333,51.2759167],[-116.7824111,51.2755528],[-116.7821472,51.2753333],[-116.7818611,51.2751278],[-116.7815583,51.2749306],[-116.7812361,51.2747444],[-116.7808889,51.2745778],[-116.7805111,51.2744417],[-116.7801111,51.2743306],[-116.7784914,51.2740339],[-116.777607,51.2738625],[-116.7765945,51.2736635],[-116.7760728,51.2735249],[-116.7756057,51.2733293],[-116.7751974,51.2730317],[-116.7748816,51.2726849],[-116.7742422,51.2718924],[-116.7740585,51.2716622],[-116.7738376,51.2714265],[-116.7735569,51.2712035],[-116.7732752,51.2710121],[-116.7720333,51.2702111],[-116.7717278,51.2700139],[-116.7714444,51.2698056],[-116.7711889,51.2695833],[-116.7709583,51.2693528],[-116.7707444,51.2691111],[-116.7703444,51.2685778],[-116.7701472,51.2683333],[-116.7699083,51.2681028],[-116.7696083,51.2679056],[-116.7692528,51.2677444],[-116.7688583,51.2676278],[-116.7684361,51.2675556],[-116.768,51.2675361],[-116.7675667,51.2675639],[-116.7671472,51.2676417],[-116.7667444,51.2677472],[-116.7661222,51.2679194],[-116.7657278,51.2680361],[-116.7653389,51.2681611],[-116.7649611,51.2683],[-116.7645944,51.2684472],[-116.7641889,51.2686194],[-116.7638139,51.2687611],[-116.7634111,51.2688667],[-116.7629833,51.2689222],[-116.7625472,51.268925],[-116.7621167,51.2688722],[-116.7617139,51.2687694],[-116.7613472,51.2686194],[-116.7610194,51.2684389],[-116.7608861,51.2683583],[-116.7605667,51.2681722],[-116.7602139,51.2680083],[-116.7598278,51.2678806],[-116.7594222,51.2677778],[-116.7573722,51.2673056],[-116.756975,51.2671944],[-116.7566056,51.2670472],[-116.7562722,51.2668722],[-116.7559806,51.2666667],[-116.7557361,51.2664389],[-116.7555472,51.2661917],[-116.7551889,51.2656278],[-116.7550056,51.2653806],[-116.7547806,51.2651444],[-116.7545194,51.264925],[-116.7542222,51.264725],[-116.7538917,51.2645444],[-116.7535333,51.2643889],[-116.75315,51.2642556],[-116.7527472,51.26415],[-116.7523306,51.2640722],[-116.7519,51.2640222],[-116.7495611,51.2638222],[-116.7491278,51.2637806],[-116.7487028,51.2637167],[-116.7482917,51.263625],[-116.7478972,51.2635056],[-116.747525,51.2633639],[-116.7471778,51.2631972],[-116.7468611,51.2630083],[-116.7465667,51.2628056],[-116.7462222,51.2625556],[-116.7459194,51.2623583],[-116.7455778,51.2621861],[-116.7452056,51.2620444],[-116.7446417,51.2618528],[-116.7442639,51.2617194],[-116.7439056,51.2615611],[-116.7435889,51.2613722],[-116.7433167,51.2611583],[-116.7431,51.2609194],[-116.7429389,51.2606639],[-116.7428139,51.2604028],[-116.7426139,51.259925],[-116.7424917,51.2596611],[-116.7423222,51.2594083],[-116.7420861,51.2591778],[-116.7418083,51.2589667],[-116.7415,51.2587417],[-116.7411917,51.2585472],[-116.7408444,51.2583806],[-116.7404611,51.2582472],[-116.7400556,51.2581472],[-116.7397944,51.2580972],[-116.7395833,51.2580611],[-116.7393694,51.2580306],[-116.7391833,51.2580083],[-116.7389694,51.2579778],[-116.7387611,51.2579389],[-116.73835,51.2578444],[-116.7379583,51.257725],[-116.7375889,51.2575778],[-116.7372333,51.2574194],[-116.7368611,51.257275],[-116.7364639,51.2571639],[-116.7360389,51.2570972],[-116.7356028,51.2570778],[-116.7351667,51.2570944],[-116.7330944,51.2572583],[-116.7326611,51.2572944],[-116.7322333,51.2573444],[-116.7318139,51.257425],[-116.7314111,51.2575306],[-116.7310194,51.25765],[-116.7304306,51.2578333],[-116.7300333,51.2579472],[-116.7296194,51.2580361],[-116.7291889,51.2580806],[-116.7287528,51.2580833],[-116.7283222,51.2580389],[-116.7279056,51.2579528],[-116.7275083,51.2578389],[-116.7253,51.2571611],[-116.7216389,51.2560417],[-116.72125,51.2559167],[-116.7208694,51.2557806],[-116.7205028,51.2556333],[-116.7201472,51.2554722],[-116.7198056,51.2553028],[-116.7183278,51.2545389],[-116.7177917,51.2542639],[-116.7174583,51.2540861],[-116.7171333,51.2539028],[-116.7168917,51.2537639],[-116.7165611,51.2535833],[-116.7162028,51.2534278],[-116.7158194,51.2532972],[-116.7149056,51.2530139],[-116.7145139,51.2528944],[-116.7141111,51.2527889],[-116.7136917,51.2527111],[-116.7132611,51.2526639],[-116.712825,51.2526417],[-116.7123889,51.25265],[-116.7119556,51.2526861],[-116.7115306,51.2527528],[-116.7111139,51.2528333],[-116.7096361,51.2531306],[-116.7092222,51.2532194],[-116.7088222,51.2533278],[-116.7084417,51.2534611],[-116.7080833,51.2536194],[-116.7077472,51.2537944],[-116.7075972,51.253875],[-116.7072583,51.25405],[-116.7068972,51.2542028],[-116.7065139,51.2543333],[-116.7061083,51.2544389],[-116.7056917,51.2545167],[-116.7052611,51.2545639],[-116.704825,51.2545861],[-116.7043889,51.2545778],[-116.7039556,51.2545417],[-116.7035306,51.2544778],[-116.7031167,51.2543917],[-116.7029139,51.2543417],[-116.7027139,51.2542833],[-116.7025444,51.2542306],[-116.7023472,51.254175],[-116.7021417,51.254125],[-116.7018639,51.2540611],[-116.7010417,51.2538722],[-116.6996056,51.2535444],[-116.6991917,51.2534556],[-116.6987694,51.2533889],[-116.6983361,51.2533528],[-116.6979,51.25335],[-116.6974639,51.2533806],[-116.6972639,51.2534028],[-116.6970389,51.2534389],[-116.6966222,51.2535194],[-116.6964361,51.2535583],[-116.6960194,51.2536389],[-116.6955972,51.2537056],[-116.6951639,51.25375],[-116.6947278,51.2537694],[-116.6942917,51.2537639],[-116.6938583,51.2537361],[-116.6934278,51.2536833],[-116.6930083,51.2536083],[-116.6925972,51.2535194],[-116.6917,51.2533083],[-116.6913028,51.2531972],[-116.6909333,51.25305],[-116.6906,51.2528722],[-116.6903111,51.2526667],[-116.6900694,51.2524389],[-116.6898806,51.2521917],[-116.6897056,51.2519139],[-116.6895389,51.2516583],[-116.6893444,51.2514139],[-116.6891083,51.2511833],[-116.6888278,51.2509722],[-116.6885111,51.2507833],[-116.6881611,51.2506222],[-116.6877806,51.2504861],[-116.6873806,51.2503778],[-116.6869694,51.2502861],[-116.6856556,51.2500139],[-116.6855861,51.25],[-116.6852389,51.2499306],[-116.6848139,51.2498639],[-116.6843833,51.249825],[-116.6839472,51.2498222],[-116.6835111,51.2498444],[-116.6830778,51.2498861],[-116.6826694,51.2499278],[-116.6822361,51.2499583],[-116.6817972,51.2499583],[-116.6813667,51.2499139],[-116.6809528,51.2498278],[-116.6805694,51.2496972],[-116.680225,51.2495306],[-116.6799278,51.2493278],[-116.6796861,51.2491],[-116.6794889,51.2488556],[-116.678675,51.247725],[-116.6784917,51.2474778],[-116.6782889,51.2472333],[-116.6780417,51.2470083],[-116.6777361,51.2468111],[-116.6773806,51.2466528],[-116.6769861,51.2465361],[-116.6765639,51.2464611],[-116.6761306,51.2464361],[-116.6756944,51.2464583],[-116.6752667,51.2465139],[-116.6748444,51.2465806],[-116.6740889,51.2467056],[-116.6736667,51.246775],[-116.6732389,51.2468333],[-116.6728083,51.246875],[-116.6723722,51.2468833],[-116.6719361,51.2468667],[-116.6715056,51.2468194],[-116.6710833,51.2467444],[-116.6706778,51.2466444],[-116.6702917,51.2465167],[-116.6699222,51.2463694],[-116.6695611,51.2462167],[-116.6649417,51.2442417],[-116.6645833,51.2440861],[-116.6642306,51.243925],[-116.6638889,51.2437528],[-116.6635556,51.2435778],[-116.6632306,51.2433917],[-116.6629167,51.2432028],[-116.6620083,51.2426472],[-116.6616944,51.2424583],[-116.6613722,51.242275],[-116.6610389,51.2420972],[-116.6606944,51.2419278],[-116.6603417,51.2417639],[-116.6599833,51.2416083],[-116.6578194,51.2406833],[-116.6574583,51.2405278],[-116.6571028,51.2403694],[-116.657061,51.2403498],[-116.6567528,51.2402056],[-116.6564028,51.2400389],[-116.6560611,51.2398722],[-116.6557222,51.2397],[-116.6521,51.2378389],[-116.6517639,51.2376639],[-116.6514389,51.2374806],[-116.6511278,51.2372889],[-116.6508333,51.2370861],[-116.6505556,51.236875],[-116.6502944,51.2366556],[-116.6500528,51.2364278],[-116.6498222,51.2361944],[-116.6486056,51.2349333],[-116.648375,51.2347028],[-116.6481333,51.2344722],[-116.6478861,51.2342472],[-116.6476278,51.234025],[-116.6473639,51.2338083],[-116.6470889,51.2335972],[-116.6468056,51.2333861],[-116.6465139,51.2331833],[-116.6462139,51.2329833],[-116.6459056,51.2327889],[-116.6455889,51.2326],[-116.6452667,51.2324167],[-116.6449361,51.2322361],[-116.6431028,51.2312611],[-116.6427667,51.2310861],[-116.6424167,51.230925],[-116.6420417,51.2307806],[-116.64165,51.2306611],[-116.6412444,51.2305611],[-116.640825,51.2304833],[-116.6404,51.2304222],[-116.6393222,51.230275],[-116.6388972,51.2302139],[-116.638475,51.2301444],[-116.6380611,51.2300583],[-116.6376556,51.2299556],[-116.6372583,51.2298417],[-116.636875,51.2297111],[-116.6365,51.2295694],[-116.6361333,51.2294222],[-116.6357722,51.2292667],[-116.6347861,51.2288306],[-116.6346083,51.22875],[-116.6344389,51.2286639],[-116.634175,51.228525],[-116.6340028,51.2284389],[-116.6338278,51.2283583],[-116.625,51.2244633],[-116.6240194,51.2240306],[-116.6201444,51.2223222],[-116.6190639,51.2218444],[-116.6186972,51.2216944],[-116.6183194,51.2215556],[-116.6179306,51.2214333],[-116.6175306,51.2213222],[-116.6171222,51.2212278],[-116.6167722,51.2211556],[-116.6163556,51.221075],[-116.6159306,51.2210111],[-116.6155,51.2209667],[-116.6150667,51.2209389],[-116.6146306,51.2209306],[-116.6141944,51.2209417],[-116.6137583,51.2209694],[-116.6133278,51.2210139],[-116.6059444,51.2219417],[-116.6055139,51.2219889],[-116.6050806,51.2220194],[-116.6046444,51.2220389],[-116.6042083,51.2220417],[-116.6037722,51.2220306],[-116.6033389,51.2220056],[-116.6029083,51.2219639],[-116.6024806,51.2219083],[-116.6020583,51.2218389],[-116.6016417,51.2217528],[-116.6012333,51.2216556],[-116.5970083,51.2205667],[-116.5968056,51.2205194],[-116.5965972,51.220475],[-116.5962694,51.2204083],[-116.5960611,51.2203639],[-116.5958583,51.2203167],[-116.58625,51.2178389],[-116.5858861,51.2177528],[-116.5856639,51.2177083],[-116.5854444,51.2176694],[-116.5852278,51.2176389],[-116.5850111,51.2176139],[-116.5848,51.2175944],[-116.5845944,51.2175833],[-116.5843889,51.2175778],[-116.5841917,51.2175806],[-116.5839972,51.2175889],[-116.5838083,51.2176028],[-116.583625,51.217625],[-116.5834472,51.2176528],[-116.5832778,51.2176889],[-116.5831111,51.2177306],[-116.5829556,51.2177778],[-116.5828056,51.2178306],[-116.5826611,51.2178917],[-116.5825278,51.2179583],[-116.5824,51.2180306],[-116.5822806,51.2181083],[-116.5821722,51.2181917],[-116.5820694,51.2182833],[-116.5819778,51.2183778],[-116.5818944,51.2184778],[-116.5818194,51.2185806],[-116.5817556,51.2186917],[-116.5817,51.2188056],[-116.5816528,51.218925],[-116.5816194,51.2190472],[-116.5815917,51.219175],[-116.581575,51.2193056],[-116.5815694,51.2194389],[-116.5815722,51.219575],[-116.5815861,51.2197167],[-116.5816083,51.2198583],[-116.5816417,51.2200028],[-116.5817167,51.2202417],[-116.5871222,51.2353361],[-116.5872139,51.2356028],[-116.5872861,51.235875],[-116.5873361,51.2361472],[-116.5873611,51.2364194],[-116.5873583,51.2366944],[-116.5873389,51.2369667],[-116.5868778,51.2416806],[-116.5868556,51.2419556],[-116.5868528,51.2422278],[-116.5868722,51.2425028],[-116.5869111,51.242775],[-116.5870444,51.2436194],[-116.5870889,51.2438917],[-116.5871389,51.2441639],[-116.5871972,51.2444361],[-116.5872639,51.2447083],[-116.5873361,51.2449778],[-116.5874194,51.2452472],[-116.5875056,51.2455167],[-116.5884806,51.2484778],[-116.5885833,51.2487444],[-116.5887306,51.2490028],[-116.5889333,51.2492444],[-116.589175,51.2494722],[-116.5894194,51.2496861],[-116.5896639,51.2499139],[-116.5898806,51.25015],[-116.5900528,51.2504028],[-116.590175,51.2506667],[-116.5902639,51.2509333],[-116.5925556,51.2588611],[-116.5926333,51.2591306],[-116.5927167,51.2594],[-116.5928056,51.2596694],[-116.5929056,51.2599361],[-116.5930111,51.2602],[-116.5931194,51.2604667],[-116.5932333,51.2607306],[-116.5933472,51.2609944],[-116.5940972,51.2626944],[-116.5942194,51.2629583],[-116.5943472,51.2632222],[-116.5945,51.2634778],[-116.5946778,51.2637278],[-116.5948861,51.2639694],[-116.5951194,51.2642],[-116.5953722,51.264425],[-116.5956333,51.2646444],[-116.5972444,51.2659806],[-116.5975056,51.2662],[-116.5977667,51.2664222],[-116.5980222,51.2666444],[-116.5995972,51.2680194],[-116.5998528,51.2682444],[-116.6001028,51.2684694],[-116.6003528,51.2686944],[-116.6005917,51.2689222],[-116.6008139,51.2691583],[-116.6010167,51.2694028],[-116.601339,51.2698083],[-116.6014297,51.2699225],[-116.6015222,51.2700389],[-116.6017,51.2702889],[-116.601825,51.2705528],[-116.601875,51.270825],[-116.60185,51.2711],[-116.60175,51.2713667],[-116.601575,51.2716167],[-116.60135,51.2718528],[-116.5973444,51.275675],[-116.5971056,51.2759056],[-116.596875,51.2761389],[-116.59665,51.2763722],[-116.5960444,51.2770083],[-116.5958167,51.2772417],[-116.595575,51.2774694],[-116.5953194,51.2776917],[-116.5950444,51.2779056],[-116.5947417,51.2781028],[-116.5944111,51.2782833],[-116.5940583,51.2784444],[-116.5936917,51.2785917],[-116.5929278,51.2788889],[-116.5925611,51.2790361],[-116.5922028,51.2791944],[-116.5918639,51.2793639],[-116.5915444,51.2795528],[-116.5912556,51.2797583],[-116.5910028,51.2799833],[-116.5907889,51.2802222],[-116.5906167,51.2804722],[-116.5904861,51.2807333],[-116.5903861,51.281],[-116.5903389,51.2811389],[-116.5902389,51.2814056],[-116.5901333,51.2816694],[-116.5900167,51.2819361],[-116.5873639,51.2877722],[-116.5872222,51.2880806],[-116.5816083,51.3004139],[-116.5814417,51.3007833],[-116.581419,51.3008365],[-116.5813278,51.30105],[-116.5812333,51.3013167],[-116.5811667,51.3015861],[-116.5811306,51.3018611],[-116.5811222,51.3021333],[-116.5811306,51.3024083],[-116.5811556,51.3027944],[-116.5811694,51.30295],[-116.5811944,51.3031056],[-116.5812389,51.3033194],[-116.5812639,51.303475],[-116.5812778,51.3036306],[-116.5815222,51.3074583],[-116.5815278,51.3077333],[-116.5814972,51.3080056],[-116.581425,51.308275],[-116.5813056,51.3085389],[-116.5811556,51.3087972],[-116.5805556,51.3097417],[-116.5803944,51.3099972],[-116.5802444,51.3102528],[-116.5801139,51.3105139],[-116.5799972,51.3107778],[-116.5798972,51.3110444],[-116.5798167,51.3113139],[-116.5797528,51.3115861],[-116.5797056,51.3118583],[-116.579675,51.3121333],[-116.5796556,51.3124056],[-116.5796194,51.3130444],[-116.5795917,51.3133167],[-116.5795361,51.3135889],[-116.5794472,51.3138556],[-116.5793306,51.3141222],[-116.5791972,51.3143972],[-116.5784778,51.3158778],[-116.5783611,51.3161417],[-116.5782667,51.3164083],[-116.5781944,51.3166806],[-116.5780167,51.3174806],[-116.5779444,51.31775],[-116.57785,51.3180167],[-116.5777306,51.3182806],[-116.577325,51.3190944],[-116.5771972,51.3193583],[-116.5770722,51.3196194],[-116.5769528,51.3198833],[-116.5768361,51.3201472],[-116.5753056,51.3236944],[-116.5751861,51.3239583],[-116.5750472,51.3242194],[-116.5748889,51.324475],[-116.5747167,51.324725],[-116.5743083,51.3252917],[-116.5742,51.3254306],[-116.5740861,51.3255667],[-116.5739167,51.3257583],[-116.5738,51.3258944],[-116.5736944,51.3260361],[-116.5733333,51.3265333],[-116.5731417,51.3267806],[-116.572925,51.3270194],[-116.5726556,51.3272361],[-116.5723306,51.3274194],[-116.5719611,51.3275639],[-116.5715556,51.3276694],[-116.5711278,51.327725],[-116.5706917,51.3277361],[-116.5702583,51.3277],[-116.5698361,51.327625],[-116.569425,51.3275333],[-116.5691278,51.3274611],[-116.5687167,51.3273667],[-116.5682917,51.3273],[-116.5678583,51.3272722],[-116.5674222,51.3272917],[-116.5669944,51.3273528],[-116.5665778,51.3274361],[-116.5646,51.3278806],[-116.5641889,51.327975],[-116.5637861,51.3280833],[-116.5634,51.3282111],[-116.5630444,51.3283694],[-116.5627194,51.3285556],[-116.562425,51.3287556],[-116.5621444,51.3289667],[-116.5605314,51.3302082],[-116.5597444,51.3308139],[-116.5594667,51.331025],[-116.5591861,51.3312361],[-116.5588861,51.3314333],[-116.5585472,51.3316083],[-116.5581667,51.3317444],[-116.5577556,51.3318361],[-116.557325,51.3318806],[-116.5568861,51.3318917],[-116.5561806,51.3318889],[-116.5557417,51.3319028],[-116.5553139,51.3319528],[-116.5549028,51.33205],[-116.5545278,51.3321889],[-116.5541944,51.3323667],[-116.5539167,51.3325778],[-116.5537028,51.3328167],[-116.5535917,51.3329861],[-116.5535444,51.3330722],[-116.5533944,51.3333556],[-116.5532639,51.3336167],[-116.5531556,51.3338833],[-116.5530833,51.3341528],[-116.5530667,51.3344278],[-116.5531083,51.3347],[-116.5531972,51.3349667],[-116.5533083,51.3352333],[-116.5533444,51.3353111],[-116.5534528,51.3355778],[-116.553525,51.3358472],[-116.5535278,51.3361222],[-116.5534556,51.3363917],[-116.5533167,51.33665],[-116.5531361,51.3369],[-116.5527944,51.3373278],[-116.5526083,51.337575],[-116.5524389,51.3378278],[-116.5522944,51.3380861],[-116.5521694,51.33835],[-116.5520667,51.3386167],[-116.5519833,51.3388861],[-116.5509833,51.3426139],[-116.5509222,51.3428861],[-116.5509083,51.3431583],[-116.5509528,51.3434306],[-116.5510417,51.3437],[-116.5512056,51.344125],[-116.5513028,51.3443917],[-116.5513833,51.3446611],[-116.5514333,51.3449333],[-116.5514472,51.3452083],[-116.5514222,51.3454833],[-116.5513611,51.3457528],[-116.5512611,51.3460194],[-116.5511222,51.3462806],[-116.5509583,51.3465333],[-116.5507778,51.3467833],[-116.5498556,51.3480222],[-116.5496611,51.3482694],[-116.5494472,51.3485083],[-116.5492028,51.3487333],[-116.5489194,51.3489444],[-116.5486083,51.3491361],[-116.5482722,51.3493111],[-116.5479194,51.349475],[-116.5474111,51.3496944],[-116.5470694,51.3498639],[-116.5467778,51.3500694],[-116.5465556,51.3503056],[-116.5464111,51.3505639],[-116.5463361,51.3508333],[-116.546325,51.3511083],[-116.5463722,51.3513806],[-116.5464528,51.35165],[-116.5465611,51.3519806],[-116.5466278,51.3522528],[-116.5466389,51.352525],[-116.5465833,51.3527972],[-116.546475,51.3530639],[-116.5457222,51.354575],[-116.5455722,51.3548333],[-116.5453778,51.3550778],[-116.545125,51.3553028],[-116.5448194,51.3554972],[-116.5444806,51.3556694],[-116.5441111,51.3558417],[-116.5437667,51.3560111],[-116.5434472,51.3562],[-116.5431694,51.3564111],[-116.5429389,51.3566444],[-116.5427361,51.3568861],[-116.5387111,51.3621583],[-116.5385194,51.3624056],[-116.5383222,51.36265],[-116.5381111,51.3628917],[-116.5378861,51.363125],[-116.5376444,51.3633528],[-116.5373889,51.3635778],[-116.5371278,51.3637972],[-116.5351361,51.3654667],[-116.5349528,51.3656194],[-116.5344556,51.3660361],[-116.5342,51.3662611],[-116.5339778,51.3664972],[-116.5338111,51.36675],[-116.5337028,51.3670167],[-116.5336556,51.3672889],[-116.5336667,51.3675611],[-116.5337417,51.3678333],[-116.5338639,51.3680944],[-116.5340639,51.3683389],[-116.5342861,51.368575],[-116.5357972,51.3700861],[-116.5360083,51.370325],[-116.5361806,51.3705778],[-116.5363083,51.3708389],[-116.5363861,51.3711083],[-116.5364194,51.3713833],[-116.5364056,51.3716556],[-116.5363139,51.3723417],[-116.5362944,51.3726167],[-116.5363111,51.3728889],[-116.536375,51.3731611],[-116.5364833,51.373425],[-116.5366361,51.3736833],[-116.5368222,51.3739306],[-116.53795,51.3752889],[-116.53815,51.3755333],[-116.5383306,51.3757833],[-116.5384556,51.3760444],[-116.5385083,51.3763167],[-116.5384833,51.3765889],[-116.5383917,51.3768583],[-116.53825,51.3771167],[-116.5380778,51.3773694],[-116.53755,51.3781194],[-116.5373722,51.3783694],[-116.5371806,51.3786167],[-116.5371306,51.378675],[-116.5369167,51.3789139],[-116.5366694,51.3791417],[-116.5363833,51.3793472],[-116.5360556,51.3795306],[-116.5356917,51.3796806],[-116.5352972,51.3798],[-116.5348778,51.3798833],[-116.5344472,51.3799278],[-116.5340083,51.3799389],[-116.5335722,51.379925],[-116.5331361,51.3799028],[-116.5330556,51.3798972],[-116.5326194,51.3798778],[-116.5321806,51.379875],[-116.5317472,51.3799028],[-116.5313222,51.379975],[-116.530925,51.3800861],[-116.5305444,51.3802222],[-116.5297972,51.3805111],[-116.5294222,51.3806528],[-116.5290361,51.3807806],[-116.5286278,51.3808778],[-116.5281972,51.3809278],[-116.5277583,51.3809333],[-116.5273278,51.3808861],[-116.5269111,51.3808028],[-116.5265083,51.3806944],[-116.5261139,51.380575],[-116.5253111,51.380325],[-116.5249111,51.3802139],[-116.5244972,51.380125],[-116.5240667,51.3800694],[-116.5236306,51.3800528],[-116.5231944,51.3800583],[-116.5225639,51.3800833],[-116.5221278,51.3800972],[-116.5216889,51.3800806],[-116.5212639,51.3800167],[-116.5208611,51.3799083],[-116.5204806,51.379775],[-116.5204111,51.37975],[-116.5200306,51.3796167],[-116.5196333,51.3794972],[-116.5192222,51.3794028],[-116.5188,51.3793306],[-116.5183722,51.379275],[-116.5179,51.3792194],[-116.5174722,51.3791667],[-116.51705,51.3790917],[-116.5166389,51.3789972],[-116.5162444,51.3788806],[-116.5158611,51.3787472],[-116.5151056,51.3784694],[-116.5147194,51.3783417],[-116.5143083,51.3782444],[-116.5138778,51.3781944],[-116.5134389,51.3781917],[-116.5130083,51.3782361],[-116.5125944,51.378325],[-116.5122028,51.37845],[-116.5116528,51.3786417],[-116.5110889,51.3788389],[-116.5107028,51.3789667],[-116.5103056,51.3790833],[-116.5098944,51.379175],[-116.509475,51.3792528],[-116.5044333,51.3801361],[-116.5040139,51.3802139],[-116.5036028,51.3803083],[-116.5032056,51.380425],[-116.502825,51.3805611],[-116.5024667,51.3807194],[-116.5021333,51.3808972],[-116.5018167,51.3810861],[-116.5009389,51.3816278],[-116.5006361,51.381825],[-116.5003583,51.3820361],[-116.5001083,51.3822611],[-116.4998861,51.3824972],[-116.4996917,51.3827444],[-116.4952861,51.3887944],[-116.4951083,51.3890444],[-116.4949389,51.3893],[-116.4947806,51.3895528],[-116.4946306,51.3898111],[-116.4921222,51.3942417],[-116.4914333,51.3954611],[-116.4913639,51.3955917],[-116.4913,51.3957222],[-116.4912417,51.3958556],[-116.4911,51.3961167],[-116.4909083,51.3963611],[-116.4906722,51.3965917],[-116.4903944,51.3968028],[-116.4900833,51.3969972],[-116.4898532,51.3971134],[-116.4897444,51.3971694],[-116.4893778,51.3973222],[-116.4889889,51.3974472],[-116.4885889,51.3975611],[-116.4878136,51.3977807],[-116.4861583,51.39825],[-116.4859583,51.3983056],[-116.4857583,51.3983611],[-116.4855556,51.3984139],[-116.4853528,51.3984639],[-116.4849972,51.39855],[-116.4847944,51.3986028],[-116.4845917,51.3986528],[-116.4843917,51.3987083],[-116.4841917,51.3987639],[-116.4792727,51.4001956],[-116.4787534,51.4003262],[-116.4782921,51.4004],[-116.4778781,51.400442],[-116.4774408,51.4004701],[-116.4770237,51.4004673],[-116.4765843,51.4004436],[-116.4762231,51.4004032],[-116.4745467,51.4001367],[-116.4739331,51.4000914],[-116.4733598,51.4001234],[-116.4727773,51.4002132],[-116.4722719,51.4003602],[-116.4718368,51.4005717],[-116.471459,51.4008085],[-116.471167,51.4010867],[-116.4708949,51.4013994],[-116.4694063,51.4041178],[-116.4692459,51.4043312],[-116.4690452,51.4045174],[-116.4687783,51.4047177],[-116.4683789,51.4049137],[-116.4680277,51.4050101],[-116.4676222,51.4050922],[-116.4671157,51.4051435],[-116.4663763,51.4051672],[-116.4655663,51.4052012],[-116.4648118,51.4052866],[-116.4641099,51.4054133],[-116.463484,51.405553],[-116.4629195,51.4057587],[-116.4625023,51.4059635],[-116.4618371,51.4064143],[-116.4613601,51.4066693],[-116.4609034,51.4068696],[-116.4604111,51.4070302],[-116.4589569,51.4074061],[-116.4586494,51.4074988],[-116.4584115,51.4075996],[-116.4581789,51.407725],[-116.4580027,51.4078617],[-116.4578444,51.4080396],[-116.4577577,51.4081775],[-116.4576811,51.4083426],[-116.4574405,51.4088585],[-116.4573283,51.4090538],[-116.457216,51.4092497],[-116.4570531,51.409439],[-116.4568527,51.4096057],[-116.4565318,51.4098257],[-116.4553626,51.4106211],[-116.4550852,51.4107999],[-116.4548539,51.4109392],[-116.4546461,51.4110527],[-116.4543759,51.4111605],[-116.4542125,51.4112112],[-116.4539844,51.4112706],[-116.4530246,51.4114642],[-116.4527977,51.4115178],[-116.4525477,51.4115963],[-116.4523173,51.4116859],[-116.4521097,51.4118004],[-116.4519313,51.4119197],[-116.4517763,51.4120614],[-116.4516033,51.4122431],[-116.4512819,51.4126726],[-116.4511603,51.4128255],[-116.4510074,51.4129751],[-116.4508493,51.4130958],[-116.4507005,51.4131946],[-116.4505479,51.4132767],[-116.4503452,51.4133484],[-116.4500787,51.4134431],[-116.4497054,51.4135418],[-116.4487061,51.4137706],[-116.4483757,51.413857],[-116.4480328,51.4139586],[-116.4476636,51.4140911],[-116.4472817,51.4142465],[-116.4469938,51.414383],[-116.4466853,51.4145438],[-116.446329,51.4147462],[-116.4455777,51.4152723],[-116.445324,51.415438],[-116.4450709,51.415587],[-116.444807,51.4157257],[-116.4445656,51.415853],[-116.4442806,51.4159862],[-116.4439379,51.4161257],[-116.4435941,51.4162456],[-116.4432243,51.4163687],[-116.4409374,51.4170733],[-116.440217,51.4172939],[-116.4393674,51.417538],[-116.4386603,51.4177486],[-116.4383028,51.4178662],[-116.4380019,51.4179784],[-116.4375434,51.4181703],[-116.4371034,51.4183657],[-116.4366137,51.4186282],[-116.4355404,51.419147],[-116.4351744,51.4192962],[-116.4348851,51.4194024],[-116.4345969,51.4194922],[-116.4343047,51.4195609],[-116.4339772,51.4196157],[-116.4336658,51.419648],[-116.4333218,51.4196705],[-116.4329467,51.41968],[-116.4316655,51.4196399],[-116.4311737,51.4196298],[-116.4307352,51.4196447],[-116.4303147,51.4196853],[-116.4299146,51.4197595],[-116.4295763,51.419858],[-116.4292999,51.41997],[-116.429037,51.4200935],[-116.4287051,51.4202757],[-116.4284035,51.4204956],[-116.4279831,51.4208502],[-116.4274178,51.4212968],[-116.427008,51.421565],[-116.4267424,51.4216903],[-116.426429,51.4218219],[-116.425947,51.4220023],[-116.4244419,51.4225658],[-116.4240752,51.4227131],[-116.4237962,51.4228697],[-116.4235934,51.423026],[-116.4233926,51.4232091],[-116.4232712,51.4233839],[-116.4231647,51.4235479],[-116.4230588,51.4237878],[-116.4229636,51.4240063],[-116.4227136,51.4248362],[-116.422611,51.4250707],[-116.4225076,51.4252767],[-116.4223752,51.4254865],[-116.4222185,51.4256731],[-116.422038,51.4258822],[-116.4218047,51.4261021],[-116.4215943,51.426267],[-116.42137,51.4264107],[-116.4200552,51.4271371],[-116.419787,51.4273119],[-116.4196016,51.4274591],[-116.4194573,51.4276245],[-116.4193635,51.4277857],[-116.4192798,51.4279573],[-116.4187235,51.4293434],[-116.418575,51.4296323],[-116.41844,51.4298619],[-116.4182973,51.4300684],[-116.418132,51.4302623],[-116.4179966,51.430426],[-116.4178191,51.4306346],[-116.4176144,51.4308347],[-116.4173938,51.4310309],[-116.4171544,51.4312079],[-116.4169282,51.4313721],[-116.4166677,51.4315412],[-116.4163949,51.4317094],[-116.4161256,51.4318722],[-116.415839,51.4320264],[-116.4155772,51.4321588],[-116.4153203,51.4322733],[-116.4150569,51.4323859],[-116.4147594,51.4325013],[-116.4144376,51.4326026],[-116.4141443,51.4326897],[-116.4137967,51.4327876],[-116.4113329,51.4333855],[-116.4110592,51.4334518],[-116.4107323,51.4335178],[-116.4104421,51.4335639],[-116.4101965,51.4335989],[-116.4099423,51.4336312],[-116.4096368,51.4336656],[-116.4078056,51.4338516],[-116.4074407,51.4338919],[-116.4071371,51.4339361],[-116.4068442,51.4339906],[-116.4066316,51.4340393],[-116.4064268,51.4340931],[-116.4062306,51.4341647],[-116.4060842,51.434227],[-116.4059062,51.434319],[-116.405754,51.4344134],[-116.4055759,51.4345355],[-116.4054389,51.4346436],[-116.4052886,51.4347715],[-116.4041092,51.4357419],[-116.4020647,51.4374241],[-116.4019201,51.4375566],[-116.401784,51.4377144],[-116.4016734,51.4378866],[-116.401592,51.4380737],[-116.4015415,51.4383126],[-116.4015457,51.4385353],[-116.4016171,51.4388045],[-116.4016901,51.4389538],[-116.4018515,51.4391794],[-116.4020345,51.4393607],[-116.4022023,51.4394904],[-116.4026196,51.4397248],[-116.4029516,51.439852],[-116.403368,51.4399586],[-116.4037361,51.4400127],[-116.4040837,51.4400326],[-116.4045197,51.4400167],[-116.4049449,51.4399557],[-116.4052713,51.4398751],[-116.405586,51.4397646],[-116.405841,51.4396453],[-116.4059819,51.4395649],[-116.4062747,51.439351],[-116.4065046,51.4391082],[-116.4065965,51.4389733],[-116.4067062,51.4387358],[-116.4067533,51.4385271],[-116.4067595,51.4383561],[-116.4067237,51.4381323],[-116.4066172,51.437873],[-116.4064643,51.4376519],[-116.4063159,51.4374964],[-116.4060835,51.4373114],[-116.4057501,51.437091],[-116.4022701,51.4349689],[-116.4020401,51.434834],[-116.4019111,51.4347419],[-116.4016558,51.4345054],[-116.4015456,51.4343658],[-116.4014263,51.4341562],[-116.40138,51.4340353],[-116.4013359,51.4338276],[-116.4013333,51.4336356],[-116.4013672,51.4334442],[-116.4014464,51.4332372],[-116.4015028,51.4331356],[-116.4016073,51.4329879],[-116.4017269,51.4328552],[-116.4019438,51.4326694],[-116.4020703,51.4325823],[-116.4023173,51.4324431],[-116.4025587,51.4323369],[-116.4028821,51.43223],[-116.4032536,51.4321475],[-116.4035616,51.4321073],[-116.404484,51.4319939],[-116.4048696,51.4319421],[-116.405218,51.431873],[-116.4055668,51.4317717],[-116.4058346,51.4316674],[-116.4060878,51.4315482],[-116.4063287,51.4314084],[-116.4069718,51.4310284],[-116.4079651,51.430536],[-116.4083312,51.4303979],[-116.4087422,51.4302815],[-116.409135,51.4302008],[-116.409569,51.4301554],[-116.4102168,51.4301005],[-116.4105573,51.430058],[-116.4109876,51.4299796],[-116.4114791,51.4298434],[-116.4118504,51.4297021],[-116.412147,51.4295631],[-116.4124435,51.4293831],[-116.4126806,51.4291895],[-116.4128637,51.4289715],[-116.4130021,51.4287681],[-116.4131409,51.4284481],[-116.4132301,51.4281046],[-116.4136037,51.4266146],[-116.413697,51.426277],[-116.4137643,51.4260962],[-116.4138759,51.4258569],[-116.4140623,51.4255665],[-116.4142793,51.4252693],[-116.4145915,51.424971],[-116.4148398,51.4247437],[-116.4151951,51.4244736],[-116.4155422,51.4242523],[-116.4159225,51.4240349],[-116.4179994,51.4229264],[-116.4181873,51.4228004],[-116.4183721,51.4226446],[-116.4185505,51.4224442],[-116.418693,51.4222068],[-116.4187621,51.4220135],[-116.4187941,51.4217153],[-116.4187766,51.4215639],[-116.4187054,51.421334],[-116.4185867,51.4211195],[-116.4183993,51.420895],[-116.4182087,51.4207287],[-116.4179779,51.4205738],[-116.4176612,51.4204143],[-116.4173947,51.4203024],[-116.4171231,51.4201623],[-116.4168216,51.4199502],[-116.4166131,51.4197448],[-116.4164575,51.4195251],[-116.4163471,51.419267],[-116.4163059,51.419011],[-116.4163344,51.4187334],[-116.4164349,51.4184689],[-116.4165457,51.4182927],[-116.4166788,51.4181357],[-116.4168323,51.4179936],[-116.4170095,51.4178619],[-116.4172601,51.417715],[-116.4174993,51.4176058],[-116.4177548,51.4175147],[-116.4180783,51.4174303],[-116.4184432,51.4173705],[-116.4187791,51.4173451],[-116.4190954,51.4173461],[-116.419388,51.4173683],[-116.4196883,51.4174135],[-116.4199721,51.4174787],[-116.4202072,51.4175516],[-116.4204703,51.417657],[-116.4207182,51.4177852],[-116.420931,51.4179254],[-116.421117,51.4180815],[-116.4212543,51.4182285],[-116.4213759,51.418399],[-116.4214851,51.4186292],[-116.421533,51.4188201],[-116.4215427,51.419045],[-116.4214972,51.4192869],[-116.4213721,51.4195601],[-116.421269,51.4197063],[-116.4211946,51.4197926],[-116.4210325,51.419947],[-116.420909,51.4200435],[-116.4207441,51.4201522],[-116.4179163,51.4220895],[-116.4173285,51.4224906],[-116.4171208,51.4226301],[-116.4169382,51.4227333],[-116.4167515,51.422833],[-116.4165107,51.4229386],[-116.4162934,51.4230153],[-116.4159813,51.4231054],[-116.4145084,51.4235464],[-116.4140933,51.4236967],[-116.4136348,51.4238727],[-116.4132375,51.4240561],[-116.4127848,51.424286],[-116.4122677,51.4246266],[-116.4118978,51.4249214],[-116.4116091,51.4251948],[-116.4113601,51.4254603],[-116.4106659,51.4263414],[-116.4103201,51.4267281],[-116.4099948,51.4270529],[-116.4096823,51.4273574],[-116.4093082,51.4276748],[-116.4089507,51.4279242],[-116.4084808,51.4281766],[-116.4080599,51.4283895],[-116.4074987,51.4286312],[-116.406997,51.428837],[-116.4064829,51.4290119],[-116.4059157,51.4291921],[-116.4053451,51.429347],[-116.4047249,51.4294886],[-116.3992543,51.4305532],[-116.3985449,51.4306823],[-116.3980459,51.4307508],[-116.3976049,51.4307946],[-116.3970556,51.4308332],[-116.3951631,51.4308954],[-116.3947359,51.4309229],[-116.3942562,51.4309676],[-116.3937995,51.4310221],[-116.3933504,51.4311081],[-116.3929381,51.4312115],[-116.3926329,51.4313096],[-116.3920908,51.4315039],[-116.391637,51.4317073],[-116.3911467,51.4319639],[-116.3906888,51.4322533],[-116.3903368,51.432507],[-116.3900224,51.4327441],[-116.3891197,51.4334484],[-116.3886712,51.4337334],[-116.3881847,51.4339922],[-116.3876669,51.4342477],[-116.3872105,51.4344388],[-116.3868181,51.434587],[-116.3864342,51.4347088],[-116.3860388,51.4348164],[-116.3856503,51.4348991],[-116.3852991,51.4349582],[-116.3830363,51.4352817],[-116.3759962,51.4362883],[-116.3757524,51.4363199],[-116.375491,51.4363401],[-116.3751586,51.4363359],[-116.3748595,51.436311],[-116.3745824,51.4362655],[-116.3743392,51.4362023],[-116.3740617,51.4361106],[-116.3736108,51.4359114],[-116.3728671,51.4355851],[-116.3725945,51.4354799],[-116.3723299,51.4354005],[-116.3720368,51.4353349],[-116.371712,51.4352833],[-116.3713763,51.4352602],[-116.3709468,51.4352476],[-116.3688937,51.4352752],[-116.3684335,51.4353044],[-116.3680742,51.4353393],[-116.3677883,51.4353928],[-116.3674979,51.4354675],[-116.3672308,51.4355474],[-116.3664084,51.4358732],[-116.3660493,51.4360172],[-116.3656764,51.4361494],[-116.3653124,51.4362552],[-116.3648711,51.4363607],[-116.3644315,51.4364311],[-116.3639928,51.4364765],[-116.3635347,51.4364964],[-116.3631412,51.4364988],[-116.3617259,51.4364693],[-116.3613669,51.4364774],[-116.360971,51.4364963],[-116.3605388,51.4365451],[-116.3600836,51.4366307],[-116.3597037,51.4367252],[-116.3593267,51.4368402],[-116.3589841,51.4369744],[-116.358426,51.4372409],[-116.3579568,51.4374663],[-116.3575988,51.4376231],[-116.3573156,51.4377332],[-116.3570143,51.4378286],[-116.3567351,51.4378959],[-116.3564457,51.4379531],[-116.356151,51.4379858],[-116.3558824,51.4380062],[-116.3555943,51.4380094],[-116.3553411,51.437997],[-116.355021,51.4379589],[-116.3547257,51.437913],[-116.3544123,51.4378348],[-116.3535728,51.4376189],[-116.3531659,51.4375254],[-116.3527503,51.4374501],[-116.352317,51.4373829],[-116.3519127,51.4373455],[-116.3515193,51.437329],[-116.35107,51.4373331],[-116.3506938,51.4373628],[-116.3502854,51.4374034],[-116.3496914,51.4374804],[-116.3492123,51.4375587],[-116.3487819,51.4376441],[-116.3481194,51.4378049],[-116.3475926,51.4379549],[-116.3469609,51.4381583],[-116.3464097,51.4383593],[-116.34588,51.438588],[-116.34533,51.4388635],[-116.344317,51.4394188],[-116.3441562,51.439509],[-116.3396104,51.4420334],[-116.3390713,51.4423328],[-116.3328033,51.4458139],[-116.332432,51.4460089],[-116.3321499,51.4461499],[-116.3318694,51.4462634],[-116.3315516,51.4463661],[-116.3312985,51.4464301],[-116.3309942,51.4464896],[-116.3305495,51.4465488],[-116.3301509,51.4465903],[-116.3287105,51.4466935],[-116.3281092,51.4467275],[-116.3275174,51.4467425],[-116.3264492,51.4467229],[-116.325979,51.4467287],[-116.3255477,51.4467691],[-116.3251162,51.4468201],[-116.3247108,51.4468927],[-116.3242119,51.4469982],[-116.3238132,51.4471061],[-116.3234828,51.4472134],[-116.3231278,51.4473477],[-116.3216945,51.4479545],[-116.3213101,51.4481037],[-116.3209974,51.4482114],[-116.3206957,51.4482966],[-116.3202888,51.4483898],[-116.3199326,51.4484613],[-116.3134565,51.4497012],[-116.3130092,51.4497974],[-116.3126889,51.4498818],[-116.3124073,51.4499915],[-116.3121359,51.4501258],[-116.3118754,51.4502736],[-116.3111259,51.4507923],[-116.3109351,51.4509218],[-116.3107091,51.45104],[-116.3104849,51.4511359],[-116.3102506,51.4512099],[-116.3100072,51.4512742],[-116.3097572,51.4513205],[-116.3094426,51.4513619],[-116.309102,51.4513836],[-116.3058812,51.4514792],[-116.3051434,51.4515445],[-116.3046905,51.4515485],[-116.3043394,51.4515389],[-116.3040276,51.4515205],[-116.3037393,51.4514834],[-116.3034968,51.4514396],[-116.3031364,51.4513544],[-116.3020546,51.451053],[-116.3014731,51.4508911],[-116.3009493,51.4507643],[-116.3005469,51.4506755],[-116.3001733,51.4506097],[-116.2997657,51.4505534],[-116.2993208,51.4505043],[-116.2987769,51.4504654],[-116.2982668,51.4504561],[-116.2977285,51.4504603],[-116.2970929,51.4504936],[-116.289491,51.4512051],[-116.2888885,51.4512775],[-116.2882697,51.451374],[-116.2875818,51.4515026],[-116.2837382,51.4522598],[-116.2807331,51.4528739],[-116.2803994,51.452939],[-116.2800149,51.4530291],[-116.2797115,51.453114],[-116.2794215,51.453215],[-116.2791268,51.4533413],[-116.2788297,51.4535116],[-116.2785592,51.4536674],[-116.2782837,51.4538752],[-116.2780385,51.4540744],[-116.2778618,51.454267],[-116.2777485,51.454292],[-116.2775541,51.4545503],[-116.2774186,51.4547958],[-116.2773101,51.45506],[-116.2772601,51.4552771],[-116.2772435,51.4556327],[-116.2772371,51.4558848],[-116.277338,51.4572296],[-116.2773549,51.4574876],[-116.2773375,51.4577032],[-116.2773256,51.4579013],[-116.2772721,51.4581046],[-116.2771998,51.458282],[-116.2771184,51.4584442],[-116.2770185,51.4585961],[-116.2768542,51.4587738],[-116.2766753,51.4589549],[-116.2764575,51.4591161],[-116.2762352,51.459266],[-116.2759699,51.4593934],[-116.2757162,51.4594944],[-116.2754139,51.4596],[-116.275121,51.4597015],[-116.2748326,51.4597598],[-116.2745305,51.4597999],[-116.2742463,51.4598239],[-116.273946,51.4598365],[-116.2736289,51.4598391],[-116.2721411,51.4598247],[-116.2716064,51.4598149],[-116.2693567,51.4597959],[-116.2689598,51.4597874],[-116.268565,51.4597611],[-116.2681743,51.459717],[-116.2677897,51.4596554],[-116.2674133,51.4595766],[-116.2670471,51.459481],[-116.2666929,51.4593692],[-116.2663526,51.4592416],[-116.2660281,51.4590991],[-116.2657209,51.4589423],[-116.2654328,51.458772],[-116.2643828,51.4581184],[-116.264092,51.457938],[-116.2637918,51.4577638],[-116.2634824,51.4575958],[-116.2602015,51.455919],[-116.2597919,51.4557111],[-116.2594008,51.4554898],[-116.2590293,51.4552558],[-116.2586785,51.4550096],[-116.2583495,51.454752],[-116.2529546,51.4503534],[-116.2526502,51.4501094],[-116.2523731,51.449853],[-116.2521247,51.4495855],[-116.2519059,51.4493081],[-116.2517179,51.4490221],[-116.2515615,51.4487287],[-116.2509805,51.4474074],[-116.2508533,51.4471822],[-116.2506961,51.4469646],[-116.2505101,51.4467559],[-116.2502591,51.4465015],[-116.2499875,51.4462554],[-116.2497082,51.4460127],[-116.2493971,51.4457853],[-116.2492047,51.4456622],[-116.2489637,51.4455236],[-116.2486393,51.4453758],[-116.2482839,51.4452495],[-116.247908,51.4451489],[-116.2475185,51.445071],[-116.2471184,51.445018],[-116.2467118,51.4449902],[-116.2463027,51.4449881],[-116.2384103,51.4452511],[-116.2378956,51.4452614],[-116.2373811,51.4452484],[-116.2368694,51.4452121],[-116.2363634,51.4451527],[-116.2358656,51.4450705],[-116.2353788,51.4449659],[-116.2349054,51.4448395],[-116.234448,51.4446921],[-116.2340091,51.4445242],[-116.2335909,51.444337],[-116.2331957,51.4441312],[-116.2328255,51.4439081],[-116.2317768,51.4431987],[-116.2313065,51.4429227],[-116.2308041,51.4426697],[-116.2302723,51.4424411],[-116.2297142,51.4422384],[-116.2291331,51.4420626],[-116.2285323,51.4419148],[-116.2279152,51.4417959],[-116.2272854,51.4417064],[-116.2266465,51.441647],[-116.2260022,51.4416179],[-116.2253563,51.4416194],[-116.2202627,51.4417471],[-116.2195382,51.4417568],[-116.2189083,51.4417578],[-116.218279,51.4417414],[-116.2176514,51.4417077],[-116.2170268,51.4416568],[-116.2164064,51.4415886],[-116.2099965,51.440849],[-116.2095512,51.4408084],[-116.209048,51.4407726],[-116.2085808,51.4407559],[-116.2083292,51.4407477],[-116.2068077,51.4407367],[-116.2064017,51.4407171],[-116.2060065,51.4406878],[-116.205467,51.4406301],[-116.204516,51.4405058],[-116.2040114,51.4404479],[-116.2034587,51.4403623],[-116.2031914,51.4403236],[-116.2029291,51.4402733],[-116.2026731,51.4402117],[-116.2024246,51.440139],[-116.202185,51.4400557],[-116.2019553,51.439962],[-116.2014716,51.4397542],[-116.2011527,51.4396194],[-116.2008604,51.4394883],[-116.200587,51.4393421],[-116.2003346,51.4391819],[-116.200105,51.4390089],[-116.1998998,51.4388244],[-116.1997206,51.4386296],[-116.1995686,51.4384261],[-116.199445,51.4382152],[-116.1993505,51.4379985],[-116.1988494,51.4368568],[-116.1985363,51.4362021],[-116.1980745,51.4353951],[-116.1971726,51.4339276],[-116.1970418,51.4337221],[-116.1969136,51.4335376],[-116.1967619,51.4333602],[-116.1965877,51.433191],[-116.1963921,51.4330312],[-116.1961763,51.4328818],[-116.1959419,51.4327438],[-116.1956904,51.432618],[-116.1954233,51.4325054],[-116.1951425,51.4324065],[-116.1919577,51.4313332],[-116.1914992,51.4311809],[-116.1911147,51.4310406],[-116.1907375,51.4308927],[-116.190368,51.4307375],[-116.1900066,51.430575],[-116.1896537,51.4304055],[-116.1893095,51.4302291],[-116.1889745,51.4300459],[-116.1863021,51.4284163],[-116.1835144,51.4266647],[-116.1828192,51.426239],[-116.182547,51.4260809],[-116.1820039,51.4257667],[-116.1810404,51.425175],[-116.1805958,51.424902],[-116.1792546,51.4240783],[-116.1787385,51.4237614],[-116.1759404,51.4220429],[-116.1756754,51.4218822],[-116.175502,51.421777],[-116.1751022,51.4214882],[-116.1747349,51.4211832],[-116.1744018,51.4208632],[-116.1741045,51.4205298],[-116.1738443,51.4201845],[-116.1736225,51.419829],[-116.1734401,51.4194649],[-116.1732979,51.4190938],[-116.1718041,51.415559],[-116.1707473,51.4131034],[-116.1706165,51.4127465],[-116.1704601,51.4123936],[-116.1702785,51.4120455],[-116.1700719,51.4117028],[-116.169841,51.4113662],[-116.169586,51.4110364],[-116.1693075,51.4107141],[-116.1690062,51.4103999],[-116.1686825,51.4100945],[-116.1671336,51.4086075],[-116.1654579,51.4070179],[-116.1651809,51.4067683],[-116.1648759,51.4065316],[-116.1645446,51.4063092],[-116.1641886,51.4061021],[-116.1638098,51.4059115],[-116.1634101,51.4057383],[-116.1629915,51.4055833],[-116.1598464,51.4044887],[-116.1576219,51.4037181],[-116.1544483,51.4026057],[-116.153692,51.4023313],[-116.1535001,51.4022581],[-116.1533118,51.4021813],[-116.1531274,51.402101],[-116.1529469,51.4020173],[-116.1527705,51.4019301],[-116.1525985,51.4018397],[-116.152431,51.4017461],[-116.1517029,51.4013487],[-116.1514091,51.4011968],[-116.1510995,51.4010575],[-116.1507757,51.4009315],[-116.1504389,51.4008194],[-116.1500909,51.4007216],[-116.1497331,51.4006387],[-116.1493672,51.400571],[-116.1489948,51.4005188],[-116.1486176,51.4004823],[-116.1482373,51.4004618],[-116.1478557,51.4004572],[-116.1436342,51.4004764],[-116.1432185,51.4004722],[-116.1428029,51.4004637],[-116.1423875,51.4004509],[-116.1419725,51.4004338],[-116.1417422,51.4004224],[-116.1412422,51.4003931],[-116.1407433,51.4003575],[-116.1402455,51.4003157],[-116.1397492,51.4002676],[-116.1392547,51.4002134],[-116.138762,51.4001529],[-116.1382715,51.4000864],[-116.1377842,51.4000138],[-116.1349456,51.399572],[-116.1345968,51.3995319],[-116.1342445,51.3995061],[-116.1338903,51.3994946],[-116.1335356,51.3994977],[-116.133182,51.3995152],[-116.132831,51.399547],[-116.1318932,51.3996593],[-116.1315559,51.3997089],[-116.1312136,51.3997423],[-116.1308681,51.3997593],[-116.1305216,51.3997598],[-116.130176,51.3997438],[-116.1298334,51.3997113],[-116.1294958,51.3996626],[-116.1291651,51.399598],[-116.1288433,51.3995178],[-116.1285322,51.3994225],[-116.1282338,51.3993127],[-116.1279496,51.3991889],[-116.1276814,51.399052],[-116.1274308,51.3989027],[-116.1271992,51.3987419],[-116.1269879,51.3985705],[-116.1267983,51.3983896],[-116.1266313,51.3982001],[-116.1263946,51.3978965],[-116.1261718,51.3975888],[-116.1259633,51.3972772],[-116.1242346,51.3947517],[-116.1240357,51.3944753],[-116.123852,51.3941949],[-116.1236836,51.3939107],[-116.1235308,51.3936231],[-116.1233937,51.3933324],[-116.1232725,51.393039],[-116.1226651,51.3917656],[-116.1224902,51.391433],[-116.1222973,51.3911042],[-116.1220866,51.3907798],[-116.1218584,51.39046],[-116.121613,51.3901453],[-116.1210364,51.3894799],[-116.1185978,51.3866623],[-116.1168179,51.3846308],[-116.1128832,51.3800833],[-116.1126161,51.3797736],[-116.1123254,51.3794723],[-116.1120116,51.3791801],[-116.1116755,51.3788977],[-116.1113179,51.3786259],[-116.1109397,51.3783651],[-116.110532,51.3780901],[-116.1058796,51.374954],[-116.1045805,51.374081],[-116.1035702,51.3733985],[-116.1014421,51.3719512],[-116.1005859,51.3712113],[-116.0969463,51.3678453],[-116.089713,51.3612867],[-116.085662,51.3575496],[-116.0847113,51.3567285],[-116.0837424,51.3560122],[-116.0807808,51.3541704],[-116.0729131,51.3493313],[-116.072734,51.3492217],[-116.0694594,51.3472182],[-116.0692564,51.3470867],[-116.0612493,51.3421528],[-116.0560742,51.3385056],[-116.0486543,51.3332714],[-116.0481866,51.3329377],[-116.0474073,51.3324008],[-116.0251718,51.3167849],[-116.0236964,51.315708],[-116.0169332,51.3109307],[-116.011108,51.3068209],[-116.0104829,51.3064288],[-116.0100233,51.3061251],[-116.0095411,51.3058449],[-116.0090595,51.3054997],[-116.0072371,51.3040335],[-116.0067771,51.3036815],[-116.0057601,51.3029753],[-116.0053565,51.302714],[-116.0048539,51.3024375],[-116.0044101,51.3022174],[-115.9999778,51.3001763],[-115.9869399,51.2941001],[-115.9856131,51.2935041],[-115.984382,51.2930692],[-115.9750915,51.2905935],[-115.9666479,51.2883525],[-115.9588057,51.286329],[-115.9494191,51.2838381],[-115.9486321,51.2836115],[-115.9478138,51.2833268],[-115.9463333,51.2826289],[-115.9411041,51.2794491],[-115.9369075,51.2770469],[-115.9320154,51.2743007],[-115.9228367,51.2691248],[-115.9210356,51.2681188],[-115.9166917,51.2656123],[-115.9133092,51.26369],[-115.9102356,51.2618142],[-115.9090179,51.2612368],[-115.9081489,51.2609716],[-115.9069691,51.2607267],[-115.9037442,51.2601771],[-115.8976454,51.2590279],[-115.8915407,51.258014],[-115.889234,51.2575239],[-115.8833224,51.2558721],[-115.878768,51.2546769],[-115.8706945,51.2528505],[-115.8649224,51.2515612],[-115.8635384,51.2511348],[-115.8626801,51.2507587],[-115.8619934,51.2503558],[-115.8604646,51.2492813],[-115.8546925,51.2451914],[-115.8522181,51.2435224],[-115.8519338,51.2433226],[-115.8505565,51.2423923],[-115.8472762,51.2406057],[-115.8456212,51.2396813],[-115.8444752,51.2391805],[-115.8434033,51.2388456],[-115.8383758,51.2376652],[-115.8352787,51.2368873],[-115.8334324,51.2361336],[-115.8320874,51.2353724],[-115.8261485,51.2313557],[-115.8209915,51.2278332],[-115.8201186,51.2273465],[-115.8190703,51.22689],[-115.8174313,51.2264969],[-115.8162805,51.2262962],[-115.8123897,51.2256146],[-115.8085563,51.2247095],[-115.8066744,51.2244428],[-115.8054898,51.2243966],[-115.8044251,51.2245846],[-115.8025685,51.2251056],[-115.801332,51.2252561],[-115.8002981,51.2252204],[-115.7987234,51.2249108],[-115.7962559,51.2243908],[-115.7938791,51.2239101],[-115.7920345,51.2234128],[-115.7909285,51.223043],[-115.789125,51.2224477],[-115.7890108,51.22241],[-115.7857046,51.2213187],[-115.7836049,51.2205292],[-115.7826124,51.2200253],[-115.7816911,51.2194222],[-115.7791937,51.2174935],[-115.7785063,51.216963],[-115.7778016,51.2164998],[-115.7769755,51.2161041],[-115.7760334,51.2157949],[-115.7722912,51.2146327],[-115.7715484,51.214396],[-115.7707391,51.2141071],[-115.7700495,51.2138029],[-115.7694008,51.2134612],[-115.7689355,51.2131957],[-115.7684668,51.2129163],[-115.767554,51.2122095],[-115.7649278,51.2100639],[-115.7596774,51.2057964],[-115.756032,51.2028454],[-115.7540586,51.2011917],[-115.7472246,51.195627],[-115.7452038,51.1942027],[-115.7380264,51.1894631],[-115.7328766,51.1860511],[-115.7270297,51.1821907],[-115.7209655,51.1779473],[-115.7201187,51.1773156],[-115.7176379,51.1754775],[-115.7160352,51.1742771],[-115.7150882,51.1736894],[-115.7143052,51.1733199],[-115.7133682,51.1730005],[-115.7124473,51.1727468],[-115.7073941,51.1715142],[-115.7025273,51.1703504],[-115.7006375,51.1698529],[-115.6994,51.1694325],[-115.6983585,51.1689768],[-115.6974093,51.1686158],[-115.6962668,51.1682324],[-115.6944409,51.1677123],[-115.6930443,51.1673924],[-115.6921057,51.1671947],[-115.6909822,51.1671182],[-115.6895043,51.1672235],[-115.6885547,51.1674081],[-115.6875296,51.1676985],[-115.6864267,51.1679487],[-115.685495,51.1679457],[-115.6845351,51.1678479],[-115.683585,51.1676853],[-115.6781867,51.1667431],[-115.6771297,51.1665995],[-115.676162,51.1665824],[-115.6750824,51.1667094],[-115.6741375,51.1669634],[-115.6716059,51.1678972],[-115.6655947,51.1701417],[-115.6644932,51.1704859],[-115.6633688,51.1706584],[-115.6619203,51.170597],[-115.6608244,51.1703789],[-115.6598668,51.1700283],[-115.6587685,51.1694729],[-115.6576325,51.1688937],[-115.6564678,51.1684603],[-115.6557621,51.1683611],[-115.6551178,51.1682992],[-115.6545928,51.1682748],[-115.6535427,51.1683323],[-115.6521314,51.1687069],[-115.6502489,51.169448],[-115.6480095,51.1703447],[-115.6451976,51.1714511],[-115.6442534,51.1717422],[-115.6434286,51.1719413],[-115.6424988,51.1721126],[-115.6413066,51.1722636],[-115.6401754,51.1723675],[-115.638545,51.1723906],[-115.6368496,51.1724117],[-115.6333669,51.1724456],[-115.6290378,51.1725142],[-115.6247667,51.172564],[-115.618861,51.1726503],[-115.6134981,51.1727061],[-115.6092411,51.1727678],[-115.6067162,51.1728096],[-115.6042006,51.1728391],[-115.6032273,51.1728976],[-115.602251,51.1730069],[-115.6012574,51.1731813],[-115.6003878,51.1733825],[-115.5981821,51.1739234],[-115.5959192,51.1745014],[-115.5933917,51.1751342],[-115.5908787,51.175789],[-115.5902309,51.1759504],[-115.5896615,51.1761199],[-115.5891676,51.176308],[-115.5885002,51.1766142],[-115.5878511,51.1769681],[-115.5872742,51.1773165],[-115.5866033,51.1777183],[-115.5859325,51.178111],[-115.5853315,51.1784427],[-115.5846709,51.1787591],[-115.5841479,51.1789785],[-115.5836315,51.1791793],[-115.5825151,51.1795843],[-115.5804154,51.1803576],[-115.5800785,51.1804819],[-115.5797015,51.1806234],[-115.5794194,51.1807227],[-115.5789479,51.1808822],[-115.5788449,51.1809257],[-115.5787308,51.1809775],[-115.5777126,51.1813511],[-115.5773255,51.1814943]]}}]}
