{"type":"FeatureCollection","metadata":{"name":"Inlandsbanan — Mora to Gällivare","preparedFor":"Rallii","source":"OpenStreetMap","sourceUrl":"https://www.openstreetmap.org/relation/71047","license":"ODbL","relationIds":[71047],"contributingWayIds":[582895726,231574623,41486677,69888383,69888387,8028827,231763862,231763860,231763857,38554041,892188111,231763859,892188112,892188115,8029103,666058363,666058370,8029104,8080002,8080411,891738323,17558682,231763863,143687004,233171541,8069010,8069011,8069012,891340780,8069441,891248689,8070270,8070555,233171542,891179091,233171543,233174923,233174917,233174907,233174899,233174920,233174897,233174925,233174901,233174914,233174911,233174904,239639148,456167560,456167564,30557629,233260054,233260053,233260056,233260050,233260048,91904642,456167559,354381348,233276095,233276088,233276093,850552537,10905802,233276080,233276087,233276084,11691469,233276089,233276079,233276090,233276083,233276092,233276094,233276085,238086595,233276077,233276078,849693104,11691840,849693107,11695596,11695600,757526489,849693110,11302062,11302065,233276081,10965823,1180185851,10965826,572726952,10969654,10969656,10969659,571643721,233279161,666050404,233306401,10906116,10906117,10906176,666049015,226254090,12542566,233306400,12546034,848782902,848782903,12714434,12717416,254742762,848315067,848315071,666047671,666047670,233306399,233317289,13077181,666046194,666046193,1333564427,318154474,193558291,846974180,233317291,13274405,666044854,666044853,13086436,74176027,13086438,13303474,888760050,13536142,204469825,666050782,846669594,13696156,846665660,846639139,204474772,231351078,231351066,924932419,59606000,13696162,231351075,231351073,13696164,13700267,845266627,845266625,231351069,231342793,13718752,13718753,13799608,231342783,242474213,13799606,231342782,843815046,231342792,13866070,231342788,13866242,14209207,14210357,14210356,578982545,665889225,231342786,231342781,586033722,231342791,231342794,14212579,259522635,1075209889,232184988,231342795,231342790,14330866,845038014,13856488,867480853,48572233,13856489,231342785,231342787,289000371,315041370,1078205373,327059651,198237905,198237907,198237910,162228011,1315645043,13710547],"preparedConnectorCount":1,"maximumPreparedConnectorKm":0.5,"coordinateCount":14127,"calculatedDistanceKm":1062.03,"orientation":"Mora to Gällivare","endpointSnapKm":[0.185,1.066]},"features":[{"type":"Feature","properties":{"name":"Inlandsbanan — Mora to Gällivare"},"geometry":{"type":"LineString","coordinates":[[14.5595625,61.008829],[14.5625856,61.0086895],[14.5634051,61.008613],[14.5706163,61.0081983],[14.5772161,61.0095421],[14.5810106,61.0134281],[14.5811333,61.0143692],[14.5811467,61.0148546],[14.5810922,61.0158682],[14.5810729,61.0160887],[14.5807489,61.0206678],[14.5807068,61.0212618],[14.5807189,61.0232272],[14.5807162,61.0234754],[14.580743,61.024038],[14.5808852,61.024524],[14.5812017,61.0251717],[14.5816214,61.0257531],[14.5833816,61.0280301],[14.5843881,61.0293296],[14.5872906,61.0330747],[14.5909256,61.0377745],[14.5934064,61.0409822],[14.5954013,61.0435678],[14.5957366,61.0440405],[14.5959639,61.0444388],[14.5960812,61.0446712],[14.5961966,61.0449537],[14.5966714,61.0462251],[14.5977637,61.0491496],[14.5978421,61.0493513],[14.5999609,61.0550477],[14.5999892,61.0551243],[14.6029926,61.0632342],[14.6032314,61.0638793],[14.606508,61.0727127],[14.6066961,61.0732176],[14.6068262,61.0736159],[14.6069066,61.0739584],[14.6069589,61.0743152],[14.6069901,61.0747101],[14.6071883,61.0780645],[14.6072325,61.0784767],[14.6073318,61.0787802],[14.6074364,61.0790799],[14.6077341,61.0796908],[14.6081378,61.08027],[14.6086527,61.0809866],[14.6090224,61.0815325],[14.6117447,61.0855544],[14.6124762,61.0866237],[14.6147942,61.0900567],[14.6158156,61.0915687],[14.6162038,61.0921191],[14.6164325,61.0924497],[14.6167919,61.0929547],[14.6172439,61.0935103],[14.6187507,61.0951513],[14.6191777,61.0956176],[14.6217056,61.0983786],[14.6230099,61.0998053],[14.62383,61.1006926],[14.6245314,61.1014583],[14.6250111,61.1020103],[14.6253763,61.1025186],[14.6255574,61.1027979],[14.6257907,61.1032321],[14.6259584,61.1036378],[14.6260965,61.1041051],[14.6261609,61.104438],[14.6262038,61.1047107],[14.6262252,61.1050253],[14.6262156,61.1055135],[14.6261704,61.1058683],[14.6261474,61.1059937],[14.6261045,61.1062144],[14.6260127,61.106517],[14.6259315,61.1067529],[14.625859,61.1069283],[14.6258242,61.107014],[14.6257082,61.1072489],[14.6255371,61.1075456],[14.624754,61.1087354],[14.6246803,61.1088539],[14.6244167,61.1092739],[14.6243448,61.1093829],[14.6226458,61.1118936],[14.6214992,61.1136063],[14.6213584,61.1138424],[14.6211766,61.1141832],[14.6210955,61.1143928],[14.6210671,61.1144737],[14.6210459,61.1145434],[14.6209969,61.1147248],[14.6209641,61.1149146],[14.620942,61.115131],[14.6209348,61.1153594],[14.620935,61.1153754],[14.6209319,61.115438],[14.6209598,61.1162749],[14.6210143,61.1170467],[14.6210181,61.1170928],[14.6210349,61.1172937],[14.6210589,61.1177192],[14.6211438,61.119135],[14.6211531,61.1193129],[14.6212331,61.1207219],[14.6212723,61.1214511],[14.6213222,61.1218761],[14.6213579,61.1221507],[14.6213697,61.1222601],[14.6213785,61.1223086],[14.6214482,61.1226276],[14.6215496,61.122936],[14.62164,61.1231764],[14.6217891,61.1234032],[14.6219022,61.1235664],[14.6220551,61.1237384],[14.6222167,61.123911],[14.6224634,61.1241328],[14.6227677,61.1243656],[14.6228096,61.1243986],[14.6238169,61.1251453],[14.6247426,61.1258248],[14.6255426,61.1263985],[14.6262977,61.1268932],[14.6272056,61.1274812],[14.6310386,61.1299713],[14.6315217,61.1302851],[14.6336104,61.1316462],[14.6337558,61.1317408],[14.6347146,61.1324117],[14.6359125,61.1332597],[14.6360052,61.1333342],[14.6404007,61.1368689],[14.6417297,61.137928],[14.6427503,61.138732],[14.6433997,61.1392659],[14.6458852,61.14131],[14.6522997,61.1467214],[14.6529548,61.147277],[14.6537546,61.1479352],[14.6552199,61.149179],[14.6557805,61.149676],[14.6563438,61.1502649],[14.6566482,61.1506169],[14.6568494,61.150956],[14.6569768,61.1512206],[14.6570532,61.1514853],[14.6571055,61.1517583],[14.6572745,61.152428],[14.6576259,61.1540644],[14.657701,61.1544481],[14.6577975,61.1548492],[14.6579115,61.1551837],[14.6580268,61.1554374],[14.6580439,61.1554729],[14.6581851,61.1557305],[14.6583621,61.1559692],[14.6585418,61.1561853],[14.6588181,61.1564751],[14.6591587,61.1567566],[14.659612,61.1570522],[14.6600291,61.1573071],[14.6611798,61.1580227],[14.6616331,61.1583358],[14.6620542,61.1586955],[14.6624136,61.1590681],[14.6627569,61.1595261],[14.6651119,61.16282],[14.6656276,61.1635646],[14.6675339,61.1663141],[14.6679255,61.1668147],[14.6682394,61.1671963],[14.6686202,61.167574],[14.6717826,61.1704182],[14.6724853,61.1711166],[14.673115,61.1717736],[14.6770477,61.175881],[14.6775681,61.17645],[14.6780294,61.1770008],[14.6783727,61.1775284],[14.6786892,61.1780702],[14.6788314,61.1785124],[14.6790299,61.1791486],[14.6791801,61.1796322],[14.6794457,61.1801417],[14.6795341,61.180302],[14.6798211,61.1807015],[14.6802288,61.1811062],[14.6878888,61.1881256],[14.6894114,61.1895214],[14.6904199,61.1904443],[14.6944056,61.1940769],[14.696591,61.1960596],[14.6974325,61.1968231],[14.6982264,61.1976398],[14.699015,61.1985211],[14.7040732,61.204288],[14.7067961,61.207391],[14.7069544,61.2075757],[14.7082458,61.2090613],[14.7091471,61.210067],[14.7101569,61.2112263],[14.7107175,61.2118799],[14.7109777,61.2121447],[14.7114226,61.21251],[14.7118467,61.2128461],[14.7122222,61.2130527],[14.7128874,61.2133395],[14.7135848,61.2136107],[14.7145343,61.2138535],[14.7156876,61.2140524],[14.7169322,61.2142203],[14.7182625,61.2143598],[14.7195125,61.2144554],[14.7210467,61.2145122],[14.7244102,61.214551],[14.7262394,61.2146646],[14.7277898,61.2148041],[14.7286308,61.2149266],[14.7292972,61.2150237],[14.7337174,61.2156617],[14.7375584,61.2162145],[14.7401547,61.2165632],[14.7427994,61.2168731],[14.7465062,61.2172942],[14.7465685,61.2173007],[14.7479331,61.2174465],[14.7491509,61.2175757],[14.7507441,61.2176842],[14.753437,61.2178004],[14.754585,61.2178598],[14.7559637,61.2179709],[14.7573262,61.2181284],[14.7586083,61.2183402],[14.7635677,61.2193514],[14.7644602,61.2195275],[14.7645226,61.2195399],[14.7655472,61.2197194],[14.7662044,61.2198201],[14.7671109,61.2199364],[14.7678646,61.2200138],[14.7689751,61.2201042],[14.7698414,61.2201611],[14.7709787,61.2202243],[14.7718397,61.2202876],[14.7726712,61.2203857],[14.7734249,61.2205071],[14.7743958,61.2207512],[14.7752327,61.2210327],[14.7765416,61.2214769],[14.777247,61.2217235],[14.7789931,61.2223511],[14.7797549,61.2226364],[14.7809626,61.2231952],[14.7823043,61.2238179],[14.7827013,61.2240025],[14.7831734,61.2241891],[14.7836387,61.2243537],[14.7841591,61.2245035],[14.7847384,61.2246636],[14.7854251,61.2248366],[14.7897622,61.2259173],[14.7912408,61.2262895],[14.7913407,61.2263188],[14.7920085,61.2265009],[14.7925436,61.2266939],[14.792887,61.2268172],[14.7933885,61.2270367],[14.794043,61.2273401],[14.7945714,61.2276112],[14.7950944,61.2279443],[14.7955102,61.2282477],[14.7957217,61.228439],[14.7958696,61.228573],[14.7961432,61.2288647],[14.796406,61.2292495],[14.7965884,61.229669],[14.7967064,61.2301492],[14.796752,61.2303326],[14.7967118,61.2307947],[14.7966421,61.2311019],[14.7964007,61.2315873],[14.7960144,61.232114],[14.7955477,61.2325838],[14.7949308,61.2330047],[14.7941476,61.2334409],[14.7932625,61.2338592],[14.7894323,61.2354984],[14.7887265,61.2358304],[14.788515,61.2359295],[14.7876674,61.2363657],[14.7869861,61.2367942],[14.7863477,61.237264],[14.7858537,61.2377639],[14.7852427,61.2385172],[14.7840571,61.2403588],[14.7831103,61.2419319],[14.7819333,61.24406],[14.7818524,61.2442095],[14.7816914,61.2445759],[14.7816217,61.2449295],[14.7815868,61.245283],[14.7816324,61.2463243],[14.7816056,61.2467733],[14.7815332,61.247141],[14.781383,61.2474881],[14.7812596,61.2477732],[14.7810799,61.248048],[14.7810329,61.2481241],[14.7807392,61.2484764],[14.7803771,61.2488763],[14.7799936,61.2492698],[14.779661,61.2495949],[14.7790763,61.2500632],[14.7786337,61.2503922],[14.7781241,61.2507444],[14.7776467,61.2510282],[14.7755315,61.2521481],[14.7753346,61.2522525],[14.774715,61.2526343],[14.7742161,61.2529633],[14.7735992,61.2534315],[14.7731298,61.2538147],[14.7728039,61.2541107],[14.7725371,61.2543713],[14.7718008,61.2552897],[14.7714615,61.2555831],[14.7708446,61.2560501],[14.7699594,61.2565376],[14.7691762,61.2570071],[14.7681999,61.2577062],[14.7675079,61.2582634],[14.7664887,61.2588438],[14.7652066,61.2593339],[14.7649752,61.2594064],[14.7628891,61.2600484],[14.7611037,61.2606167],[14.7593057,61.2612684],[14.7582275,61.2617198],[14.7571599,61.2622898],[14.7562641,61.2629062],[14.7553629,61.2635871],[14.7546387,61.2642577],[14.7530348,61.2659977],[14.7522622,61.2668366],[14.7514951,61.2676593],[14.7510552,61.2682369],[14.7507065,61.2687913],[14.7500306,61.2707021],[14.7499716,61.2714421],[14.7502184,61.2721202],[14.7506744,61.2728551],[14.7509426,61.2734713],[14.7509533,61.2743041],[14.750954,61.2746704],[14.750964,61.2748842],[14.7512162,61.2756422],[14.7518009,61.2770085],[14.7518706,61.2776298],[14.7516453,61.2797669],[14.751538,61.2803262],[14.7512805,61.2808959],[14.7506958,61.2815223],[14.7484337,61.2831749],[14.7482389,61.2833189],[14.7473538,61.2840173],[14.7467422,61.284739],[14.7460663,61.2854736],[14.7444946,61.2871153],[14.74314,61.2884489],[14.74222,61.2894797],[14.7407646,61.2913519],[14.7396371,61.292809],[14.7392723,61.2933166],[14.7388539,61.2937882],[14.7383818,61.2941927],[14.7360268,61.2961392],[14.7340044,61.2974918],[14.7334868,61.2979015],[14.7331488,61.2983072],[14.732894,61.2987529],[14.732776,61.2992244],[14.732765,61.2993532],[14.7327653,61.2994968],[14.7327787,61.2996301],[14.7329101,61.3000977],[14.7331622,61.3005266],[14.7346455,61.3028914],[14.7349405,61.3033692],[14.7351846,61.3038753],[14.7353268,61.3044304],[14.7353536,61.3049391],[14.7352999,61.3055109],[14.7346684,61.3081359],[14.7341144,61.3104249],[14.733924,61.3109258],[14.7335592,61.3115001],[14.7331032,61.3119778],[14.7318546,61.3130895],[14.7315998,61.3133612],[14.7313839,61.3136091],[14.731113,61.3140732],[14.7309802,61.3144337],[14.7309186,61.3147388],[14.7308502,61.3160823],[14.730826,61.3165039],[14.7307603,61.3167888],[14.7307375,61.3168721],[14.7305967,61.3172377],[14.7303794,61.3175956],[14.7301944,61.3178344],[14.7300307,61.3180268],[14.7298041,61.3182502],[14.7293146,61.318666],[14.7274759,61.3202158],[14.7248936,61.3223924],[14.7227848,61.3241577],[14.7223261,61.3246005],[14.7222054,61.3247234],[14.7211701,61.32578],[14.7198759,61.3272272],[14.7183967,61.3288815],[14.718056,61.3293307],[14.717769,61.3297849],[14.7176188,61.3301118],[14.717364,61.3306252],[14.7171789,61.3311914],[14.7166136,61.3332125],[14.7164427,61.3338375],[14.7159911,61.3353761],[14.7159022,61.3356568],[14.7157332,61.3359624],[14.7155723,61.3362249],[14.7151887,61.3366623],[14.7138154,61.3381547],[14.7133622,61.3386898],[14.7130027,61.3392109],[14.7127238,61.3397203],[14.7124891,61.3402522],[14.7120035,61.3418552],[14.7108355,61.3457672],[14.7106558,61.3463022],[14.7104171,61.3468386],[14.710173,61.3472398],[14.7096017,61.3480115],[14.7092879,61.3484462],[14.7089875,61.3490005],[14.7085234,61.3500628],[14.7084001,61.350464],[14.7083639,61.3506338],[14.7083276,61.3508691],[14.7083572,61.3512446],[14.708451,61.3516805],[14.7086066,61.3520869],[14.7088721,61.3524533],[14.7093388,61.3529536],[14.7099048,61.3534563],[14.7106397,61.353963],[14.7117797,61.3546779],[14.714832,61.3566053],[14.7154999,61.356982],[14.7161517,61.3572777],[14.716908,61.3575567],[14.7180611,61.3579436],[14.7197646,61.3585145],[14.7206899,61.3588578],[14.7215268,61.3592088],[14.7235572,61.3601742],[14.7243699,61.3605149],[14.7251075,61.3607579],[14.7259471,61.3609674],[14.7276235,61.3612464],[14.7286668,61.3614058],[14.7296298,61.3616192],[14.7304746,61.3618763],[14.7311854,61.3621797],[14.7318184,61.3625255],[14.7323093,61.3628919],[14.73267,61.3632389],[14.7329691,61.3635282],[14.7350398,61.3661247],[14.7354931,61.3665733],[14.7359276,61.3669486],[14.7364587,61.367257],[14.7371882,61.3676529],[14.7381404,61.3681066],[14.7389773,61.368514],[14.7398087,61.368942],[14.7411767,61.3697337],[14.7418714,61.3701411],[14.7424239,61.370429],[14.7428318,61.3706108],[14.7445804,61.3713903],[14.7451732,61.3717373],[14.7457364,61.3721344],[14.7461763,61.3725366],[14.7465599,61.3729992],[14.7468281,61.373458],[14.7469944,61.3739771],[14.7470427,61.3744012],[14.7470212,61.3749679],[14.746635,61.3789102],[14.7465116,61.3801485],[14.7465679,61.3807639],[14.7468227,61.3814229],[14.7469944,61.3817223],[14.7473055,61.3821308],[14.7477186,61.3825573],[14.7480887,61.3828721],[14.7491884,61.3836955],[14.7496585,61.3840684],[14.7501004,61.3845292],[14.75164,61.386614],[14.7520562,61.3872923],[14.75207,61.3873229],[14.7523206,61.3880167],[14.7526243,61.390877],[14.7526914,61.3914485],[14.7528309,61.3920496],[14.7530367,61.3926066],[14.753085,61.39272],[14.7540271,61.3947079],[14.7542524,61.3953038],[14.7543678,61.3957995],[14.7543865,61.3961577],[14.7543821,61.3962044],[14.75429,61.3966033],[14.7541317,61.3972672],[14.7518933,61.4051016],[14.751133,61.4077742],[14.7509721,61.408235],[14.7507361,61.408656],[14.7503713,61.4091451],[14.74866,61.4112918],[14.7471231,61.4132535],[14.7468625,61.4136358],[14.7467846,61.4137501],[14.7466886,61.4139081],[14.746356,61.414619],[14.7461629,61.415416],[14.745001,61.4226248],[14.7443926,61.4263877],[14.7441083,61.4286019],[14.743852,61.431585],[14.7437784,61.4323897],[14.743706,61.432845],[14.7436255,61.4332849],[14.7434307,61.4336297],[14.7431856,61.4340006],[14.7418338,61.4356384],[14.7414905,61.4360783],[14.7412008,61.4366041],[14.7410372,61.4371286],[14.740178,61.4403151],[14.7393125,61.4435465],[14.7392133,61.4440375],[14.7391516,61.444494],[14.7391677,61.4450357],[14.7398323,61.4492472],[14.7400716,61.4507475],[14.7400984,61.4512949],[14.7401172,61.4518499],[14.7400689,61.452328],[14.7399455,61.4527882],[14.7396693,61.4534836],[14.7385025,61.4554914],[14.7381806,61.4559669],[14.7377998,61.4564231],[14.7373438,61.456814],[14.7368583,61.4571498],[14.7360617,61.4575855],[14.7357321,61.4577317],[14.7354206,61.4578713],[14.7347179,61.4581238],[14.7338945,61.4583673],[14.7300723,61.4593413],[14.7292113,61.4595732],[14.7284979,61.4598205],[14.7276288,61.4601883],[14.7270066,61.4605177],[14.7264835,61.4608662],[14.7258478,61.4613814],[14.7254951,61.4617927],[14.7254194,61.4618927],[14.7252417,61.4621387],[14.7249627,61.4626666],[14.724732,61.4633791],[14.724829,61.4642019],[14.724834,61.4642555],[14.7251236,61.4650729],[14.7266673,61.4688486],[14.726745,61.4692003],[14.726741,61.4695737],[14.7267088,61.4700176],[14.7265841,61.4704763],[14.7264513,61.470842],[14.7261724,61.4712891],[14.7258988,61.471649],[14.7254442,61.4721108],[14.7246073,61.4729145],[14.7242787,61.4732374],[14.7228223,61.4746772],[14.72242,61.4750243],[14.7218996,61.4754163],[14.7213685,61.4757262],[14.7206819,61.4760362],[14.7199202,61.4762936],[14.7191316,61.4765101],[14.7182626,61.4766727],[14.717356,61.4767867],[14.7163475,61.4768469],[14.7154167,61.4768469],[14.7139442,61.4767714],[14.7129276,61.476763],[14.712131,61.4768034],[14.7113693,61.4768828],[14.7105297,61.4770198],[14.710211,61.4770856],[14.7098082,61.4771787],[14.7090036,61.4774041],[14.7077349,61.477819],[14.7071502,61.4780304],[14.7066459,61.4782494],[14.7059807,61.4786272],[14.7054309,61.4790255],[14.7050554,61.479379],[14.7047523,61.4798067],[14.7045618,61.4802357],[14.7044653,61.4806481],[14.7045082,61.481072],[14.7046423,61.4815496],[14.7049239,61.4819838],[14.7054979,61.4825728],[14.7063187,61.4832131],[14.7066727,61.4834577],[14.7071609,61.4838009],[14.7078127,61.4841107],[14.7083041,61.4843006],[14.7085744,61.4843963],[14.7093925,61.4846319],[14.7104251,61.484838],[14.7130001,61.4852824],[14.7139361,61.4854936],[14.7147059,61.4857177],[14.7154838,61.4860263],[14.7160846,61.4863323],[14.7168571,61.486879],[14.7179273,61.487783],[14.7185898,61.4882413],[14.7192147,61.4885768],[14.7203413,61.489094],[14.7213364,61.4895728],[14.7219104,61.4899505],[14.7219704,61.4900032],[14.7225407,61.4905573],[14.7229832,61.4912154],[14.7235572,61.4922037],[14.7239462,61.4927849],[14.7244102,61.4933238],[14.724901,61.4938282],[14.7255206,61.4943466],[14.7263816,61.4949137],[14.7272319,61.4952913],[14.7283879,61.4956676],[14.7295734,61.4958993],[14.7312726,61.4961796],[14.7317407,61.4962526],[14.7323549,61.4963364],[14.7328497,61.4963876],[14.7332275,61.4964108],[14.7334653,61.4964228],[14.7340366,61.496442],[14.7346549,61.4964305],[14.7351645,61.4963972],[14.7357747,61.4963441],[14.7368288,61.4962314],[14.7373357,61.4961911],[14.7379057,61.4961566],[14.7385347,61.496145],[14.7387122,61.4961437],[14.7390537,61.4961521],[14.7396465,61.4961943],[14.7402348,61.4962527],[14.740883,61.4963473],[14.7413912,61.4964318],[14.7419398,61.4965591],[14.7424789,61.4967038],[14.7437603,61.4970324],[14.7451577,61.4973853],[14.748705,61.4983085],[14.7493601,61.4984707],[14.7497316,61.4985545],[14.750154,61.4986377],[14.7505537,61.4987075],[14.7505728,61.4987106],[14.7509681,61.4987676],[14.7513476,61.4988259],[14.7518975,61.4988976],[14.7533244,61.499071],[14.7555902,61.4993474],[14.7556302,61.4993524],[14.7603437,61.4999349],[14.761009,61.5000313],[14.7617921,61.5001806],[14.7625145,61.500341],[14.7634524,61.5006234],[14.7656304,61.5013094],[14.7664726,61.5015871],[14.7670841,61.5018124],[14.7675911,61.5020107],[14.7678041,61.5021178],[14.7681811,61.5023127],[14.7687793,61.5026698],[14.7720516,61.5048517],[14.7726604,61.5052726],[14.7732559,61.5057154],[14.7738272,61.5062669],[14.7740927,61.5066776],[14.7742268,61.5070692],[14.77431,61.5075042],[14.7746694,61.5100606],[14.7746768,61.5101891],[14.7747029,61.5108804],[14.7746587,61.5115908],[14.7746131,61.511972],[14.774542,61.5122896],[14.7744361,61.5125656],[14.774251,61.5129175],[14.7740096,61.5133051],[14.7737816,61.5136339],[14.7735348,61.5139422],[14.7732237,61.514262],[14.7717619,61.5154645],[14.7714293,61.5157676],[14.7711986,61.516067],[14.7709975,61.5163548],[14.7708178,61.5166925],[14.7704154,61.5177158],[14.7702008,61.5182223],[14.7699568,61.5186853],[14.7699204,61.5187452],[14.7696483,61.5191969],[14.7694471,61.5195883],[14.7693425,61.5199541],[14.7693211,61.5203442],[14.7694525,61.5218304],[14.7694673,61.5221476],[14.7694324,61.5224852],[14.7693761,61.5227544],[14.7692581,61.5230684],[14.768959,61.5235608],[14.7684574,61.5241593],[14.7679451,61.5246324],[14.7672263,61.5252053],[14.7659656,61.526112],[14.7654855,61.5265199],[14.7651851,61.526869],[14.7649838,61.5271866],[14.7649303,61.5272769],[14.7646943,61.527791],[14.7633612,61.5313008],[14.7631466,61.5317585],[14.7621623,61.5334333],[14.7619209,61.5339102],[14.7618163,61.5342989],[14.7618028,61.5347731],[14.7619569,61.5360451],[14.7622079,61.5381147],[14.7623312,61.5385481],[14.7624814,61.5389111],[14.7627309,61.5393009],[14.7644395,61.5414208],[14.7656035,61.5428376],[14.7658557,61.5432095],[14.7660354,61.5435546],[14.7661936,61.5439572],[14.7663516,61.54473],[14.7665825,61.5458888],[14.7666295,61.5460409],[14.7671351,61.5485283],[14.7672558,61.5489769],[14.7674087,61.5493423],[14.7676715,61.5497384],[14.7680202,61.5501256],[14.7684011,61.5504246],[14.7689241,61.5507581],[14.7694847,61.551043],[14.7702277,61.5513433],[14.7708714,61.5515464],[14.7717029,61.5517432],[14.7725612,61.5518991],[14.7738496,61.5521001],[14.7769453,61.5525827],[14.7792962,61.5529672],[14.7799695,61.553095],[14.7806454,61.5532777],[14.781265,61.5534885],[14.7817799,61.5537185],[14.7823083,61.5539945],[14.7827724,61.5542602],[14.7831935,61.5546052],[14.7835663,61.5549501],[14.7837862,61.5552631],[14.7839338,61.5555391],[14.7840384,61.5558648],[14.7841349,61.5566416],[14.7841698,61.5569903],[14.7842824,61.5573557],[14.7844622,61.5576955],[14.7847143,61.5580289],[14.7849147,61.5582197],[14.7850522,61.5583342],[14.7864631,61.5594622],[14.7867635,61.5597751],[14.7869673,61.5600332],[14.7871444,61.5603768],[14.7872302,61.5606744],[14.7872677,61.5609771],[14.7872651,61.5612747],[14.7871819,61.5615954],[14.7870693,61.5618751],[14.7867501,61.5626044],[14.7866213,61.5629135],[14.786573,61.5631715],[14.7865596,61.5635138],[14.7865891,61.5637718],[14.7866696,61.5640145],[14.7867903,61.5642699],[14.7869915,61.5645892],[14.7878981,61.5656748],[14.7880751,61.5659813],[14.7882119,61.5663031],[14.7882655,61.5666288],[14.788264,61.5667536],[14.7882628,61.5669557],[14.7882119,61.5673044],[14.7874045,61.5708583],[14.7873268,61.5713192],[14.7873697,61.5717508],[14.7875415,61.572186],[14.7878632,61.5727519],[14.7882521,61.5733673],[14.7884506,61.5737721],[14.7885552,61.574127],[14.7885472,61.5745369],[14.7884613,61.5749046],[14.7883165,61.5752352],[14.7880815,61.5756468],[14.7879598,61.5758672],[14.7877291,61.5763243],[14.7876218,61.5767316],[14.7876084,61.5771184],[14.7877291,61.5775512],[14.7882065,61.5786146],[14.7884774,61.5792159],[14.788523,61.5796691],[14.7885257,61.5802154],[14.788108,61.5845808],[14.7878728,61.5870415],[14.7874045,61.5919522],[14.7873777,61.5923848],[14.7873884,61.5928302],[14.7874582,61.5933712],[14.7875105,61.593569],[14.7875816,61.5938331],[14.7877344,61.5942261],[14.7879678,61.5947084],[14.7881958,61.5950746],[14.788515,61.5955339],[14.7888851,61.5959862],[14.7909866,61.5981558],[14.7913863,61.5986132],[14.7916062,61.5989143],[14.791853,61.5992957],[14.792034,61.5996344],[14.7922164,61.6000694],[14.7928756,61.6021655],[14.7930573,61.6027426],[14.7931887,61.6030768],[14.7933631,61.6033963],[14.7935602,61.6036763],[14.7937976,61.6039742],[14.7941771,61.6043613],[14.7956845,61.6057],[14.7960922,61.6061151],[14.7963282,61.6064748],[14.7964597,61.6068785],[14.796516,61.6073064],[14.7964664,61.6077266],[14.7963926,61.6080174],[14.7961405,61.6088802],[14.7960734,61.6092399],[14.7960614,61.6096078],[14.7960708,61.6098457],[14.7961391,61.6105356],[14.7961661,61.6107814],[14.7961754,61.6108952],[14.796174,61.6112784],[14.7961432,61.6116311],[14.7958025,61.6133488],[14.7957663,61.6136363],[14.7957771,61.6139704],[14.7958495,61.6142758],[14.7959608,61.6145525],[14.7961338,61.6148471],[14.7965857,61.6154827],[14.7967775,61.6157804],[14.7969103,61.6161394],[14.7969908,61.6164747],[14.7970122,61.6168521],[14.7969049,61.6176375],[14.7969069,61.6179247],[14.7969693,61.6183617],[14.7971758,61.6188271],[14.797729,61.6196668],[14.7982004,61.6203825],[14.798466,61.6208299],[14.7986457,61.621359],[14.7987851,61.6220971],[14.7989032,61.6225076],[14.7991204,61.6228888],[14.7994879,61.6233401],[14.7999224,61.6237085],[14.8007458,61.6242515],[14.8045707,61.6265816],[14.8048791,61.6267766],[14.8051742,61.6269984],[14.805429,61.627217],[14.8056892,61.6275],[14.8057465,61.6275825],[14.8058514,61.6277415],[14.8060311,61.6280423],[14.8061411,61.6283297],[14.8061948,61.6286413],[14.8061974,61.6289268],[14.8061532,61.629197],[14.806058,61.6294749],[14.8059346,61.62974],[14.8054384,61.6306754],[14.8053512,61.630915],[14.8052922,61.6311253],[14.8052654,61.6313585],[14.8052305,61.6321315],[14.8051997,61.6324099],[14.8051366,61.6326871],[14.8050347,61.6329668],[14.8048563,61.6332918],[14.8046941,61.6335237],[14.8044392,61.6338187],[14.8040986,61.6341501],[14.8037137,61.6344533],[14.803188,61.634842],[14.8015787,61.6360086],[14.8014771,61.6360919],[14.8008639,61.6365951],[14.8003355,61.6371019],[14.7981445,61.6393168],[14.7979846,61.6394781],[14.7976365,61.6398338],[14.7959116,61.6415788],[14.795651,61.6418408],[14.7949281,61.642583],[14.7941927,61.6433254],[14.7938325,61.6436879],[14.7935384,61.6439913],[14.7933486,61.6441825],[14.7913796,61.6461677],[14.7908726,61.6466823],[14.7904703,61.6470696],[14.7898722,61.6476313],[14.7863692,61.6508257],[14.78594,61.6512167],[14.7856182,61.6515975],[14.7853661,61.6519669],[14.785196,61.6523217],[14.7851756,61.6523655],[14.7833759,61.658147],[14.7832471,61.6584487],[14.7830084,61.6588397],[14.7827214,61.6591771],[14.78237,61.6595412],[14.7819784,61.6598379],[14.7815359,61.6601142],[14.7802809,61.660847],[14.7771612,61.6626708],[14.7767159,61.6629687],[14.7762278,61.6633519],[14.775863,61.6636944],[14.7754607,61.6641629],[14.7752032,61.664541],[14.77501,61.6649318],[14.7747043,61.6660508],[14.774538,61.6665205],[14.7742349,61.6671239],[14.7739559,61.6674829],[14.7735107,61.6679411],[14.7725299,61.6688759],[14.7695021,61.6717632],[14.7686103,61.6726086],[14.7678003,61.6734263],[14.7646436,61.6770618],[14.7641283,61.6776552],[14.7637837,61.678044],[14.7633894,61.678462],[14.7629951,61.6788176],[14.7599749,61.6813498],[14.7590147,61.6821488],[14.758666,61.6824612],[14.758426,61.6827055],[14.7581537,61.683014],[14.7579271,61.6833359],[14.7567529,61.6852374],[14.7565471,61.6855693],[14.7563446,61.6858142],[14.756075,61.6860852],[14.7557585,61.6863625],[14.7554179,61.6865959],[14.7549109,61.6868714],[14.754526,61.6870488],[14.7529073,61.6877587],[14.7521891,61.6880769],[14.7516882,61.6883381],[14.751133,61.6886447],[14.7507003,61.6889446],[14.7501808,61.6894003],[14.7496068,61.6900007],[14.7477876,61.6919332],[14.7471157,61.692647],[14.7469804,61.6927906],[14.7463587,61.6934998],[14.7462169,61.6936888],[14.7461085,61.6938536],[14.746039,61.6940036],[14.7458732,61.6943863],[14.7455755,61.6953859],[14.7454105,61.6959735],[14.7452456,61.6965203],[14.7449934,61.6972262],[14.7447695,61.697663],[14.7431615,61.700212],[14.742189,61.7015725],[14.739798,61.7049178],[14.7394413,61.7053564],[14.7380573,61.7067918],[14.7378159,61.7070906],[14.7372016,61.7080606],[14.736861,61.7084178],[14.7363609,61.7088273],[14.7356988,61.7092293],[14.7350709,61.7095244],[14.7346774,61.7096726],[14.7343209,61.7098072],[14.733012,61.7102712],[14.7324005,61.7105344],[14.7318748,61.7108064],[14.7314134,61.7111051],[14.7309548,61.7114852],[14.7306517,61.711808],[14.7299919,61.7126571],[14.7296807,61.7130359],[14.7293267,61.7133613],[14.7287151,61.7137769],[14.7281116,61.714115],[14.7264728,61.7149272],[14.7258881,61.7153174],[14.7254616,61.7156809],[14.7250298,61.7162058],[14.7247159,61.7166722],[14.7245091,61.7170142],[14.7243056,61.7175225],[14.7241795,61.7179571],[14.7232904,61.7213145],[14.7232045,61.7217479],[14.7231871,61.7220833],[14.7232394,61.7225109],[14.7237074,61.7240236],[14.723855,61.7245814],[14.7239006,61.7248406],[14.7239113,61.7250553],[14.723871,61.7253488],[14.723804,61.7255788],[14.7237155,61.7257694],[14.7236027,61.7259528],[14.7235948,61.725965],[14.7230959,61.7265977],[14.7197109,61.7303214],[14.7195017,61.7305412],[14.7192952,61.7307546],[14.7189251,61.731095],[14.7185522,61.7313808],[14.7151728,61.7339869],[14.7130376,61.7356335],[14.7126527,61.7359263],[14.7123161,61.7362775],[14.7120653,61.7366128],[14.7119017,61.7368922],[14.7118038,61.737165],[14.711722,61.7376273],[14.7116411,61.7390451],[14.7115704,61.7403765],[14.7115409,61.7405962],[14.7115208,61.7407314],[14.7114551,61.7409207],[14.7113036,61.7412508],[14.7110488,61.7416115],[14.710719,61.7419709],[14.7102344,61.7424859],[14.7089606,61.7438439],[14.7087407,61.7441486],[14.7085395,61.7445575],[14.7084832,61.7449092],[14.7084054,61.7460799],[14.708325,61.746556],[14.7082123,61.7469039],[14.7079602,61.7473166],[14.7076705,61.7476454],[14.7073325,61.7479374],[14.7068068,61.7483158],[14.7063857,61.748557],[14.7041461,61.7495574],[14.7035587,61.7498507],[14.7029498,61.7502354],[14.7027569,61.750379],[14.7025073,61.7505908],[14.7021344,61.7510098],[14.7018447,61.7515049],[14.7017106,61.7518806],[14.7016838,61.7524252],[14.7017187,61.7543319],[14.701775,61.7548739],[14.701952,61.7554667],[14.7021478,61.7559325],[14.7024429,61.7564516],[14.7027862,61.7569187],[14.7037357,61.757844],[14.7042319,61.7583187],[14.7047308,61.7588099],[14.704951,61.7590076],[14.7050634,61.759117],[14.7053424,61.7594628],[14.7055422,61.7598214],[14.7057353,61.7603811],[14.7060263,61.7615461],[14.7061229,61.7620182],[14.706147,61.7624725],[14.7061282,61.7627377],[14.7060746,61.7629534],[14.7060075,61.7631362],[14.7059217,61.7633037],[14.7058305,61.7634636],[14.7056696,61.7636983],[14.7052592,61.7641254],[14.7047107,61.7645771],[14.7012613,61.7673726],[14.6972448,61.7706275],[14.6966386,61.7711333],[14.6960928,61.7717039],[14.695791,61.7720718],[14.6953163,61.7728603],[14.6939435,61.775603],[14.6933351,61.776819],[14.6932885,61.7769176],[14.6931168,61.7773197],[14.6930096,61.7776368],[14.6929304,61.7780262],[14.6928942,61.7783515],[14.6928607,61.7791519],[14.6927067,61.7845556],[14.6926346,61.7870663],[14.6925752,61.788399],[14.6924141,61.7925578],[14.6923658,61.7930244],[14.6922907,61.7935188],[14.6922797,61.7935664],[14.692221,61.7937876],[14.6921184,61.7940009],[14.6920198,61.7942135],[14.6919058,61.7944189],[14.6917677,61.7946255],[14.6916269,61.7948208],[14.6913801,61.7951497],[14.6910703,61.7954876],[14.6907391,61.7958184],[14.6902724,61.7962266],[14.690035,61.7964193],[14.6897882,61.7966025],[14.689182,61.7969971],[14.6871625,61.7983023],[14.6854247,61.7994468],[14.6848175,61.7998588],[14.6842502,61.800217],[14.6818146,61.8017877],[14.6800968,61.802862],[14.679334,61.8033255],[14.6764162,61.805154],[14.6752744,61.8058771],[14.6745589,61.8063266],[14.6638519,61.8131284],[14.6631614,61.8135612],[14.6564825,61.8178013],[14.6562194,61.8179728],[14.655236,61.8185935],[14.6545869,61.818995],[14.6539029,61.8193535],[14.6531707,61.8196866],[14.6523446,61.8200489],[14.6511708,61.8205587],[14.6480812,61.8219108],[14.6371699,61.8266595],[14.6231127,61.8327762],[14.6212551,61.8335839],[14.6201125,61.8340891],[14.6191603,61.8344892],[14.6179989,61.8348943],[14.6169126,61.8352336],[14.6160006,61.8354893],[14.6073702,61.8377999],[14.6056876,61.8382504],[14.6029276,61.8389935],[14.6019968,61.8392732],[14.6013236,61.8395416],[14.600637,61.8398897],[14.6000925,61.8402593],[14.5996875,61.8406201],[14.5993414,61.8409909],[14.5960437,61.8446164],[14.5946985,61.8460967],[14.5916167,61.8499634],[14.59001,61.8520013],[14.5895112,61.8527985],[14.5893845,61.8530601],[14.5890605,61.8537322],[14.5887119,61.8545268],[14.5881969,61.8553568],[14.5876765,61.8559438],[14.5869791,61.8565283],[14.5859438,61.8572419],[14.5816067,61.8602363],[14.580633,61.8608586],[14.5805184,61.8609121],[14.5795146,61.8613861],[14.5786053,61.8617858],[14.5758104,61.8629976],[14.5750219,61.8634176],[14.574759,61.8635693],[14.5744586,61.8637945],[14.5741475,61.8640778],[14.5739275,61.8643535],[14.573611,61.8648949],[14.5730692,61.8660939],[14.5728546,61.8664202],[14.5726025,61.8666934],[14.5716476,61.8674522],[14.5709771,61.8680011],[14.5705502,61.8683448],[14.5691693,61.869458],[14.5685738,61.8700473],[14.5682144,61.8706011],[14.5679891,61.8711449],[14.5663506,61.8770403],[14.5661598,61.8777198],[14.5630453,61.8858425],[14.5630391,61.8858588],[14.5626757,61.8867694],[14.5625603,61.8870525],[14.5623806,61.8873344],[14.5621768,61.8876213],[14.5617744,61.8881597],[14.5612863,61.8888257],[14.5609295,61.8893097],[14.560613,61.8897318],[14.5570924,61.8945047],[14.5560305,61.8959441],[14.5557019,61.8964658],[14.5554471,61.8968954],[14.5551816,61.8975789],[14.5540953,61.9023304],[14.5539826,61.9026917],[14.5538324,61.9030529],[14.5536534,61.9033417],[14.5533925,61.9036517],[14.5531404,61.9038879],[14.5528293,61.9041342],[14.5521802,61.9045309],[14.551295,61.9050109],[14.5430553,61.9092825],[14.5420897,61.9098433],[14.5414881,61.9102594],[14.5413226,61.9103863],[14.540931,61.9106945],[14.5405447,61.9110506],[14.5403141,61.9113007],[14.5400566,61.9116404],[14.5397508,61.9120357],[14.5389944,61.9130662],[14.538458,61.9137026],[14.5381388,61.914041],[14.5377257,61.9144085],[14.5372966,61.9147545],[14.5367789,61.9151384],[14.5362022,61.9155462],[14.5325223,61.9181836],[14.531613,61.9188354],[14.5277506,61.9216028],[14.5230406,61.924986],[14.5225605,61.9253142],[14.5223111,61.9255124],[14.5220751,61.9257485],[14.5218283,61.9260805],[14.5216539,61.926367],[14.5215225,61.9267065],[14.5214689,61.9273149],[14.5214903,61.9280672],[14.5216083,61.9287867],[14.5218417,61.9293761],[14.5223111,61.9303214],[14.5223808,61.9310181],[14.5222735,61.9315557],[14.5220375,61.9323205],[14.5217103,61.9329793],[14.521147,61.933792],[14.520664,61.9345711],[14.5204604,61.9349],[14.5203504,61.9350981],[14.5202351,61.9353593],[14.5201921,61.9356457],[14.5201868,61.9358716],[14.5202324,61.9361732],[14.5203048,61.9364445],[14.5204309,61.9367082],[14.5205677,61.9369442],[14.520742,61.9371637],[14.52097,61.9374111],[14.5212623,61.9376622],[14.5214796,61.93783],[14.5224559,61.9386426],[14.5226651,61.9389176],[14.5228153,61.9391397],[14.5229548,61.939387],[14.5230728,61.9396848],[14.5230997,61.9400506],[14.5230943,61.9403484],[14.5230353,61.9406411],[14.5229495,61.9409212],[14.5223862,61.9420415],[14.5223084,61.942251],[14.5222628,61.9424869],[14.5222735,61.9427253],[14.5222977,61.9429448],[14.5223507,61.9432186],[14.5224023,61.9434861],[14.5230138,61.9463206],[14.5229924,61.9468479],[14.52281,61.947408],[14.5224613,61.9479226],[14.5215064,61.9487576],[14.5205408,61.9496204],[14.5189154,61.9510431],[14.5184702,61.9514139],[14.5183092,61.951535],[14.518082,61.9516751],[14.5175904,61.951926],[14.5171827,61.9521252],[14.5167214,61.9523043],[14.515568,61.9526398],[14.5133525,61.9531922],[14.512403,61.9534873],[14.5115393,61.9538202],[14.5107454,61.9542011],[14.50993,61.9546728],[14.5092219,61.9551948],[14.5084709,61.9558304],[14.5080042,61.9563147],[14.5061533,61.9583425],[14.5051128,61.9594822],[14.5042813,61.9601984],[14.5033371,61.9608338],[14.5026559,61.9613104],[14.5021194,61.9618097],[14.5017064,61.9623695],[14.501422,61.9628511],[14.5009714,61.9637109],[14.5005959,61.9642152],[14.5001185,61.9647422],[14.4995445,61.9652414],[14.4991636,61.9655465],[14.4988096,61.9658339],[14.4984582,61.9660999],[14.4981122,61.966376],[14.498038,61.9664347],[14.4976149,61.966771],[14.4974048,61.9669269],[14.4967014,61.9674324],[14.4962212,61.967721],[14.4956177,61.968016],[14.4948989,61.9682933],[14.4940674,61.9685341],[14.4932011,61.9687244],[14.4906396,61.9691643],[14.4892555,61.969424],[14.48864,61.9695778],[14.4880485,61.9697492],[14.4869569,61.9701525],[14.4829649,61.9716777],[14.4823891,61.9718982],[14.4815174,61.9722473],[14.4806524,61.9726387],[14.4794011,61.9732833],[14.4697677,61.9782226],[14.4651827,61.9805735],[14.4644076,61.9810069],[14.4637769,61.9814078],[14.4629384,61.9819621],[14.4581139,61.9853615],[14.4534722,61.9886328],[14.4530269,61.988959],[14.4526622,61.9892475],[14.4517623,61.990094],[14.4516496,61.9902092],[14.4512567,61.9906356],[14.4504735,61.9913674],[14.4493354,61.9924971],[14.4486267,61.9931811],[14.4485664,61.9932404],[14.4478261,61.9939507],[14.446941,61.9946207],[14.4461203,61.9952404],[14.4455087,61.9957618],[14.4450085,61.9963348],[14.4421077,61.9999213],[14.4409449,62.0014172],[14.4405574,62.0019171],[14.4398546,62.0028375],[14.4394711,62.0033676],[14.439058,62.0038712],[14.438712,62.0042149],[14.4382104,62.0046518],[14.4377786,62.0049615],[14.4372851,62.0052492],[14.4366762,62.0055772],[14.4360057,62.0058749],[14.4351567,62.0062281],[14.4297616,62.0084727],[14.4283549,62.0090604],[14.4275647,62.0094143],[14.427039,62.0097077],[14.4265911,62.0100123],[14.4261298,62.0103824],[14.4257811,62.0107197],[14.4254753,62.0111301],[14.4252634,62.0115014],[14.4250944,62.0119621],[14.4250408,62.0123863],[14.4250837,62.0128407],[14.4251776,62.013207],[14.4253412,62.0135556],[14.4255933,62.0139445],[14.4261324,62.0146292],[14.426347,62.0149175],[14.4266126,62.0153064],[14.4268137,62.0156751],[14.4269666,62.0161043],[14.4270443,62.0165965],[14.4270551,62.0166933],[14.4270498,62.0169576],[14.4270068,62.0172231],[14.4269559,62.0174119],[14.4268888,62.017607],[14.4266582,62.0181343],[14.4262853,62.0186956],[14.4258562,62.0192027],[14.4236004,62.0218642],[14.4232035,62.0222719],[14.422659,62.0227865],[14.4218034,62.0234647],[14.4209826,62.0240485],[14.420135,62.0245619],[14.4197009,62.0247923],[14.4192231,62.0250463],[14.4183755,62.0254514],[14.4175628,62.0257899],[14.4167447,62.0261119],[14.4123217,62.0277815],[14.4116592,62.0280331],[14.411045,62.0282369],[14.4101689,62.028469],[14.4089975,62.0286935],[14.407829,62.0288017],[14.4071612,62.0288294],[14.4063055,62.0288193],[14.4056216,62.0288017],[14.4034914,62.0287108],[14.3978083,62.0284684],[14.3968776,62.0284143],[14.396089,62.0283388],[14.3952119,62.028213],[14.3943375,62.028067],[14.3906482,62.0274028],[14.3899119,62.0272889],[14.3891703,62.0272109],[14.3886197,62.0271746],[14.3881778,62.0271512],[14.3874094,62.0271379],[14.3866932,62.0271556],[14.3851832,62.0272373],[14.3847798,62.0272615],[14.3844925,62.0272788],[14.3837214,62.0273072],[14.3832815,62.0273065],[14.3824379,62.0272625],[14.3814434,62.0271524],[14.3765441,62.0265888],[14.3764321,62.0265752],[14.3763201,62.0265615],[14.3746134,62.0263961],[14.3734981,62.0263252],[14.3727645,62.0262956],[14.3720967,62.0262849],[14.3712786,62.0262818],[14.3705785,62.0262944],[14.3698144,62.0263188],[14.3686567,62.0263862],[14.3672231,62.0265221],[14.365878,62.0266669],[14.3644765,62.0268178],[14.3615552,62.0271263],[14.3548326,62.0295195],[14.3522148,62.03238],[14.3519423,62.0352895],[14.3516834,62.0385901],[14.3515602,62.0404156],[14.3515483,62.0408429],[14.3515496,62.0410097],[14.3515885,62.0412373],[14.351614,62.0413505],[14.3516529,62.0414636],[14.3517548,62.0416636],[14.3518782,62.041851],[14.3519398,62.0419295],[14.3522403,62.0423125],[14.3523717,62.0424483],[14.3525125,62.0425772],[14.3527848,62.0427828],[14.3528001,62.042796],[14.3530342,62.0429607],[14.3532836,62.043116],[14.353631,62.0432958],[14.3539757,62.0434587],[14.3545433,62.0436804],[14.3549614,62.0438233],[14.3553476,62.043934],[14.3558519,62.0440584],[14.3561632,62.044122],[14.356619,62.0442118],[14.3573445,62.0443043],[14.3574992,62.0443183],[14.3580526,62.0443684],[14.3587956,62.0444023],[14.3595552,62.044426],[14.3662917,62.0445869],[14.368354,62.0446361],[14.3703836,62.0446854],[14.3742071,62.0447759],[14.3753189,62.0448025],[14.3769649,62.0448418],[14.3854126,62.0450435],[14.3937595,62.0452429],[14.4039502,62.0454864],[14.4045302,62.0455003],[14.4050409,62.0455102],[14.4078344,62.0455692],[14.4232613,62.0459332],[14.423578,62.0459402],[14.4306694,62.0461027],[14.4344459,62.0461893],[14.4426587,62.0463703],[14.4464414,62.0464543],[14.452056,62.0465838],[14.4538423,62.0466228],[14.4552854,62.0466178],[14.4565755,62.0465222],[14.4574767,62.0464116],[14.4594374,62.0462003],[14.4606444,62.0461098],[14.4616493,62.0460784],[14.4617549,62.0460759],[14.4629189,62.0460859],[14.4641581,62.0461563],[14.4654375,62.046277],[14.4663186,62.0463858],[14.4667733,62.0464468],[14.4723549,62.0471496],[14.4802155,62.0481399],[14.494282,62.0499117],[14.4957921,62.0501216],[14.4970661,62.050353],[14.4982517,62.0505931],[14.4985657,62.0506584],[14.5004605,62.0510526],[14.5027073,62.0515301],[14.5060556,62.052216],[14.5073605,62.0524825],[14.5085165,62.0526861],[14.5095035,62.0528319],[14.5107615,62.0529677],[14.5120034,62.0530544],[14.5166574,62.053366],[14.5350353,62.0545969],[14.5356167,62.0546363],[14.5372389,62.0547463],[14.5384781,62.0548475],[14.539559,62.0549343],[14.5406225,62.0550348],[14.5424518,62.0552252],[14.5445654,62.0554829],[14.5464563,62.0557557],[14.5488113,62.0561227],[14.5540753,62.0569479],[14.5709386,62.0595915],[14.5717632,62.0597078],[14.5722508,62.0597825],[14.5745765,62.0601388],[14.5790252,62.0608588],[14.5823765,62.0613736],[14.5833743,62.0615407],[14.5840394,62.0616764],[14.5848253,62.0618963],[14.5855361,62.0621125],[14.5863381,62.0624417],[14.5873708,62.0628853],[14.5891322,62.0636737],[14.5915231,62.064744],[14.592644,62.0652452],[14.5933011,62.0655945],[14.5938992,62.0659676],[14.5947058,62.0664757],[14.595061,62.066695],[14.5955542,62.0669929],[14.5960732,62.0672807],[14.596442,62.0674402],[14.5968194,62.0675944],[14.5971796,62.0677292],[14.5975541,62.0678471],[14.5979199,62.0679503],[14.5982793,62.068037],[14.5987701,62.0681325],[14.5992798,62.0682179],[14.5997357,62.068282],[14.6002159,62.0683354],[14.6006343,62.0683675],[14.601054,62.0683838],[14.6014631,62.0683901],[14.60186,62.0683888],[14.602257,62.0683788],[14.6026553,62.0683605],[14.6030322,62.0683298],[14.603405,62.0682908],[14.6040994,62.0681907],[14.6042539,62.0681683],[14.6050908,62.0680213],[14.6116595,62.0667636],[14.6131441,62.0664325],[14.6142116,62.0661536],[14.6163198,62.065514],[14.6172076,62.0652791],[14.6177334,62.0651559],[14.6182913,62.0650479],[14.6188706,62.0649624],[14.6194768,62.0648883],[14.6201044,62.0648242],[14.6207374,62.0647639],[14.6211693,62.0647268],[14.6216088,62.0646982],[14.6217379,62.0646922],[14.6220799,62.0646822],[14.6224219,62.0646759],[14.6230844,62.0646797],[14.6236476,62.0647111],[14.6241975,62.0647576],[14.6247393,62.0648267],[14.625273,62.0649097],[14.6256888,62.0649964],[14.6261018,62.0650944],[14.6265712,62.0652188],[14.6270433,62.0653695],[14.6274993,62.0655467],[14.6279553,62.0657478],[14.6282262,62.0658923],[14.6285051,62.0660443],[14.6287867,62.066224],[14.6290496,62.0664099],[14.6293098,62.0666348],[14.6295324,62.066866],[14.6297309,62.067106],[14.6298972,62.0673535],[14.6300179,62.0675973],[14.6301091,62.0678486],[14.6301278,62.068076],[14.6301225,62.0683059],[14.6299361,62.0695987],[14.6299428,62.0698625],[14.6300071,62.0701389],[14.6300822,62.0704404],[14.6302056,62.0706917],[14.6303612,62.0709078],[14.6305509,62.0711314],[14.6306884,62.0712972],[14.6328825,62.0736011],[14.6335584,62.0742594],[14.6339339,62.0745684],[14.6343362,62.0748472],[14.6347332,62.0750733],[14.6351784,62.0752718],[14.635613,62.0754678],[14.636085,62.0756386],[14.6365732,62.0757868],[14.6370721,62.0759049],[14.6379867,62.0760996],[14.6393895,62.0763784],[14.6398194,62.0764722],[14.6403712,62.0766309],[14.6408972,62.0768028],[14.6414441,62.0770165],[14.6419778,62.0772444],[14.6423292,62.0774222],[14.6426717,62.0775981],[14.6427369,62.0776332],[14.643091,62.0778492],[14.6434289,62.0780728],[14.643681,62.0782738],[14.643901,62.0784797],[14.6444213,62.0791102],[14.6447378,62.0797734],[14.644875,62.0802583],[14.6447861,62.0810293],[14.6445501,62.0822512],[14.6444052,62.082687],[14.6442068,62.0830486],[14.6439546,62.0833664],[14.6436676,62.0836866],[14.6433082,62.0839905],[14.6428093,62.0843747],[14.6414778,62.0853528],[14.6410096,62.0857321],[14.6408483,62.0858822],[14.6406502,62.0860925],[14.6403444,62.0865332],[14.6401164,62.087028],[14.6399742,62.0874787],[14.6398669,62.0878994],[14.639824,62.0883489],[14.6398267,62.088767],[14.6398857,62.0891675],[14.639985,62.0895102],[14.6402317,62.0899095],[14.6409506,62.0910444],[14.6411034,62.0914487],[14.6411598,62.0918642],[14.6411169,62.0923074],[14.6410015,62.0927317],[14.6408419,62.0932113],[14.6404624,62.0942595],[14.6403605,62.0946643],[14.6403558,62.0946903],[14.6403122,62.0949756],[14.6403229,62.095297],[14.640386,62.0956271],[14.6405093,62.0959309],[14.6406703,62.0962108],[14.6408956,62.0964882],[14.6411329,62.09676],[14.6412617,62.096888],[14.6427758,62.0985449],[14.6429783,62.0988618],[14.6431231,62.0991938],[14.643264,62.0995979],[14.6432948,62.0999324],[14.6432827,62.1002719],[14.643221,62.100612],[14.6431084,62.1009628],[14.6427342,62.1021607],[14.6426699,62.1025234],[14.6426913,62.1029288],[14.6427289,62.1033529],[14.6427347,62.1033951],[14.6429354,62.1048563],[14.6430346,62.105278],[14.6431768,62.1056143],[14.6434504,62.1059995],[14.6437588,62.1063484],[14.6452448,62.1079582],[14.6477419,62.111238],[14.6480691,62.1116345],[14.6483256,62.1119038],[14.6483856,62.1119669],[14.6488228,62.1123069],[14.6494585,62.1126833],[14.6500567,62.112958],[14.6508056,62.113225],[14.6515131,62.1134348],[14.6540317,62.1139868],[14.664526,62.1162223],[14.6645996,62.1162385],[14.6713588,62.1178052],[14.6723887,62.1180624],[14.673357,62.1183458],[14.6742421,62.1186456],[14.675083,62.1189554],[14.6757804,62.1192383],[14.6764456,62.1195519],[14.6769243,62.1198146],[14.6774755,62.120147],[14.6780227,62.1205283],[14.6787047,62.1210654],[14.6794737,62.1216407],[14.6800096,62.1220415],[14.6819454,62.1235001],[14.6861806,62.1267148],[14.6868123,62.1272484],[14.6872848,62.1277497],[14.6878678,62.1283575],[14.6881789,62.1288189],[14.6884122,62.1292503],[14.6885224,62.1295029],[14.6893832,62.131472],[14.6895736,62.1318783],[14.689807,62.1322845],[14.6902254,62.1327509],[14.6907431,62.1331508],[14.6912661,62.1334642],[14.6919635,62.1337977],[14.6927145,62.1340773],[14.6934897,62.1342854],[14.6944606,62.1344872],[14.6954101,62.1346088],[14.6961531,62.134669],[14.7005821,62.1350351],[14.7006699,62.1350426],[14.7017616,62.1351416],[14.7027326,62.135257],[14.7036499,62.1354225],[14.7044089,62.1356205],[14.7051626,62.1358587],[14.7104895,62.1377942],[14.7113129,62.1381176],[14.7120532,62.1384711],[14.7126889,62.1388296],[14.7131878,62.1391517],[14.7136706,62.1395027],[14.7141722,62.1399652],[14.7148231,62.1405866],[14.7155294,62.1412625],[14.7160336,62.1416987],[14.7166344,62.1420634],[14.7172406,62.142363],[14.717946,62.1426412],[14.7186273,62.1428705],[14.7193354,62.1430673],[14.721677,62.1437002],[14.7224656,62.1438807],[14.7233534,62.1440173],[14.7243082,62.1441088],[14.7252309,62.1441389],[14.7259927,62.1441213],[14.7268161,62.1440612],[14.7276825,62.1439684],[14.7307175,62.1435829],[14.7311452,62.1435285],[14.7324568,62.1433593],[14.7331461,62.1432791],[14.7341379,62.143208],[14.7347977,62.1431637],[14.7352813,62.1431269],[14.7365405,62.1430235],[14.7374779,62.1428774],[14.7382852,62.1426976],[14.7389826,62.1424952],[14.7396545,62.1422464],[14.7421664,62.1412493],[14.7428557,62.1409993],[14.7436564,62.1407887],[14.7444718,62.1406233],[14.7453059,62.1405067],[14.7460301,62.1404321],[14.746749,62.1404052],[14.7474852,62.1404039],[14.7480809,62.140434],[14.7482148,62.1404415],[14.7489014,62.1405042],[14.7502318,62.1407035],[14.7516265,62.1409216],[14.752568,62.1410432],[14.7534062,62.1411491],[14.7538622,62.1411904],[14.7543101,62.1412312],[14.7551496,62.1412882],[14.7559194,62.1413252],[14.7566758,62.1413509],[14.7589838,62.1414142],[14.7622132,62.141463],[14.7634605,62.1415245],[14.7645092,62.1416548],[14.7654775,62.1418428],[14.7664216,62.142101],[14.7666666,62.1421734],[14.7697315,62.1430799],[14.7705147,62.1433806],[14.7711074,62.1436827],[14.7717163,62.1440649],[14.7722635,62.1445036],[14.7726551,62.1449422],[14.7729179,62.1453357],[14.7730494,62.1457605],[14.7731137,62.1461804],[14.7730735,62.1466541],[14.7729823,62.1470413],[14.7720946,62.1498047],[14.7719751,62.1501777],[14.7718933,62.1505749],[14.7718933,62.1510122],[14.772006,62.151427],[14.7722259,62.151853],[14.772475,62.1521278],[14.7728884,62.1525371],[14.773441,62.1529505],[14.7739479,62.1532211],[14.7759622,62.1543224],[14.7765174,62.154722],[14.7769654,62.1551229],[14.7773811,62.1555927],[14.7785237,62.157061],[14.7789851,62.1575646],[14.7792855,62.1578241],[14.7794867,62.157978],[14.7800016,62.1583074],[14.7806963,62.1586369],[14.7812113,62.1588373],[14.7819248,62.159064],[14.782767,62.1592707],[14.7844444,62.1596139],[14.7851917,62.1598081],[14.7859696,62.1600586],[14.7865838,62.1603141],[14.7871819,62.1606173],[14.7876969,62.160983],[14.7881368,62.161365],[14.7884667,62.1617533],[14.7886813,62.1621629],[14.7892298,62.1636139],[14.7894698,62.1642783],[14.7896772,62.1646605],[14.7897354,62.1647718],[14.7900653,62.1651575],[14.7904757,62.1655345],[14.7910604,62.1659189],[14.7916344,62.166227],[14.7923425,62.1665201],[14.7931311,62.1667718],[14.7940001,62.1669697],[14.7948557,62.1671099],[14.7958133,62.1672151],[14.7968942,62.1672602],[14.7980019,62.1672301],[14.7989032,62.1671475],[14.79985,62.1670197],[14.8034871,62.16649],[14.8044714,62.1662921],[14.805378,62.1660592],[14.8057859,62.1659599],[14.8071134,62.1656372],[14.8079154,62.1654706],[14.808704,62.1653591],[14.8096266,62.1652903],[14.8106781,62.1652802],[14.8116946,62.1653166],[14.8147443,62.1654919],[14.8158413,62.1655382],[14.8167855,62.1655395],[14.8176438,62.1654894],[14.8184136,62.1654055],[14.8192638,62.1652627],[14.8201624,62.1650498],[14.8208544,62.1648469],[14.8227507,62.1642796],[14.8236278,62.1640704],[14.8238326,62.1640359],[14.8246336,62.1639051],[14.8255885,62.1638149],[14.8264843,62.1637886],[14.8273855,62.1638036],[14.8315269,62.1640341],[14.8325327,62.164128],[14.8335117,62.1642683],[14.8345041,62.1644712],[14.835349,62.1646841],[14.8360893,62.1649396],[14.8367518,62.1652013],[14.8410073,62.1668285],[14.8457774,62.1686527],[14.8465285,62.1689833],[14.8471266,62.1693089],[14.8476604,62.1696971],[14.8480949,62.1700802],[14.8483872,62.1705285],[14.8485884,62.1709505],[14.8486635,62.1713687],[14.8486474,62.1718007],[14.8484918,62.1722552],[14.8482156,62.1726409],[14.847883,62.173039],[14.8474297,62.1733933],[14.8470166,62.1736725],[14.8464829,62.173973],[14.8463617,62.1740352],[14.8449299,62.1747718],[14.8446295,62.1749815],[14.8443478,62.1751962],[14.8441266,62.1753972],[14.8439267,62.1756019],[14.8437832,62.1757834],[14.8436585,62.1759662],[14.8435257,62.1762084],[14.8434117,62.1764544],[14.8433594,62.1766673],[14.8433286,62.1768801],[14.8433299,62.1770754],[14.8433527,62.1772669],[14.8434131,62.1774967],[14.8435029,62.1777226],[14.8436102,62.177926],[14.843739,62.178127],[14.8439093,62.1783304],[14.844093,62.1785301],[14.8443063,62.1787285],[14.844549,62.1789194],[14.8448025,62.1790859],[14.8450693,62.1792411],[14.8453577,62.1793963],[14.8456648,62.1795453],[14.845992,62.1796849],[14.846338,62.1798182],[14.8479849,62.180439],[14.8496532,62.18113],[14.8500882,62.1813194],[14.852404,62.1823308],[14.8530731,62.1826433],[14.8537543,62.1830025],[14.8540843,62.1831884],[14.8544061,62.1833793],[14.854736,62.1835902],[14.8550472,62.1838011],[14.8553261,62.1839907],[14.8555943,62.1841816],[14.8557915,62.1843462],[14.8559779,62.1845157],[14.8566028,62.1850915],[14.8569596,62.1854657],[14.8572493,62.1858399],[14.8575094,62.1861878],[14.8577884,62.1866346],[14.8591558,62.1889845],[14.8603445,62.1910271],[14.8605457,62.19143],[14.8607147,62.1918304],[14.8607522,62.1920206],[14.860763,62.1922133],[14.8607549,62.1924435],[14.8607174,62.1926712],[14.8606582,62.1928609],[14.8605457,62.1931154],[14.8604116,62.1933194],[14.8602614,62.1935208],[14.8600817,62.1937198],[14.8598751,62.1939125],[14.8593897,62.1942966],[14.8589967,62.1945887],[14.8555008,62.1972149],[14.8521182,62.19977],[14.85163,62.2001553],[14.8513149,62.2004011],[14.8510265,62.2006519],[14.8507999,62.2008783],[14.8505974,62.2011085],[14.8504943,62.2012508],[14.8501816,62.2017952],[14.8496881,62.2026746],[14.8492509,62.2033388],[14.8490524,62.2035964],[14.8488352,62.2038453],[14.8482853,62.2044094],[14.8477757,62.204891],[14.8473933,62.2052459],[14.8456809,62.2068371],[14.8453483,62.2071535],[14.8450479,62.2074724],[14.8448628,62.2077063],[14.8447099,62.2079426],[14.8443666,62.2085317],[14.8442641,62.2087132],[14.8440716,62.2090669],[14.8437256,62.2096972],[14.8435432,62.2100624],[14.8434305,62.210315],[14.8433447,62.2105676],[14.8432937,62.2108289],[14.8432749,62.211089],[14.8432749,62.2113216],[14.8433071,62.211553],[14.8433554,62.2118005],[14.8434332,62.2120469],[14.8436183,62.2124783],[14.8442528,62.2137742],[14.8443881,62.2140525],[14.8451556,62.21555],[14.8452893,62.2158405],[14.8453751,62.2161337],[14.8454073,62.2164444],[14.8453993,62.216752],[14.8453644,62.2169307],[14.8453056,62.2171083],[14.8451167,62.2175806],[14.8448896,62.2179522],[14.8446321,62.218281],[14.8442271,62.218696],[14.8431744,62.219693],[14.8430322,62.2198343],[14.8405883,62.2221632],[14.8370321,62.2255518],[14.8366968,62.2258668],[14.8363495,62.2261755],[14.8362797,62.2262299],[14.8358533,62.2265648],[14.8354241,62.2268598],[14.8348582,62.2272091],[14.8341675,62.2276119],[14.833973,62.2277128],[14.8334956,62.2279596],[14.8331,62.2281415],[14.8324791,62.2284083],[14.831838,62.228667],[14.831319,62.2288732],[14.8297175,62.2294729],[14.8251539,62.2311833],[14.823206,62.2319189],[14.8221003,62.2323517],[14.8216242,62.2325735],[14.8212004,62.2328022],[14.8210381,62.2328959],[14.8207605,62.233094],[14.8205821,62.2332377],[14.8203817,62.2334162],[14.8201422,62.23366],[14.819984,62.2338649],[14.8198244,62.2341298],[14.8196527,62.2344766],[14.8188612,62.2364301],[14.8178583,62.2389071],[14.8176706,62.2393593],[14.8175204,62.2397866],[14.8174024,62.2402613],[14.8173433,62.240746],[14.8173702,62.2412257],[14.8174614,62.2417129],[14.8175794,62.2421127],[14.8177564,62.2425049],[14.8179549,62.2428647],[14.818207,62.2432344],[14.8184833,62.2435717],[14.8188013,62.2439019],[14.8188615,62.2439614],[14.8192906,62.2443412],[14.8197466,62.2447134],[14.8202289,62.245082],[14.8215442,62.2460889],[14.8222,62.2466083],[14.8227528,62.2471667],[14.8231569,62.2477717],[14.8233127,62.248399],[14.8231861,62.2492119],[14.8229384,62.2498168],[14.8215491,62.2527365],[14.8212004,62.2533634],[14.8210217,62.2535954],[14.8206586,62.2540677],[14.8188583,62.256075],[14.8183385,62.2565825],[14.8177832,62.2570469],[14.8174319,62.2572979],[14.8120219,62.2609585],[14.8114513,62.2613516],[14.8090178,62.2630283],[14.8083311,62.2635813],[14.8078993,62.2640519],[14.8074943,62.26452],[14.8069689,62.2651601],[14.8054062,62.2669665],[14.8037955,62.2688437],[14.8032486,62.269465],[14.8030177,62.2697274],[14.8026127,62.2702366],[14.8022854,62.2707458],[14.802044,62.2712986],[14.8018509,62.2718303],[14.8012394,62.2734214],[14.8008585,62.2743748],[14.8006801,62.274703],[14.8005259,62.2749675],[14.8003274,62.2752302],[14.8000807,62.2755584],[14.7997642,62.2759159],[14.7994222,62.2762596],[14.7989354,62.2767232],[14.7984244,62.2772073],[14.7978558,62.2777513],[14.7976573,62.2779385],[14.7976059,62.2779891],[14.7969411,62.2786434],[14.7965187,62.2790895],[14.7955531,62.2800845],[14.793866,62.2818339],[14.7925738,62.2831828],[14.7911355,62.2846816],[14.7906366,62.285117],[14.7901162,62.2855124],[14.7895047,62.2859478],[14.7892781,62.2860866],[14.7890688,62.2862153],[14.77831,62.2934936],[14.7710645,62.2983941],[14.7703167,62.2988972],[14.7671183,62.3008179],[14.7662339,62.301349],[14.7654587,62.3017854],[14.7647265,62.3021519],[14.7641015,62.3024349],[14.7634363,62.3027167],[14.7625512,62.3030496],[14.7613308,62.3035033],[14.7591213,62.3043171],[14.7550571,62.3058333],[14.7543436,62.3061324],[14.7536704,62.306474],[14.753091,62.306843],[14.7530093,62.3068975],[14.7524178,62.3072929],[14.7506019,62.3085643],[14.7500521,62.3089134],[14.749521,62.3091739],[14.7488612,62.3094306],[14.7482443,62.3096338],[14.7386273,62.3127291],[14.7375208,62.3130861],[14.736582,62.3134176],[14.7358096,62.3137167],[14.7350022,62.3140806],[14.7340983,62.3145442],[14.7309209,62.3162873],[14.7302729,62.3166506],[14.7292408,62.317201],[14.7283074,62.3176695],[14.7271192,62.3181617],[14.7260088,62.318558],[14.7248527,62.3189181],[14.7247886,62.3189377],[14.7086347,62.3238788],[14.7070898,62.3243515],[14.705919,62.3247563],[14.7042882,62.325439],[14.7026735,62.3261142],[14.7012412,62.3266897],[14.699825,62.3271905],[14.6978939,62.3277286],[14.6960109,62.3281422],[14.6926312,62.3288031],[14.6803628,62.3312025],[14.6747896,62.332292],[14.6710047,62.3330321],[14.6689045,62.333473],[14.6671933,62.3339637],[14.6660131,62.3343747],[14.6641356,62.3350609],[14.6622553,62.3356997],[14.6610376,62.3360298],[14.6593478,62.3364021],[14.6580362,62.3366312],[14.6579866,62.3366382],[14.6568856,62.3367931],[14.6430118,62.3386323],[14.6418089,62.3388154],[14.6407253,62.3390345],[14.6397006,62.3393035],[14.6395804,62.3393427],[14.6384668,62.3397069],[14.6352549,62.3408188],[14.6319871,62.3419535],[14.6301721,62.3425837],[14.627618,62.3434615],[14.6252449,62.34428],[14.6240287,62.3446993],[14.6197665,62.3461686],[14.6186802,62.3465968],[14.6177065,62.3470935],[14.6168134,62.3476674],[14.6149707,62.3488263],[14.6143913,62.3491525],[14.6138026,62.3494107],[14.613069,62.3496665],[14.612271,62.3498819],[14.6114181,62.3500568],[14.6095343,62.3504205],[14.6081927,62.3506797],[14.6073532,62.350882],[14.6066532,62.3510936],[14.6061395,62.3512759],[14.60565,62.3514714],[14.6050452,62.351757],[14.604612,62.3519935],[14.6021149,62.3535213],[14.6016173,62.3537832],[14.6011265,62.3540427],[14.6006289,62.3542879],[14.5998108,62.3546551],[14.5987782,62.3551292],[14.5980513,62.3554976],[14.5973486,62.3558722],[14.5965949,62.3562941],[14.5959393,62.3566533],[14.5955434,62.3568703],[14.5947978,62.357215],[14.5939556,62.3575086],[14.5930114,62.35777],[14.5918286,62.3580885],[14.5905948,62.3583959],[14.5892617,62.3586659],[14.587816,62.3589372],[14.5870087,62.3591351],[14.5861477,62.3594163],[14.5854235,62.3597137],[14.5846859,62.3601268],[14.584325,62.3603778],[14.5818186,62.362354],[14.5817748,62.362382],[14.5810676,62.362838],[14.5803434,62.3632125],[14.5792571,62.3636592],[14.578262,62.3639914],[14.5772991,62.3642601],[14.5760921,62.3645749],[14.5749146,62.3648374],[14.5737156,62.3650476],[14.564986,62.3665277],[14.5631424,62.3668403],[14.5619354,62.3670692],[14.5607874,62.367333],[14.5513722,62.3695541],[14.5475754,62.3704472],[14.5381227,62.3726706],[14.5330131,62.3738695],[14.5313501,62.3742165],[14.5302118,62.374451],[14.5291641,62.3746668],[14.5279974,62.3749429],[14.5270318,62.3752563],[14.5258731,62.3756853],[14.5147767,62.3798448],[14.499806,62.3854559],[14.4996911,62.3854987],[14.4984421,62.3859637],[14.4974282,62.3863454],[14.4962212,62.3867333],[14.4948962,62.3871423],[14.4837232,62.3905993],[14.4808602,62.3914851],[14.480475,62.3916083],[14.4675756,62.3955821],[14.4514178,62.4005591],[14.4502509,62.4009186],[14.4480622,62.4015971],[14.4463563,62.4021935],[14.4459003,62.4023762],[14.4441985,62.403172],[14.4429774,62.4037467],[14.442789,62.403838],[14.4370696,62.4065576],[14.4313388,62.4092824],[14.428077,62.4108232],[14.4261861,62.4117039],[14.4235203,62.4129809],[14.4233161,62.4130789],[14.4201592,62.4145806],[14.4191587,62.415111],[14.41789,62.4158351],[14.4173222,62.4161611],[14.4168118,62.4165132],[14.4157469,62.417272],[14.4146124,62.4181612],[14.4135126,62.4191796],[14.412716,62.4200327],[14.4124854,62.4202877],[14.4067112,62.4266795],[14.404997,62.4285842],[14.3975189,62.436892],[14.3955338,62.4390973],[14.3900219,62.4451891],[14.3864787,62.4491046],[14.3825144,62.453485],[14.3802995,62.4559322],[14.3750106,62.4617822],[14.371093,62.4661165],[14.3675082,62.4700787],[14.3650492,62.4727973],[14.3648493,62.4730192],[14.3636009,62.4743904],[14.363518,62.4744848],[14.3634868,62.4745203],[14.3627726,62.4752896],[14.3612941,62.4768943],[14.3609784,62.4772475],[14.36065,62.4776201],[14.3592508,62.4791942],[14.3577122,62.4809005],[14.3573284,62.4813027],[14.3557509,62.4830236],[14.3550031,62.4838695],[14.353956,62.4850387],[14.3498833,62.4895556],[14.3495044,62.490022],[14.3489009,62.4908471],[14.3484342,62.4915334],[14.3480352,62.492182],[14.3479273,62.4923573],[14.3475357,62.493108],[14.3473439,62.4935007],[14.3472326,62.4937323],[14.3469214,62.4944781],[14.3466505,62.4952151],[14.3464467,62.4959224],[14.346275,62.4965975],[14.3461409,62.4973072],[14.3460578,62.4981445],[14.3460041,62.4987935],[14.3459961,62.4995057],[14.3460229,62.5001249],[14.3461007,62.5008581],[14.3462563,62.501782],[14.3463904,62.502395],[14.3464083,62.502462],[14.3465084,62.5027962],[14.3466747,62.5033424],[14.3469563,62.504104],[14.3471722,62.5046086],[14.3502237,62.5112947],[14.3542497,62.5201121],[14.3572788,62.5267482],[14.3582726,62.5289256],[14.3611371,62.5351923],[14.3614671,62.5359159],[14.3617567,62.536673],[14.3619364,62.5373756],[14.362014,62.5377575],[14.362084,62.538088],[14.3621483,62.538631],[14.3621805,62.5393917],[14.362151,62.5399829],[14.3620652,62.5406756],[14.3619361,62.5414167],[14.3606999,62.5455544],[14.3605202,62.5465981],[14.3605263,62.5467135],[14.3605712,62.5469072],[14.3607375,62.547413],[14.3610218,62.5478606],[14.3614349,62.5483082],[14.3620062,62.5488362],[14.3628725,62.5495224],[14.3635055,62.5501666],[14.363881,62.5506426],[14.3641412,62.5510964],[14.3642834,62.5516058],[14.3643451,62.5521176],[14.364278,62.5527346],[14.3641546,62.5531203],[14.3639401,62.5535752],[14.363409,62.5544147],[14.3631166,62.5548338],[14.362894,62.5552701],[14.3628893,62.5552855],[14.3627787,62.5556459],[14.3627062,62.5560279],[14.3626955,62.5563901],[14.3627465,62.5567313],[14.3628564,62.5571776],[14.3629879,62.5575855],[14.3632628,62.5582721],[14.3633741,62.558494],[14.3635136,62.5587548],[14.3638194,62.5592777],[14.36416,62.5598055],[14.3644389,62.5601281],[14.3648225,62.5606027],[14.3652275,62.5610452],[14.3657237,62.5615482],[14.3662092,62.5619882],[14.3667108,62.562401],[14.3673035,62.5628434],[14.3679634,62.5633143],[14.3685594,62.5637004],[14.3687895,62.5638494],[14.369967,62.564523],[14.3720417,62.5656278],[14.3723273,62.5658026],[14.3724963,62.565921],[14.3733238,62.5665348],[14.3736403,62.5668289],[14.3739393,62.5671762],[14.3741848,62.5675098],[14.374402,62.5679127],[14.3745778,62.5683528],[14.3746528,62.5686849],[14.3747118,62.5691162],[14.3746716,62.5695672],[14.3742611,62.5718304],[14.374001,62.5732788],[14.3739554,62.5739743],[14.3740171,62.5745031],[14.3750256,62.5791837],[14.3753153,62.5804856],[14.3753868,62.5807979],[14.3754896,62.5812353],[14.3758008,62.5822357],[14.3760154,62.5828249],[14.3762085,62.5832818],[14.3764806,62.5838167],[14.3766618,62.5841884],[14.3770292,62.5848602],[14.377555,62.5855962],[14.3780243,62.5862359],[14.3786332,62.5869534],[14.3793413,62.5877524],[14.3810137,62.5893716],[14.3872243,62.5953804],[14.387691,62.5958742],[14.3881309,62.5964519],[14.3885171,62.5970741],[14.3887609,62.5976116],[14.3891287,62.5984123],[14.3894237,62.5989801],[14.3898877,62.5996812],[14.3917277,62.6020591],[14.3919289,62.6023862],[14.3920992,62.6027441],[14.3921609,62.6030329],[14.392177,62.6032397],[14.3921569,62.6035174],[14.3920322,62.6038981],[14.3919276,62.6041005],[14.39178,62.6043239],[14.3914273,62.6047725],[14.3911028,62.6051341],[14.3901427,62.6062208],[14.3894358,62.6070242],[14.3892145,62.6073333],[14.3890952,62.6075492],[14.388975,62.607875],[14.3889396,62.6083501],[14.3890133,62.6087277],[14.3893996,62.6098827],[14.3894371,62.6101135],[14.3894398,62.6104725],[14.3894076,62.6108526],[14.3892682,62.6111586],[14.3890643,62.6115065],[14.3878996,62.6131833],[14.3866576,62.6149012],[14.3839855,62.6186159],[14.3805207,62.6234557],[14.3756103,62.6303246],[14.3748486,62.6313714],[14.3744081,62.6320089],[14.3742639,62.6322308],[14.3739822,62.6327253],[14.3736979,62.6332863],[14.3735071,62.6337287],[14.3733278,62.6343022],[14.3731016,62.6352207],[14.3729429,62.6360203],[14.3725687,62.6377844],[14.3724722,62.6384532],[14.3719988,62.640804],[14.3719716,62.6409359],[14.3718848,62.6414844],[14.3718553,62.6418819],[14.3718606,62.6422055],[14.3719203,62.6425235],[14.3719572,62.6426689],[14.372035,62.6429709],[14.3721503,62.6432969],[14.3723327,62.6436827],[14.3726693,62.6442152],[14.3729791,62.6446878],[14.3732259,62.6450668],[14.3736108,62.6456781],[14.3744248,62.6469623],[14.3758303,62.6491405],[14.3760306,62.64943],[14.3765545,62.6501926],[14.3768482,62.6505502],[14.3770882,62.6507831],[14.3773592,62.6510074],[14.3803525,62.6534212],[14.3808353,62.6537983],[14.3812698,62.6541753],[14.3816105,62.6545486],[14.3819111,62.6549278],[14.3821603,62.6553581],[14.3823694,62.6557917],[14.382796,62.6570847],[14.3830275,62.657771],[14.3833398,62.658702],[14.3836114,62.6595849],[14.3836704,62.6598338],[14.3837026,62.6600838],[14.3836972,62.6602489],[14.3836833,62.6604161],[14.3836356,62.6606763],[14.3835711,62.6609005],[14.3833217,62.6614093],[14.3824768,62.6628825],[14.3823444,62.6631639],[14.3820021,62.6638186],[14.381876,62.6644541],[14.3818599,62.6650133],[14.3819994,62.6655331],[14.3823512,62.6666929],[14.3828201,62.6682302],[14.3829972,62.6687936],[14.3832506,62.6693041],[14.3835014,62.6696335],[14.3837669,62.669937],[14.3839332,62.6700977],[14.3845542,62.6706882],[14.3849605,62.671113],[14.3852395,62.6714843],[14.3854353,62.671871],[14.3855453,62.672217],[14.3856136,62.6725427],[14.3856673,62.6730931],[14.3856861,62.6735083],[14.3857665,62.6739229],[14.3858524,62.6742283],[14.385969,62.6745016],[14.3864832,62.6754845],[14.3877205,62.6777951],[14.3879941,62.6782974],[14.3882529,62.6787227],[14.3885399,62.6791093],[14.3888296,62.6794164],[14.3891273,62.679694],[14.3895847,62.680075],[14.3900715,62.6804394],[14.3905395,62.680789],[14.3908238,62.6810217],[14.3909567,62.6811507],[14.3911631,62.6813614],[14.3914179,62.6817116],[14.3916553,62.6821314],[14.3917935,62.6825154],[14.3918471,62.6827813],[14.3918847,62.6837038],[14.3919088,62.6840208],[14.3919162,62.6840686],[14.3919705,62.6843193],[14.3921126,62.6847125],[14.3923299,62.6850941],[14.3925954,62.6854282],[14.3929213,62.6857618],[14.3933009,62.6860886],[14.3936978,62.6863575],[14.3944569,62.6867852],[14.3948726,62.6869753],[14.3954265,62.6872122],[14.3960837,62.6874455],[14.3967448,62.6876338],[14.3973027,62.6877697],[14.3977185,62.6878621],[14.3985553,62.6880602],[14.4002116,62.6884417],[14.4009089,62.6886245],[14.4012737,62.6887494],[14.4017847,62.6889475],[14.4024512,62.6892635],[14.4029756,62.6895782],[14.4034535,62.6899064],[14.4037189,62.6900959],[14.4043192,62.6905175],[14.4092321,62.6939777],[14.4094866,62.6941433],[14.4098181,62.6943815],[14.4120377,62.6959312],[14.4128332,62.696493],[14.413982,62.6972809],[14.4150791,62.6979502],[14.4152008,62.6980214],[14.4160017,62.6984866],[14.416675,62.6988335],[14.4177827,62.6993748],[14.418802,62.6998411],[14.420304,62.7004685],[14.4230224,62.7014809],[14.4240859,62.7018672],[14.4253526,62.7023736],[14.4272858,62.7031588],[14.4284821,62.7037086],[14.4296577,62.7042575],[14.4300109,62.704422],[14.4310462,62.7049903],[14.4324624,62.7058119],[14.4336963,62.7065941],[14.4350374,62.7075485],[14.4361263,62.7083898],[14.4372958,62.7094425],[14.4383794,62.7104804],[14.4391787,62.7113929],[14.4396939,62.7120783],[14.4399028,62.7123528],[14.4403964,62.7131144],[14.4409597,62.7140883],[14.4414318,62.7150916],[14.4418073,62.71609],[14.4434829,62.7210434],[14.4465399,62.7300772],[14.4471154,62.7317777],[14.4473876,62.7325967],[14.4475271,62.7332345],[14.4476022,62.7337979],[14.4476371,62.734215],[14.4476183,62.7346562],[14.4475861,62.7350156],[14.4475016,62.7355593],[14.4473648,62.7360778],[14.4471596,62.7366233],[14.4470403,62.7369016],[14.4469135,62.7371729],[14.4465145,62.7378741],[14.4462839,62.738212],[14.4458467,62.7387673],[14.4456061,62.7390509],[14.4455007,62.7391703],[14.4449106,62.7397415],[14.4444358,62.7401887],[14.4437197,62.7407803],[14.4403515,62.7434639],[14.4389775,62.7445644],[14.438497,62.7449069],[14.4381353,62.7451399],[14.4376244,62.7454347],[14.4371429,62.7456815],[14.4363463,62.7460378],[14.4353351,62.7464667],[14.434895,62.7466721],[14.434855,62.7466918],[14.4344191,62.7469295],[14.4340959,62.7471456],[14.4337741,62.7473962],[14.4334428,62.7477438],[14.4331384,62.7481509],[14.4329828,62.7485083],[14.432901,62.7488577],[14.4329023,62.7492158],[14.4329734,62.749548],[14.433133,62.7499305],[14.4333583,62.7502953],[14.4336815,62.750684],[14.434053,62.7511175],[14.4341978,62.7513134],[14.434332,62.7515129],[14.4344366,62.7517174],[14.4345264,62.7519292],[14.4345868,62.75213],[14.434631,62.7523314],[14.434635,62.7525119],[14.4346163,62.7526906],[14.434576,62.7528729],[14.434521,62.7530504],[14.4344366,62.753245],[14.4343454,62.7534372],[14.4340124,62.7540368],[14.4338679,62.7543376],[14.4338411,62.7543968],[14.4337578,62.7546275],[14.4337551,62.7546414],[14.4335774,62.7552283],[14.4335408,62.7554024],[14.4335158,62.7556417],[14.4335378,62.7560165],[14.4336338,62.757112],[14.4337109,62.7578111],[14.4337643,62.758448],[14.4339188,62.7606747],[14.4340181,62.7611534],[14.4341516,62.7616205],[14.434542,62.7628349],[14.4347484,62.7634219],[14.4353626,62.7651387],[14.4357892,62.7665061],[14.4360271,62.7671903],[14.4360559,62.7672576],[14.4361706,62.7674757],[14.4363396,62.7677249],[14.436585,62.7680575],[14.4369645,62.7684288],[14.4372433,62.7686945],[14.4375778,62.7690165],[14.4380914,62.7694916],[14.4386262,62.7700071],[14.4390969,62.7704573],[14.4403698,62.7716988],[14.4413018,62.772571],[14.4418651,62.7731227],[14.4422907,62.7735333],[14.4426136,62.7738266],[14.4430106,62.7741854],[14.4432685,62.7744759],[14.4445351,62.7760054],[14.4445609,62.776038],[14.4455382,62.7773404],[14.4458568,62.7776584],[14.4461042,62.7778839],[14.4466927,62.7783354],[14.4467613,62.7783833],[14.4473702,62.7787649],[14.4487703,62.779636],[14.4493121,62.7801003],[14.4495696,62.7803856],[14.4499209,62.7808592],[14.4501302,62.7811892],[14.451423,62.7833851],[14.4526058,62.7857489],[14.4527104,62.7859385],[14.4529968,62.7863992],[14.453222,62.7867608],[14.4534641,62.7871521],[14.4541615,62.7880058],[14.4555482,62.789745],[14.4564843,62.7913123],[14.4569135,62.7921708],[14.457348,62.793326],[14.45804,62.7954877],[14.4590163,62.7985349],[14.4597995,62.8003887],[14.4602501,62.8014651],[14.4605103,62.8018648],[14.4606929,62.8021033],[14.4610012,62.8024214],[14.4612841,62.802642],[14.4615912,62.8028566],[14.4618903,62.8030331],[14.4623986,62.8032862],[14.4629444,62.8035112],[14.4634071,62.8036742],[14.4639188,62.8038247],[14.4640025,62.8038471],[14.4646919,62.8040236],[14.4651237,62.8041205],[14.4659713,62.8043141],[14.4665882,62.8044269],[14.4670978,62.8044992],[14.4678944,62.8045838],[14.4687769,62.8046292],[14.4697264,62.8046316],[14.470692,62.8045716],[14.4713062,62.8045176],[14.4722074,62.8043718],[14.4735834,62.8040383],[14.4760644,62.803358],[14.4770434,62.8031557],[14.4777703,62.8030405],[14.4786474,62.8029546],[14.4798142,62.802924],[14.4806966,62.8029522],[14.4817239,62.8030478],[14.4824563,62.80314],[14.485361,62.8035038],[14.4860825,62.8035737],[14.4866415,62.8036153],[14.4868429,62.8036289],[14.4876261,62.803654],[14.4884643,62.8036614],[14.4892824,62.8036369],[14.4903311,62.80357],[14.4914442,62.8034475],[14.4924501,62.8032954],[14.493362,62.803114],[14.4943678,62.8028553],[14.4953307,62.8025476],[14.4984072,62.8014933],[14.4991395,62.8012714],[14.4998825,62.8010851],[14.5004558,62.800975],[14.5007059,62.8009367],[14.50176,62.8008105],[14.5027551,62.8007675],[14.5038655,62.8007761],[14.5049867,62.8008203],[14.5060703,62.8009159],[14.5072666,62.8010324],[14.5084843,62.8012126],[14.5096001,62.8014161],[14.51074,62.8016662],[14.5114133,62.8018648],[14.5120959,62.8021137],[14.5126484,62.8023447],[14.5132714,62.8026543],[14.5136833,62.8028789],[14.5140821,62.803168],[14.5144817,62.8034781],[14.5148224,62.8038544],[14.515112,62.8042001],[14.5153159,62.8046157],[14.5154131,62.8048535],[14.5154654,62.8050123],[14.5154672,62.8050192],[14.5154862,62.8051177],[14.5155157,62.8052936],[14.5155425,62.8055026],[14.5155385,62.8057821],[14.5154822,62.806224],[14.5154151,62.8065831],[14.5152381,62.8070992],[14.5149699,62.8076372],[14.5146614,62.8080613],[14.514243,62.808467],[14.5137548,62.8088519],[14.5131648,62.8092294],[14.5125666,62.8095799],[14.5119846,62.8098974],[14.5111853,62.8103815],[14.5107561,62.8107014],[14.510386,62.8110494],[14.5100641,62.8115041],[14.509871,62.8119674],[14.5095808,62.8133637],[14.5094204,62.81415],[14.5093212,62.8145274],[14.5091656,62.8149061],[14.5089591,62.8153264],[14.5053399,62.8221796],[14.5050162,62.8227936],[14.5048352,62.8231182],[14.5046394,62.8234055],[14.5043537,62.8237455],[14.5040359,62.8240327],[14.5036858,62.8242832],[14.5033224,62.824508],[14.5027766,62.8247818],[14.5020483,62.825082],[14.5012678,62.8253729],[14.4999884,62.8258494],[14.499118,62.8262034],[14.4985467,62.8265207],[14.4980693,62.8268318],[14.497565,62.8272838],[14.4972914,62.8276268],[14.4970313,62.8280738],[14.4969428,62.828554],[14.4969669,62.8289692],[14.4971359,62.8294995],[14.497373,62.8298589],[14.4974202,62.8299245],[14.4978172,62.8303593],[14.4986191,62.8312461],[14.4988847,62.8316686],[14.499059,62.8321168],[14.4990966,62.8325455],[14.4989839,62.8330647],[14.4986057,62.8340604],[14.4985306,62.834429],[14.4985414,62.8349151],[14.4986701,62.8353058],[14.4988659,62.8356695],[14.4992065,62.8360895],[14.499625,62.8365474],[14.5012692,62.838285],[14.5014739,62.8384814],[14.5016769,62.8386621],[14.5021811,62.8390576],[14.5027202,62.8394065],[14.5033076,62.8397347],[14.5041874,62.8401412],[14.5063707,62.8411439],[14.5071727,62.8415222],[14.5077842,62.8419152],[14.5082965,62.8423155],[14.508782,62.8428359],[14.5090422,62.843219],[14.5092246,62.8436194],[14.5093372,62.8440013],[14.5093614,62.8444787],[14.5092702,62.8449709],[14.5090958,62.8453883],[14.5087284,62.8461228],[14.5086569,62.8462666],[14.5081698,62.8472355],[14.5078164,62.8480427],[14.5075375,62.8488659],[14.5074034,62.8493959],[14.5072478,62.850402],[14.507109,62.8519419],[14.506785,62.8552526],[14.5062222,62.861025],[14.50625,62.8616624],[14.5064002,62.8626143],[14.5066255,62.8633287],[14.5069674,62.8642684],[14.5073229,62.8652445],[14.5076019,62.8658929],[14.5078593,62.8664947],[14.5084441,62.8671748],[14.5091146,62.8677351],[14.5100963,62.8682708],[14.5110565,62.8686965],[14.5123279,62.8691026],[14.5138299,62.8694377],[14.5171773,62.8701618],[14.5181483,62.870426],[14.5188383,62.8706632],[14.51913,62.870766],[14.5195618,62.8709831],[14.5202833,62.8713898],[14.520852,62.8718203],[14.5212194,62.872186],[14.5215413,62.8727168],[14.5216432,62.8731387],[14.5216861,62.8735484],[14.5216325,62.8738896],[14.5215145,62.8742003],[14.5213428,62.8744681],[14.5210853,62.8747995],[14.5208681,62.8750539],[14.5206642,62.8752495],[14.519425,62.8764773],[14.5191041,62.876769],[14.5182033,62.8777276],[14.5180812,62.8778475],[14.517982,62.8779447],[14.5170848,62.8788428],[14.5170588,62.8788702],[14.5165095,62.8794218],[14.5161219,62.8798136],[14.5120651,62.8838782],[14.5115957,62.8844088],[14.5113355,62.884822],[14.5112041,62.8851753],[14.5111638,62.8855812],[14.5111987,62.8860005],[14.5114213,62.8864577],[14.5116895,62.8868403],[14.5119524,62.8872028],[14.5120253,62.8872916],[14.5131433,62.8886225],[14.5136315,62.8890919],[14.5142323,62.8894659],[14.5161849,62.8905],[14.5165765,62.8907909],[14.5169145,62.8911111],[14.5172417,62.8915267],[14.5174938,62.8920107],[14.517585,62.8924311],[14.5177218,62.8935506],[14.5177969,62.8939124],[14.5179498,62.8943266],[14.5181912,62.8947739],[14.5185024,62.895275],[14.5186879,62.8955749],[14.5201962,62.8980532],[14.5203517,62.8983239],[14.5204778,62.8986061],[14.5205985,62.8991639],[14.5205891,62.8994499],[14.5205449,62.8997614],[14.5204617,62.9000498],[14.5203719,62.9003046],[14.5189691,62.9034265],[14.5185284,62.9044077],[14.5175596,62.906558],[14.5174402,62.9068444],[14.5173798,62.9071321],[14.5173463,62.9073422],[14.5173356,62.9076048],[14.5173583,62.9077833],[14.5174067,62.9080733],[14.5175944,62.9090817],[14.517632,62.9093235],[14.5176373,62.9095409],[14.517636,62.9096863],[14.5175743,62.9100485],[14.5175086,62.9103618],[14.5174094,62.9108796],[14.5173959,62.9111233],[14.5174006,62.911298],[14.5174925,62.9117367],[14.5175669,62.9119053],[14.5176816,62.9121111],[14.5178117,62.9122977],[14.5179371,62.9124586],[14.5180672,62.912599],[14.5181889,62.9127167],[14.5183133,62.9128247],[14.5187938,62.9132525],[14.5190217,62.9134562],[14.5210205,62.9152505],[14.5215788,62.9157551],[14.5218967,62.9160671],[14.5222219,62.9164982],[14.5224157,62.9169378],[14.5224667,62.9172883],[14.5224693,62.9175679],[14.5224372,62.9177816],[14.522346,62.9180674],[14.5221877,62.9183812],[14.5215762,62.9193813],[14.5213965,62.9198196],[14.5213401,62.920059],[14.5213509,62.9204192],[14.5213777,62.9207159],[14.5214421,62.9210406],[14.5215091,62.9213337],[14.5216457,62.921848],[14.5218551,62.9226248],[14.5222395,62.9242163],[14.5225706,62.9258757],[14.5226323,62.9261723],[14.5231372,62.9283992],[14.5231999,62.9286583],[14.5237017,62.9308425],[14.5254178,62.9382744],[14.5255217,62.9387024],[14.5255928,62.9389788],[14.5256773,62.9392942],[14.5258127,62.9396219],[14.5259025,62.9398298],[14.5259173,62.9398635],[14.5260742,62.9401539],[14.5262808,62.9405065],[14.5264913,62.9407829],[14.5266911,62.9410464],[14.5270009,62.9414015],[14.527308,62.9417053],[14.5275722,62.9419524],[14.5278056,62.942161],[14.534541,62.9479518],[14.536441,62.9495845],[14.5368916,62.9499461],[14.5373328,62.9502468],[14.5376855,62.9504505],[14.5462494,62.9552096],[14.5472825,62.9557834],[14.5478122,62.956059],[14.5483044,62.9562908],[14.5488515,62.9565188],[14.549333,62.9567103],[14.5504957,62.9571627],[14.5509611,62.9573755],[14.551409,62.9576102],[14.5518385,62.9578522],[14.5521976,62.9580968],[14.5525235,62.9583809],[14.5528695,62.9586907],[14.5531391,62.9590016],[14.5533389,62.9593053],[14.553481,62.9595729],[14.5535977,62.9598857],[14.5536554,62.96016],[14.5536876,62.9604374],[14.5537345,62.961202],[14.5537614,62.9614619],[14.553811,62.9617695],[14.5538726,62.9620384],[14.5539947,62.9623615],[14.5540776,62.9625545],[14.5542608,62.9630113],[14.5543233,62.963165],[14.5545003,62.9636222],[14.5546947,62.9640739],[14.5548999,62.9645232],[14.5551869,62.9650243],[14.5553935,62.9653803],[14.5557019,62.9658752],[14.5561163,62.9664988],[14.557812,62.9689482],[14.5581132,62.9694129],[14.5596819,62.971707],[14.5625295,62.9758691],[14.5645741,62.9788478],[14.5656006,62.9803431],[14.5663986,62.9815057],[14.5665404,62.9817186],[14.567745,62.9834902],[14.5712715,62.9886295],[14.571505,62.9889763],[14.5718419,62.9894682],[14.5724208,62.9903139],[14.5730585,62.9912433],[14.5743567,62.9931449],[14.5764448,62.9962089],[14.5765769,62.9963599],[14.5767277,62.99657],[14.5769437,62.9968099],[14.5770293,62.9968838],[14.5771609,62.9970181],[14.5773876,62.9972148],[14.5776357,62.9974194],[14.5777332,62.9974922],[14.577979,62.9976636],[14.5784162,62.9979333],[14.5789017,62.9982043],[14.5793027,62.9984015],[14.5797573,62.9986043],[14.5802636,62.9988241],[14.584934,63.0007103],[14.5863622,63.0012899],[14.5871106,63.0016126],[14.5877087,63.0018598],[14.5881379,63.0020546],[14.5884597,63.002236],[14.5888808,63.0024637],[14.5908684,63.0037008],[14.5913295,63.0039883],[14.5914745,63.0040746],[14.5920727,63.0044252],[14.5926681,63.0047515],[14.5933387,63.0050826],[14.5939663,63.0053736],[14.5941276,63.0054471],[14.5948756,63.0057644],[14.5955461,63.0060189],[14.5962086,63.0062599],[14.5966968,63.0064145],[14.5971876,63.0065509],[14.597649,63.0066629],[14.5986709,63.0068504],[14.599269,63.0069246],[14.6000683,63.0069879],[14.6007845,63.0070172],[14.6014684,63.0070172],[14.6021846,63.0069879],[14.6028444,63.0069307],[14.6034023,63.0068601],[14.6044725,63.0066726],[14.6049929,63.0065497],[14.6056339,63.0063756],[14.6078726,63.0057029],[14.6080452,63.0056512],[14.6136323,63.0039857],[14.6143538,63.0037799],[14.6149304,63.0036399],[14.6154562,63.0035364],[14.6162072,63.0034207],[14.6168026,63.0033586],[14.6173793,63.0033197],[14.6180955,63.0032929],[14.6261695,63.0033862],[14.6267134,63.0033927],[14.6276736,63.0034073],[14.6284139,63.0033927],[14.6290576,63.0033732],[14.629696,63.0033319],[14.6303612,63.0032588],[14.6309513,63.0031638],[14.6315306,63.0030372],[14.6321529,63.0028984],[14.6327591,63.0026987],[14.6333277,63.0024966],[14.6337891,63.002292],[14.6388356,62.9998525],[14.6416075,62.9984896],[14.6418142,62.9983906],[14.6423238,62.9981604],[14.6427745,62.9979875],[14.6433538,62.9977951],[14.6440244,62.9976173],[14.6447593,62.9974492],[14.6454889,62.9972994],[14.6462077,62.9971545],[14.6469077,62.9970352],[14.6475676,62.9969511],[14.6483374,62.9968939],[14.6491072,62.9968696],[14.6500164,62.9968781],[14.6508828,62.9969341],[14.6515506,62.9970059],[14.6522239,62.9971192],[14.6542892,62.9975929],[14.6549651,62.9977452],[14.6555713,62.997873],[14.6561104,62.9979644],[14.6568319,62.9980557],[14.6574756,62.9980995],[14.6581167,62.9981239],[14.6587551,62.9981336],[14.6593264,62.9981141],[14.6598112,62.9980841],[14.6599138,62.9980764],[14.6605468,62.9980082],[14.6612897,62.997884],[14.6640471,62.9973798],[14.6647122,62.9972824],[14.6655142,62.9971813],[14.6663189,62.9970973],[14.6669948,62.9970601],[14.6675152,62.99704],[14.6682125,62.997012],[14.6696743,62.9969865],[14.6791701,62.9968576],[14.6805534,62.9968391],[14.6814465,62.9968537],[14.6822646,62.9968744],[14.6834636,62.9969499],[14.6844989,62.9969731],[14.6853492,62.9970388],[14.6861324,62.9970948],[14.6869558,62.9971789],[14.6876371,62.9972532],[14.6883345,62.997364],[14.6918294,62.9980265],[14.6922693,62.9980934],[14.6929854,62.9982152],[14.6936265,62.9982932],[14.6944392,62.9983577],[14.695158,62.9983772],[14.6959519,62.9983711],[14.6965581,62.9983382],[14.6972716,62.9982749],[14.6979797,62.9981726],[14.6983207,62.9981137],[14.6986476,62.9980496],[14.6993127,62.9978974],[14.6999001,62.9977123],[14.7004741,62.9975089],[14.7009355,62.9973116],[14.7013915,62.9970802],[14.7018099,62.9968294],[14.70218,62.9965529],[14.7025555,62.996246],[14.7048274,62.9939966],[14.7052377,62.9936811],[14.7057742,62.9933523],[14.7063509,62.9930587],[14.7069007,62.9928395],[14.7075096,62.9926397],[14.7083142,62.9924351],[14.7111923,62.9917503],[14.7137162,62.9911525],[14.7144645,62.9909795],[14.7152182,62.9908504],[14.715921,62.990742],[14.7165728,62.9906775],[14.7172755,62.9906324],[14.7180212,62.9906309],[14.7187051,62.9906421],[14.7193918,62.990686],[14.7254482,62.9911671],[14.7263199,62.9912597],[14.7271273,62.9913998],[14.7282028,62.9916446],[14.7287647,62.9918224],[14.7297155,62.992153],[14.731231,62.9926811],[14.7319391,62.9929637],[14.7325319,62.9932244],[14.7330469,62.9935094],[14.7354045,62.994871],[14.7360268,62.9952425],[14.7366196,62.9955506],[14.7370407,62.9957698],[14.7378065,62.9961084],[14.7387332,62.9964908],[14.7410104,62.9974468],[14.743014,62.9982859],[14.7435453,62.9985085],[14.7436859,62.9985672],[14.7443497,62.9988491],[14.7470614,62.9999882],[14.7491441,63.0008707],[14.7515488,63.0018817],[14.7524554,63.0022859],[14.7531205,63.0026549],[14.7535658,63.0029629],[14.7538461,63.0032064],[14.7540942,63.00347],[14.7542591,63.0036929],[14.7544013,63.0039479],[14.7545113,63.0041993],[14.7545542,63.0044319],[14.7545904,63.0047089],[14.7545636,63.0049481],[14.7545381,63.0050997],[14.7544737,63.0053365],[14.7544367,63.0054478],[14.7543812,63.0056122],[14.7534551,63.0080036],[14.7525673,63.010398],[14.7525331,63.0107738],[14.7526002,63.0110842],[14.7527504,63.011503],[14.7530079,63.0119132],[14.7534773,63.0123733],[14.7539976,63.0127396],[14.7544107,63.0129879],[14.756055,63.0138706],[14.7561729,63.0139336],[14.7566235,63.0142245],[14.7570178,63.0145519],[14.7573209,63.0148891],[14.7576106,63.0153077],[14.7577554,63.0157033],[14.757801,63.016128],[14.7577527,63.0164943],[14.7575381,63.0170079],[14.7566235,63.0191132],[14.7564894,63.0194491],[14.7564492,63.0198202],[14.7564653,63.020066],[14.7565725,63.0204725],[14.7567683,63.0208168],[14.7570312,63.0211381],[14.7572753,63.0213875],[14.757683,63.0216954],[14.7581068,63.0219728],[14.7586378,63.0222454],[14.7587717,63.0223053],[14.7591877,63.0224887],[14.7648834,63.0249465],[14.7653769,63.0251521],[14.7658905,63.0253461],[14.766321,63.0254897],[14.7669031,63.0256497],[14.7674368,63.0257762],[14.7685955,63.0259703],[14.7693264,63.0260457],[14.7699997,63.0260852],[14.7706112,63.0261053],[14.7712442,63.0260907],[14.7719,63.0260536],[14.7727194,63.0259818],[14.773331,63.0259119],[14.7753588,63.0256688],[14.7783655,63.0253072],[14.7889414,63.0240346],[14.7901136,63.0239196],[14.791173,63.023849],[14.7921413,63.0238198],[14.7927985,63.0238113],[14.7935843,63.0238198],[14.7943166,63.0238393],[14.7945719,63.0238547],[14.7951534,63.0238916],[14.7958669,63.0239439],[14.7989367,63.024211],[14.8017704,63.0244561],[14.8038331,63.0246313],[14.8093691,63.0251125],[14.8100142,63.0251715],[14.8106432,63.0252385],[14.811134,63.0253084],[14.8116302,63.0253966],[14.81227,63.0255347],[14.8128198,63.0256886],[14.8132905,63.0258358],[14.8135976,63.0259423],[14.8137774,63.0260116],[14.8141462,63.0261759],[14.8145686,63.0263912],[14.814975,63.0266254],[14.8153169,63.0268359],[14.8165583,63.027714],[14.8170242,63.0280549],[14.8174238,63.0283711],[14.8177122,63.0286151],[14.8179831,63.0288401],[14.8183197,63.0291412],[14.8184565,63.0292701],[14.8191538,63.0299593],[14.8193604,63.0301837],[14.8196165,63.0304635],[14.8199558,63.0308467],[14.8215571,63.032659],[14.8217851,63.0330227],[14.8219031,63.0333901],[14.8219433,63.0337951],[14.8219335,63.0339212],[14.8218602,63.0342646],[14.8217368,63.0345553],[14.8215525,63.034837],[14.8213063,63.0351731],[14.8206854,63.0357982],[14.8201865,63.0363698],[14.81987,63.0368466],[14.8197573,63.0373744],[14.8198003,63.037963],[14.8199719,63.0386635],[14.8202079,63.0393323],[14.8203654,63.0398402],[14.8204789,63.0401869],[14.8207835,63.0411253],[14.8212417,63.0426611],[14.8213574,63.0430425],[14.822052,63.0452028],[14.8221767,63.0455317],[14.8223162,63.0458247],[14.8225951,63.0463195],[14.8233464,63.0475063],[14.8240142,63.0485291],[14.8240273,63.0485499],[14.824132,63.0487048],[14.8245893,63.0492658],[14.8247788,63.0495335],[14.8251298,63.0499332],[14.8258547,63.050648],[14.8264736,63.0512229],[14.826513,63.0512538],[14.8271214,63.0517326],[14.8287712,63.0529532],[14.8291499,63.0532092],[14.8292825,63.0533115],[14.8293109,63.0533322],[14.8321994,63.055255],[14.832817,63.0556995],[14.8334312,63.0562063],[14.8340818,63.0567527],[14.8350545,63.0575211],[14.8356105,63.0579724],[14.8366689,63.0588373],[14.8368029,63.0589472],[14.8368253,63.058965],[14.8373923,63.0594356],[14.8413129,63.0626925],[14.8421404,63.0633833],[14.8424166,63.0635996],[14.8426285,63.0637824],[14.8429383,63.0640783],[14.8432173,63.0643662],[14.8433762,63.0645707],[14.8434694,63.064718],[14.8435539,63.0648765],[14.8436277,63.0650284],[14.8436773,63.0651608],[14.8437242,63.0652957],[14.8437685,63.0654476],[14.843794,63.0656025],[14.8438141,63.0657604],[14.8438208,63.065922],[14.8438114,63.06608],[14.8437859,63.0662337],[14.8437095,63.0665046],[14.8436328,63.0667226],[14.8436288,63.0667332],[14.84357,63.0668484],[14.8434386,63.0671108],[14.8434181,63.0671408],[14.8432454,63.0674024],[14.8426969,63.0680554],[14.8424636,63.0683488],[14.8422148,63.0686452],[14.8417803,63.06916],[14.8415107,63.0694849],[14.8412606,63.0697835],[14.8410889,63.0699873],[14.8409032,63.070208],[14.8407859,63.0703505],[14.8368166,63.0739792],[14.836302,63.074251],[14.8356573,63.0745704],[14.834767,63.0749756],[14.8334228,63.0755799],[14.832816,63.0758434],[14.8324865,63.0759895],[14.8322987,63.0760728],[14.8292709,63.0774551],[14.8283943,63.0778533],[14.8273952,63.0783121],[14.8270261,63.078494],[14.8267934,63.0785963],[14.8261785,63.0788759],[14.825596,63.0791658],[14.824698,63.079678],[14.8244851,63.0797969],[14.8244678,63.0798062],[14.8201275,63.0822257],[14.8116986,63.0869239],[14.8107345,63.0874626],[14.8076273,63.0891966],[14.8051742,63.0905659],[14.8042722,63.0910972],[14.8034495,63.0916378],[14.8026717,63.0922386],[14.8019502,63.092888],[14.8013611,63.0934694],[14.7994336,63.0954245],[14.797967,63.0969787],[14.7953707,63.099732],[14.7950394,63.1001785],[14.794731,63.10067],[14.7945124,63.1010923],[14.7941972,63.1017397],[14.7939666,63.1022384],[14.7937533,63.1027493],[14.7929433,63.1046063],[14.7925269,63.1055433],[14.7918892,63.1069722],[14.7916612,63.1074454],[14.791393,63.1078688],[14.7910792,63.1083213],[14.7906956,63.108786],[14.7901109,63.1094265],[14.7895691,63.1099045],[14.7890434,63.1103436],[14.7883326,63.1108579],[14.7877747,63.1112255],[14.7868306,63.1118278],[14.7841315,63.1134705],[14.7809451,63.1154099],[14.7773835,63.117569],[14.7736502,63.1198403],[14.7722177,63.1207072],[14.7664833,63.1241793],[14.7623373,63.1266956],[14.7615556,63.12715],[14.7604539,63.1277811],[14.7604108,63.1278045],[14.7598435,63.1280912],[14.7593902,63.128304],[14.7589624,63.1284952],[14.7585473,63.1286743],[14.758206,63.1288086],[14.7578727,63.1289374],[14.7574899,63.1290859],[14.7568146,63.1293468],[14.7561461,63.1295945],[14.7549283,63.1300606],[14.7532008,63.1307888],[14.7531849,63.1307956],[14.7514375,63.1315638],[14.7507696,63.1318565],[14.7499086,63.1322262],[14.7493642,63.132468],[14.7490469,63.1326108],[14.7481866,63.1329872],[14.7473303,63.1333617],[14.7464673,63.133739],[14.7460241,63.1339333],[14.7447648,63.1344862],[14.7439045,63.1348602],[14.7430576,63.1352108],[14.7421584,63.1355571],[14.7412156,63.1358831],[14.7403318,63.1361613],[14.7393983,63.1364223],[14.7382691,63.136717],[14.7377206,63.1368527],[14.7364493,63.1371612],[14.7351739,63.1374672],[14.734219,63.1376907],[14.7341939,63.1376961],[14.7326191,63.1380465],[14.7314753,63.1382824],[14.7291998,63.1387573],[14.7197667,63.1407349],[14.7190337,63.1408944],[14.7183511,63.1410526],[14.7179313,63.1411598],[14.7168852,63.141444],[14.7159377,63.1417318],[14.7156354,63.1418265],[14.7147008,63.1421279],[14.7131831,63.1426303],[14.7119107,63.1430514],[14.711517,63.1431831],[14.7106909,63.1434631],[14.7097977,63.143755],[14.7088616,63.1440758],[14.7079684,63.1443888],[14.7070697,63.1447405],[14.7061859,63.14509],[14.7053108,63.1454361],[14.7044601,63.1457589],[14.7035239,63.1460821],[14.7028063,63.1463241],[14.7020137,63.1465585],[14.7014491,63.1467166],[14.7006619,63.1469201],[14.6996509,63.1471671],[14.6984518,63.1474207],[14.6978013,63.1475478],[14.6971898,63.1476501],[14.6966104,63.1477446],[14.6961249,63.1478155],[14.6954287,63.14791],[14.6952666,63.1479312],[14.6942125,63.1480596],[14.6918616,63.1483157],[14.6903582,63.1484915],[14.6895152,63.1486036],[14.6887703,63.1487193],[14.6878637,63.1488695],[14.6868177,63.1490664],[14.6860465,63.1492299],[14.6851721,63.149428],[14.6840014,63.1497127],[14.6805038,63.1505674],[14.678417,63.1510786],[14.6773128,63.1513484],[14.677202,63.1513754],[14.6763361,63.1516139],[14.675543,63.1518551],[14.6745895,63.152144],[14.6737888,63.1524286],[14.6731022,63.1526969],[14.6721728,63.153087],[14.6717209,63.1533038],[14.6711333,63.1536],[14.671028,63.1536536],[14.6707459,63.1538119],[14.6697521,63.1543685],[14.6689448,63.1548518],[14.6680415,63.1553947],[14.667609,63.1556585],[14.6671108,63.1559637],[14.6666495,63.1562332],[14.6661492,63.1565115],[14.6658327,63.156685],[14.6651317,63.1569997],[14.6640003,63.1574603],[14.6634766,63.1576516],[14.6618103,63.1582598],[14.6614498,63.1583905],[14.6559745,63.1603763],[14.6559466,63.1603865],[14.6556254,63.1605025],[14.6541805,63.1610298],[14.652184,63.1617535],[14.6516338,63.1619554],[14.650752,63.1622733],[14.6503276,63.1624334],[14.6499722,63.1625657],[14.6496899,63.1626799],[14.6493405,63.1628258],[14.6490093,63.1629744],[14.6486203,63.1631633],[14.6484074,63.1632763],[14.6481487,63.1634162],[14.6478204,63.1636104],[14.6474972,63.1638081],[14.6471807,63.1640127],[14.6461688,63.1646835],[14.6449551,63.1654887],[14.644854,63.1655552],[14.6448455,63.1655605],[14.644245,63.1659588],[14.6436207,63.1663723],[14.6431553,63.1666825],[14.642401,63.1671789],[14.6422018,63.1673139],[14.6413643,63.1678687],[14.6405909,63.1683744],[14.6400336,63.1686699],[14.6393832,63.1690221],[14.6391504,63.1691526],[14.6388897,63.1692983],[14.6384527,63.1695811],[14.6368479,63.1706273],[14.6368126,63.1706516],[14.6354028,63.1715853],[14.6348922,63.1719232],[14.634513,63.1721836],[14.6340935,63.1724665],[14.6334349,63.1729015],[14.6330748,63.1731413],[14.6329041,63.1732841],[14.632774,63.1734086],[14.6324956,63.1737446],[14.6323132,63.1739605],[14.6321579,63.1741753],[14.6320604,63.1743243],[14.6319848,63.174476],[14.6319129,63.1746499],[14.6318556,63.1748238],[14.6317091,63.1755087],[14.631562,63.1759719],[14.6315161,63.1762324],[14.6313939,63.1769909],[14.6313514,63.1772634],[14.6312263,63.1780301],[14.6311276,63.1786735],[14.6310789,63.1789933],[14.6310697,63.179048],[14.631064,63.1790898],[14.6310125,63.1794187],[14.6309458,63.1816205],[14.6309501,63.1816429],[14.6309514,63.1816487],[14.630973,63.1817614],[14.6312319,63.1824824],[14.6314975,63.1831917],[14.6316292,63.183567],[14.631714,63.1838531],[14.6317693,63.1840839],[14.6318085,63.1843633],[14.6318274,63.1846249],[14.631826,63.1848713],[14.6318072,63.1851861],[14.6317649,63.1856884],[14.6317029,63.1863388],[14.6316408,63.186965],[14.6315753,63.1876244],[14.6315618,63.1877614],[14.6315457,63.1880685],[14.631542,63.1882759],[14.6315577,63.1885282],[14.6316083,63.1888158],[14.6316734,63.1890568],[14.6317692,63.1892992],[14.6318268,63.1894221],[14.6318675,63.1895036],[14.6319991,63.1897254],[14.6321507,63.1899431],[14.6323328,63.1901674],[14.6325588,63.190412],[14.6328128,63.1906466],[14.6330674,63.19086],[14.633293,63.1910371],[14.6336043,63.1912465],[14.6337591,63.1913457],[14.6339232,63.1914523],[14.6342688,63.1916576],[14.6354229,63.1923189],[14.6355155,63.1923716],[14.6382669,63.1939383],[14.6387912,63.1942368],[14.6392747,63.1945164],[14.6394082,63.194593],[14.6402307,63.1950647],[14.6405359,63.1952501],[14.6410593,63.1955679],[14.6414038,63.1958005],[14.6418433,63.1961236],[14.6421841,63.1964481],[14.6424231,63.1966889],[14.643,63.1973444],[14.6433538,63.1977534],[14.6436799,63.1981679],[14.6442806,63.1989167],[14.6444589,63.199235],[14.6445827,63.1995583],[14.6446734,63.1999175],[14.6447325,63.2001686],[14.6447492,63.2002823],[14.6447485,63.2003952],[14.6447439,63.200561],[14.6447349,63.200728],[14.644688,63.2010182],[14.6446118,63.2013162],[14.6445153,63.2016038],[14.6444292,63.2018243],[14.643853,63.2033189],[14.6437529,63.2035626],[14.6437243,63.2036337],[14.6434677,63.2042871],[14.6433659,63.2045379],[14.6432721,63.2047982],[14.6426,63.206501],[14.642462,63.2068416],[14.6423417,63.2071611],[14.6418282,63.208458],[14.6417221,63.2087283],[14.6417198,63.208735],[14.641578,63.2090954],[14.6414248,63.2094984],[14.6412284,63.2100264],[14.6410618,63.2105846],[14.6409702,63.2109641],[14.6409185,63.2112869],[14.6408681,63.2115676],[14.640809,63.2122487],[14.640791,63.2126614],[14.6407909,63.2127574],[14.6408191,63.2133009],[14.6408788,63.213849],[14.6409088,63.2140093],[14.6410216,63.2147095],[14.6411004,63.2151085],[14.6412366,63.2157798],[14.6413284,63.2162801],[14.6415876,63.2177054],[14.6416184,63.2180353],[14.6416749,63.219102],[14.6416752,63.2191083],[14.6418121,63.2217813],[14.6418789,63.2230889],[14.6419198,63.2238798],[14.6421228,63.2278029],[14.6421512,63.2283158],[14.6422834,63.2308836],[14.6424889,63.2348639],[14.6424955,63.235246],[14.6424982,63.2356156],[14.6424741,63.2359514],[14.6424606,63.2363633],[14.6423562,63.236907],[14.6417525,63.2391514],[14.6417123,63.2392498],[14.6415,63.2398039],[14.6397825,63.2442874],[14.638159,63.2486392],[14.6373752,63.2507431],[14.6370935,63.2514029],[14.636769,63.2522455],[14.6366537,63.252645],[14.6366215,63.2529734],[14.6365812,63.2534031],[14.6365839,63.253758],[14.6366617,63.2541563],[14.6368173,63.2545474],[14.6372194,63.2555833],[14.6379714,63.2574993],[14.6395361,63.2614833],[14.6397395,63.2620013],[14.641077,63.2654446],[14.641204,63.265768],[14.6414221,63.2663228],[14.6420784,63.267991],[14.6422139,63.2683657],[14.6423306,63.2686944],[14.642399,63.2689556],[14.6424687,63.2692922],[14.6424955,63.2695854],[14.642521,63.2698538],[14.6425197,63.2701512],[14.6424969,63.270413],[14.6424486,63.2707044],[14.6423829,63.2709866],[14.6422823,63.2713208],[14.6421441,63.2716634],[14.6419135,63.2720663],[14.6417512,63.2723619],[14.6415836,63.2726128],[14.6413448,63.2729512],[14.641141,63.2732202],[14.6408392,63.2735802],[14.6396792,63.2749337],[14.6395956,63.2750348],[14.6395539,63.2750858],[14.6395243,63.2751215],[14.637115,63.2779159],[14.6352777,63.2800825],[14.6339393,63.281678],[14.6335655,63.2821207],[14.6331748,63.282621],[14.6329153,63.2830452],[14.6326987,63.2834],[14.6326819,63.2834268],[14.6323798,63.2839223],[14.6323729,63.2839343],[14.6296611,63.2886505],[14.6295699,63.288806],[14.6276658,63.2921123],[14.627373,63.2926186],[14.6255386,63.2958069],[14.6253278,63.29615],[14.6251121,63.2965446],[14.6249968,63.2968857],[14.6249351,63.2972051],[14.6249244,63.2975016],[14.6249619,63.2977812],[14.6250477,63.2980716],[14.6252006,63.2984043],[14.625383,63.2987116],[14.6256727,63.2990141],[14.6259838,63.2993203],[14.6263406,63.2996095],[14.6269897,63.3001097],[14.62767,63.3006408],[14.6278989,63.3008195],[14.6293634,63.3019451],[14.6303974,63.3027698],[14.6315038,63.303608],[14.6320456,63.3039985],[14.6326947,63.3044154],[14.6334135,63.3047624],[14.6342182,63.305095],[14.635098,63.3053528],[14.6359509,63.3055601],[14.6369809,63.305724],[14.6379894,63.3058372],[14.6390033,63.3058902],[14.639985,63.3059023],[14.6408915,63.3058613],[14.6417887,63.3057877],[14.641825,63.3057842],[14.6428388,63.3056396],[14.643681,63.3054757],[14.6447807,63.3052299],[14.6457356,63.3050444],[14.6466261,63.3049359],[14.6477258,63.3048347],[14.6489114,63.3047745],[14.6553755,63.3043455],[14.6602893,63.3040274],[14.6612171,63.3039714],[14.6620005,63.3039237],[14.6631914,63.3038394],[14.6646666,63.3036755],[14.6663028,63.3034538],[14.6676439,63.3032152],[14.673585,63.3021909],[14.6749181,63.3019439],[14.6758702,63.3017595],[14.6769887,63.3015136],[14.6778229,63.3013136],[14.6786866,63.3011087],[14.6797653,63.3008571],[14.6798255,63.3008335],[14.6806741,63.3006074],[14.6822834,63.3001012],[14.6837239,63.2996824],[14.6842763,63.2995227],[14.6848556,63.299395],[14.6854725,63.2992769],[14.6861029,63.2991889],[14.6867882,63.2991178],[14.6873125,63.2990816],[14.6877658,63.2990666],[14.6882956,63.2990672],[14.6887824,63.299075],[14.6892706,63.2991009],[14.6898124,63.2991455],[14.6903595,63.299204],[14.6908641,63.2992794],[14.6911588,63.2993311],[14.691474,63.2993835],[14.6919313,63.2994854],[14.6925107,63.2996372],[14.6930444,63.2998011],[14.6934897,63.2999578],[14.6963462,63.3009774],[14.6972059,63.3012943],[14.6974352,63.3013787],[14.6978241,63.3015317],[14.6982801,63.301751],[14.6988863,63.3020607],[14.7000879,63.3027079],[14.700501,63.3029272],[14.7009945,63.3031537],[14.7014451,63.3033369],[14.7019601,63.3035128],[14.7024885,63.3036683],[14.7030812,63.3038117],[14.7036794,63.3039261],[14.7043258,63.3040298],[14.7047925,63.3040948],[14.7054164,63.3041727],[14.708569,63.304578],[14.7091497,63.3046576],[14.709709,63.3047437],[14.7102468,63.3048437],[14.7107631,63.30496],[14.7112083,63.3050811],[14.7117528,63.3052576],[14.712422,63.3055125],[14.7134936,63.3059444],[14.7135902,63.305984],[14.7150788,63.3065819],[14.7157815,63.3068771],[14.716672,63.3074036],[14.7171602,63.3076927],[14.7176564,63.3079855],[14.7180667,63.3081867],[14.7185764,63.3084313],[14.7189722,63.308625],[14.7197995,63.309018],[14.7204204,63.3092686],[14.7212626,63.3095536],[14.7215523,63.3096512],[14.7220378,63.3098096],[14.7234403,63.3102646],[14.7246543,63.3106421],[14.7258317,63.3110131],[14.7264272,63.31123],[14.7269395,63.3114191],[14.7273526,63.3116203],[14.7281304,63.3120238],[14.7281575,63.3120388],[14.728514,63.312266],[14.7289538,63.3125683],[14.7292221,63.3128117],[14.7297692,63.3133947],[14.7300482,63.3138296],[14.7302252,63.3142042],[14.730413,63.314733],[14.7307482,63.3157231],[14.7309574,63.3161784],[14.7312364,63.3166976],[14.7315368,63.3171023],[14.7338918,63.3197688],[14.7424869,63.321674],[14.7510874,63.3215981],[14.7539519,63.3215748],[14.7556096,63.3215596],[14.7562927,63.3215252],[14.7582301,63.321462],[14.7595283,63.3213898],[14.7607648,63.3212983],[14.7619075,63.3211911],[14.76465,63.3209243],[14.7685486,63.3205432],[14.7722715,63.3201867],[14.773574,63.3200599],[14.7762841,63.3197965],[14.7786498,63.3195604],[14.779669,63.3194785],[14.7807044,63.3194304],[14.7866267,63.3191714],[14.7910121,63.3189763],[14.7918919,63.318933],[14.7927207,63.3188944],[14.7933213,63.318853],[14.7936997,63.3188246],[14.7944507,63.3187644],[14.7952232,63.3186933],[14.7964543,63.3185825],[14.798592,63.318391],[14.8046448,63.3178628],[14.8046645,63.3178611],[14.8056757,63.3177635],[14.8064268,63.3176997],[14.8073065,63.3176358],[14.8080924,63.3176153],[14.8083714,63.3176146],[14.8090231,63.317637],[14.8096722,63.317684],[14.8103991,63.317737],[14.8123598,63.3179104],[14.8129444,63.3179563],[14.8130384,63.3179634],[14.8136955,63.3179935],[14.8142239,63.3180068],[14.8148328,63.318008],[14.815675,63.3179893],[14.8163134,63.3179562],[14.8168029,63.3179267],[14.8172414,63.3178827],[14.817692,63.3178333],[14.8181882,63.3177671],[14.8186885,63.3176882],[14.8192839,63.3175834],[14.8200054,63.3174263],[14.8206317,63.3172733],[14.8219997,63.3168987],[14.8228902,63.3166349],[14.8234561,63.3165097],[14.8238404,63.3164317],[14.824065,63.3163904],[14.824757,63.3162929],[14.8256126,63.3162097],[14.8263046,63.316182],[14.8270476,63.31617],[14.8276994,63.3161887],[14.8285389,63.3162266],[14.8298076,63.3162916],[14.8311326,63.3163627],[14.8319212,63.3163964],[14.8320026,63.3163994],[14.8329806,63.316435],[14.8335117,63.316429],[14.8342091,63.3164145],[14.8348823,63.3163711],[14.8355797,63.3162977],[14.8365778,63.3161694],[14.8399389,63.3157095],[14.8429504,63.3153232],[14.8437148,63.3152317],[14.8442888,63.3151835],[14.8449734,63.3151462],[14.8453242,63.3151317],[14.8460081,63.3151353],[14.8470339,63.3151825],[14.8475892,63.3152417],[14.847667,63.3152532],[14.8486233,63.3154154],[14.8491557,63.3155214],[14.8496208,63.3156338],[14.8500368,63.3157599],[14.8506656,63.3159634],[14.8510455,63.3161081],[14.8512392,63.316186],[14.8569995,63.3184972],[14.8570956,63.3185358],[14.8606913,63.3199809],[14.8615329,63.3203061],[14.8618278,63.3204179],[14.8623801,63.3205879],[14.8629206,63.3207228],[14.863472,63.3208322],[14.8640606,63.3209415],[14.8645815,63.3210125],[14.8681417,63.3213332],[14.877518,63.3221346],[14.8806435,63.3224242],[14.8845917,63.3227806],[14.8853146,63.3228566],[14.8858818,63.3229493],[14.8863825,63.3230387],[14.8864612,63.3230558],[14.8867447,63.3231166],[14.8870258,63.3231853],[14.887459,63.3233105],[14.8878559,63.3234291],[14.8880477,63.323497],[14.8882395,63.3235743],[14.8885573,63.3237025],[14.8889637,63.3238934],[14.8895048,63.3241871],[14.8897442,63.3243521],[14.8900124,63.3245448],[14.8901718,63.3246722],[14.8903799,63.324894],[14.8905677,63.3251336],[14.89075,63.3254033],[14.8908788,63.325667],[14.8909593,63.3259488],[14.8909955,63.3262023],[14.891316,63.3285567],[14.8913529,63.3289236],[14.8913562,63.3291118],[14.8912436,63.3296728],[14.8910558,63.3304385],[14.8908426,63.3311548],[14.8907822,63.3313582],[14.8900285,63.3345092],[14.8895632,63.3365109],[14.8894492,63.3368647],[14.8893647,63.3370664],[14.8892601,63.3373161],[14.8891219,63.3375695],[14.8889436,63.3378643],[14.8888162,63.3380551],[14.8886847,63.3382435],[14.8885144,63.3384583],[14.8883092,63.3387032],[14.8880866,63.3389493],[14.8878036,63.3392129],[14.887526,63.3394735],[14.8873115,63.3396703],[14.8870513,63.3398859],[14.8860884,63.3406625],[14.8848452,63.3417089],[14.88453,63.3420092],[14.8842832,63.342298],[14.8840928,63.3425519],[14.8839614,63.3428371],[14.8838702,63.3431452],[14.8838407,63.3434099],[14.8838514,63.3436674],[14.8839024,63.3439418],[14.884015,63.3442198],[14.8842457,63.344606],[14.8845273,63.3449117],[14.8848063,63.3451764],[14.885112,63.345405],[14.8855546,63.3456854],[14.8861071,63.3459669],[14.886657,63.3462028],[14.8869896,63.3463315],[14.8900085,63.347466],[14.8923111,63.3483324],[14.8929575,63.3486007],[14.8935261,63.3488582],[14.894084,63.3491602],[14.8945105,63.3494297],[14.8948994,63.3497076],[14.8952669,63.3500023],[14.8956129,63.3503452],[14.8958462,63.3506351],[14.8961171,63.3510105],[14.8965436,63.3517299],[14.8981234,63.3546121],[14.8984818,63.3552719],[14.8990622,63.3563406],[14.9002692,63.3585273],[14.900516,63.3589073],[14.9007493,63.3592056],[14.9010631,63.3595484],[14.9013472,63.3597778],[14.9014091,63.359855],[14.9018919,63.3602122],[14.9022916,63.3604804],[14.9048397,63.3620835],[14.9051777,63.362342],[14.9055263,63.3626234],[14.9058831,63.3629818],[14.9063184,63.3634089],[14.9063278,63.3634194],[14.906618,63.3638211],[14.9068004,63.364135],[14.9068996,63.3644717],[14.9069399,63.3648216],[14.9069667,63.3669054],[14.9069774,63.3689614],[14.9069971,63.3723502],[14.9069962,63.3723829],[14.9069157,63.3729034],[14.9067923,63.3733241],[14.906626,63.3736535],[14.9064115,63.3739997],[14.9061486,63.3743086],[14.9058348,63.3746127],[14.905529,63.3749144],[14.9050489,63.3752666],[14.9045742,63.3756008],[14.9039009,63.3759674],[14.9033222,63.3762917],[14.9031177,63.3763965],[14.9019287,63.3770767],[14.8969043,63.3798865],[14.8966402,63.3800341],[14.8955297,63.3806596],[14.8942262,63.3813951],[14.8930138,63.3820657],[14.8920965,63.3825271],[14.8914608,63.3828119],[14.8896861,63.3834889],[14.8882234,63.3839619],[14.8872042,63.3842299],[14.886421,63.3844378],[14.8854768,63.3846721],[14.8845273,63.3848812],[14.883433,63.3850746],[14.8816171,63.3854159],[14.8815637,63.385425],[14.880681,63.3855751],[14.8798764,63.3857175],[14.8789752,63.3859194],[14.8779935,63.3861471],[14.8772116,63.3863381],[14.8764928,63.3865364],[14.8759416,63.3866998],[14.8755647,63.3868151],[14.8750998,63.3869498],[14.8738041,63.3874098],[14.8726237,63.387898],[14.8716326,63.3883428],[14.8712021,63.388514],[14.8708212,63.3886474],[14.8704082,63.388791],[14.8699737,63.3889087],[14.8693849,63.3890511],[14.8687479,63.389185],[14.868249,63.3892728],[14.8677833,63.3893528],[14.8660107,63.389665],[14.8653455,63.3898206],[14.8647594,63.3899624],[14.864582,63.3900156],[14.863531,63.3903312],[14.8627451,63.3906039],[14.8617339,63.390992],[14.8583356,63.3922606],[14.8576462,63.3924936],[14.856922,63.3927303],[14.8561576,63.3929069],[14.8552108,63.3931147],[14.8541862,63.3933321],[14.8533788,63.3935195],[14.8525178,63.3937549],[14.8517293,63.3940324],[14.8509374,63.3943641],[14.85036,63.3946721],[14.8499684,63.3949195],[14.8494226,63.3953123],[14.8491224,63.39554],[14.8485053,63.3960084],[14.848225,63.39623],[14.847655,63.3966606],[14.847073,63.3970618],[14.8465446,63.3973753],[14.8458365,63.3977152],[14.8447583,63.3981889],[14.8420103,63.3992771],[14.8407778,63.3997329],[14.8400187,63.3999767],[14.8393509,63.4001725],[14.8383719,63.4004175],[14.837586,63.4006012],[14.8365077,63.4008666],[14.8357621,63.4010624],[14.8345196,63.4014315],[14.8303417,63.402675],[14.8295394,63.402931],[14.8289332,63.4031531],[14.8282921,63.4034209],[14.8276833,63.4037344],[14.8270288,63.4041318],[14.8229894,63.4065502],[14.8220345,63.4071709],[14.8215333,63.4075222],[14.8210287,63.4079117],[14.820503,63.4083296],[14.8200846,63.4087222],[14.8193926,63.4094827],[14.8171771,63.4120681],[14.8167935,63.4125495],[14.8165494,63.4129216],[14.8163804,63.4132709],[14.8162732,63.4136047],[14.8162329,63.4139756],[14.8162544,63.4142829],[14.8163214,63.4145974],[14.8164663,63.4149923],[14.8167264,63.4157665],[14.8169603,63.4164426],[14.8174828,63.4179558],[14.8179468,63.4192845],[14.8185986,63.4211375],[14.8193309,63.4232568],[14.8200447,63.4253129],[14.8203206,63.4261078],[14.820444,63.4264306],[14.8206291,63.4268242],[14.8208034,63.4271349],[14.8211092,63.4276029],[14.8214042,63.4279868],[14.8217449,63.4283599],[14.8221526,63.4287655],[14.8225763,63.4291518],[14.8230404,63.4295825],[14.8265591,63.4328497],[14.8271857,63.4334328],[14.8273749,63.4336085],[14.8280869,63.4342695],[14.8290961,63.4352094],[14.8303843,63.4364065],[14.8315269,63.4374805],[14.8318434,63.437796],[14.8320901,63.4380551],[14.8323396,63.4383489],[14.8325581,63.4386777],[14.8327097,63.4389246],[14.8328358,63.4391489],[14.8329619,63.4394061],[14.8332837,63.4401767],[14.8340624,63.442008],[14.8341447,63.4421987],[14.834944,63.4440586],[14.8351806,63.4446],[14.8352914,63.4449693],[14.8353557,63.4454609],[14.8353597,63.4458069],[14.835341,63.4461462],[14.835286,63.4464352],[14.83518,63.4468327],[14.8347804,63.4477241],[14.8340964,63.4491233],[14.8339704,63.4494494],[14.8338872,63.4498486],[14.8338872,63.4501903],[14.8339999,63.4505788],[14.8340937,63.4508209],[14.834124,63.450867],[14.8343244,63.4511398],[14.8345658,63.4514251],[14.834826,63.4516553],[14.8351774,63.4519298],[14.8356253,63.4522044],[14.8359901,63.4523938],[14.8365292,63.4526371],[14.8373339,63.45295],[14.8394448,63.453746],[14.8438463,63.4554745],[14.844844,63.4558473],[14.8481489,63.4571213],[14.8543847,63.4595257],[14.8583651,63.4610669],[14.8599717,63.4616889],[14.8606047,63.4619178],[14.861125,63.4620844],[14.8617768,63.4622653],[14.8623025,63.4623971],[14.8631796,63.4625745],[14.8637576,63.4626609],[14.8638448,63.462674],[14.8645315,63.4627542],[14.8650572,63.462801],[14.8656151,63.4628321],[14.8661515,63.4628549],[14.8666826,63.4628609],[14.8671305,63.4628549],[14.8676482,63.4628417],[14.8681229,63.4628154],[14.8686165,63.4627794],[14.8692387,63.4627303],[14.8705557,63.462638],[14.8714703,63.4625793],[14.8720899,63.4625457],[14.8726317,63.4625254],[14.8731816,63.462517],[14.8736966,63.462517],[14.874402,63.4625266],[14.8750082,63.4625385],[14.87555,63.4625649],[14.8762634,63.4626104],[14.8767999,63.4626632],[14.8772585,63.4627183],[14.8778245,63.4627998],[14.8783153,63.4628897],[14.8787874,63.4629831],[14.8792353,63.4630934],[14.8795706,63.4631761],[14.8799729,63.4632911],[14.8803189,63.4634037],[14.8806167,63.4635032],[14.8808581,63.4635931],[14.8816681,63.4639238],[14.8822099,63.4641946],[14.882428,63.4643373],[14.8826283,63.4644702],[14.8830253,63.4647363],[14.8834759,63.4651269],[14.8838407,63.4655079],[14.8841196,63.4658938],[14.884243,63.4662508],[14.8843664,63.4665839],[14.88442,63.4669506],[14.8846534,63.4678624],[14.8853803,63.4711583],[14.8855519,63.471659],[14.8857504,63.4721167],[14.8860079,63.4726198],[14.8862759,63.4730501],[14.8863512,63.4731709],[14.8882395,63.4764278],[14.8899615,63.4794682],[14.8912675,63.4817432],[14.8918605,63.4827778],[14.8922816,63.4834963],[14.892413,63.4840914],[14.8924452,63.4844794],[14.8923969,63.4848829],[14.8923038,63.4852222],[14.8919865,63.4868311],[14.8919436,63.4871292],[14.8919329,63.4875147],[14.8919742,63.4879738],[14.8921019,63.4889407],[14.8921877,63.4894819],[14.8922896,63.4898566],[14.8923889,63.4901344],[14.8925632,63.490454],[14.892657,63.4906211],[14.8927376,63.4907593],[14.8930298,63.491211],[14.8930809,63.4912947],[14.8931453,63.49138],[14.8938668,63.4923802],[14.8953152,63.4943985],[14.8956987,63.4949695],[14.8959213,63.4954088],[14.8959964,63.4957463],[14.8960072,63.4962083],[14.8959589,63.4966225],[14.8958194,63.4970953],[14.8955941,63.4980097],[14.8953608,63.498802],[14.8953178,63.4990306],[14.8952937,63.4992473],[14.8952991,63.4993573],[14.8953205,63.4996183],[14.8954037,63.4999055],[14.8955888,63.5003447],[14.8957658,63.5007145],[14.8960125,63.5011023],[14.8961949,63.5013991],[14.8963129,63.501703],[14.8963988,63.502007],[14.8964149,63.5023038],[14.8963398,63.5026413],[14.8963451,63.5027298],[14.89627,63.503017],[14.8959964,63.5035974],[14.8956719,63.5041754],[14.8954654,63.5046014],[14.8953527,63.5049364],[14.8952991,63.505281],[14.8952937,63.505628],[14.8953447,63.5059882],[14.8954225,63.5063196],[14.895578,63.506736],[14.8958865,63.5073977],[14.896093,63.5078344],[14.896203,63.5081933],[14.896211,63.5082268],[14.8962486,63.5085499],[14.8962432,63.508904],[14.8961735,63.509239],[14.8960796,63.5095238],[14.8959401,63.5098647],[14.8956129,63.5103588],[14.8952347,63.5109785],[14.8949182,63.5115791],[14.8947412,63.5120253],[14.8946419,63.5124045],[14.8945561,63.5128005],[14.8945454,63.5132323],[14.894591,63.5139656],[14.89465,63.5144609],[14.894717,63.5147563],[14.8947948,63.5150255],[14.8950201,63.5155577],[14.8953366,63.5162306],[14.8957164,63.5170362],[14.8961064,63.5178686],[14.8963827,63.5184917],[14.8965356,63.5189115],[14.8965865,63.5192177],[14.8966429,63.5196542],[14.8966375,63.5199281],[14.8963585,63.5239331],[14.8963344,63.525215],[14.8963625,63.5259455],[14.8964256,63.527433],[14.8964471,63.5277415],[14.8965302,63.5281982],[14.8966858,63.5285389],[14.8968413,63.5287996],[14.8971578,63.5291846],[14.8974261,63.5294954],[14.8977211,63.529805],[14.8979196,63.5300956],[14.898051,63.5304614],[14.8981556,63.5310245],[14.89811,63.5313317],[14.8980383,63.5316378],[14.8979632,63.5318141],[14.8975119,63.5327137],[14.8974127,63.5330053],[14.8973536,63.533297],[14.8973563,63.533615],[14.8974368,63.533927],[14.8976165,63.5343502],[14.8978894,63.5347567],[14.8979652,63.5348701],[14.89914,63.5363415],[14.9001217,63.5375511],[14.9013472,63.5390222],[14.9025679,63.5405773],[14.9028683,63.5409525],[14.9032921,63.541672],[14.9035442,63.5422145],[14.903985,63.5432938],[14.9040914,63.5435505],[14.9042898,63.5439951],[14.9046224,63.544614],[14.9050301,63.5452091],[14.9056309,63.546036],[14.9062264,63.5467003],[14.9068835,63.5473258],[14.9077687,63.5480098],[14.9085733,63.5485403],[14.9092439,63.548974],[14.9100083,63.5494638],[14.9109739,63.5500922],[14.911277,63.5502858],[14.9117571,63.5505683],[14.9122828,63.5508437],[14.9127763,63.5510647],[14.9129975,63.5511526],[14.9132933,63.5512699],[14.9145761,63.5517755],[14.9155524,63.5521506],[14.91629,63.552417],[14.9171993,63.5527049],[14.9177143,63.5528423],[14.9189883,63.5531744],[14.9198091,63.5533918],[14.9203268,63.5535375],[14.921,63.5537597],[14.9214479,63.553927],[14.921912,63.5541551],[14.9222982,63.5543761],[14.9227052,63.5546476],[14.9233094,63.5551012],[14.9240497,63.5556876],[14.9245432,63.5560723],[14.9246585,63.5561584],[14.9248651,63.5562944],[14.9252701,63.5565476],[14.9256617,63.5567483],[14.926284,63.5570302],[14.9269009,63.5572428],[14.9270955,63.5573018],[14.927558,63.5574267],[14.9283788,63.5576071],[14.9291888,63.5577552],[14.9300846,63.5578937],[14.9310529,63.5580418],[14.9327025,63.5582962],[14.9334159,63.5584228],[14.9342152,63.5585841],[14.935146,63.5588074],[14.935838,63.5590021],[14.9367097,63.5592636],[14.9375801,63.5595402],[14.938364,63.5597655],[14.9386302,63.5598318],[14.9388696,63.5598892],[14.9391995,63.5599614],[14.9394241,63.560005],[14.9397576,63.560063],[14.9400934,63.5601144],[14.9403548,63.5601498],[14.9408846,63.5602059],[14.941307,63.56024],[14.9416584,63.5602603],[14.9420138,63.5602734],[14.942459,63.56028],[14.9428868,63.5602734],[14.943269,63.5602609],[14.9436754,63.5602459],[14.9444559,63.5602131],[14.9457069,63.5601455],[14.9462905,63.560114],[14.9470308,63.5600829],[14.947857,63.5600674],[14.9487233,63.5600638],[14.9495333,63.5600722],[14.9502146,63.5600985],[14.9507457,63.56012],[14.9515289,63.5601701],[14.9523899,63.5602394],[14.9530283,63.5603039],[14.9537551,63.5603851],[14.9544874,63.560483],[14.9553269,63.5606084],[14.9562496,63.560772],[14.9568719,63.5608914],[14.9576926,63.561067],[14.958508,63.56127],[14.9591569,63.561447],[14.9593583,63.5615005],[14.960179,63.5617501],[14.9609086,63.5619949],[14.961673,63.5622791],[14.9633038,63.5629574],[14.9637194,63.5631324],[14.9650231,63.5636835],[14.9665439,63.5643271],[14.9671045,63.5645719],[14.9676731,63.5647964],[14.9682793,63.5649898],[14.9688828,63.5651653],[14.9694487,63.5653074],[14.9700576,63.5654352],[14.9706665,63.5655403],[14.9712458,63.5656215],[14.9719593,63.5657026],[14.9725038,63.5657468],[14.9731046,63.5657803],[14.9736303,63.5657946],[14.9743035,63.565797],[14.975009,63.5657743],[14.9751207,63.5657697],[14.9758071,63.5657293],[14.9772352,63.5656131],[14.980765,63.5653098],[14.9817606,63.5652294],[14.9845308,63.5650065],[14.988876,63.5646483],[14.9915636,63.564419],[14.9923575,63.5643617],[14.9931246,63.5643187],[14.9939078,63.5642853],[14.9946856,63.564302],[14.9951738,63.5643283],[14.9960858,63.5643999],[14.9969387,63.5645289],[14.9979043,63.5647199],[15.0011613,63.5654291],[15.0026491,63.5657522],[15.0060743,63.5664883],[15.0097677,63.5672859],[15.0104463,63.5674292],[15.0112376,63.5675856],[15.0122273,63.5677611],[15.0135255,63.5679533],[15.0197887,63.568793],[15.0227711,63.5691437],[15.0328092,63.5704471],[15.0349563,63.5707303],[15.0372167,63.5709833],[15.0391517,63.5711832],[15.04275,63.5714972],[15.046025,63.5717028],[15.0504166,63.5719969],[15.0547028,63.5722691],[15.0558937,63.5723336],[15.0566715,63.5723634],[15.0571972,63.5723742],[15.0576559,63.5723742],[15.0583935,63.5723718],[15.0591169,63.572361],[15.0592089,63.5723587],[15.0599143,63.5723312],[15.0609148,63.5722739],[15.0619447,63.5721915],[15.0630149,63.5720793],[15.0643761,63.5719283],[15.0656549,63.571785],[15.066078,63.5717379],[15.0685322,63.5714621],[15.0709221,63.5711911],[15.0730303,63.5709548],[15.0747067,63.5707602],[15.0761995,63.5705653],[15.0775044,63.5703717],[15.0786124,63.5701821],[15.0790438,63.5701083],[15.0806451,63.5698003],[15.0817743,63.569558],[15.0851111,63.5688083],[15.0887417,63.5679917],[15.0924083,63.5671611],[15.0938791,63.5669217],[15.0949252,63.5667641],[15.0962073,63.5666137],[15.0969476,63.5665463],[15.0973928,63.5665062],[15.0985891,63.5664322],[15.0999194,63.5663892],[15.1009333,63.5663964],[15.1020491,63.5664203],[15.1032615,63.5664728],[15.1043504,63.5665444],[15.1054877,63.5666495],[15.1068342,63.5668214],[15.108025,63.5670194],[15.1101682,63.5674208],[15.1156157,63.5685121],[15.1161418,63.5686268],[15.116415,63.5686876],[15.1173323,63.5689359],[15.1180539,63.5691843],[15.1185796,63.5693824],[15.1192287,63.5696929],[15.1197088,63.5699663],[15.1201165,63.5702504],[15.1205322,63.5705811],[15.1208889,63.5708939],[15.1216333,63.5716054],[15.122057,63.5719838],[15.1223806,63.5722528],[15.1229194,63.572592],[15.123193,63.572746],[15.1235162,63.5729209],[15.1239158,63.5731047],[15.1242927,63.5732695],[15.1246172,63.5733912],[15.1250035,63.5735231],[15.1254286,63.5736545],[15.1258872,63.5737798],[15.1264612,63.5739171],[15.1271251,63.5740555],[15.1275878,63.5741307],[15.1289194,63.5743111],[15.1302758,63.5744991],[15.1311323,63.5746184],[15.1326773,63.5748284],[15.1341471,63.5750218],[15.1354936,63.5752152],[15.1376333,63.5755472],[15.1398401,63.5759761],[15.1423917,63.5765306],[15.1451321,63.57711],[15.1479363,63.577717],[15.1488553,63.5779236],[15.1488751,63.5779282],[15.1498809,63.5781777],[15.1505703,63.5783674],[15.1515841,63.5786754],[15.1522896,63.5789152],[15.1528823,63.5791384],[15.1534831,63.5793819],[15.154143,63.5796683],[15.1547894,63.579981],[15.1554868,63.5803522],[15.1573348,63.5814274],[15.1598158,63.5829537],[15.1609236,63.5836912],[15.1613447,63.5840014],[15.1617256,63.5843177],[15.1619707,63.5845586],[15.1620689,63.5846625],[15.1623371,63.5850026],[15.1625356,63.5853331],[15.1626724,63.5856672],[15.1627475,63.5859941],[15.1627797,63.5863354],[15.1627611,63.5866833],[15.1619361,63.5911727],[15.1615207,63.5934632],[15.1602879,63.600254],[15.1598963,63.6023739],[15.1589444,63.6075361],[15.1586089,63.6093985],[15.1585472,63.6099505],[15.1585472,63.6102402],[15.1585901,63.6106491],[15.1586518,63.6109102],[15.1587591,63.6111975],[15.1588255,63.611356],[15.1588771,63.6114765],[15.1590702,63.6117745],[15.1593304,63.6121393],[15.159722,63.612566],[15.1600251,63.6128569],[15.1604059,63.6131463],[15.1610456,63.6135787],[15.1614225,63.6137956],[15.1618892,63.6140501],[15.1624417,63.61431],[15.1629218,63.6145114],[15.1635388,63.6147403],[15.1642415,63.6149775],[15.1650824,63.6152266],[15.1728065,63.6174239],[15.1812452,63.6198256],[15.1897947,63.6222642],[15.1904064,63.6224383],[15.1956897,63.6239293],[15.1965135,63.6241433],[15.197356,63.6243421],[15.1983737,63.6245678],[15.1990016,63.624703],[15.2014773,63.6252022],[15.2057353,63.6260673],[15.2068685,63.626302],[15.2074285,63.6264145],[15.2096744,63.6268659],[15.2123697,63.6274107],[15.2130577,63.6275465],[15.2169335,63.6283376],[15.2202567,63.6289929],[15.2242224,63.6298102],[15.2258491,63.6301393],[15.2286855,63.6307109],[15.2327961,63.6315376],[15.2338188,63.6317708],[15.2348909,63.6320212],[15.2357277,63.632244],[15.2365163,63.6324834],[15.237175,63.6327],[15.2377635,63.6329135],[15.2386972,63.6332833],[15.2394131,63.6335865],[15.2398315,63.6338021],[15.2404404,63.6340987],[15.2409071,63.6343596],[15.2414945,63.6347467],[15.2421111,63.6351818],[15.2421611,63.6352194],[15.2466028,63.6388194],[15.2467221,63.6389184],[15.2516861,63.6429583],[15.2521361,63.6433056],[15.2615715,63.6509575],[15.271291,63.6588416],[15.2810213,63.6667308],[15.2829453,63.6682881],[15.2833047,63.668592],[15.2836856,63.6689133],[15.285126,63.6700696],[15.2883929,63.6727034],[15.2907418,63.6746383],[15.2909088,63.6747756],[15.292148,63.6757795],[15.2935696,63.6768999],[15.2944279,63.677485],[15.2949911,63.6778228],[15.2956563,63.6781713],[15.2962196,63.6784496],[15.2967319,63.6786767],[15.2974373,63.6789693],[15.29814,63.6792357],[15.2987583,63.6794367],[15.2992411,63.6795949],[15.2998205,63.6797691],[15.3005755,63.6799731],[15.3013104,63.680161],[15.3023457,63.6803822],[15.3031021,63.6805391],[15.3041267,63.6807056],[15.3046286,63.6807884],[15.3049475,63.6808341],[15.3061867,63.6809887],[15.3071254,63.6811004],[15.3087911,63.681299],[15.3185087,63.6824597],[15.3241922,63.6831346],[15.3297164,63.6837903],[15.3392798,63.6849342],[15.3409964,63.6851351],[15.342595,63.6853266],[15.3437596,63.6854656],[15.3465754,63.6858022],[15.3489599,63.6860863],[15.3525701,63.6865096],[15.3574276,63.6870922],[15.3601018,63.6874097],[15.3628001,63.6877212],[15.3633334,63.6878033],[15.3634304,63.6878186],[15.3643209,63.6879625],[15.3650612,63.6881064],[15.3658846,63.6883049],[15.3665364,63.6884928],[15.3671855,63.6887127],[15.3677273,63.6889219],[15.3687438,63.6893725],[15.3692964,63.689684],[15.3695109,63.6897999],[15.3701056,63.6900861],[15.3710639,63.6906505],[15.3741968,63.6924051],[15.377115,63.694036],[15.3773014,63.6941412],[15.3776434,63.6943415],[15.3812456,63.6963514],[15.3865306,63.6993222],[15.3893137,63.700744],[15.3901041,63.7011251],[15.3906441,63.7013881],[15.3924083,63.7021778],[15.3941256,63.7029282],[15.3960353,63.7036863],[15.39846,63.7045561],[15.4008365,63.7053498],[15.4055459,63.7069169],[15.4057395,63.7069823],[15.4093552,63.7081775],[15.4112112,63.7087858],[15.4122519,63.7091256],[15.4138076,63.7096174],[15.4157965,63.7102174],[15.4186528,63.7109833],[15.4217443,63.7117546],[15.422381,63.7119143],[15.4227447,63.712004],[15.4239625,63.7122725],[15.4254699,63.7126027],[15.4291472,63.7133345],[15.4327306,63.7140412],[15.4373601,63.7149653],[15.440828,63.7156535],[15.4430437,63.7160937],[15.4437572,63.716235],[15.4445994,63.7163906],[15.445278,63.7165047],[15.4460531,63.7166199],[15.4470187,63.7167505],[15.4491645,63.7169797],[15.4499772,63.7170926],[15.4507148,63.7172137],[15.4514068,63.7173657],[15.4520908,63.7175332],[15.4527774,63.7177529],[15.453389,63.7179679],[15.4539469,63.7182078],[15.4546389,63.7185475],[15.4550305,63.7187814],[15.4554865,63.7190973],[15.4558459,63.7194144],[15.4561624,63.7197339],[15.4564199,63.720108],[15.4565942,63.72045],[15.4566027,63.7204702],[15.4567122,63.7207374],[15.456782,63.7210473],[15.4568678,63.721571],[15.4569268,63.7219249],[15.4570261,63.7222502],[15.4572058,63.7226267],[15.4574606,63.7229877],[15.4576993,63.7232738],[15.4580051,63.7235636],[15.4583189,63.7238022],[15.4586917,63.7240504],[15.4590726,63.7242831],[15.4595366,63.7245408],[15.4600328,63.7247688],[15.4605693,63.7249861],[15.4612318,63.7251962],[15.4618058,63.7253601],[15.4623932,63.7255061],[15.463112,63.7256522],[15.463753,63.7257626],[15.4644477,63.7258469],[15.4650968,63.7259134],[15.4659975,63.725979],[15.4669305,63.7260067],[15.4683745,63.725981],[15.4690394,63.7259687],[15.4749472,63.7258647],[15.4790162,63.7257976],[15.4798838,63.7257697],[15.4801467,63.7257602],[15.4804122,63.7257471],[15.4809621,63.7257127],[15.4815495,63.7256617],[15.4820618,63.7255987],[15.4827189,63.7254919],[15.4833063,63.7253731],[15.4839206,63.72522],[15.484575,63.7250098],[15.4851356,63.7247949],[15.485675,63.724575],[15.4877226,63.7236974],[15.4891911,63.7230696],[15.4901701,63.7226944],[15.4913744,63.722255],[15.4922247,63.7219605],[15.4932198,63.7216434],[15.4941854,63.7213525],[15.4949847,63.7211269],[15.495784,63.7209072],[15.4966396,63.7206958],[15.4979271,63.7203882],[15.4989088,63.7201863],[15.499759,63.7200248],[15.5005583,63.7199037],[15.5013496,63.7198028],[15.5021113,63.7197244],[15.5029455,63.7196448],[15.503616,63.719608],[15.5044529,63.71957],[15.5051744,63.7195569],[15.50523,63.7195564],[15.5066121,63.7195641],[15.5102384,63.7196211],[15.5239069,63.719874],[15.5248377,63.7199037],[15.5254941,63.7199414],[15.5259803,63.7199726],[15.5268735,63.7200438],[15.5276728,63.7201317],[15.5286333,63.7202583],[15.5298668,63.7204725],[15.5306366,63.7206364],[15.5317229,63.7208858],[15.5322781,63.7210437],[15.5330399,63.7212824],[15.5337641,63.7215354],[15.5345687,63.7218548],[15.5351856,63.722122],[15.5357274,63.7224011],[15.5362167,63.7226611],[15.5366367,63.7229307],[15.5371472,63.7232833],[15.5380556,63.7240124],[15.5384177,63.7243734],[15.5386913,63.7247023],[15.5388898,63.7249789],[15.5390453,63.7252473],[15.5392944,63.7257337],[15.5393672,63.7258766],[15.539555,63.7263194],[15.5397454,63.7266911],[15.539901,63.7269345],[15.540086,63.727179],[15.5404347,63.727591],[15.5407633,63.7278765],[15.5410275,63.7280926],[15.5413333,63.7283034],[15.5416431,63.7285159],[15.5420011,63.728707],[15.5423686,63.7289076],[15.550399,63.7330854],[15.5521265,63.7339836],[15.5530035,63.7344466],[15.5540952,63.7350139],[15.5551332,63.7355457],[15.5560774,63.7360216],[15.5568123,63.7363872],[15.5576947,63.7368251],[15.5583358,63.7371325],[15.559009,63.7374565],[15.5598968,63.7378446],[15.5608356,63.7382161],[15.5618978,63.7386339],[15.5625656,63.7388641],[15.5628741,63.7389662],[15.5636197,63.7392249],[15.5645058,63.7395118],[15.565339,63.7397518],[15.5660874,63.7399701],[15.5669188,63.7401921],[15.5690914,63.7407629],[15.5751528,63.7424528],[15.5760249,63.7427149],[15.5768296,63.7429843],[15.5775216,63.7432572],[15.5785382,63.7436832],[15.5791336,63.7439537],[15.5797076,63.7442373],[15.5803031,63.7445482],[15.5807536,63.7448183],[15.5810326,63.7450003],[15.5817917,63.7454891],[15.5824032,63.7459447],[15.5829263,63.7463873],[15.5835539,63.7469615],[15.5841346,63.7475523],[15.5855978,63.7491468],[15.5863407,63.7500401],[15.5866492,63.7504198],[15.586912,63.7508445],[15.5870944,63.7512028],[15.5872366,63.7516155],[15.5873144,63.7519749],[15.5873331,63.7523901],[15.5873278,63.7527021],[15.5872822,63.7530651],[15.5872407,63.7531828],[15.5870917,63.7535787],[15.5868933,63.7539701],[15.5866787,63.7542927],[15.586381,63.7547257],[15.586094,63.7550957],[15.5858311,63.7554931],[15.5856299,63.7558382],[15.5854395,63.7562035],[15.5852799,63.7565991],[15.5851726,63.7569822],[15.5850975,63.7572306],[15.5850559,63.7574898],[15.5850264,63.7578058],[15.5850305,63.7581112],[15.5850533,63.7584065],[15.5851002,63.7586977],[15.5851834,63.7589722],[15.5852719,63.7593138],[15.5854583,63.7597881],[15.5863706,63.7620117],[15.5866583,63.7627111],[15.5897983,63.770857],[15.5901186,63.7716879],[15.5908576,63.7735789],[15.5932547,63.7797453],[15.5941513,63.7820512],[15.5944437,63.7827941],[15.5949587,63.7840809],[15.595471,63.7854056],[15.5956212,63.7857302],[15.595766,63.7860004],[15.5959484,63.7862504],[15.5961657,63.78653],[15.5965599,63.7869044],[15.5968872,63.7871674],[15.5973874,63.7875175],[15.6009373,63.7894947],[15.6013638,63.789644],[15.6024957,63.7900071],[15.6031528,63.7902144],[15.6040299,63.7904963],[15.6048292,63.7907794],[15.6056178,63.7910626],[15.6065592,63.7914618],[15.6072995,63.7918302],[15.6079701,63.7921772],[15.6087452,63.7926487],[15.6094989,63.7931485],[15.6101185,63.7936673],[15.6106308,63.7941589],[15.6110814,63.7946315],[15.6113299,63.7949678],[15.6114918,63.795219],[15.6118003,63.7957697],[15.6120202,63.7962754],[15.6121811,63.7969067],[15.6122509,63.7973816],[15.612275,63.7978009],[15.6122375,63.7981893],[15.6121784,63.7984925],[15.6121333,63.7987694],[15.6120712,63.7990313],[15.6118646,63.7997194],[15.6115374,63.8007934],[15.6113979,63.8013654],[15.6112826,63.8020285],[15.6112504,63.8025981],[15.6112772,63.8032742],[15.6113443,63.8037762],[15.6113749,63.8039023],[15.6114945,63.8044132],[15.6117251,63.8050419],[15.6118968,63.8054694],[15.6120309,63.8057073],[15.6123253,63.8062088],[15.6125808,63.8065811],[15.6128088,63.8069387],[15.6131194,63.8073806],[15.6140694,63.8088194],[15.6145844,63.8095799],[15.6153676,63.8106772],[15.615875,63.8115917],[15.6162987,63.8125813],[15.6164889,63.8130278],[15.6167382,63.8137537],[15.6169313,63.8144662],[15.6171647,63.8157912],[15.6171928,63.8162646],[15.6171989,63.8163569],[15.6171915,63.8166783],[15.6171834,63.8172996],[15.6171378,63.8177671],[15.617022,63.8183902],[15.61665,63.8202028],[15.616466,63.8210179],[15.6163497,63.8215417],[15.6163171,63.82169],[15.616187,63.8222793],[15.6159697,63.8232537],[15.6158075,63.8239666],[15.6156955,63.8245806],[15.6156814,63.8251136],[15.6157203,63.8254757],[15.6158021,63.8258555],[15.6159471,63.8262368],[15.6160298,63.8264266],[15.6160985,63.8265624],[15.6162634,63.826857],[15.6164908,63.8271811],[15.6168361,63.8276097],[15.6174953,63.8283822],[15.6177517,63.8286939],[15.6178594,63.8288127],[15.6180507,63.8290517],[15.6183506,63.8294406],[15.6184307,63.8295384],[15.6193243,63.8305853],[15.6208067,63.8322366],[15.6222921,63.8339397],[15.622428,63.8341165],[15.6238648,63.8358561],[15.6241679,63.836203],[15.6243629,63.8363987],[15.6244496,63.8364859],[15.624754,63.8367443],[15.624994,63.83693],[15.6252086,63.8370988],[15.6254849,63.8372966],[15.6257316,63.8374666],[15.626075,63.8376949],[15.6263749,63.8378719],[15.626427,63.8379027],[15.626763,63.8381032],[15.628525,63.8391],[15.6300487,63.840012],[15.6319275,63.8411178],[15.6322742,63.8413283],[15.6326169,63.8415506],[15.6329381,63.8417708],[15.6334564,63.8421563],[15.6337957,63.8424398],[15.6340063,63.8426364],[15.6342275,63.8428436],[15.6344146,63.8430248],[15.6364035,63.8449514],[15.6369784,63.8455084],[15.6370182,63.8455461],[15.6419479,63.8503243],[15.6441484,63.8524543],[15.6454259,63.8536945],[15.6477301,63.8559303],[15.6481804,63.8563606],[15.648395,63.8565544],[15.6486391,63.8567488],[15.6489126,63.8569521],[15.6491916,63.8571424],[15.6495,63.8573267],[15.6498192,63.8575058],[15.6501867,63.8576913],[15.6505944,63.8578769],[15.6510155,63.85805],[15.6514634,63.8582249],[15.651969,63.8584128],[15.6525665,63.8586178],[15.6527898,63.8586958],[15.6563893,63.8599597],[15.6567501,63.8600876],[15.6571309,63.8602208],[15.6575346,63.8603555],[15.6579477,63.8604873],[15.6580227,63.8605091],[15.6583835,63.8606146],[15.6587315,63.8607112],[15.6591178,63.8608022],[15.6596106,63.8609068],[15.6600653,63.8609874],[15.6605226,63.8610642],[15.661006,63.8611322],[15.6616028,63.8611901],[15.6621467,63.8612341],[15.6627408,63.8612701],[15.6633094,63.8612867],[15.6638914,63.8612896],[15.6645781,63.8612772],[15.6651695,63.8612501],[15.6658025,63.8612016],[15.6664757,63.8611354],[15.6670484,63.8610734],[15.6682688,63.8609529],[15.66871,63.860918],[15.6692813,63.8608873],[15.6697735,63.860869],[15.6704937,63.860866],[15.6711267,63.8608767],[15.6717423,63.8609192],[15.6725053,63.8609812],[15.673141,63.8610557],[15.6738518,63.8611603],[15.6747115,63.8613038],[15.6755859,63.8614876],[15.6774942,63.8619087],[15.677627,63.8619366],[15.6809463,63.8626946],[15.6822243,63.86301],[15.6828774,63.8631778],[15.6835453,63.8633651],[15.6841086,63.8635406],[15.6855288,63.8639677],[15.6874681,63.8646329],[15.6886724,63.8650848],[15.6894502,63.8653932],[15.6902307,63.8657452],[15.6912389,63.8661889],[15.6936293,63.8673003],[15.6941736,63.867554],[15.6973389,63.8690389],[15.6985201,63.8696166],[15.6989372,63.8698475],[15.6993717,63.8701346],[15.69988,63.870483],[15.7003212,63.8708321],[15.7007276,63.8711912],[15.7011017,63.8715769],[15.7014585,63.8719962],[15.701724,63.8723919],[15.7019091,63.8727421],[15.7020351,63.8731354],[15.7021478,63.8735329],[15.7022122,63.8738459],[15.7022484,63.8742462],[15.7022591,63.8747777],[15.7022828,63.8750852],[15.702315,63.8755597],[15.7023154,63.8755655],[15.7023785,63.8767146],[15.7024965,63.878391],[15.7025126,63.8786679],[15.7025367,63.8789826],[15.7025823,63.8793457],[15.7026601,63.8796929],[15.7027056,63.8798417],[15.7027861,63.8800495],[15.7028586,63.8802816],[15.7032066,63.8809599],[15.7034071,63.88129],[15.703631,63.8815864],[15.7038335,63.8818284],[15.7040401,63.8820522],[15.704525,63.8825083],[15.705585,63.8835275],[15.7058941,63.8838116],[15.7093213,63.8869614],[15.7096526,63.8872553],[15.7100925,63.8876112],[15.7104667,63.8878775],[15.7108757,63.8881448],[15.7113893,63.8884512],[15.7120183,63.8887882],[15.7126272,63.889094],[15.7134533,63.8894416],[15.7141212,63.8897013],[15.7145128,63.8898365],[15.7149915,63.8899952],[15.7153657,63.8901115],[15.7159048,63.8902679],[15.7164225,63.8904101],[15.7169804,63.8905547],[15.7175933,63.8906952],[15.7179804,63.890778],[15.7182437,63.8908339],[15.7189612,63.8909767],[15.7196586,63.8910948],[15.720765,63.8912606],[15.721221,63.8913238],[15.7237101,63.8916484],[15.7246461,63.8917794],[15.7262984,63.8920343],[15.7277629,63.8922681],[15.729171,63.89251],[15.730378,63.8927402],[15.731695,63.8930046],[15.7340306,63.8934972],[15.7369077,63.8941365],[15.7373571,63.8942356],[15.7389879,63.8946263],[15.7398207,63.8948363],[15.7405651,63.8950535],[15.7413027,63.8952884],[15.7419142,63.8955315],[15.7425526,63.8958041],[15.7431266,63.8961228],[15.7435933,63.8964166],[15.7440412,63.8967482],[15.7443792,63.8970279],[15.7447332,63.8973973],[15.7450899,63.8978115],[15.7453072,63.898234],[15.7454789,63.8986034],[15.7455915,63.8990069],[15.7458806,63.9001194],[15.7461517,63.901457],[15.7462084,63.9017357],[15.7462983,63.9020637],[15.7463868,63.9023681],[15.7465209,63.9027144],[15.7466738,63.9030188],[15.746883,63.903384],[15.7472556,63.9039917],[15.7480739,63.9050069],[15.7495954,63.9069579],[15.7505831,63.9082432],[15.7520041,63.910056],[15.7538139,63.9123694],[15.75595,63.9151611],[15.7569278,63.9163778],[15.7585964,63.9185649],[15.7613139,63.9221306],[15.7616311,63.9225709],[15.7619128,63.9230084],[15.7621306,63.9233528],[15.7623312,63.9237582],[15.7625806,63.9242722],[15.7629111,63.92525],[15.7631944,63.9264417],[15.7633632,63.9272783],[15.763525,63.9280889],[15.7636194,63.9285417],[15.7637031,63.9287963],[15.7637785,63.9289675],[15.76386,63.9291157],[15.7640009,63.9293597],[15.7641953,63.9296179],[15.7644139,63.9298542],[15.7646821,63.9301153],[15.7649571,63.9303711],[15.7652669,63.9306039],[15.7655914,63.9308384],[15.765983,63.931073],[15.7664189,63.9313176],[15.7667702,63.9314938],[15.7671511,63.9316618],[15.7675602,63.9318321],[15.7679276,63.93197],[15.7684077,63.9321338],[15.7689241,63.9322918],[15.7693559,63.9324102],[15.7698816,63.9325428],[15.7704462,63.9326689],[15.7710859,63.9327968],[15.7747042,63.9335199],[15.7754464,63.9336652],[15.785708,63.9357067],[15.7884532,63.9362612],[15.7931659,63.9371886],[15.7940926,63.9373718],[15.7965522,63.9378659],[15.8028527,63.9391236],[15.8035634,63.9392756],[15.8042997,63.9394447],[15.8047181,63.9395413],[15.8054571,63.9397163],[15.8060686,63.9398801],[15.8068424,63.9401004],[15.8074634,63.9402748],[15.8078898,63.9404009],[15.8084477,63.9405617],[15.8090231,63.9407379],[15.8102529,63.9411444],[15.8112118,63.9414849],[15.8118635,63.9417296],[15.8121881,63.9418525],[15.8142775,63.9426443],[15.8244055,63.9465557],[15.827248,63.9476626],[15.8316603,63.9493817],[15.8353825,63.9508176],[15.8355545,63.9508836],[15.8392858,63.9523321],[15.8405122,63.9528081],[15.8412639,63.9531083],[15.8420035,63.9534582],[15.842451,63.9536756],[15.8428333,63.9538611],[15.8434117,63.954192],[15.8439991,63.9545418],[15.8449361,63.9551722],[15.8449627,63.9551895],[15.8485364,63.9576818],[15.8486956,63.9577932],[15.8490671,63.9580676],[15.8494936,63.9584385],[15.8498181,63.9587117],[15.8501253,63.9589879],[15.8505249,63.9593711],[15.8514952,63.9603707],[15.8524228,63.9613315],[15.8525024,63.961411],[15.8554856,63.9643739],[15.8557297,63.9646118],[15.8558453,63.9647197],[15.8558933,63.9647645],[15.8561763,63.9650285],[15.8574743,63.9660671],[15.8585598,63.9668324],[15.8593,63.9673556],[15.8612333,63.9686528],[15.8621216,63.9692666],[15.8632222,63.9700306],[15.8644944,63.9710583],[15.8654444,63.9719167],[15.8661219,63.9726115],[15.8663556,63.9728556],[15.8671573,63.9738543],[15.8674806,63.9742917],[15.8677607,63.9747616],[15.8680572,63.975319],[15.86825,63.9757722],[15.8689804,63.9776065],[15.8691367,63.9780026],[15.8698395,63.9798547],[15.8702111,63.9808889],[15.8709722,63.9829278],[15.8718833,63.9853],[15.8723154,63.9864236],[15.8734944,63.9895083],[15.8737167,63.9904639],[15.873675,63.9913139],[15.8734583,63.9923306],[15.8731306,63.9939778],[15.8731028,63.9949139],[15.873157,63.9952991],[15.8732444,63.9956917],[15.873575,63.9963944],[15.8741333,63.9971667],[15.8753,63.9986],[15.8769694,64.000625],[15.8787167,64.002625],[15.87935,64.0033417],[15.8797727,64.0037238],[15.8800197,64.0039278],[15.8803553,64.0041541],[15.8807418,64.0043758],[15.8812164,64.0046263],[15.8817845,64.00487],[15.8830111,64.0053056],[15.8844194,64.0057306],[15.8854741,64.0059642],[15.886259,64.0061151],[15.8886,64.0064852],[15.8920694,64.0070472],[15.8933384,64.0072365],[15.8973318,64.0078208],[15.8984965,64.0079913],[15.9022631,64.0085837],[15.9055652,64.0090613],[15.9066613,64.0092129],[15.9078302,64.0093549],[15.9093127,64.0095038],[15.9110026,64.0096603],[15.9119813,64.0097598],[15.9129266,64.0098752],[15.9138407,64.0100155],[15.9143406,64.0101022],[15.9148541,64.0102108],[15.9163237,64.0105874],[15.9165609,64.0106666],[15.9176,64.0110611],[15.9190333,64.0116861],[15.9205833,64.012375],[15.9219861,64.0128667],[15.9232611,64.0131972],[15.9249056,64.0134917],[15.9267917,64.013725],[15.9289889,64.0139778],[15.9309111,64.0143278],[15.9322861,64.0147111],[15.9336514,64.0151904],[15.9340328,64.0153366],[15.9351778,64.0159528],[15.936175,64.0167028],[15.9367861,64.0173111],[15.9383722,64.0196472],[15.9403056,64.0225333],[15.9409166,64.0234106],[15.941275,64.023925],[15.941775,64.0244694],[15.9425556,64.0250722],[15.9435194,64.0255639],[15.9447278,64.0260611],[15.9458583,64.0263972],[15.9473028,64.0266944],[15.9490528,64.026925],[15.9528083,64.0273222],[15.9562111,64.0276972],[15.9571554,64.0278021],[15.9596833,64.0280897],[15.9611805,64.0282489],[15.961713,64.0283091],[15.9623673,64.0284011],[15.9633011,64.0285819],[15.9647048,64.0289473],[15.9657563,64.029378],[15.9668835,64.0300587],[15.9677008,64.0307154],[15.968611,64.0315025],[15.969198,64.0319104],[15.9700664,64.0323749],[15.9713016,64.032868],[15.9722287,64.0331386],[15.9725028,64.0332139],[15.9738028,64.0334472],[15.9752861,64.0336222],[15.9768785,64.0336868],[15.9794504,64.0337282],[15.9839689,64.0337849],[15.9857147,64.0337575],[15.987694,64.0336337],[15.9905715,64.0333314],[15.9922898,64.0331748],[15.9926284,64.0331512],[15.9942353,64.0330696],[15.9956074,64.0331299],[15.9968968,64.0332886],[15.9992182,64.0337266],[16.0012164,64.0340823],[16.0022578,64.0342489],[16.0038982,64.0345153],[16.0051214,64.0347836],[16.006275,64.0351889],[16.0073944,64.0357639],[16.0086611,64.0365861],[16.0094557,64.0370475],[16.00955,64.0370944],[16.0108528,64.0375833],[16.0127861,64.0382167],[16.0151722,64.0389722],[16.015183,64.0389812],[16.0164472,64.0395333],[16.0174972,64.0402],[16.0182056,64.0408972],[16.0186222,64.0416194],[16.0189722,64.0430944],[16.01925,64.0436694],[16.0197373,64.0442139],[16.01985,64.0443222],[16.0207389,64.0449694],[16.0230722,64.0461694],[16.0240833,64.0467556],[16.0249785,64.047338],[16.0258877,64.0480062],[16.025975,64.0480743],[16.0264333,64.0483667],[16.0273722,64.0489694],[16.0285167,64.0495361],[16.0298861,64.0500361],[16.0312056,64.0504111],[16.0326,64.0507028],[16.0330619,64.0507686],[16.0344694,64.0509444],[16.0371167,64.0511056],[16.0379952,64.051164],[16.0389694,64.0512472],[16.0397869,64.0513612],[16.040575,64.0514944],[16.0413748,64.0516616],[16.0421917,64.0518583],[16.0428822,64.0521099],[16.0433306,64.0523056],[16.0439068,64.05257],[16.0444556,64.0528722],[16.0449851,64.0532577],[16.0453472,64.0535833],[16.0456341,64.0539642],[16.045833,64.0542983],[16.0460335,64.0546736],[16.0461847,64.0550283],[16.0462573,64.055417],[16.046236,64.0557972],[16.0461483,64.0560512],[16.0461094,64.0561389],[16.0458743,64.0565225],[16.0451757,64.0576122],[16.0448956,64.058029],[16.0445715,64.0584256],[16.0439048,64.0590916],[16.0428237,64.0598195],[16.0422934,64.0602077],[16.0417806,64.0606194],[16.041311,64.0611319],[16.0411582,64.06144],[16.0410265,64.0617773],[16.0409503,64.0621677],[16.0409696,64.0625521],[16.0410472,64.0629028],[16.0412579,64.0632689],[16.0416052,64.0636366],[16.0419786,64.0639557],[16.0424417,64.0642833],[16.0425482,64.0643528],[16.0443278,64.065475],[16.0451444,64.0661028],[16.0457631,64.0667811],[16.0460707,64.0672017],[16.0462833,64.0676167],[16.0465056,64.0684139],[16.0465,64.0688139],[16.0464683,64.0694334],[16.046425,64.0702778],[16.0461133,64.0728552],[16.0455083,64.0757167],[16.044875,64.0784861],[16.0446917,64.0794444],[16.0448278,64.0806778],[16.0450619,64.0817458],[16.0451306,64.0820917],[16.0452389,64.0829056],[16.0450444,64.0836361],[16.0446389,64.0843306],[16.0436139,64.0860722],[16.0433111,64.0868056],[16.0432639,64.0874222],[16.0433778,64.0880889],[16.0438361,64.088975],[16.0443611,64.08995],[16.0445621,64.09055],[16.044625,64.0907639],[16.0446917,64.0916278],[16.04455,64.0923389],[16.0440861,64.0933472],[16.0433444,64.0943361],[16.0422806,64.0957389],[16.0418222,64.09645],[16.04145,64.0973472],[16.0409545,64.0992756],[16.0407083,64.1002333],[16.0406556,64.1010639],[16.0408167,64.1016083],[16.0411253,64.1021304],[16.0416472,64.1027139],[16.0426444,64.1035583],[16.04435,64.1049611],[16.04505,64.1056361],[16.0455556,64.1062972],[16.0457833,64.1069111],[16.0459456,64.1077392],[16.0460556,64.1083],[16.0463361,64.1093333],[16.0466528,64.1099333],[16.0471806,64.1105111],[16.0478389,64.1110444],[16.04865,64.1114972],[16.0497667,64.1120306],[16.0512639,64.1126861],[16.0525056,64.1133389],[16.0529989,64.1136907],[16.0534083,64.1140583],[16.0539944,64.1148222],[16.0543028,64.115575],[16.05431,64.1155977],[16.0545,64.116225],[16.0547417,64.1167583],[16.0550176,64.1171866],[16.0554083,64.1176944],[16.0558056,64.1181611],[16.0568861,64.1194444],[16.0576278,64.1201944],[16.058475,64.1208056],[16.0593056,64.1211917],[16.0604639,64.1215722],[16.0616778,64.1218556],[16.0630056,64.1220583],[16.0647028,64.1221694],[16.0652735,64.1221879],[16.0677694,64.1222667],[16.0742472,64.1224861],[16.0770917,64.1225611],[16.0791194,64.1225806],[16.0807167,64.1224972],[16.0824222,64.1222611],[16.0836361,64.1220056],[16.0850389,64.1215917],[16.0851478,64.1215567],[16.0862361,64.1212111],[16.0876472,64.120825],[16.0892778,64.1205111],[16.09055,64.1203611],[16.0921279,64.1201887],[16.0941778,64.1199583],[16.0953889,64.1197472],[16.0966694,64.1194],[16.0978444,64.1189306],[16.09836,64.1186569],[16.1009653,64.1172266],[16.1017949,64.1168846],[16.1022917,64.1166806],[16.1037139,64.1161444],[16.1055139,64.1156194],[16.107125,64.1152056],[16.1087222,64.1149361],[16.1091958,64.1148713],[16.1107833,64.1147111],[16.1135472,64.1145472],[16.1189056,64.1141694],[16.1204083,64.1139944],[16.1206473,64.1139613],[16.1242556,64.1134083],[16.1257806,64.1132389],[16.1286111,64.1130556],[16.1291542,64.1130354],[16.1309083,64.1130083],[16.1333278,64.1130889],[16.1356333,64.1132194],[16.1365248,64.1132348],[16.1374194,64.1132222],[16.138246,64.1131825],[16.1390833,64.1131194],[16.1399043,64.1130135],[16.1406838,64.1128966],[16.1407361,64.1128889],[16.1418054,64.1127205],[16.1434087,64.1125028],[16.145124,64.1123616],[16.1463612,64.1122574],[16.147577,64.1121251],[16.1486944,64.1119306],[16.1494309,64.111774],[16.1500111,64.1115833],[16.1523417,64.1107222],[16.1537722,64.1103111],[16.1549833,64.1100444],[16.1586306,64.1095806],[16.1594011,64.1094943],[16.1643248,64.1089422],[16.1647306,64.1088944],[16.1652361,64.1088306],[16.1697712,64.1082959],[16.1733608,64.1078727],[16.1735386,64.1078517],[16.1793014,64.107188],[16.1800991,64.1070991],[16.1826034,64.1068194],[16.1833777,64.1067448],[16.1841729,64.1066868],[16.1847456,64.1066645],[16.1852096,64.1066563],[16.1856455,64.1066511],[16.185958,64.1066555],[16.1864381,64.1066681],[16.186713,64.1066774],[16.1870643,64.1066956],[16.1874197,64.1067149],[16.1877818,64.106743],[16.1881788,64.1067764],[16.1901797,64.1069328],[16.1924556,64.1071272],[16.1938678,64.1072461],[16.1945195,64.107297],[16.1949943,64.1073474],[16.1954811,64.1074083],[16.1961114,64.1074792],[16.1965191,64.1075295],[16.1968893,64.1075934],[16.1973211,64.1076865],[16.1976685,64.1077679],[16.1981539,64.1078973],[16.1985053,64.1079969],[16.1989184,64.1081327],[16.1990781,64.1081918],[16.1991812,64.10823],[16.1994213,64.1083278],[16.199664,64.1084419],[16.199673,64.1084462],[16.1998719,64.1085538],[16.2000543,64.108668],[16.2002559,64.1087927],[16.2005049,64.1089602],[16.2007302,64.1091277],[16.2009153,64.1092882],[16.201103,64.1094627],[16.2012666,64.1096436],[16.2013619,64.1097695],[16.2014262,64.1098714],[16.2015094,64.110002],[16.2016314,64.1101788],[16.2017065,64.1102942],[16.2017602,64.110433],[16.2017803,64.1105911],[16.2017131,64.1111388],[16.2016537,64.1117868],[16.2016162,64.1124481],[16.2015335,64.1130141],[16.2010485,64.1157895],[16.2014241,64.1192842],[16.2057982,64.1223235],[16.206037,64.1224371],[16.2066713,64.1227338],[16.2073928,64.1230716],[16.2081371,64.1234245],[16.2085716,64.1236703],[16.2090585,64.1239665],[16.2094635,64.1243083],[16.2097451,64.1245705],[16.2100214,64.1248947],[16.2102762,64.1252008],[16.2104291,64.125535],[16.210531,64.1258493],[16.2105967,64.1262315],[16.210594,64.1265855],[16.2105042,64.1269513],[16.2103902,64.1272972],[16.2103164,64.1274135],[16.2101179,64.1276934],[16.2099611,64.1278917],[16.2093173,64.1285244],[16.2089351,64.128869],[16.2085837,64.1291991],[16.2083705,64.129449],[16.2081867,64.1296637],[16.2079507,64.1299873],[16.2077911,64.1302629],[16.2076329,64.1305842],[16.2075484,64.1308522],[16.2075068,64.1311594],[16.2075041,64.1314666],[16.2075229,64.1317527],[16.2075765,64.1320195],[16.2076892,64.1323255],[16.2078126,64.1325941],[16.2081435,64.133238],[16.2081806,64.1333111],[16.2088972,64.1348056],[16.209273,64.1355997],[16.2115878,64.1402293],[16.2124664,64.1420025],[16.2126406,64.1423686],[16.21381,64.1447284],[16.2146056,64.1462639],[16.2147635,64.1465624],[16.2149486,64.1468829],[16.2151337,64.1471531],[16.2153858,64.1474315],[16.2156111,64.1476525],[16.2158391,64.1478712],[16.2161824,64.1481262],[16.2164292,64.1483133],[16.216743,64.1485274],[16.2171131,64.1487426],[16.2174833,64.1489414],[16.2179634,64.1491741],[16.2183791,64.1493589],[16.2193447,64.1497355],[16.2201556,64.1500475],[16.2215066,64.1505681],[16.2250927,64.1520381],[16.2270561,64.1528286],[16.2276623,64.1530882],[16.2282604,64.1533794],[16.2286922,64.1536308],[16.2290892,64.1539044],[16.2294137,64.1541921],[16.2297168,64.1544634],[16.2299824,64.1547802],[16.2301943,64.1550924],[16.2303713,64.1554315],[16.2305564,64.1559261],[16.2310337,64.1571957],[16.2313718,64.1580821],[16.2315729,64.1585264],[16.231766,64.158904],[16.2319726,64.1592875],[16.2322032,64.1595599],[16.2324581,64.1598112],[16.2328094,64.1600754],[16.2332547,64.1603326],[16.2336248,64.1605536],[16.2341961,64.1607921],[16.2346897,64.1609627],[16.2352694,64.1611417],[16.2358698,64.1613053],[16.2365672,64.1614432],[16.2372351,64.1615496],[16.2379539,64.1616373],[16.2399387,64.1617401],[16.2410277,64.1618126],[16.2416714,64.1618687],[16.2423366,64.1619576],[16.2429669,64.1620604],[16.2435329,64.1621773],[16.2440506,64.1623082],[16.2446004,64.1624707],[16.2448492,64.1625495],[16.2452441,64.1626917],[16.2458315,64.1629243],[16.2464404,64.1632118],[16.2469701,64.1635275],[16.2475322,64.1639284],[16.2489033,64.1651055],[16.250748,64.1666997],[16.2511155,64.1670819],[16.2515044,64.1675564],[16.2517431,64.1679246],[16.2519523,64.1682834],[16.2530361,64.1702583],[16.253205,64.1705646],[16.2535322,64.1711594],[16.253728,64.1714866],[16.2539104,64.1717542],[16.2541169,64.1720172],[16.2543449,64.1722778],[16.2546399,64.1725804],[16.2550208,64.1729251],[16.2553319,64.1731775],[16.2557021,64.1734369],[16.2561178,64.1737115],[16.256609,64.1739986],[16.2571451,64.1742782],[16.2584472,64.1749588],[16.2598327,64.175678],[16.2603128,64.1759316],[16.2607339,64.1762283],[16.261045,64.1764842],[16.2613159,64.1767646],[16.2615654,64.1770345],[16.2616914,64.1772156],[16.2618417,64.1774732],[16.2619422,64.1776859],[16.2620106,64.1778436],[16.2620656,64.1780288],[16.2621,64.1781667],[16.2621059,64.178336],[16.2621142,64.1784511],[16.2621166,64.1785259],[16.2621072,64.1787286],[16.2620763,64.178912],[16.2620321,64.1790866],[16.2618111,64.1796361],[16.2612639,64.1806194],[16.2602333,64.1819333],[16.2599105,64.1823185],[16.2596278,64.1827583],[16.2594759,64.1830801],[16.2593499,64.1833896],[16.2592587,64.1837494],[16.2589891,64.1846663],[16.2588631,64.1849361],[16.2587464,64.185151],[16.2586123,64.1853572],[16.2584339,64.1855674],[16.2582381,64.185787],[16.2580249,64.1860282],[16.2577754,64.1862793],[16.2575099,64.1865228],[16.2570111,64.1869694],[16.2569296,64.1870692],[16.2565845,64.1875827],[16.2564343,64.1879039],[16.2563351,64.188148],[16.2562922,64.1884633],[16.2562573,64.1887658],[16.2562868,64.1891535],[16.2563485,64.1899978],[16.2563324,64.1902676],[16.2562519,64.19066],[16.2561822,64.1908783],[16.2559971,64.1911738],[16.2557745,64.1914517],[16.2555116,64.1917063],[16.2552059,64.1919515],[16.2548223,64.1922399],[16.2542376,64.1927058],[16.2539265,64.1929697],[16.2536958,64.1932616],[16.2535027,64.1935512],[16.2533739,64.1938373],[16.2533149,64.1941093],[16.253272,64.1944269],[16.253323,64.194741],[16.2534222,64.1950353],[16.2535858,64.1953388],[16.2537222,64.1955444],[16.2538555,64.1956873],[16.2540525,64.1958818],[16.2542,64.1960114],[16.2545595,64.1962869],[16.2549376,64.1965204],[16.2555774,64.1968555],[16.2573516,64.1977276],[16.2577647,64.1979156],[16.2581603,64.1980843],[16.2584661,64.1982092],[16.2588805,64.1983434],[16.2593968,64.1984946],[16.259881,64.1986184],[16.2603812,64.1987188],[16.2608948,64.1988197],[16.2615842,64.1989353],[16.2680832,64.2000718],[16.2704667,64.2004857],[16.2725663,64.2008496],[16.2755156,64.2013442],[16.2767976,64.2016057],[16.2776399,64.2018391],[16.2784123,64.2020983],[16.2789327,64.2023808],[16.279453,64.2027356],[16.2800807,64.2032352],[16.2818831,64.2044888],[16.2824303,64.204895],[16.2830365,64.2054155],[16.2839082,64.2060528],[16.2845039,64.206497],[16.2850106,64.2068744],[16.2856221,64.2073238],[16.2859869,64.2075992],[16.2863517,64.2078734],[16.2867755,64.2081687],[16.2874997,64.20866],[16.288256,64.2091198],[16.2889856,64.2095143],[16.2897903,64.2098504],[16.290729,64.2101864],[16.2923303,64.2107477],[16.2933174,64.2111071],[16.2940764,64.2114024],[16.2947202,64.2117349],[16.2952834,64.2121013],[16.2956965,64.2124024],[16.2959942,64.2127139],[16.29619,64.2129438],[16.2965556,64.2134194],[16.296647,64.2135365],[16.2980247,64.2153392],[16.2986228,64.2160859],[16.2991002,64.2166529],[16.2994811,64.2170519],[16.2999585,64.2175198],[16.3005862,64.2180797],[16.3012809,64.2186537],[16.301997,64.2192312],[16.304816,64.2215082],[16.3050539,64.2216996],[16.3078415,64.2239577],[16.3097164,64.2254751],[16.310977,64.2264956],[16.3128358,64.228007],[16.3144586,64.2293545],[16.3147464,64.2296091],[16.3148877,64.2297353],[16.3152927,64.2301411],[16.3157648,64.2306414],[16.3166177,64.231664],[16.3168028,64.2319111],[16.3171837,64.2324686],[16.317755,64.2335145],[16.3182056,64.2344915],[16.3193321,64.2370156],[16.3199078,64.2382758],[16.3209093,64.2404674],[16.321097,64.2408533],[16.3212821,64.2411785],[16.3215744,64.2415398],[16.3218694,64.2418028],[16.3219902,64.2419163],[16.322414,64.2422508],[16.3228726,64.2425457],[16.3234305,64.242857],[16.3243452,64.2433523],[16.3255441,64.2439992],[16.3263139,64.2443803],[16.3270274,64.2447125],[16.3278508,64.2450516],[16.3286957,64.2453978],[16.3297686,64.2457871],[16.3297934,64.2457959],[16.3311392,64.2462579],[16.3332555,64.2469781],[16.334984,64.2475241],[16.3364178,64.2479512],[16.3378444,64.2483361],[16.3399905,64.2488916],[16.3409167,64.2491139],[16.3441583,64.2498361],[16.3473573,64.2504947],[16.3513657,64.2513177],[16.3535196,64.251757],[16.356414,64.2523655],[16.3587972,64.2528639],[16.3624361,64.253625],[16.3651308,64.2541619],[16.3658556,64.2542889],[16.3660159,64.2543161],[16.3666543,64.2544252],[16.3674778,64.2545382],[16.3685238,64.2546431],[16.3692778,64.2547],[16.370219,64.2547596],[16.3710773,64.2547864],[16.3723057,64.2548027],[16.3786572,64.2549075],[16.3798857,64.2549401],[16.3807493,64.2549739],[16.3818759,64.2550567],[16.3828978,64.2551767],[16.3837279,64.255292],[16.3843527,64.2553873],[16.3938545,64.25697],[16.4017794,64.2580697],[16.4022392,64.2580932],[16.402773,64.258125],[16.4032792,64.2581456],[16.4037567,64.2581593],[16.4043742,64.2581788],[16.4046965,64.2581846],[16.4054055,64.2581957],[16.4061096,64.2581969],[16.4065991,64.2581996],[16.4072945,64.258187],[16.4079376,64.2581684],[16.4085774,64.2581303],[16.4091875,64.2580845],[16.409689,64.2580408],[16.4102899,64.2579785],[16.4112447,64.2578713],[16.4117061,64.2578259],[16.412327,64.2577606],[16.4127092,64.2577216],[16.4146384,64.2574813],[16.4152452,64.2573867],[16.416589,64.2571677],[16.4213526,64.2564081],[16.4224175,64.2562415],[16.4234394,64.2561029],[16.4244238,64.2559782],[16.4244978,64.2559712],[16.4253625,64.2558932],[16.4262155,64.2558466],[16.4271489,64.2558233],[16.4279965,64.2558326],[16.4288279,64.2558605],[16.4295682,64.2558955],[16.4302656,64.2559549],[16.4309522,64.2560143],[16.4315457,64.25607],[16.432111,64.2561343],[16.4327815,64.2562036],[16.4342098,64.2563562],[16.4349446,64.2564307],[16.4354691,64.2564768],[16.4359264,64.2565182],[16.436373,64.2565537],[16.4369054,64.2565759],[16.4374137,64.2565846],[16.4379354,64.2565817],[16.4379961,64.2565801],[16.4383565,64.2565677],[16.4387628,64.2565438],[16.4390847,64.2565199],[16.4395058,64.256478],[16.4397767,64.2564407],[16.4403936,64.2563522],[16.4407893,64.2562904],[16.4417186,64.2561431],[16.4427862,64.2559689],[16.4434648,64.2558734],[16.4441407,64.2557918],[16.4446355,64.2557382],[16.4450439,64.2557041],[16.4454724,64.2556899],[16.4459225,64.2556838],[16.4459887,64.2556846],[16.4465064,64.2556957],[16.447071,64.2557085],[16.4477268,64.2557458],[16.4483035,64.2557906],[16.4486709,64.2558279],[16.4491361,64.2558893],[16.4493576,64.2559264],[16.4498283,64.2560067],[16.4503701,64.2561256],[16.4509132,64.2562514],[16.4513947,64.2563813],[16.4521001,64.2565764],[16.4525561,64.2566865],[16.4529397,64.2567844],[16.4533742,64.2568921],[16.4538087,64.2569865],[16.4544269,64.2571193],[16.4547501,64.2571863],[16.4552343,64.2572597],[16.4559424,64.2573523],[16.4564198,64.2573937],[16.4570971,64.2574781],[16.4579809,64.2576022],[16.4586823,64.2577134],[16.4594105,64.2578585],[16.4601065,64.2580064],[16.4609125,64.2581748],[16.4613739,64.2582732],[16.4617601,64.2583547],[16.4620699,64.2584171],[16.4623837,64.2584724],[16.4626895,64.2585237],[16.4630342,64.2585778],[16.463407,64.2586291],[16.4637972,64.2586693],[16.464213,64.2587019],[16.4646046,64.2587298],[16.4649573,64.2587479],[16.4650822,64.2587546],[16.4653502,64.2587683],[16.4657284,64.2587764],[16.4660785,64.2587834],[16.4665157,64.2587817],[16.4668952,64.2587735],[16.4672466,64.2587625],[16.467669,64.2587374],[16.4680499,64.2587118],[16.4684683,64.2586733],[16.468825,64.2586349],[16.4691858,64.2585825],[16.4696029,64.2585196],[16.4702506,64.25842],[16.4714241,64.2582208],[16.4752556,64.2575917],[16.4759597,64.2574857],[16.4765739,64.2574018],[16.4770889,64.2573541],[16.4776334,64.2573249],[16.4781511,64.2573133],[16.4788458,64.2573098],[16.4794627,64.2573319],[16.4799026,64.2573587],[16.4804739,64.2574158],[16.481131,64.257495],[16.4817694,64.257601],[16.4822844,64.2576989],[16.483089,64.2579028],[16.4834871,64.2580264],[16.4840439,64.2582243],[16.4844549,64.2583945],[16.4844677,64.2584002],[16.4848888,64.2586017],[16.485208,64.2587799],[16.485495,64.2589582],[16.4858061,64.2591865],[16.4861414,64.2594649],[16.4877293,64.2608615],[16.4886804,64.2616677],[16.490099,64.2629145],[16.4940416,64.2663143],[16.4948626,64.2670221],[16.4953494,64.2674658],[16.4959891,64.2679875],[16.4963856,64.2683443],[16.5000989,64.271539],[16.5013495,64.2726458],[16.5016928,64.272966],[16.5019745,64.2732652],[16.5021488,64.2735283],[16.5023553,64.2738473],[16.5024868,64.2741244],[16.5026021,64.274433],[16.5026045,64.2744426],[16.5026423,64.2746728],[16.5026718,64.2750058],[16.5027094,64.2753003],[16.5027952,64.2765588],[16.502924,64.2781874],[16.5029615,64.2790674],[16.5030447,64.2802629],[16.5030972,64.2809611],[16.5031815,64.2823615],[16.503211,64.2828177],[16.5032485,64.2831902],[16.5032806,64.2834134],[16.5033048,64.2835847],[16.5033665,64.2838058],[16.5034336,64.2839723],[16.5035167,64.2841573],[16.5036455,64.2843843],[16.5037715,64.2845984],[16.50397,64.2848207],[16.5042141,64.2850698],[16.5044501,64.2852804],[16.5046862,64.2854701],[16.5050429,64.285711],[16.5054077,64.2859356],[16.5057322,64.2861067],[16.5061399,64.2862999],[16.5065691,64.2864802],[16.507009,64.2866443],[16.5074113,64.2867851],[16.5078968,64.2869248],[16.5083957,64.2870679],[16.5088704,64.2871727],[16.5093344,64.2872727],[16.5101579,64.2874368],[16.5110698,64.2876102],[16.5128669,64.2879547],[16.5146989,64.2883259],[16.5155411,64.2885132],[16.5161687,64.2886587],[16.5168259,64.2888192],[16.5174964,64.2889938],[16.5176894,64.2890436],[16.5180999,64.2891509],[16.5193015,64.2894639],[16.5207902,64.289863],[16.5238774,64.290681],[16.5291452,64.2920633],[16.5307841,64.292481],[16.5339974,64.2933256],[16.5347242,64.2935374],[16.5352887,64.293717],[16.5354162,64.2937584],[16.5359876,64.2939679],[16.5365615,64.2942005],[16.5370712,64.2944239],[16.5375459,64.2946566],[16.5380207,64.2949056],[16.5384686,64.2951743],[16.5386356,64.2952874],[16.5389246,64.2954907],[16.5393189,64.2958025],[16.5395308,64.2959782],[16.5398446,64.2962899],[16.5400726,64.2965529],[16.5402845,64.2968134],[16.5404803,64.2971252],[16.5406278,64.2974311],[16.5408209,64.2978802],[16.5408504,64.2980267],[16.5408853,64.2981768],[16.5409443,64.2985002],[16.5409604,64.2987956],[16.5409309,64.2991167],[16.5408531,64.2994412],[16.5407646,64.2996773],[16.5405875,64.3000693],[16.5398188,64.3018522],[16.5395039,64.302584],[16.5393162,64.3030434],[16.5392035,64.3034248],[16.5391445,64.303697],[16.539174,64.3039854],[16.539174,64.3042226],[16.5392196,64.3044227],[16.5392739,64.3046043],[16.5394315,64.3047983],[16.539571,64.3050007],[16.5397775,64.3052181],[16.5400001,64.305424],[16.5402549,64.305624],[16.5405849,64.3058403],[16.5408853,64.3060252],[16.5412366,64.3062031],[16.5416175,64.3063683],[16.5419903,64.3065229],[16.5424865,64.3066881],[16.5429613,64.3068311],[16.5435567,64.30698],[16.5441468,64.3070974],[16.544812,64.3072055],[16.5454423,64.3072823],[16.5462148,64.3073486],[16.5466574,64.3073753],[16.5471429,64.3073858],[16.5477356,64.3073823],[16.5482721,64.3073614],[16.548889,64.3073183],[16.5494791,64.3072625],[16.5500128,64.3071881],[16.5504643,64.3071168],[16.5507102,64.3070776],[16.5558064,64.3060927],[16.5566333,64.3059194],[16.5573004,64.3057798],[16.5578529,64.3056473],[16.5585396,64.3054554],[16.5591672,64.3052554],[16.5597975,64.3050379],[16.560511,64.3047646],[16.5609992,64.3045541],[16.5619306,64.3041194],[16.5629116,64.3036853],[16.5634668,64.3034446],[16.564014,64.3032411],[16.5646443,64.303048],[16.5653738,64.3028468],[16.5660095,64.3026805],[16.5668222,64.3025118],[16.5676215,64.3023793],[16.5676847,64.3023699],[16.5685388,64.3022443],[16.5697673,64.3020908],[16.5712854,64.3018989],[16.5722135,64.3017977],[16.5731335,64.3017291],[16.5737691,64.3017],[16.574606,64.3017],[16.5751988,64.301721],[16.5759417,64.3017756],[16.5765479,64.3018442],[16.5772024,64.301928],[16.5778461,64.3020478],[16.5782047,64.3021244],[16.5787795,64.3022536],[16.5796539,64.3024746],[16.5812552,64.3028852],[16.5818936,64.3030364],[16.5825614,64.3031783],[16.5831757,64.3032864],[16.5838006,64.3033818],[16.5845114,64.3034725],[16.5851954,64.3035411],[16.5862066,64.3036353],[16.5871633,64.3037166],[16.5873389,64.3037333],[16.5880895,64.3038307],[16.5888619,64.303954],[16.58957,64.3041017],[16.5902325,64.304261],[16.5907475,64.3044145],[16.5911579,64.3045518],[16.5916863,64.3047553],[16.5921155,64.3049425],[16.5925929,64.3052019],[16.5931213,64.3055217],[16.5943497,64.3063787],[16.5945992,64.3065311],[16.5950605,64.306802],[16.595495,64.3070334],[16.5959322,64.3072393],[16.5968694,64.3076528],[16.5987727,64.3085091],[16.5998241,64.3089777],[16.6009051,64.3094986],[16.6014066,64.3097812],[16.6015936,64.3098932],[16.6019511,64.31013],[16.602442,64.310516],[16.6028523,64.3109183],[16.6032064,64.3113648],[16.6034424,64.3117589],[16.6035819,64.3121019],[16.6036785,64.3123472],[16.6039091,64.3129937],[16.6041183,64.3136052],[16.6044214,64.3144887],[16.6046521,64.3151421],[16.6051134,64.3163825],[16.6053763,64.3172532],[16.6055158,64.317603],[16.6057357,64.3179983],[16.6059476,64.3182982],[16.6061756,64.3185911],[16.6061929,64.3186081],[16.6065645,64.3189665],[16.6069669,64.3192966],[16.6073611,64.3195756],[16.6078466,64.3198592],[16.6084072,64.3201579],[16.6090617,64.3204938],[16.6098744,64.3209053],[16.6109499,64.3214527],[16.6113523,64.3216794],[16.611709,64.321906],[16.6121274,64.3222],[16.6125405,64.322551],[16.612865,64.322866],[16.6131708,64.3232588],[16.6141069,64.3246871],[16.6144663,64.3252356],[16.6147345,64.3255819],[16.6151342,64.3259724],[16.6155419,64.3263059],[16.6157128,64.3264343],[16.6159335,64.3265917],[16.6164297,64.326895],[16.6170466,64.3272344],[16.6181061,64.3278014],[16.6211289,64.329427],[16.6227195,64.3302787],[16.6245782,64.3312721],[16.6268393,64.3324989],[16.6285279,64.3334143],[16.6287759,64.3335492],[16.6312677,64.3348747],[16.63351,64.3360817],[16.6360125,64.3374268],[16.6389911,64.3390309],[16.6391399,64.3391198],[16.6396992,64.3393922],[16.640882,64.3400252],[16.6415712,64.3403955],[16.6421833,64.340725],[16.6432866,64.341297],[16.6440296,64.341664],[16.6449603,64.3421065],[16.6461722,64.3426389],[16.648981,64.3439251],[16.6545306,64.3464194],[16.6556776,64.3469449],[16.6563651,64.3472602],[16.6568889,64.3474833],[16.6574541,64.3477247],[16.6581361,64.348],[16.6589051,64.3482785],[16.6595757,64.3485015],[16.6603884,64.348743],[16.661236,64.3489787],[16.6626227,64.3493317],[16.6657917,64.3501361],[16.672048,64.3517478],[16.6728066,64.3519417],[16.6807007,64.3539608],[16.6839221,64.3547818],[16.684075,64.3548201],[16.6851211,64.3550865],[16.6855676,64.3551881],[16.6863106,64.3553524],[16.6883518,64.3557917],[16.6908818,64.356341],[16.6909213,64.3563495],[16.692072,64.3565869],[16.6950191,64.3572291],[16.6997324,64.3582237],[16.7004713,64.3583901],[16.7010722,64.3585503],[16.7016971,64.3587453],[16.7023274,64.3589844],[16.7028531,64.359213],[16.7033038,64.3594417],[16.7038804,64.3597469],[16.7043766,64.3600174],[16.7050096,64.3603899],[16.7056641,64.3608019],[16.7063105,64.3612708],[16.706776,64.3616619],[16.7068148,64.3616956],[16.7073512,64.3622132],[16.7077455,64.3626728],[16.7080727,64.3631056],[16.7084241,64.3636627],[16.7086494,64.3642081],[16.7088211,64.3646897],[16.7091778,64.3657178],[16.7094514,64.3665115],[16.7095855,64.3669014],[16.7097974,64.3675187],[16.7099047,64.3679897],[16.709969,64.368455],[16.7099556,64.3690421],[16.7099087,64.3704498],[16.7098457,64.3724356],[16.7097893,64.3740447],[16.7097732,64.374765],[16.7098081,64.3752487],[16.7099047,64.3757081],[16.7100146,64.3761512],[16.7101541,64.3766337],[16.710535,64.3778644],[16.710653,64.3783341],[16.7106906,64.3787992],[16.7106852,64.3791866],[16.7106449,64.3794159],[16.710602,64.3796726],[16.7105028,64.3800785],[16.7102158,64.3811675],[16.7101434,64.381621],[16.7101246,64.3819341],[16.7101648,64.3823342],[16.7102614,64.3826926],[16.7104572,64.3831518],[16.7107415,64.383633],[16.7109361,64.3839556],[16.7112485,64.3844946],[16.712037,64.3857852],[16.7122194,64.3860913],[16.7123428,64.3863917],[16.7124099,64.3866572],[16.7124501,64.3870027],[16.7124394,64.3873622],[16.712375,64.3876752],[16.7122623,64.3879686],[16.7121134,64.3882199],[16.7121083,64.3882289],[16.7120048,64.388408],[16.7117688,64.3887326],[16.7115086,64.3890155],[16.7111278,64.3893947],[16.7106718,64.3898132],[16.7104361,64.390075],[16.7101702,64.3904288],[16.7099771,64.3908079],[16.7098671,64.3911743],[16.7098349,64.3914792],[16.7098618,64.391871],[16.7100039,64.392257],[16.7102078,64.3926025],[16.7104787,64.3929572],[16.710771,64.393232],[16.7111519,64.3935311],[16.7116106,64.3938336],[16.7121524,64.3941501],[16.7143866,64.3953857],[16.7159421,64.3962418],[16.7161918,64.3963791],[16.7178118,64.3972855],[16.7184153,64.3976622],[16.7189223,64.398025],[16.7193648,64.3984306],[16.7196679,64.3987551],[16.719912,64.3990971],[16.72014,64.3995015],[16.7202902,64.3999338],[16.720368,64.4003615],[16.7203814,64.400708],[16.7203063,64.4011101],[16.7201158,64.4016954],[16.7197108,64.403181],[16.71927,64.404647],[16.7188579,64.4060176],[16.7187399,64.406444],[16.7187345,64.4068623],[16.7187694,64.4071751],[16.7188445,64.4075922],[16.7190564,64.4080035],[16.719279,64.4083592],[16.7195418,64.4086987],[16.7198476,64.4090185],[16.7201963,64.409329],[16.7209768,64.4099499],[16.721693,64.4105083],[16.7220685,64.4107817],[16.7224386,64.4110412],[16.7229965,64.4114038],[16.7235196,64.4117074],[16.7241713,64.4120456],[16.7248821,64.4123769],[16.7257109,64.412736],[16.7270861,64.4133111],[16.7286399,64.4139813],[16.7290798,64.4141979],[16.7294177,64.4143856],[16.729576,64.414477],[16.7299435,64.4147087],[16.7302331,64.4149207],[16.7304879,64.4151118],[16.730783,64.4153794],[16.7311504,64.4157373],[16.7316815,64.4163442],[16.7318773,64.4165701],[16.7331299,64.4179785],[16.734058,64.4190243],[16.734699,64.4197366],[16.7352945,64.4204059],[16.73539,64.4205114],[16.7358604,64.4210452],[16.736252,64.4214644],[16.7366168,64.4217875],[16.7371184,64.4221696],[16.7375448,64.4224557],[16.7380813,64.4227556],[16.7386687,64.4230405],[16.7393205,64.423316],[16.7400044,64.4235812],[16.7408386,64.4238962],[16.7426357,64.4245863],[16.7444596,64.4252822],[16.7463881,64.4260232],[16.7470774,64.4262756],[16.7479008,64.4265524],[16.7485794,64.4267561],[16.7491454,64.4269159],[16.7493233,64.4269605],[16.7500225,64.4271359],[16.7508808,64.4273443],[16.7531848,64.4278942],[16.7555746,64.4284731],[16.7583078,64.4291249],[16.7605609,64.4296621],[16.765295,64.4308059],[16.7666575,64.431167],[16.7673881,64.4313754],[16.7677009,64.4314646],[16.7686504,64.4317505],[16.7697769,64.432107],[16.770536,64.4323652],[16.7716035,64.432753],[16.7733952,64.4334475],[16.7755651,64.4343249],[16.7768258,64.4348307],[16.7779523,64.4352914],[16.7787972,64.4356224],[16.7795724,64.4359071],[16.7800793,64.4360819],[16.7806426,64.436259],[16.7812192,64.4364233],[16.7819461,64.4366178],[16.782673,64.4367937],[16.7833462,64.4369476],[16.7835229,64.436984],[16.784108,64.4371004],[16.7847651,64.4372173],[16.7854035,64.4373296],[16.7861465,64.4374418],[16.7866534,64.4375078],[16.7872462,64.4375761],[16.7877451,64.437634],[16.788319,64.4376884],[16.7888153,64.4377312],[16.7894348,64.4377752],[16.7901,64.4378122],[16.7908793,64.4378479],[16.7916182,64.4378677],[16.7923611,64.4378758],[16.7930169,64.4378729],[16.7934783,64.4378608],[16.7936688,64.4378579],[16.7938465,64.4378508],[16.7944023,64.4378353],[16.794869,64.437811],[16.7952901,64.4377879],[16.7963013,64.4377196],[16.7969182,64.437671],[16.8002522,64.4373782],[16.8032201,64.4371241],[16.8038099,64.4370687],[16.8046416,64.4369899],[16.8051271,64.4369557],[16.8057078,64.4369175],[16.8061611,64.4368903],[16.8066359,64.436884],[16.8071696,64.4368915],[16.8075934,64.4369037],[16.807981,64.4369222],[16.8083243,64.4369447],[16.8085966,64.4369667],[16.8088822,64.4369957],[16.8091987,64.4370391],[16.8094696,64.4370778],[16.8097191,64.4371218],[16.8100691,64.4371814],[16.8104821,64.4372682],[16.8109971,64.4373898],[16.8114304,64.4375021],[16.8116214,64.4375581],[16.8119111,64.4376588],[16.8122799,64.4377945],[16.8126397,64.437948],[16.813055,64.438138],[16.8135855,64.4384325],[16.8139411,64.4386884],[16.8141755,64.4388844],[16.8143928,64.4390852],[16.8146503,64.4394243],[16.8149622,64.4399187],[16.8151017,64.440176],[16.8155079,64.4409252],[16.8160102,64.4417631],[16.8163592,64.4423915],[16.8166698,64.4429511],[16.8167295,64.4430514],[16.8178663,64.4450875],[16.818007,64.4453432],[16.8183263,64.4459275],[16.8185905,64.4463584],[16.8187729,64.4467634],[16.8188514,64.4469396],[16.8189271,64.4471458],[16.8190062,64.4474437],[16.8190867,64.4478769],[16.8190934,64.448187],[16.8190652,64.4485109],[16.8190049,64.4488944],[16.818919,64.4492068],[16.8188152,64.4494497],[16.8184832,64.4500739],[16.8182565,64.4503827],[16.8180111,64.4506864],[16.8176946,64.4510039],[16.8175107,64.4511862],[16.8174358,64.451259],[16.8167183,64.4518374],[16.8156736,64.4526234],[16.8151452,64.4530311],[16.8141621,64.453776],[16.8130571,64.4546059],[16.8125528,64.4549992],[16.8120539,64.4553971],[16.8116087,64.4558285],[16.8108456,64.4566207],[16.8098652,64.4576165],[16.8083238,64.459209],[16.8068521,64.4607288],[16.8044107,64.4632498],[16.8033716,64.4643211],[16.8006306,64.4672],[16.8003374,64.4674935],[16.7992061,64.4686301],[16.7981861,64.469652],[16.7976075,64.470145],[16.7973728,64.4703155],[16.7971422,64.4704739],[16.7964743,64.4708947],[16.795694,64.4713799],[16.7952212,64.4716697],[16.7946196,64.472046],[16.7940643,64.4724783],[16.7930424,64.4733325],[16.7917389,64.4744449],[16.7906223,64.4754077],[16.7905967,64.4754302],[16.7897218,64.4761578],[16.7888622,64.4768726],[16.7881247,64.477524],[16.7867178,64.4786858],[16.7857938,64.4794849],[16.7850521,64.4801101],[16.7845586,64.4805376],[16.7816833,64.4829821],[16.7812273,64.4833657],[16.7811887,64.4834024],[16.7807981,64.4837793],[16.7802724,64.4843686],[16.7797923,64.4850063],[16.7795724,64.4853564],[16.7793283,64.4858116],[16.7791593,64.4862113],[16.7790413,64.4865741],[16.7789447,64.4869496],[16.7787141,64.488404],[16.778498,64.4899354],[16.7781792,64.4922155],[16.778132,64.4925544],[16.7780596,64.4930025],[16.7779577,64.4935985],[16.7778262,64.494094],[16.7776975,64.4945109],[16.7773274,64.4955538],[16.7763296,64.4983809],[16.7757234,64.5001015],[16.7754444,64.5009132],[16.7753703,64.501105],[16.7753533,64.5011465],[16.7752024,64.5014398],[16.7749402,64.5018947],[16.7746881,64.5022192],[16.7743823,64.5025782],[16.7740148,64.50292],[16.7734972,64.5033553],[16.7729875,64.5037317],[16.772376,64.5041138],[16.7718261,64.5044152],[16.7711797,64.5047488],[16.7705682,64.5050201],[16.7699593,64.505258],[16.769321,64.5054866],[16.7685619,64.5057255],[16.7678994,64.5059253],[16.7664483,64.5063097],[16.7642033,64.5069308],[16.7634174,64.5071859],[16.7626074,64.5074999],[16.7622539,64.5076736],[16.7617897,64.5079019],[16.7612663,64.5081816],[16.7608103,64.5084707],[16.7604871,64.5087074],[16.760231,64.5089215],[16.7599694,64.5091559],[16.759771,64.5093665],[16.7595349,64.509643],[16.7592882,64.5100025],[16.759142,64.5102732],[16.7590441,64.5104914],[16.7589743,64.5107176],[16.7589261,64.5109825],[16.75891,64.5113502],[16.7589207,64.5115798],[16.7589569,64.511794],[16.7590186,64.5120265],[16.7590789,64.5122106],[16.7591916,64.5124922],[16.7595215,64.5132973],[16.7597495,64.5138761],[16.7599963,64.5144878],[16.7602725,64.5151629],[16.7604278,64.5154833],[16.7605408,64.5158317],[16.7606993,64.5162149],[16.7607231,64.5162725],[16.761104,64.5170377],[16.7615466,64.5177785],[16.7621219,64.5186019],[16.7628971,64.5195752],[16.7634188,64.5202704],[16.7635582,64.5205046],[16.7636615,64.5206996],[16.7637326,64.5208698],[16.7637594,64.5209552],[16.7638037,64.5210896],[16.7638707,64.5214046],[16.7638922,64.5217023],[16.7638653,64.5220461],[16.763809,64.5223773],[16.7636856,64.5227073],[16.7634845,64.5231018],[16.7632431,64.5234249],[16.7630339,64.5236902],[16.7625162,64.5241817],[16.76213,64.5244944],[16.7617221,64.5248138],[16.7597972,64.5263223],[16.7551777,64.5299519],[16.754373,64.5305898],[16.7538902,64.5309796],[16.7534235,64.5314145],[16.7530721,64.531802],[16.75271,64.5322945],[16.752336,64.5328128],[16.7522219,64.5329703],[16.7513904,64.5342724],[16.7502907,64.5359066],[16.7495558,64.5369029],[16.7485177,64.538176],[16.7476702,64.5390881],[16.7468896,64.5398756],[16.7456612,64.5410182],[16.745405,64.5412512],[16.7451838,64.5414529],[16.7441699,64.5424064],[16.7415816,64.5448078],[16.7398492,64.5464428],[16.7371371,64.5489542],[16.7366893,64.5493961],[16.7357182,64.5502763],[16.7349485,64.5509955],[16.7344737,64.5514519],[16.7340472,64.5519118],[16.7336932,64.5523555],[16.7333606,64.5528879],[16.733138,64.5532994],[16.7328912,64.5537604],[16.7326257,64.5542709],[16.7323869,64.5547607],[16.7322448,64.5551179],[16.7321321,64.5555385],[16.732049,64.5559661],[16.7319444,64.5567232],[16.7317465,64.5580251],[16.7317244,64.5581808],[16.7314938,64.5597179],[16.7313892,64.5601177],[16.7311907,64.5606097],[16.7308861,64.5611722],[16.7306945,64.5614576],[16.7302519,64.5619945],[16.7281017,64.5644864],[16.7269434,64.5658492],[16.7266551,64.5661982],[16.7263708,64.5665668],[16.7263517,64.5666236],[16.7261682,64.5668617],[16.7259302,64.567222],[16.7254427,64.568089],[16.7238428,64.571037],[16.7227672,64.5730248],[16.7223367,64.5737164],[16.7218139,64.5744889],[16.7210797,64.575298],[16.7209728,64.5754328],[16.7203183,64.5760874],[16.7184663,64.57765],[16.7180841,64.5779344],[16.7167979,64.5788751],[16.7130858,64.5816008],[16.7110687,64.5830767],[16.7109768,64.5831427],[16.7058,64.586925],[16.7019639,64.5897389],[16.7010078,64.5904383],[16.7003974,64.590883],[16.7003533,64.5909159],[16.6997378,64.5913647],[16.6991557,64.5917906],[16.6987802,64.5920691],[16.6984235,64.5923044],[16.69782,64.592687],[16.6972192,64.5930167],[16.6965486,64.593358],[16.6947368,64.5941549],[16.6884202,64.5968958],[16.6867345,64.5976234],[16.6835583,64.5989944],[16.6818273,64.5996801],[16.6772246,64.6014093],[16.6764629,64.6017228],[16.6757776,64.6020501],[16.6752277,64.6023688],[16.6746859,64.6027231],[16.6728083,64.6040056],[16.6725954,64.6041514],[16.6687884,64.6067638],[16.6629169,64.6107798],[16.6621225,64.6113104],[16.6589159,64.6154726],[16.6565073,64.6189466],[16.6556813,64.6195679],[16.6553386,64.6198576],[16.6522412,64.6222265],[16.6513126,64.6229511],[16.6511702,64.6230592],[16.6501349,64.6238051],[16.6495067,64.6242991],[16.6490885,64.6246048],[16.6490618,64.6246236],[16.6484472,64.6251002],[16.647402,64.6258695],[16.6472837,64.6259529],[16.6470369,64.6261138],[16.6465434,64.6264126],[16.6461942,64.6265784],[16.645655,64.6268209],[16.6453198,64.6269703],[16.6444668,64.6272898],[16.643925,64.6274599],[16.6438309,64.6274866],[16.6430533,64.6276967],[16.6420045,64.6279426],[16.6407765,64.628209],[16.6386987,64.628673],[16.6369915,64.6290546],[16.6334362,64.6298481],[16.6266315,64.6313697],[16.6261071,64.6315035],[16.6256967,64.6316098],[16.6253711,64.6317082],[16.625277,64.6317368],[16.6246399,64.6319419],[16.6241746,64.6321132],[16.6233082,64.632474],[16.6219443,64.6331927],[16.6193944,64.6345917],[16.6177444,64.6355111],[16.6172478,64.6358499],[16.6167944,64.6361889],[16.6154319,64.6372447],[16.61511,64.637486],[16.6146809,64.6378249],[16.6136713,64.6385867],[16.6132247,64.6389407],[16.6120952,64.6398365],[16.6117707,64.6401329],[16.6115051,64.6404305],[16.6112664,64.6408314],[16.6111243,64.6412381],[16.6111109,64.641585],[16.6111726,64.6419307],[16.6112557,64.6422673],[16.6114274,64.6426039],[16.6116232,64.64286],[16.6118699,64.6431759],[16.6121778,64.6435639],[16.6124439,64.6438502],[16.6127953,64.6442752],[16.6130608,64.6446255],[16.6132754,64.6449598],[16.6134095,64.6452963],[16.6135168,64.6456558],[16.6136187,64.646392],[16.613726,64.6472316],[16.6133599,64.6514428],[16.6113622,64.6557099],[16.611014,64.6560106],[16.6106384,64.6562766],[16.610334,64.6564928],[16.6082811,64.6579093],[16.6078372,64.6582761],[16.6076066,64.6584943],[16.607282,64.6588582],[16.6071264,64.6590556],[16.6069695,64.6593065],[16.6068435,64.6595562],[16.6067576,64.6597857],[16.6066866,64.6600188],[16.6066383,64.6602455],[16.6066074,64.6604785],[16.60659,64.6607764],[16.6065685,64.6611105],[16.6064385,64.6627514],[16.6063392,64.6644019],[16.606315,64.6647688],[16.6062051,64.6664426],[16.6061354,64.6675684],[16.6059369,64.6705521],[16.605835,64.6718373],[16.6057411,64.6723376],[16.6056231,64.6726921],[16.605497,64.6729686],[16.6053307,64.6732784],[16.6050813,64.673664],[16.6050131,64.6737496],[16.6047379,64.674077],[16.6044563,64.6743845],[16.6039306,64.6748492],[16.603362,64.6752886],[16.6007039,64.6772447],[16.5981397,64.6791249],[16.5961066,64.6806265],[16.5948078,64.6815862],[16.5935022,64.6825518],[16.5930619,64.6829558],[16.5925366,64.6834837],[16.5922174,64.6839024],[16.5919813,64.6842637],[16.591756,64.684719],[16.591638,64.6850837],[16.5915576,64.6854736],[16.59152,64.6858739],[16.5915361,64.686242],[16.5915924,64.6866377],[16.5917158,64.6870276],[16.5919062,64.6874577],[16.5921369,64.6878556],[16.5924051,64.6882822],[16.5926492,64.6886675],[16.5933037,64.6896927],[16.5934834,64.6899599],[16.5936041,64.6901523],[16.5939152,64.6906547],[16.59417,64.6911145],[16.5944114,64.6916397],[16.5945321,64.6920238],[16.5946153,64.6924366],[16.5946448,64.6928929],[16.5946555,64.6931945],[16.5945858,64.6937024],[16.5945026,64.6941002],[16.5943524,64.6945955],[16.5941432,64.6951195],[16.5928333,64.6988278],[16.5927661,64.6990175],[16.5924843,64.6997892],[16.5912008,64.703433],[16.5908307,64.704453],[16.590647,64.7050432],[16.5906,64.7052352],[16.5905651,64.7054873],[16.5905544,64.7057669],[16.5905946,64.7060683],[16.5906671,64.7063571],[16.5907958,64.7066826],[16.5909138,64.7069106],[16.5911204,64.7072361],[16.5913108,64.7074962],[16.5915943,64.7078644],[16.5918767,64.7082376],[16.5936229,64.7105259],[16.5946743,64.7118986],[16.5962434,64.7139609],[16.5975,64.7156077],[16.5980873,64.7163912],[16.5983731,64.7167722],[16.5995532,64.7183072],[16.6006824,64.7197951],[16.6028765,64.7226712],[16.6042578,64.7245024],[16.6045854,64.7249231],[16.6050667,64.7255417],[16.6057464,64.7264664],[16.6070151,64.728128],[16.609228,64.7310363],[16.609759,64.7316603],[16.6101533,64.7320301],[16.6104752,64.7323152],[16.6108373,64.7325888],[16.6111967,64.7328373],[16.6115856,64.7330754],[16.6119405,64.7332779],[16.6121811,64.7334166],[16.6126853,64.7336741],[16.6133264,64.7339672],[16.6139942,64.7342431],[16.6144583,64.7344137],[16.6149062,64.734574],[16.6154319,64.7347423],[16.6164324,64.7350651],[16.617178,64.7352952],[16.6178298,64.7355024],[16.6194472,64.7360255],[16.6209036,64.7364617],[16.6249162,64.7377277],[16.6260803,64.7380848],[16.6268018,64.7382668],[16.6274831,64.7384259],[16.6281831,64.738553],[16.6286876,64.7386239],[16.6289932,64.7386663],[16.629779,64.7387716],[16.630522,64.7388483],[16.6312864,64.7389284],[16.6323164,64.7390406],[16.6395906,64.7398247],[16.6490263,64.7408465],[16.6537607,64.7413595],[16.6618797,64.7422282],[16.6651037,64.7425761],[16.6669947,64.7427786],[16.6684619,64.742916],[16.6688038,64.7429354],[16.669367,64.7429592],[16.6694332,64.7429614],[16.6696863,64.7429698],[16.6699773,64.7429755],[16.6707015,64.7429824],[16.6713291,64.7429698],[16.6721874,64.7429457],[16.6741106,64.7428668],[16.6764119,64.7427638],[16.6807491,64.7425807],[16.6847482,64.7424124],[16.6864005,64.7423449],[16.6872239,64.7423026],[16.6879132,64.7422556],[16.6886964,64.7421904],[16.6894233,64.742124],[16.6902811,64.7420247],[16.6910541,64.7419329],[16.6921779,64.7417898],[16.6946831,64.7414694],[16.696161,64.7412771],[16.6994897,64.7408536],[16.7002702,64.7407575],[16.7009595,64.7406877],[16.7015952,64.7406453],[16.702247,64.7406213],[16.7029497,64.7406201],[16.7035505,64.7406361],[16.7042828,64.7406854],[16.7052376,64.7407907],[16.705884,64.7409017],[16.7066538,64.7410516],[16.7073244,64.7412267],[16.7080057,64.7414522],[16.7088452,64.7418036],[16.7092448,64.7420176],[16.7095285,64.7421801],[16.7096928,64.7422785],[16.7100388,64.7425292],[16.7105268,64.7429376],[16.711286,64.7436198],[16.7120182,64.7442755],[16.7130053,64.7451704],[16.714116,64.7461491],[16.7152584,64.7471873],[16.7158136,64.7476673],[16.7160389,64.7478332],[16.7163661,64.7480483],[16.7167094,64.748244],[16.7171547,64.7484694],[16.7176402,64.7486994],[16.7181444,64.748887],[16.7186809,64.7490701],[16.7192978,64.7492509],[16.7198771,64.7493973],[16.7206013,64.7495735],[16.7206516,64.7495854],[16.7217708,64.7498344],[16.7223528,64.7499751],[16.7230194,64.75015],[16.7235196,64.7503172],[16.7240426,64.7505163],[16.7245817,64.7507589],[16.7250109,64.7509969],[16.7253998,64.7512497],[16.7257351,64.7515334],[16.7260167,64.7517897],[16.726242,64.752086],[16.7264244,64.7524166],[16.726588,64.7527999],[16.7272451,64.7544347],[16.7274329,64.7548248],[16.7275858,64.7550787],[16.7277896,64.7553487],[16.7280686,64.7556449],[16.7283958,64.7559206],[16.7287499,64.7561917],[16.7292568,64.7565029],[16.7296752,64.7567236],[16.7302036,64.7569787],[16.730357,64.7570418],[16.7308313,64.7572338],[16.7317378,64.757593],[16.7324674,64.7579064],[16.7330387,64.7581843],[16.7335752,64.7584828],[16.734015,64.7587779],[16.7346561,64.7592823],[16.7349833,64.7595991],[16.7354125,64.7600589],[16.7358014,64.7604993],[16.7361072,64.7608309],[16.7364612,64.7611477],[16.7368662,64.7614599],[16.7374134,64.7618202],[16.7379123,64.762097],[16.7384407,64.7623611],[16.7389879,64.7625956],[16.7395914,64.7628254],[16.7430201,64.7639913],[16.7432,64.7640528],[16.7466322,64.7652143],[16.7481302,64.7657141],[16.7568326,64.7686538],[16.7585653,64.7692849],[16.7593453,64.7696201],[16.7595148,64.7696988],[16.7604536,64.7701538],[16.7615104,64.7707529],[16.7624813,64.7713702],[16.7633584,64.7719224],[16.7658502,64.7735034],[16.7704972,64.7764444],[16.7713649,64.7769939],[16.7751333,64.7793806],[16.7794423,64.7820931],[16.7831454,64.7844297],[16.7836909,64.7847748],[16.7896778,64.7885611],[16.7900062,64.7887631],[16.7903629,64.7889659],[16.79067,64.7891235],[16.7910348,64.7892943],[16.7914049,64.7894554],[16.7918059,64.7896131],[16.7922619,64.7897724],[16.7926401,64.7898947],[16.7931671,64.7900341],[16.7936607,64.7901603],[16.7943218,64.7903014],[16.7949193,64.7903988],[16.7956455,64.7905053],[16.7961471,64.790563],[16.7966835,64.7906167],[16.7971569,64.7906504],[16.7972724,64.7906584],[16.7976478,64.7906847],[16.7993885,64.7908166],[16.8087515,64.7914225],[16.811327,64.7915832],[16.8139154,64.7917203],[16.8165614,64.7918676],[16.8168202,64.7918773],[16.8181476,64.7919475],[16.8186092,64.7919727],[16.8196741,64.792035],[16.821034,64.7921121],[16.8218359,64.7921727],[16.822603,64.7922526],[16.8233339,64.792348],[16.8237564,64.7924125],[16.8241986,64.7924863],[16.8247703,64.792601],[16.8253496,64.7927313],[16.8260443,64.7929072],[16.8261511,64.792936],[16.8266129,64.7930694],[16.8270823,64.7932259],[16.8276054,64.7934132],[16.8281579,64.7936337],[16.8287265,64.7938907],[16.8313913,64.7951352],[16.8334633,64.7961078],[16.8339059,64.7962928],[16.834445,64.7965178],[16.8350055,64.7967375],[16.8350431,64.796752],[16.8356895,64.7969736],[16.8364325,64.7972191],[16.8370789,64.7974156],[16.838015,64.7977045],[16.8423468,64.7990488],[16.8519089,64.802014],[16.8519955,64.8020411],[16.8557702,64.8031823],[16.8591079,64.8042413],[16.8635336,64.8056103],[16.8675676,64.8068537],[16.8690404,64.8073082],[16.8730581,64.8085526],[16.8775374,64.8099328],[16.8791655,64.8104294],[16.8860714,64.8125627],[16.8865871,64.8127216],[16.8933956,64.8148151],[16.90034,64.8169506],[16.9031569,64.817816],[16.9049113,64.8183551],[16.9085839,64.8194772],[16.909748,64.819799],[16.9107297,64.8200729],[16.9116577,64.8203137],[16.9127083,64.8205833],[16.9138132,64.8208547],[16.913917,64.8208802],[16.9143953,64.8209977],[16.9209194,64.8226191],[16.920934,64.8226227],[16.9233267,64.8232156],[16.9267385,64.8240725],[16.9273862,64.8242402],[16.9285409,64.8245779],[16.928789,64.8246606],[16.929654,64.8249533],[16.930114,64.8251273],[16.930574,64.8253082],[16.931034,64.8255072],[16.9314873,64.8257063],[16.9319178,64.8259197],[16.9326167,64.826275],[16.9331503,64.8265911],[16.933794,64.8269688],[16.9349071,64.8276339],[16.9362107,64.8284017],[16.9363825,64.8285089],[16.9370167,64.828882],[16.9377651,64.829342],[16.9381003,64.8295305],[16.9387373,64.8299081],[16.9392899,64.8302366],[16.9399872,64.830653],[16.9404352,64.8309108],[16.94426,64.8331853],[16.9461751,64.8343145],[16.9486716,64.8357977],[16.9509119,64.8371304],[16.9529583,64.8383417],[16.9559062,64.8401148],[16.9580667,64.8413972],[16.9609088,64.8430861],[16.9724111,64.8499193],[16.9728,64.8501462],[16.9732095,64.8503738],[16.9732708,64.8504078],[16.9736516,64.8506084],[16.9740647,64.850805],[16.9745918,64.8510336],[16.9750772,64.8512268],[16.9755815,64.8514074],[16.9760817,64.8515687],[16.9767161,64.8517568],[16.9773799,64.8519278],[16.9781122,64.852097],[16.9791006,64.8522982],[16.9838065,64.8531878],[16.9850014,64.85343],[16.9857162,64.853593],[16.9863828,64.8537691],[16.9870238,64.8539549],[16.9879518,64.8542672],[16.9895811,64.8549735],[16.9898334,64.8550878],[16.9903406,64.8553788],[16.9905147,64.855481],[16.9909921,64.8557932],[16.9914401,64.8561385],[16.9919443,64.8566012],[16.9922608,64.8569545],[16.9925746,64.857391],[16.992867,64.8579391],[16.9930091,64.8584462],[16.9930682,64.8589419],[16.9930708,64.8593015],[16.992977,64.8597077],[16.9928697,64.8600518],[16.9927222,64.8603743],[16.9924298,64.8608643],[16.991462,64.8623343],[16.9902949,64.8640474],[16.9894713,64.8652588],[16.9889644,64.8659081],[16.9887122,64.8661827],[16.9883609,64.8665108],[16.9878271,64.8670086],[16.9861642,64.8685619],[16.9858396,64.8688535],[16.9854306,64.8691906],[16.9850457,64.8694686],[16.9846876,64.869697],[16.9843081,64.8699208],[16.9838347,64.8701925],[16.9816433,64.8714448],[16.9810827,64.871774],[16.9808062,64.871948],[16.9807394,64.8719904],[16.9804685,64.8721721],[16.9802405,64.8723537],[16.9800326,64.8725417],[16.9798596,64.8727336],[16.9796786,64.8729739],[16.9795485,64.8731909],[16.97946,64.8734112],[16.9793983,64.8736242],[16.9793674,64.8738719],[16.9793795,64.8741242],[16.9794479,64.8744009],[16.9795243,64.8746287],[16.9796638,64.8749037],[16.9797885,64.8751315],[16.9801185,64.8757334],[16.9817895,64.8786486],[16.9819169,64.8788968],[16.982059,64.8791809],[16.9821516,64.8794286],[16.9822119,64.8797047],[16.9822092,64.8799814],[16.982177,64.8801961],[16.9820979,64.8804443],[16.9819986,64.8806582],[16.9819745,64.8807062],[16.9818042,64.8809595],[16.9815722,64.8812265],[16.9812584,64.881518],[16.980852,64.8818129],[16.9804229,64.8820611],[16.9800098,64.8822694],[16.9794801,64.8825159],[16.9789302,64.882755],[16.977447,64.8834244],[16.977105,64.8836169],[16.9767791,64.8838115],[16.9765122,64.8840096],[16.9762467,64.8842316],[16.976016,64.8844673],[16.9758162,64.8847371],[16.9756593,64.8850137],[16.9755372,64.885304],[16.9754943,64.8855755],[16.9755037,64.8858499],[16.9755641,64.8861504],[16.9756499,64.886398],[16.9758028,64.8866747],[16.9760321,64.8869564],[16.9763687,64.8872751],[16.9766839,64.8875352],[16.9768504,64.8876377],[16.9770406,64.8877919],[16.9774134,64.8880344],[16.9781546,64.888517],[16.9807833,64.8902283],[16.981937,64.8910131],[16.9828677,64.8916312],[16.9832942,64.891951],[16.9836187,64.8922492],[16.9839513,64.8925929],[16.9842008,64.8929423],[16.984418,64.8933315],[16.9846836,64.8938823],[16.9854601,64.8955359],[16.9860062,64.8967012],[16.9862044,64.897137],[16.9864887,64.8977173],[16.986773,64.8981269],[16.987111,64.8984979],[16.9874757,64.8988392],[16.9878727,64.8991214],[16.988318,64.8994263],[16.9888544,64.8997131],[16.9894874,64.9000499],[16.9900614,64.9002956],[16.9905804,64.9004904],[16.9915447,64.9008452],[16.9988294,64.9034963],[16.999545,64.9037557],[16.9998173,64.9038549],[17.0015359,64.9044664],[17.0047331,64.9056244],[17.0091409,64.9072325],[17.0094109,64.9073273],[17.0099339,64.9075332],[17.0104113,64.9077459],[17.0110041,64.9080189],[17.0113976,64.9082087],[17.0118383,64.908442],[17.0124418,64.9087685],[17.0131552,64.9091415],[17.0141194,64.9096493],[17.0143622,64.9097751],[17.0156604,64.9104654],[17.0164758,64.9108931],[17.0169318,64.9111547],[17.0174092,64.9114413],[17.0177606,64.9116812],[17.0181254,64.9119883],[17.0184767,64.9122942],[17.0187154,64.9125251],[17.0190588,64.9128435],[17.0193109,64.9131256],[17.0195362,64.9134315],[17.0196864,64.9137158],[17.0197937,64.9140171],[17.01985,64.9143367],[17.0198339,64.914596],[17.0197722,64.9148621],[17.0196328,64.9151816],[17.0195121,64.9153829],[17.0193136,64.9156478],[17.0190614,64.9159048],[17.0187932,64.9161277],[17.0184875,64.9163494],[17.0180905,64.9165825],[17.0177069,64.9167724],[17.0165833,64.9172667],[17.0162068,64.9174201],[17.0140511,64.9183052],[17.0134234,64.9185894],[17.0129353,64.9188236],[17.0124686,64.919084],[17.0119026,64.9194512],[17.0115566,64.9197048],[17.0112026,64.9199924],[17.010819,64.9203392],[17.0105052,64.9206871],[17.0102477,64.9210293],[17.0100626,64.9213329],[17.0098963,64.9216751],[17.0097703,64.9220332],[17.0097139,64.9223742],[17.0096898,64.9227164],[17.0097166,64.9230847],[17.0097756,64.9234247],[17.0099071,64.9238032],[17.0102692,64.9244694],[17.0105052,64.9248115],[17.0107654,64.9251264],[17.0110236,64.9254386],[17.0113327,64.925811],[17.0114091,64.9258993],[17.012077,64.9267223],[17.0129889,64.9278282],[17.0139813,64.9290137],[17.0148665,64.9300809],[17.0152071,64.9304798],[17.0156041,64.9309572],[17.0159233,64.931347],[17.0175111,64.933288],[17.0177901,64.933663],[17.0179562,64.9339145],[17.0180422,64.9340664],[17.018238,64.9344811],[17.018407,64.9349334],[17.0201504,64.9402894],[17.0208967,64.9425476],[17.0209749,64.9427904],[17.0210369,64.9429949],[17.0210999,64.9432936],[17.0211469,64.9435691],[17.021167,64.9438219],[17.0211723,64.9440258],[17.0211858,64.9442404],[17.0211509,64.9445892],[17.0210811,64.9450378],[17.0207512,64.9473021],[17.0207097,64.9475969],[17.0206681,64.9479768],[17.0206667,64.9483448],[17.020707,64.9486787],[17.0207714,64.9490552],[17.020884,64.9494356],[17.021006,64.9497547],[17.021179,64.9501028],[17.0213618,64.9504377],[17.0214929,64.9506349],[17.0216618,64.9508762],[17.0218523,64.9511226],[17.0222722,64.9515944],[17.022332,64.9516611],[17.0267299,64.9565543],[17.0269418,64.956778],[17.0277583,64.9576806],[17.0279288,64.9580394],[17.0280139,64.9583972],[17.0280093,64.9587478],[17.0279333,64.9590528],[17.0278054,64.9593722],[17.0276338,64.9596924],[17.0274487,64.9599319],[17.0272556,64.9601442],[17.0270142,64.9603645],[17.0267057,64.9605938],[17.0262307,64.9609024],[17.0234701,64.9624363],[17.0230204,64.9626984],[17.0226985,64.9629231],[17.0224035,64.9632024],[17.0222243,64.9634428],[17.0220709,64.9636519],[17.0219412,64.9639101],[17.0208132,64.9682585],[17.0200867,64.9710504],[17.0190772,64.9748745],[17.0184685,64.9771741],[17.0182038,64.9781828],[17.0180198,64.9791349],[17.0181613,64.9801707],[17.018402,64.9807814],[17.0185773,64.9820484],[17.0186564,64.982711],[17.0184499,64.9856795],[17.018466,64.986081],[17.0184693,64.9861021],[17.0185572,64.9864394],[17.0187718,64.986859],[17.0190775,64.9871879],[17.0193028,64.9874249],[17.0194101,64.9875281],[17.0195389,64.9876302],[17.0196864,64.9877368],[17.0198473,64.9878388],[17.0200351,64.9879432],[17.0202282,64.9880441],[17.0203918,64.9881224],[17.0205581,64.9882029],[17.0209551,64.9883809],[17.0212957,64.9885204],[17.0217705,64.9886962],[17.0224625,64.9889275],[17.0233329,64.9892071],[17.0238049,64.9893715],[17.0242958,64.9895682],[17.0248161,64.9897984],[17.025201,64.990015],[17.0258045,64.9904114],[17.0265099,64.9909171],[17.0282333,64.9921848],[17.0299723,64.9934101],[17.0303194,64.9936556],[17.0310187,64.9941537],[17.0313306,64.9943556],[17.0315498,64.9944871],[17.0317724,64.9946072],[17.0320138,64.9947274],[17.0322722,64.9948417],[17.0325154,64.994936],[17.0328051,64.9950403],[17.0330974,64.9951367],[17.0334444,64.9952417],[17.0338377,64.9953453],[17.0341623,64.995419],[17.0349028,64.9955694],[17.0367122,64.9959041],[17.0389444,64.9962917],[17.0403611,64.9967194],[17.0417083,64.9973694],[17.0450444,64.9993252],[17.0462177,65.0000141],[17.0465527,65.0002126],[17.0473599,65.0006718],[17.0573604,65.0066444],[17.0584363,65.0072872],[17.0612848,65.0089786],[17.0618011,65.0092907],[17.0622718,65.0096143],[17.0625132,65.0098109],[17.0627761,65.0100607],[17.0629813,65.0102771],[17.063161,65.0105281],[17.0633407,65.010808],[17.0634601,65.0110765],[17.0635432,65.0113564],[17.0636545,65.0117972],[17.0637574,65.0123931],[17.0640648,65.0133994],[17.0641091,65.0138337],[17.0641789,65.0142529],[17.0641916,65.0145862],[17.0641645,65.0148478],[17.0640916,65.0151801],[17.0639719,65.0156159],[17.0638553,65.0159169],[17.0638372,65.0159224],[17.0633889,65.0171235],[17.0623054,65.0199386],[17.0620586,65.020604],[17.061895,65.0210226],[17.0617756,65.0213102],[17.060872,65.0236879],[17.0607296,65.0240704],[17.0605874,65.024409],[17.0604265,65.0247046],[17.0602494,65.0249515],[17.0600402,65.0252153],[17.0597962,65.0254735],[17.0595467,65.0256955],[17.0592678,65.0259254],[17.0589808,65.0261247],[17.0586374,65.0263501],[17.05827,65.026563],[17.0578811,65.0267657],[17.057468,65.0269672],[17.0570254,65.0271609],[17.0560491,65.0275651],[17.0554617,65.0278188],[17.0549306,65.0280747],[17.0543888,65.0283567],[17.0540294,65.0285695],[17.0536432,65.028822],[17.053265,65.0290927],[17.0528868,65.0293984],[17.0525998,65.0296645],[17.0523503,65.0299272],[17.0522647,65.0300318],[17.0519587,65.0304073],[17.0517468,65.030769],[17.0516114,65.0310611],[17.0515068,65.0313634],[17.0514625,65.0315325],[17.0514451,65.031604],[17.0514075,65.0318559],[17.0513901,65.0321107],[17.0514049,65.0323988],[17.0514451,65.0326666],[17.0515081,65.0329208],[17.0515859,65.0331534],[17.0517012,65.0334189],[17.05183,65.0336493],[17.0520124,65.0339097],[17.0522296,65.0341684],[17.0525032,65.0344921],[17.0529377,65.0349065],[17.0535064,65.0353525],[17.0541716,65.0359117],[17.0547134,65.0364144],[17.0551211,65.0368853],[17.0554054,65.0372452],[17.0555931,65.037612],[17.0557594,65.0379674],[17.0558721,65.0383953],[17.0558989,65.038839],[17.0558882,65.039251],[17.0557433,65.0397332],[17.0555816,65.0401283],[17.0553678,65.0405277],[17.0548993,65.0411871],[17.054193,65.0422005],[17.0539302,65.0426487],[17.0537424,65.0430788],[17.0536351,65.0434613],[17.0535976,65.0438687],[17.0536298,65.0442693],[17.0537156,65.0446677],[17.0538944,65.0451417],[17.0540589,65.0454824],[17.0543379,65.0458559],[17.0546812,65.0462655],[17.0570083,65.0487178],[17.0571542,65.0488737],[17.0585369,65.05034],[17.0590371,65.0508537],[17.0594984,65.0512542],[17.0599249,65.0515665],[17.0604238,65.0518968],[17.0610166,65.052226],[17.0614779,65.0524466],[17.0623013,65.0528324],[17.0631435,65.0532182],[17.0653456,65.0542171],[17.0657346,65.0544083],[17.0661771,65.0546459],[17.0665902,65.0548947],[17.0669255,65.055113],[17.0673117,65.0554106],[17.0676014,65.0556639],[17.0678911,65.0559433],[17.0681244,65.0562397],[17.0681388,65.0562597],[17.0683578,65.0565734],[17.0685053,65.0568358],[17.0686421,65.0572227],[17.0687172,65.0575597],[17.0687306,65.0578765],[17.0687038,65.0582271],[17.0686099,65.0586151],[17.0684463,65.0589917],[17.0681065,65.0595703],[17.0676738,65.0600153],[17.0670783,65.0605921],[17.066525,65.0610944],[17.0649219,65.0626119],[17.0645088,65.063053],[17.0642513,65.0634013],[17.0641111,65.0637361],[17.0640542,65.0640136],[17.0640407,65.0642539],[17.0640568,65.0644439],[17.0641118,65.0646525],[17.0641896,65.0648589],[17.0641927,65.0648653],[17.0643139,65.0650806],[17.0644538,65.0652711],[17.0646416,65.0654984],[17.0648199,65.0656855],[17.0650586,65.0658941],[17.0655216,65.0662644],[17.0656611,65.0663873],[17.0663241,65.0669172],[17.0695433,65.0694563],[17.0738064,65.0728472],[17.0742144,65.0731724],[17.0754629,65.0741525],[17.0760879,65.0746159],[17.0763801,65.0748089],[17.0766458,65.0749573],[17.0769677,65.0751076],[17.0772386,65.0752274],[17.077547,65.0753507],[17.0777991,65.0754475],[17.0783624,65.0756276],[17.0787647,65.0757361],[17.0791563,65.0758322],[17.0794727,65.0759027],[17.0798698,65.0759791],[17.0803016,65.0760532],[17.0806839,65.0761131],[17.0813692,65.0762142],[17.0825399,65.0763826],[17.0840385,65.0765934],[17.0846606,65.076682],[17.0850854,65.0767449],[17.0860603,65.0768902],[17.0865136,65.0769693],[17.086979,65.077054],[17.0873854,65.0771428],[17.0877716,65.0772428],[17.0881337,65.0773417],[17.0883872,65.0774157],[17.0886916,65.0775197],[17.0889464,65.0776124],[17.089344,65.0777669],[17.0896974,65.077939],[17.0898648,65.0780232],[17.0900193,65.0781001],[17.0902768,65.0782527],[17.0905074,65.0784064],[17.0907837,65.0786053],[17.0909527,65.0787539],[17.0911351,65.0789387],[17.0912719,65.0790924],[17.0914154,65.0792783],[17.0915213,65.0794479],[17.0916165,65.0796191],[17.0916863,65.0797994],[17.0917399,65.0799847],[17.0917842,65.0801864],[17.0917949,65.0803819],[17.0918204,65.0805769],[17.0918915,65.0812098],[17.0919411,65.0814493],[17.0919947,65.0816641],[17.0920591,65.0818709],[17.092157,65.0820952],[17.0922938,65.0823415],[17.0924333,65.0825709],[17.0927122,65.0829574],[17.0929134,65.0831795],[17.0931038,65.0833789],[17.0933211,65.0835863],[17.093541,65.0837699],[17.0938133,65.0839863],[17.0948741,65.0847606],[17.097012,65.0863016],[17.0981129,65.087139],[17.0986358,65.087569],[17.0989694,65.0878444],[17.0993493,65.0882121],[17.1012323,65.0923288],[17.1044933,65.0939408],[17.1123297,65.0968938],[17.1135369,65.0973597],[17.1138545,65.0974807],[17.1144367,65.0977011],[17.1161586,65.0983616],[17.1166019,65.0985243],[17.1172115,65.0987635],[17.1174744,65.0988595],[17.1177104,65.0989335],[17.1179488,65.0990142],[17.1180219,65.0990381],[17.118269,65.0991138],[17.1183688,65.0991418],[17.1186411,65.0992107],[17.1190032,65.0992864],[17.1193385,65.0993519],[17.1196631,65.0994072],[17.1200627,65.0994636],[17.1206262,65.0995408],[17.120972,65.0995789],[17.1241716,65.099755],[17.1245608,65.0997811],[17.1249618,65.0998153],[17.1255943,65.0998803],[17.1262217,65.0999712],[17.1267241,65.1000598],[17.1267951,65.100074],[17.1273248,65.1001888],[17.1279881,65.1003609],[17.1285255,65.100532],[17.1290615,65.1007432],[17.1294317,65.1009024],[17.1297428,65.1010617],[17.1300969,65.1012559],[17.1303946,65.1014592],[17.1306628,65.1016568],[17.1308854,65.1018499],[17.1310048,65.101955],[17.1311014,65.1020441],[17.131485,65.1024675],[17.1317115,65.102699],[17.1318778,65.1028605],[17.1320388,65.1029994],[17.1322453,65.1031518],[17.1324599,65.1033043],[17.1326932,65.1034409],[17.1329105,65.1035787],[17.1332163,65.1037334],[17.1334845,65.1038497],[17.1337607,65.1039637],[17.1340772,65.1040834],[17.1343884,65.1041929],[17.1347478,65.104307],[17.1350938,65.1044018],[17.1354292,65.1044884],[17.1359281,65.1045977],[17.1364662,65.1046756],[17.1371974,65.1047827],[17.1375762,65.1048394],[17.1378793,65.1048665],[17.1382092,65.1048907],[17.1384949,65.1049105],[17.1387752,65.1049229],[17.1390595,65.104932],[17.1393867,65.1049455],[17.1397381,65.1049438],[17.1400143,65.1049404],[17.1403429,65.1049314],[17.1406312,65.1049206],[17.1409383,65.104902],[17.1412213,65.1048789],[17.141519,65.1048512],[17.1418449,65.1048145],[17.1421266,65.1047795],[17.1424328,65.1047379],[17.1424592,65.1047343],[17.1427529,65.1046841],[17.1430412,65.1046344],[17.143355,65.1045729],[17.1438284,65.104465],[17.1446532,65.1042381],[17.1450663,65.1041071],[17.1476772,65.1032225],[17.1489374,65.102798],[17.1498379,65.1025387],[17.1503609,65.1024066],[17.150782,65.1023004],[17.151289,65.1021864],[17.1516886,65.1021074],[17.151923,65.1020622],[17.1524477,65.1019572],[17.1529439,65.1018679],[17.1534482,65.1017844],[17.1539524,65.1017087],[17.1544486,65.1016398],[17.1549502,65.1015777],[17.1555725,65.1015066],[17.1560606,65.1014603],[17.1565407,65.1014163],[17.1570638,65.101379],[17.1575493,65.1013485],[17.1580535,65.1013225],[17.1587321,65.1012988],[17.1597417,65.1012782],[17.1613339,65.1012875],[17.1614494,65.101288],[17.162396,65.1012954],[17.1637014,65.1013107],[17.1644104,65.101318],[17.1652595,65.1013323],[17.1659553,65.1013508],[17.1665803,65.101379],[17.1671891,65.1014219],[17.167865,65.1014806],[17.1685195,65.1015506],[17.1693188,65.1016534],[17.1699867,65.1017539],[17.1716014,65.102026],[17.1723604,65.102157],[17.1729773,65.1022609],[17.1734617,65.1023347],[17.1739912,65.1024145],[17.174423,65.1024664],[17.1749353,65.1025274],[17.1754584,65.102576],[17.1760029,65.1026166],[17.1764883,65.1026494],[17.1770301,65.1026742],[17.1775934,65.1026945],[17.178272,65.1027182],[17.1822257,65.1028279],[17.1828935,65.1028481],[17.1857822,65.1029305],[17.1869677,65.1029667],[17.187877,65.1029949],[17.1884081,65.1030209],[17.1889257,65.1030559],[17.1894461,65.103101],[17.1899021,65.1031496],[17.1903312,65.1032072],[17.1907201,65.1032648],[17.1911117,65.103328],[17.1915007,65.1034048],[17.1919781,65.103503],[17.1923938,65.1036001],[17.1928766,65.1037288],[17.1932816,65.1038474],[17.1936625,65.1039773],[17.1940836,65.1041207],[17.1944967,65.1042912],[17.195009,65.104535],[17.1953952,65.1047202],[17.1957117,65.1049122],[17.1961623,65.1052046],[17.1965781,65.1054857],[17.1977931,65.1063472],[17.198343,65.1067435],[17.198959,65.1071593],[17.1993944,65.1074582],[17.1997243,65.1076715],[17.2000784,65.1078815],[17.2004029,65.1080723],[17.200765,65.1082722],[17.2011378,65.1084742],[17.2014865,65.1086571],[17.2018406,65.1088321],[17.2022402,65.1090285],[17.2049058,65.1102231],[17.2068027,65.1110673],[17.2087178,65.1119117],[17.2106865,65.1127853],[17.2111022,65.1129738],[17.2116682,65.1132233],[17.2128645,65.1137504],[17.2131165,65.1138619],[17.2133794,65.1139829],[17.2138488,65.1141996],[17.2143075,65.1144242],[17.2148573,65.1147121],[17.2153509,65.1150021],[17.2158712,65.115334],[17.2163674,65.1156793],[17.2167885,65.1160032],[17.2171989,65.1163554],[17.2174323,65.116563],[17.2177568,65.1169039],[17.2180358,65.1172312],[17.2183013,65.1175912],[17.2185534,65.1179794],[17.2189692,65.1187581],[17.2194305,65.1196473],[17.2195539,65.1198911],[17.2197175,65.1201438],[17.2199133,65.1204124],[17.220144,65.12069],[17.220431,65.1210037],[17.2206992,65.1212779],[17.2209808,65.1215318],[17.2212732,65.1217879],[17.2215199,65.1219803],[17.2216541,65.122087],[17.2220778,65.1223871],[17.2224587,65.1226331],[17.2228745,65.1228881],[17.2233278,65.123151],[17.2238561,65.1234297],[17.2242799,65.1236418],[17.2247708,65.123863],[17.2254091,65.1241383],[17.2258544,65.1243075],[17.2264847,65.1245433],[17.2271311,65.1247633],[17.2278661,65.1249946],[17.2290704,65.12535],[17.2339359,65.1267636],[17.2355291,65.1272251],[17.2364357,65.1275048],[17.2373825,65.127832],[17.2382583,65.1281761],[17.2400379,65.1289071],[17.2418162,65.1296448],[17.2438467,65.1304728],[17.245456,65.1311428],[17.2473536,65.1319285],[17.2479907,65.1321918],[17.2484305,65.1323802],[17.2488986,65.1325951],[17.2492915,65.1327896],[17.2496711,65.1329989],[17.2499138,65.1331483],[17.2501364,65.1332916],[17.2503188,65.1334151],[17.2505361,65.133569],[17.2506876,65.1337004],[17.2508199,65.1338212],[17.2509438,65.1339344],[17.2511503,65.1341555],[17.2513019,65.1343202],[17.2514288,65.1344866],[17.2514601,65.1345266],[17.2515741,65.1346749],[17.2516908,65.1348593],[17.2517766,65.1350313],[17.2518638,65.1352275],[17.2519281,65.1354023],[17.2519684,65.1355281],[17.2520059,65.1356972],[17.2520623,65.1360423],[17.2520985,65.136375],[17.2521132,65.1368555],[17.252136,65.1370257],[17.2521602,65.1371453],[17.252191,65.1372908],[17.2522205,65.137403],[17.2522648,65.1375575],[17.2523426,65.1377458],[17.2524512,65.1379454],[17.252541,65.1381021],[17.2526282,65.1382284],[17.2527382,65.1383801],[17.2528629,65.1385256],[17.2529782,65.1386468],[17.2531512,65.1388255],[17.253406,65.1390657],[17.2540994,65.1396859],[17.2547472,65.1402717],[17.2553466,65.1408017],[17.2558106,65.1412104],[17.2561298,65.1415121],[17.2573489,65.1425905],[17.2577307,65.14295],[17.2581133,65.1433025],[17.2587168,65.1438364],[17.2589622,65.14405],[17.2591232,65.1441938],[17.2592747,65.1443449],[17.2594504,65.144523],[17.2595537,65.1446419],[17.2596556,65.1447795],[17.2597696,65.1449796],[17.2598661,65.145178],[17.2599493,65.1453759],[17.2600123,65.1455585],[17.2600687,65.1458448],[17.2600834,65.1460495],[17.2600807,65.1462665],[17.2600499,65.146457],[17.2600204,65.1466064],[17.2599721,65.1467574],[17.2599131,65.1469029],[17.2598205,65.1470872],[17.2597414,65.1472303],[17.2596556,65.1473752],[17.2595215,65.1475516],[17.2587554,65.1483734],[17.2576493,65.1496319],[17.2558368,65.1516787],[17.2554204,65.1521427],[17.2542255,65.1534906],[17.2538392,65.153929],[17.2534359,65.1543981],[17.2524512,65.1554803],[17.2523801,65.1555541],[17.25201,65.1560218],[17.2518088,65.1563526],[17.251727,65.1565222],[17.2515969,65.1568518],[17.2515486,65.1570315],[17.2515124,65.1572462],[17.2514896,65.1575195],[17.2514896,65.1576969],[17.2515124,65.1578603],[17.2515661,65.1581499],[17.251617,65.1583201],[17.2516787,65.1584874],[17.2524107,65.1602988],[17.2530037,65.161764],[17.2531244,65.162057],[17.2533832,65.1625347],[17.2535415,65.1627307],[17.2537225,65.16292],[17.2538875,65.1630828],[17.2540364,65.163214],[17.2542147,65.1633368],[17.2544964,65.1635334],[17.2548437,65.1637283],[17.2551468,65.163886],[17.2554418,65.1640111],[17.2558093,65.1641654],[17.2561942,65.1642899],[17.2565442,65.164402],[17.2568326,65.1644888],[17.2572188,65.1645896],[17.2575541,65.1646662],[17.2578384,65.1647298],[17.2582313,65.1648042],[17.2585814,65.1648639],[17.2589931,65.1649292],[17.2594021,65.1649816],[17.2601049,65.1650565],[17.260644,65.1651112],[17.262366,65.1652965],[17.2636521,65.1654762],[17.2647518,65.1656863],[17.2657388,65.1659116],[17.2660797,65.1660089],[17.2666655,65.1661786],[17.2674246,65.1664315],[17.2692525,65.1670707],[17.2698775,65.1672667],[17.2705185,65.1674312],[17.2712481,65.1675883],[17.2719911,65.1677156],[17.2724457,65.1677877],[17.2731283,65.1678699],[17.2738056,65.1679347],[17.2747484,65.1680074],[17.276752,65.1681622],[17.2838786,65.1687209],[17.2858457,65.1688765],[17.2920647,65.1693641],[17.2936392,65.1695409],[17.2946021,65.1696716],[17.2961175,65.1699126],[17.3061552,65.1716124],[17.316108,65.1732937],[17.3170307,65.1734705],[17.3179615,65.1736845],[17.3188385,65.17393],[17.3196298,65.1741845],[17.3203272,65.1744401],[17.3210084,65.174743],[17.3219667,65.1751972],[17.3227975,65.1755899],[17.323409,65.1758444],[17.3238972,65.1760471],[17.3241608,65.1761306],[17.3247868,65.1763233],[17.3257023,65.1765774],[17.3263407,65.1767351],[17.3413584,65.1800759],[17.3421872,65.1802481],[17.3429428,65.1803724],[17.3431474,65.180408],[17.3441157,65.1805307],[17.3450196,65.1806152],[17.3459154,65.1806692],[17.346822,65.1807041],[17.3476911,65.1807233],[17.3497537,65.1807649],[17.3505959,65.1808099],[17.3513764,65.1808752],[17.3522884,65.1809721],[17.3532003,65.1811072],[17.3539594,65.1812389],[17.35728,65.181866],[17.3581637,65.1820067],[17.358385,65.182036],[17.3592299,65.1821429],[17.360107,65.1822161],[17.3609304,65.182269],[17.3635633,65.1824017],[17.3641169,65.1824312],[17.3650181,65.182457],[17.3657852,65.1824638],[17.3667562,65.1824323],[17.3676252,65.182376],[17.3687947,65.1822386],[17.3695967,65.182108],[17.3704496,65.1819403],[17.371147,65.1817725],[17.3721662,65.1814674],[17.3727563,65.1812457],[17.3735395,65.1809068],[17.3740813,65.1806095],[17.3747653,65.1801592],[17.3757201,65.1794724],[17.3763183,65.1790986],[17.3768011,65.1788452],[17.3773777,65.1786054],[17.3782736,65.1783183],[17.3790863,65.178124],[17.3799071,65.1779664],[17.3803872,65.1778848],[17.3804581,65.1778732],[17.3806433,65.1778442],[17.3830431,65.1774782],[17.3842394,65.1772661],[17.3853798,65.1770404],[17.3867943,65.1767624],[17.3890722,65.1763117],[17.390051,65.1761518],[17.3913521,65.1759716],[17.3924169,65.1758725],[17.3941416,65.1757656],[17.3952234,65.1757318],[17.4008197,65.1756191],[17.4018483,65.1755971],[17.4074415,65.1754838],[17.4095471,65.1754394],[17.4106559,65.1754469],[17.4122331,65.1754953],[17.4137431,65.1755527],[17.4149072,65.1755955],[17.4161088,65.1756766],[17.4170852,65.1757802],[17.4181795,65.175957],[17.419121,65.1761529],[17.41999,65.1763793],[17.4214605,65.176813],[17.4240026,65.1775695],[17.4250486,65.1778454],[17.4260089,65.1780593],[17.4269879,65.178262],[17.4283156,65.1785435],[17.4292248,65.1787596],[17.4300188,65.1789871],[17.4308851,65.1792832],[17.4315101,65.1795287],[17.4356648,65.1813605],[17.4369335,65.1818908],[17.4377999,65.182215],[17.4381245,65.182321],[17.4388513,65.1825527],[17.4398839,65.1828646],[17.4458224,65.1846838],[17.4466377,65.1849213],[17.4475631,65.1851633],[17.4483785,65.1853367],[17.4494594,65.1855179],[17.4504679,65.1856485],[17.451514,65.1857408],[17.4524555,65.1858038],[17.4535525,65.185868],[17.4546066,65.1859378],[17.4555588,65.1859626],[17.45657,65.1859581],[17.4569602,65.1859484],[17.4575517,65.1859299],[17.4582195,65.1858956],[17.4585454,65.185881],[17.4592093,65.1858393],[17.4600247,65.1857887],[17.4623796,65.1856541],[17.4654347,65.1854752],[17.467282,65.1853294],[17.4690556,65.1851881],[17.4762833,65.1845],[17.4779096,65.1844221],[17.4779913,65.1844211],[17.4792078,65.1844215],[17.480557,65.184471],[17.4880092,65.1848342],[17.4895192,65.1849117],[17.4909854,65.1849517],[17.4922407,65.18499],[17.4939331,65.1850001],[17.495344,65.1849911],[17.4969461,65.1849791],[17.4992545,65.1849497],[17.5003444,65.1849361],[17.5201966,65.1848302],[17.5205935,65.184827],[17.5372951,65.1847164],[17.5381561,65.1847283],[17.5389191,65.1847485],[17.5397252,65.1847851],[17.5406083,65.1848417],[17.5412138,65.1849033],[17.5418969,65.1849743],[17.542107,65.1849984],[17.5427735,65.1850817],[17.5434293,65.1851808],[17.5442903,65.1853328],[17.5451821,65.1855129],[17.5459948,65.1857025],[17.5468424,65.1859159],[17.5475197,65.1861106],[17.5480212,65.1862659],[17.5486006,65.1864719],[17.5491196,65.18667],[17.5496869,65.1869008],[17.5502743,65.1871647],[17.5508992,65.187481],[17.551429,65.1877855],[17.5518769,65.1880585],[17.5522296,65.1882853],[17.5526266,65.1885785],[17.5529847,65.1888576],[17.5533494,65.1891688],[17.553678,65.1894682],[17.5539449,65.1897479],[17.5542815,65.1901294],[17.5545242,65.1904468],[17.5547267,65.1907535],[17.5549091,65.1910804],[17.5550761,65.1914168],[17.5550942,65.1914524],[17.5552189,65.1917726],[17.5563106,65.1946293],[17.5565654,65.1951868],[17.556847,65.1955795],[17.5571018,65.1958969],[17.5575042,65.1962952],[17.5578931,65.1966282],[17.5583813,65.1969816],[17.5588936,65.1973022],[17.559548,65.1976578],[17.5619432,65.1988991],[17.5622068,65.1990341],[17.563095,65.1994932],[17.5680265,65.2020433],[17.5687534,65.2024168],[17.5692308,65.2026226],[17.5697243,65.2028218],[17.5702742,65.2030197],[17.5707382,65.2031727],[17.5712988,65.203337],[17.5719666,65.2035068],[17.5725594,65.2036407],[17.5733373,65.2037858],[17.5742519,65.203932],[17.5750297,65.2040333],[17.5760409,65.2041255],[17.5769448,65.2041773],[17.5782457,65.2042448],[17.5798586,65.2043294],[17.5835846,65.204526],[17.592389,65.2049816],[17.6000132,65.205373],[17.6008862,65.2054157],[17.6010996,65.2054277],[17.6016667,65.2054607],[17.6026686,65.2055383],[17.6032077,65.2055805],[17.6039064,65.2056525],[17.6137501,65.2067632],[17.614764,65.2068622],[17.6155847,65.2069263],[17.6163733,65.2069691],[17.6172236,65.2069781],[17.6179317,65.206977],[17.6207668,65.2069398],[17.6215875,65.2069533],[17.6219733,65.2069681],[17.6222903,65.2069826],[17.6230976,65.2070422],[17.623862,65.2071243],[17.6246425,65.2072368],[17.6254043,65.207374],[17.6261902,65.2075483],[17.62685,65.2077215],[17.6336937,65.2102453],[17.6386555,65.2123182],[17.6392507,65.2125776],[17.6395938,65.212721],[17.6417168,65.2135911],[17.6487999,65.2165498],[17.6506181,65.2173132],[17.6537681,65.2186188],[17.6549649,65.2191171],[17.6558098,65.2195005],[17.6565608,65.2198748],[17.6573065,65.2203076],[17.657977,65.2207742],[17.6583847,65.2210968],[17.6586825,65.2213599],[17.659117,65.2218163],[17.6593772,65.2221344],[17.6595475,65.2223778],[17.6597768,65.2227718],[17.6599243,65.2230966],[17.6600169,65.2233754],[17.6601014,65.2237137],[17.6601056,65.224],[17.660147,65.2241083],[17.6601456,65.2244438],[17.6600906,65.2249164],[17.6597746,65.2268033],[17.6591049,65.2308404],[17.6590593,65.2311691],[17.6590284,65.231586],[17.6590633,65.2318152],[17.6591103,65.232136],[17.6592068,65.2324585],[17.6593396,65.2328029],[17.6595086,65.2331428],[17.6597352,65.233494],[17.6599592,65.2337951],[17.660218,65.2340917],[17.6605184,65.2343929],[17.6609422,65.2347631],[17.6613566,65.23509],[17.6619353,65.2355396],[17.6626199,65.236072],[17.6633522,65.2366428],[17.6637492,65.2369899],[17.6641434,65.2373798],[17.6643325,65.2375871],[17.6645404,65.2378977],[17.6646826,65.2381415],[17.6647952,65.2383954],[17.664865,65.2386111],[17.6649293,65.2388447],[17.6649588,65.2390593],[17.6649562,65.2393008],[17.6649414,65.2395143],[17.6649168,65.2397109],[17.6648455,65.2399645],[17.6647208,65.2403127],[17.6638444,65.2425961],[17.6636029,65.2432079],[17.6635487,65.243384],[17.6634273,65.2437603],[17.6633576,65.2441512],[17.6633468,65.244261],[17.66332,65.2445915],[17.6633254,65.2450284],[17.6633736,65.2453698],[17.6634648,65.2457674],[17.6636124,65.2462133],[17.6637894,65.246594],[17.664012,65.2469871],[17.66424,65.247306],[17.6644492,65.2475823],[17.6647416,65.2479338],[17.6651573,65.248365],[17.6654899,65.2486458],[17.6658037,65.2489153],[17.6671694,65.2500583],[17.667641,65.2505436],[17.6680461,65.2510331],[17.6683733,65.2515205],[17.6685557,65.2518405],[17.6687166,65.2522065],[17.6688561,65.2525804],[17.6689204,65.2528402],[17.6689285,65.2528757],[17.6690009,65.2532822],[17.6690277,65.2536797],[17.6691205,65.2547018],[17.669253,65.2562103],[17.6695079,65.2590718],[17.6697326,65.261844],[17.6697761,65.2623652],[17.6697841,65.2625554],[17.6697922,65.2628478],[17.6697774,65.2630638],[17.6697627,65.263212],[17.6697426,65.2633927],[17.6696742,65.2636054],[17.6695897,65.263813],[17.6694751,65.2640444],[17.6667586,65.2693142],[17.6660541,65.2706916],[17.6643875,65.2739055],[17.6638672,65.2749511],[17.6636741,65.275346],[17.6635373,65.2757319],[17.66345,65.2761889],[17.6634166,65.2766237],[17.6634514,65.276976],[17.6634917,65.2772385],[17.6635694,65.2775324],[17.6636935,65.277858],[17.663725,65.2779553],[17.6637706,65.2780731],[17.6643577,65.2795558],[17.6647174,65.2804566],[17.6648515,65.2808728],[17.6649642,65.2814302],[17.6650178,65.2818329],[17.6650876,65.2825731],[17.6652646,65.2841421],[17.6653531,65.2850606],[17.6655811,65.2871542],[17.6657263,65.2885422],[17.6657353,65.2886338],[17.6657568,65.2890851],[17.66573,65.2895835],[17.6655697,65.290545],[17.6655268,65.2907261],[17.6650138,65.2924162],[17.6645667,65.2936611],[17.6637639,65.2959632],[17.6636097,65.2963662],[17.6635064,65.2965764],[17.6633844,65.2967899],[17.6630531,65.2973106],[17.6629459,65.297449],[17.6628962,65.2975163],[17.6627406,65.2977102],[17.6623276,65.2981552],[17.661832,65.2986092],[17.6605171,65.2996269],[17.6574413,65.3019438],[17.6562946,65.3028053],[17.6539795,65.3045458],[17.6535071,65.3049009],[17.6528308,65.3054059],[17.6518281,65.3061627],[17.6514834,65.3064468],[17.6512393,65.306681],[17.6510489,65.3069118],[17.6509255,65.3070933],[17.6508424,65.3072491],[17.6507539,65.3074384],[17.6507056,65.3075975],[17.650668,65.307779],[17.650668,65.3079281],[17.6506707,65.3080973],[17.6506922,65.3082911],[17.6507553,65.3085566],[17.6509121,65.3088009],[17.6510623,65.3090384],[17.6513666,65.3094448],[17.652559,65.3109039],[17.6528111,65.3112299],[17.6529881,65.3115032],[17.6531196,65.3117665],[17.6532027,65.3120253],[17.6532483,65.3123211],[17.6532268,65.3126235],[17.6531517,65.3129036],[17.6530552,65.3131176],[17.6528782,65.3133954],[17.6526877,65.3136217],[17.6524383,65.313858],[17.6523186,65.3139591],[17.6521111,65.3141291],[17.6517704,65.3143823],[17.650727,65.3151205],[17.6488924,65.3164109],[17.6484337,65.3167144],[17.6480716,65.316925],[17.6475164,65.3172286],[17.646862,65.31755],[17.6463389,65.3177774],[17.6456496,65.3180462],[17.6450984,65.3182467],[17.6425919,65.3191125],[17.6386946,65.3204676],[17.6382413,65.3206274],[17.6381877,65.3206468],[17.6375225,65.320901],[17.6366052,65.3212583],[17.6358461,65.3215819],[17.6351032,65.3219089],[17.6337835,65.322517],[17.6319274,65.323367],[17.6287034,65.3248462],[17.6265947,65.325813],[17.6259273,65.326088],[17.6253833,65.3262917],[17.6248383,65.3264911],[17.6240256,65.3267553],[17.6231807,65.3270117],[17.6231275,65.327027],[17.6175025,65.3286956],[17.6136643,65.3298387],[17.6129428,65.3300592],[17.6122132,65.3302843],[17.6113227,65.3305653],[17.6061755,65.332212],[17.6057451,65.3323486],[17.601833,65.3335878],[17.5988853,65.3345359],[17.598145,65.3348023],[17.5974476,65.3350854],[17.5972581,65.335168],[17.5969031,65.3353395],[17.5964619,65.3355735],[17.5960784,65.335799],[17.5955969,65.3361544],[17.5951624,65.3364957],[17.5949183,65.3367319],[17.5945777,65.3371192],[17.5943497,65.3374505],[17.5941431,65.3378108],[17.5932323,65.339266],[17.5929516,65.3397112],[17.591749,65.3417004],[17.5899012,65.3446505],[17.589362,65.3455142],[17.5885858,65.3467701],[17.5878603,65.3479565],[17.5867188,65.3498026],[17.5849995,65.3528203],[17.5829741,65.3567291],[17.5806838,65.3611514],[17.5788009,65.3647932],[17.5786158,65.3652124],[17.5785246,65.3654852],[17.5785097,65.3655509],[17.5784683,65.3658195],[17.5784683,65.3661314],[17.5785032,65.3663752],[17.5785729,65.3666569],[17.5786749,65.3670146],[17.5787929,65.3673746],[17.5789779,65.3679336],[17.5790667,65.3683],[17.5791335,65.3685887],[17.5791861,65.369],[17.5791764,65.3694014],[17.5791228,65.3697434],[17.5790101,65.3701459],[17.5788639,65.3705639],[17.5778125,65.3736151],[17.577555,65.3743547],[17.5775163,65.3744835],[17.5774692,65.3746738],[17.5774142,65.3749442],[17.5773659,65.375384],[17.5773793,65.375816],[17.5773995,65.3760283],[17.577437,65.3762434],[17.577484,65.376444],[17.5775269,65.3766318],[17.5775886,65.376819],[17.5786446,65.3801524],[17.5789972,65.3812444],[17.5790369,65.3814133],[17.5790946,65.3817603],[17.5791194,65.3821306],[17.5791147,65.382448],[17.5790691,65.3828586],[17.5789468,65.3834434],[17.5780184,65.3879886],[17.5771076,65.3924221],[17.576118,65.3972394],[17.5752658,65.401375],[17.5752202,65.4015926],[17.5747575,65.4038406],[17.5747401,65.4039394],[17.5745274,65.405032],[17.5741583,65.4068028],[17.5740346,65.4072135],[17.5738817,65.407516],[17.5736886,65.4078073],[17.5734848,65.4080842],[17.5731897,65.408496],[17.5718981,65.4102544],[17.5714863,65.4108148],[17.5703453,65.4123606],[17.5681445,65.4153653],[17.5678575,65.4158306],[17.5677234,65.4161174],[17.5676027,65.4164287],[17.5675195,65.4167635],[17.5674722,65.4170167],[17.5674552,65.4172433],[17.5674659,65.4175646],[17.5674927,65.4178291],[17.5675651,65.4182174],[17.5677261,65.418638],[17.5678772,65.4189652],[17.5678843,65.4189817],[17.5686595,65.4206151],[17.5688794,65.421039],[17.5690752,65.4213536],[17.5693059,65.421656],[17.569609,65.4219862],[17.569896,65.4222774],[17.5702983,65.4226265],[17.5706711,65.4229166],[17.5710648,65.4232164],[17.5718245,65.423789],[17.5725165,65.4243133],[17.572943,65.4246412],[17.5732622,65.4249179],[17.5735357,65.4252012],[17.5737584,65.4255091],[17.57393,65.4258181],[17.574048,65.4261304],[17.574107,65.4264907],[17.5741258,65.4267528],[17.5741017,65.4271075],[17.5740726,65.427456],[17.573989,65.4284404],[17.5735974,65.4325534],[17.5733533,65.4351438],[17.5733507,65.4355051],[17.5733855,65.4358619],[17.5734499,65.4361708],[17.5735481,65.4364392],[17.5735626,65.4364763],[17.5736859,65.4368119],[17.5739837,65.437298],[17.5741446,65.4375243],[17.5744289,65.4378778],[17.5747213,65.438181],[17.5751102,65.4385144],[17.5754938,65.4388177],[17.5757378,65.4389938],[17.5760329,65.4392012],[17.576293,65.4393662],[17.5765532,65.4395256],[17.5770583,65.4398111],[17.5782236,65.4404783],[17.5808769,65.4419593],[17.5818962,65.4425456],[17.5826311,65.4430116],[17.5831461,65.4434575],[17.583527,65.4438989],[17.5837249,65.4442716],[17.5837684,65.4443804],[17.5838757,65.4447995],[17.5838596,65.4452142],[17.583763,65.4456244],[17.5835699,65.446039],[17.5832856,65.446409],[17.5828403,65.4468125],[17.5804478,65.4489234],[17.5799972,65.4492867],[17.5795144,65.4496255],[17.578994,65.4499821],[17.5784415,65.4503031],[17.575314,65.452095],[17.5750347,65.4522552],[17.5742787,65.4527101],[17.5738066,65.45306],[17.5733936,65.4534622],[17.5729296,65.4547314],[17.5729912,65.4550812],[17.5730704,65.4553007],[17.5731964,65.4555715],[17.5733533,65.4558266],[17.5744799,65.4576755],[17.5747333,65.4580638],[17.5749801,65.4583668],[17.5753807,65.4587782],[17.5755876,65.4589556],[17.5758679,65.4591801],[17.5762005,65.4594307],[17.5765599,65.4596619],[17.5771232,65.4599916],[17.5777321,65.4603403],[17.578104,65.4605524],[17.5812444,65.4623359],[17.5829664,65.4633217],[17.5846267,65.4642663],[17.5855574,65.4647975],[17.5859034,65.4650203],[17.5863218,65.4653221],[17.5865686,65.465546],[17.5868019,65.4657888],[17.5869924,65.4660583],[17.5871131,65.4662877],[17.5872016,65.466525],[17.5872391,65.466731],[17.5872579,65.4669738],[17.5872257,65.4672188],[17.587164,65.4674638],[17.5870863,65.4676721],[17.5867648,65.468398],[17.5866517,65.4686688],[17.5864881,65.4690652],[17.5863996,65.469357],[17.5863621,65.4696009],[17.5863433,65.4699728],[17.5863722,65.4702194],[17.5864238,65.4704862],[17.5864962,65.47073],[17.5866008,65.4709672],[17.5867027,65.4711599],[17.5871775,65.4720039],[17.5875959,65.4727655],[17.5877139,65.4730439],[17.58784,65.4734391],[17.5879097,65.4737832],[17.5879392,65.4741417],[17.5879285,65.4744011],[17.5878748,65.474783],[17.5877997,65.4751014],[17.5876951,65.4753686],[17.5874296,65.4759064],[17.5870085,65.4767948],[17.5867567,65.4772956],[17.5861368,65.4785348],[17.5859528,65.4789056],[17.5858149,65.4793541],[17.5854662,65.4805385],[17.5850361,65.4820278],[17.5850102,65.482138],[17.5848386,65.4824964],[17.5846723,65.4827769],[17.5844496,65.4830618],[17.5841814,65.4833568],[17.5839347,65.4835727],[17.5836799,65.4837853],[17.583307,65.4840624],[17.5829127,65.4843206],[17.5806316,65.4857665],[17.5795868,65.4864318],[17.5779533,65.4874612],[17.5759947,65.4887158],[17.5753972,65.489087],[17.5747079,65.4895299],[17.5730878,65.490558],[17.5696412,65.4927622],[17.5687733,65.4933074],[17.5666103,65.494668],[17.5652155,65.4955513],[17.5635686,65.4965948],[17.5628149,65.4970643],[17.5622463,65.497378],[17.5617582,65.4976638],[17.5604197,65.4983658],[17.5561601,65.5006071],[17.5551277,65.5011487],[17.5497016,65.5040159],[17.5493342,65.5042439],[17.549015,65.5044575],[17.5485966,65.5047588],[17.5481942,65.5051103],[17.547867,65.5054239],[17.5475693,65.5057831],[17.5473949,65.5060333],[17.5472528,65.5062779],[17.5471079,65.5065581],[17.5470033,65.5068339],[17.5464658,65.5084271],[17.5460781,65.5095751],[17.5460487,65.5096697],[17.545348,65.5117337],[17.5434197,65.517339],[17.5427244,65.5193673],[17.542596,65.5197359],[17.5421995,65.5209203],[17.5412419,65.5237442],[17.5403782,65.5262487],[17.5403541,65.5263278],[17.5396563,65.5283865],[17.5396197,65.5285015],[17.539551,65.5286918],[17.5395221,65.5288087],[17.5394341,65.5291045],[17.5393939,65.5292889],[17.5393724,65.5295589],[17.5393774,65.5296733],[17.5393859,65.5298078],[17.5394207,65.5300533],[17.5394744,65.53028],[17.5395575,65.5304711],[17.5396407,65.5306655],[17.5397533,65.5308832],[17.539992,65.5312371],[17.5402368,65.5315639],[17.5405843,65.532038],[17.540837,65.5323795],[17.5411105,65.5327335],[17.5419994,65.5339307],[17.5427171,65.5348923],[17.542786,65.5350069],[17.5435231,65.5359951],[17.5438464,65.5364181],[17.5440623,65.5367063],[17.5442841,65.5370075],[17.5442994,65.5370284],[17.5446187,65.5374638],[17.5450818,65.5380872],[17.5452907,65.5383613],[17.5456582,65.5388477],[17.5457011,65.5389026],[17.5459559,65.5392564],[17.5462805,65.539734],[17.5464253,65.5399928],[17.5464937,65.5401699],[17.5465447,65.5403598],[17.5465688,65.5405009],[17.5465675,65.5406341],[17.5465594,65.540768],[17.546538,65.540934],[17.5464924,65.5410845],[17.546436,65.5412394],[17.546377,65.5413699],[17.5462858,65.5415176],[17.5461853,65.5416642],[17.5460874,65.5417946],[17.5459557,65.5419369],[17.545858,65.5420412],[17.5457413,65.5421395],[17.5455241,65.542316],[17.5453457,65.5424448],[17.5451097,65.542602],[17.5449112,65.5427313],[17.5436774,65.5434687],[17.5432549,65.5437219],[17.5420627,65.5444364],[17.5375577,65.5471325],[17.5352137,65.5485357],[17.5335836,65.5495101],[17.5321258,65.5503814],[17.5264944,65.5537667],[17.5257227,65.5542788],[17.5251245,65.5547372],[17.5246659,65.5551424],[17.5241777,65.5556063],[17.5237942,65.5560259],[17.5235045,65.5563966],[17.5232443,65.5567595],[17.5230458,65.5570625],[17.5228956,65.5573255],[17.5228248,65.5574695],[17.522665,65.5578028],[17.5225013,65.5582978],[17.5223672,65.5586695],[17.5222465,65.5590968],[17.5221714,65.5594253],[17.5221553,65.5597893],[17.5221768,65.5600656],[17.5222492,65.5603652],[17.5223619,65.5606726],[17.5225362,65.5609978],[17.5227159,65.5612597],[17.5228983,65.5615027],[17.5231156,65.5617368],[17.5234213,65.5620131],[17.5237673,65.562295],[17.5242019,65.5626112],[17.5252774,65.5633757],[17.5262377,65.5640149],[17.5273186,65.5648038],[17.5277746,65.5651533],[17.5282332,65.5654395],[17.5288475,65.5657701],[17.5289451,65.565818],[17.5294429,65.5660741],[17.5302637,65.566448],[17.5311032,65.5668075],[17.5319052,65.5671392],[17.5327527,65.567492],[17.5335467,65.5678226],[17.5343916,65.5681821],[17.5354162,65.5686136],[17.5367385,65.569165],[17.5376129,65.5694955],[17.5385785,65.5698217],[17.5396407,65.5701478],[17.5407028,65.5704096],[17.5417274,65.5706514],[17.5428003,65.5708666],[17.5443292,65.571144],[17.5455946,65.5713835],[17.5496829,65.57216],[17.556898,65.5735132],[17.5620693,65.574476],[17.5633085,65.5747089],[17.5644189,65.574893],[17.565427,65.5750282],[17.5656098,65.5750505],[17.56657,65.5751547],[17.567541,65.5752302],[17.56863,65.5752945],[17.5696331,65.5753344],[17.5708348,65.5753433],[17.5716609,65.5753322],[17.5728571,65.5752834],[17.5739032,65.5752102],[17.5752979,65.5750682],[17.5764835,65.5749063],[17.5819069,65.5740767],[17.5862047,65.573427],[17.5879794,65.5731583],[17.5888807,65.5730052],[17.5896478,65.5728721],[17.5903827,65.5726924],[17.5906315,65.5726187],[17.5910854,65.5724839],[17.5924909,65.5720935],[17.5934297,65.5718583],[17.5943094,65.5716609],[17.5951731,65.5715145],[17.5961441,65.5713703],[17.5970238,65.5712749],[17.598086,65.5711817],[17.5995076,65.5710752],[17.6012617,65.570962],[17.6026779,65.5708711],[17.605623,65.5706892],[17.6064717,65.5706287],[17.6074898,65.5705583],[17.6089114,65.5704274],[17.6104402,65.5702521],[17.6123553,65.5699526],[17.6139164,65.569642],[17.6156866,65.5692182],[17.6189375,65.5684683],[17.6205563,65.5681072],[17.6214534,65.567918],[17.6225585,65.5677427],[17.6237065,65.5676141],[17.6247901,65.567543],[17.6261526,65.5674521],[17.6264957,65.56742],[17.6273328,65.5673544],[17.6283359,65.5672391],[17.6294571,65.567066],[17.6303047,65.5668619],[17.6312381,65.5666267],[17.6320696,65.5663271],[17.6330942,65.5659033],[17.6339268,65.5654255],[17.6352889,65.5644083],[17.6361806,65.5639083],[17.6369834,65.5635289],[17.6381797,65.5631094],[17.6399124,65.562579],[17.6410443,65.5621885],[17.6419347,65.5617934],[17.642236,65.5616499],[17.6429594,65.5613052],[17.6440161,65.5607858],[17.6456278,65.5599667],[17.6464248,65.5596162],[17.6472884,65.5592655],[17.6482058,65.5589503],[17.6491606,65.5586218],[17.6502925,65.5582844],[17.6579905,65.5562578],[17.658779,65.5560625],[17.6588494,65.5560456],[17.6595944,65.5558871],[17.6603347,65.5557606],[17.6612198,65.5556407],[17.6621103,65.5555542],[17.6630545,65.5554942],[17.664004,65.555472],[17.664991,65.5554809],[17.6728767,65.5556296],[17.676318,65.5556929],[17.6767766,65.5556962],[17.677753,65.5557095],[17.6786756,65.5556785],[17.6795983,65.5556163],[17.6802226,65.5555534],[17.6806015,65.555512],[17.6816958,65.5553921],[17.6826721,65.5552212],[17.683627,65.5550125],[17.6845765,65.5547506],[17.6881833,65.5535806],[17.6889753,65.5533053],[17.6897263,65.5530944],[17.6906919,65.5528702],[17.6915717,65.5527015],[17.6925158,65.5525727],[17.6934546,65.5524351],[17.6983041,65.5517735],[17.6992589,65.5516558],[17.6993646,65.5516447],[17.7002621,65.5515626],[17.7012867,65.551507],[17.7025527,65.5514982],[17.7035075,65.5515426],[17.7045321,65.5516114],[17.7055246,65.5517202],[17.7064902,65.5518889],[17.7075845,65.5521265],[17.7086466,65.5524284],[17.7094674,65.5526859],[17.7102023,65.5530034],[17.7109104,65.5533564],[17.7124194,65.5541583],[17.7143361,65.5550583],[17.7160861,65.5557722],[17.7167384,65.5560039],[17.7182865,65.5565464],[17.7195203,65.5569193],[17.72125,65.5573861],[17.7236517,65.5579402],[17.7247802,65.5581746],[17.7255846,65.5583223],[17.7264957,65.5584751],[17.7277547,65.5586706],[17.7287954,65.5588216],[17.7296926,65.5589319],[17.7304764,65.5589998],[17.7312315,65.5590524],[17.7320728,65.5590711],[17.732873,65.5590609],[17.733702,65.5590338],[17.7344612,65.5589743],[17.7351219,65.5589047],[17.7359879,65.558791],[17.7363261,65.5587388],[17.7366568,65.5586857],[17.7374447,65.5585251],[17.7381394,65.5583639],[17.7389546,65.5581279],[17.7396494,65.5578654],[17.7405409,65.5574915],[17.7414161,65.5571161],[17.7417558,65.5569485],[17.7470222,65.5545806],[17.7485611,65.5540361],[17.750325,65.5535361],[17.7520778,65.5531583],[17.7527557,65.5530404],[17.7538833,65.5528444],[17.7559056,65.5526222],[17.7581833,65.5524861],[17.7654274,65.5525422],[17.774169,65.5525373],[17.788144,65.552581],[17.7898532,65.5525849],[17.7958382,65.5526059],[17.8174367,65.5526758],[17.8319194,65.5527222],[17.8362333,65.5528306],[17.8390162,65.5529673],[17.8444175,65.5532318],[17.846126,65.5533176],[17.8528964,65.5536506],[17.8566069,65.5538457],[17.8570962,65.5538709],[17.857359,65.5538848],[17.8604662,65.5540346],[17.881958,65.5550847],[17.88875,65.5554167],[17.903425,65.556147],[17.9111,65.5565306],[17.9135917,65.5567583],[17.9158972,65.5570861],[17.9177972,65.5574444],[17.9200128,65.558017],[17.9210857,65.5582867],[17.9219601,65.5584909],[17.9237031,65.5589069],[17.9239127,65.558957],[17.9246396,65.5591001],[17.925396,65.5592278],[17.9262999,65.5593598],[17.9273084,65.5594608],[17.9282954,65.5595296],[17.9291993,65.5595673],[17.9299504,65.5595751],[17.930747,65.5595629],[17.9329678,65.5595285],[17.9365379,65.5594619],[17.9401991,65.5594608],[17.9409099,65.5594819],[17.9426855,65.559544],[17.9437128,65.559594],[17.9450042,65.5596841],[17.946977,65.5598248],[17.9501222,65.5601528],[17.9549083,65.5607528],[17.9658009,65.5621462],[17.9864904,65.5647966],[17.9980718,65.5662797],[17.9985263,65.5663342],[18.0071559,65.5674624],[18.0079917,65.5675722],[18.0160667,65.5687806],[18.0274737,65.5705712],[18.0315923,65.5712253],[18.0448906,65.5732914],[18.0477308,65.5737274],[18.0556374,65.5749421],[18.0582088,65.5753372],[18.0602511,65.5756483],[18.0668174,65.5766485],[18.0680334,65.5768337],[18.0772899,65.5782439],[18.0849333,65.5794083],[18.0883513,65.5799352],[18.1039402,65.5823395],[18.1086263,65.5830713],[18.1135368,65.5838375],[18.1155056,65.5841391],[18.116667,65.5843176],[18.117426,65.5844273],[18.1181502,65.5845282],[18.1189442,65.5846335],[18.1195021,65.5847034],[18.1203014,65.5847976],[18.1214118,65.584924],[18.1220609,65.5849916],[18.1229085,65.5850715],[18.1236568,65.5851402],[18.1247672,65.5852333],[18.1256899,65.5853021],[18.1266582,65.5853686],[18.1275943,65.5854273],[18.1282863,65.5854628],[18.1293645,65.5855105],[18.1294416,65.5855139],[18.130306,65.5855504],[18.1314996,65.5855881],[18.1327441,65.5856136],[18.133927,65.5856291],[18.1350267,65.5856336],[18.1359065,65.585628],[18.1369364,65.585618],[18.1382239,65.5855936],[18.1402838,65.5855548],[18.1423545,65.5855216],[18.1443943,65.5854845],[18.1459755,65.5854717],[18.1470484,65.585475],[18.1493269,65.5855022],[18.1506103,65.5855343],[18.1512198,65.5855535],[18.1519099,65.5855776],[18.1527977,65.5856108],[18.1533636,65.5856374],[18.1540757,65.5856701],[18.1548268,65.5857084],[18.1558473,65.5857655],[18.1566185,65.585817],[18.1573547,65.5858702],[18.1582184,65.5859345],[18.1594764,65.5860365],[18.1612574,65.5861784],[18.1635957,65.5863683],[18.1637933,65.5863833],[18.1638882,65.5863919],[18.1645911,65.5864563],[18.1694658,65.5868466],[18.1713384,65.5869994],[18.1726888,65.5871093],[18.1760144,65.5873819],[18.1767837,65.587445],[18.1795378,65.5876709],[18.1795928,65.5876754],[18.1821379,65.5878815],[18.1851451,65.5881194],[18.1883917,65.5884167],[18.1914081,65.5888889],[18.1935916,65.5893138],[18.1949944,65.5895944],[18.1979472,65.590375],[18.2005651,65.5912477],[18.201111,65.5914505],[18.20198,65.5917969],[18.2029939,65.592228],[18.203938,65.5926559],[18.2059872,65.5936135],[18.2095691,65.5952691],[18.2197972,65.5999972],[18.2214417,65.6009528],[18.2227917,65.6021028],[18.2229018,65.6022573],[18.2236,65.6032333],[18.2239917,65.6043528],[18.2239778,65.6055028],[18.2234639,65.6072389],[18.223425,65.6080833],[18.2237472,65.6087611],[18.2244083,65.6095333],[18.2253778,65.6102333],[18.2265448,65.6108101],[18.2265917,65.6108333],[18.2281028,65.611325],[18.2299083,65.6117694],[18.2317833,65.6120111],[18.2337639,65.612125],[18.2391694,65.6121528],[18.2411285,65.6122168],[18.2442917,65.6123833],[18.2471361,65.6126389],[18.2472578,65.6126524],[18.2498682,65.6129717],[18.2508123,65.6131079],[18.2528803,65.6134324],[18.2544279,65.6137159],[18.2565444,65.6141389],[18.2595111,65.614875],[18.2624889,65.6157472],[18.26555,65.6168389],[18.2659616,65.6170173],[18.2682444,65.6180194],[18.2708333,65.6193833],[18.2723972,65.620325],[18.2735833,65.6209194],[18.274228,65.6211613],[18.2750528,65.6214389],[18.2760251,65.6217148],[18.2769806,65.6219333],[18.2781494,65.6221466],[18.2791793,65.6222861],[18.2801503,65.6224012],[18.2814485,65.6224787],[18.2820791,65.6224988],[18.2827359,65.6225075],[18.2842861,65.622525],[18.2922778,65.6225389],[18.2935667,65.6226094],[18.2947952,65.6227179],[18.2961523,65.6228972],[18.2971501,65.6230699],[18.2984806,65.623375],[18.299371,65.6236367],[18.3000972,65.6238611],[18.3008248,65.6241636],[18.3014306,65.624425],[18.3020581,65.6247767],[18.3024619,65.6250207],[18.3035257,65.6258352],[18.30403,65.6262713],[18.3044323,65.6265801],[18.3048427,65.6268436],[18.3053738,65.6271325],[18.3057252,65.6273096],[18.3063018,65.6275619],[18.3069804,65.6278065],[18.3076939,65.6280224],[18.3083752,65.6281995],[18.3090833,65.6283544],[18.3098021,65.6284839],[18.3102903,65.6285581],[18.3109555,65.6286422],[18.3115911,65.6287042],[18.3135626,65.6288702],[18.3140615,65.6289233],[18.3146086,65.6289864],[18.3151263,65.629065],[18.3157244,65.6291624],[18.3162448,65.6292686],[18.3168697,65.6294136],[18.3173928,65.629552],[18.3179694,65.6297235],[18.318482,65.6298964],[18.3185863,65.6299338],[18.3191174,65.6301496],[18.3196861,65.6304119],[18.320303,65.6307771],[18.3207643,65.6310903],[18.3211693,65.6314102],[18.3214939,65.6317289],[18.3217621,65.632062],[18.3219767,65.6323719],[18.3223468,65.6328809],[18.3225292,65.6331045],[18.3227786,65.6333391],[18.3230764,65.6335814],[18.3233902,65.6338072],[18.3237174,65.6340163],[18.3240607,65.6342066],[18.3245623,65.6344578],[18.325029,65.6346637],[18.3254716,65.6348363],[18.3260751,65.6350443],[18.3266866,65.6352402],[18.3314957,65.6367716],[18.3317667,65.6368579],[18.3350739,65.6379145],[18.337343,65.6386138],[18.3385876,65.6389623],[18.3391106,65.6390983],[18.3397168,65.6392499],[18.3404142,65.6394192],[18.3412778,65.6396261],[18.3420749,65.6398063],[18.3426525,65.639932],[18.343205,65.6400481],[18.343948,65.640198],[18.3448277,65.6403701],[18.3456793,65.6405277],[18.3466744,65.6406992],[18.3476615,65.6408602],[18.3488108,65.6410361],[18.35005,65.6412109],[18.3501859,65.6412299],[18.3505529,65.6412844],[18.3520496,65.6414648],[18.3544877,65.6417159],[18.3555569,65.6418041],[18.3588061,65.6420599],[18.3668286,65.6427082],[18.3690535,65.6428835],[18.370695,65.6430124],[18.3712194,65.6430475],[18.3713628,65.6430535],[18.3717652,65.643066],[18.3723512,65.6430787],[18.3730298,65.6430732],[18.3735234,65.6430599],[18.3741671,65.6430234],[18.3748484,65.6429781],[18.3754653,65.6429117],[18.3761385,65.6428265],[18.3769244,65.642706],[18.3799285,65.6422403],[18.3836163,65.641673],[18.3858535,65.641363],[18.3872965,65.6411937],[18.3888468,65.6410333],[18.3908799,65.6408585],[18.3922386,65.6407656],[18.3939511,65.6406494],[18.3984089,65.6403352],[18.4010115,65.6401531],[18.4084028,65.6396338],[18.4092343,65.6395896],[18.4099746,65.6395697],[18.410916,65.6395685],[18.4116054,65.6395896],[18.4123832,65.6396283],[18.4131637,65.6396902],[18.4136493,65.6397373],[18.4139308,65.6397655],[18.4147999,65.6398839],[18.4155133,65.6399956],[18.4162322,65.6401394],[18.4169456,65.6402976],[18.4180427,65.6405764],[18.4202689,65.6411838],[18.4251371,65.6425019],[18.4258774,65.6427093],[18.4264299,65.642873],[18.4270254,65.6430776],[18.4275833,65.6433011],[18.4281331,65.6435444],[18.4285837,65.6437812],[18.4289458,65.6440079],[18.4293133,65.6442601],[18.4296378,65.6445278],[18.4299973,65.6448818],[18.4302059,65.6451468],[18.4310487,65.6462279],[18.4314242,65.6466814],[18.4316629,65.6469313],[18.4319794,65.6471912],[18.4323925,65.6474854],[18.4328055,65.6477376],[18.4335458,65.6481037],[18.4341627,65.6483581],[18.434718,65.6485583],[18.4352249,65.6487142],[18.4357989,65.648869],[18.436397,65.6490139],[18.4370273,65.6491433],[18.4376898,65.6492561],[18.4384328,65.6493579],[18.4391463,65.6494331],[18.4399536,65.6494928],[18.4408253,65.6495392],[18.4418392,65.6495824],[18.4463292,65.649766],[18.4514737,65.6499783],[18.4522945,65.6500114],[18.4529328,65.6500302],[18.4535256,65.6500413],[18.4539252,65.6500413],[18.4543115,65.6500336],[18.4547245,65.6500181],[18.4551403,65.6499938],[18.4555721,65.6499595],[18.4560871,65.6499053],[18.4565377,65.6498478],[18.4569991,65.6497748],[18.4574416,65.6496996],[18.4617975,65.6488801],[18.4625083,65.6487297],[18.4632325,65.6485605],[18.4639943,65.6483713],[18.4666686,65.6477022],[18.4667408,65.6476845],[18.4673712,65.647543],[18.4678245,65.6474567],[18.4682456,65.6473815],[18.4687793,65.6473096],[18.4692809,65.6472454],[18.4698066,65.6471924],[18.4703404,65.6471448],[18.4709412,65.6471094],[18.4761044,65.6468605],[18.4768528,65.6468318],[18.4776896,65.6468229],[18.4783253,65.6468318],[18.4788591,65.6468539],[18.4795296,65.6468959],[18.4811604,65.6470154],[18.4817183,65.6470552],[18.4822333,65.6470851],[18.4827483,65.647105],[18.4832981,65.6471171],[18.4839016,65.6471105],[18.48454,65.6470961],[18.48524,65.6470696],[18.4859642,65.6470276],[18.4878927,65.6469313],[18.4880017,65.6469258],[18.4886733,65.646897],[18.4892768,65.6468849],[18.4898561,65.6468893],[18.4904033,65.6469026],[18.4910765,65.6469335],[18.4916532,65.6469789],[18.4922406,65.6470364],[18.4976962,65.6477642],[18.4985518,65.6478703],[18.498989,65.647919],[18.4993726,65.6479533],[18.499783,65.6479898],[18.5002658,65.6480196],[18.500711,65.6480429],[18.5012045,65.6480617],[18.5017624,65.6480672],[18.5022426,65.648065],[18.5033825,65.6480418],[18.5046351,65.6480097],[18.5062887,65.647971],[18.5089454,65.6478991],[18.5093078,65.6478898],[18.5105279,65.6478604],[18.511236,65.6478405],[18.5117725,65.6478228],[18.5121614,65.6478073],[18.512612,65.6477763],[18.5131028,65.6477387],[18.5136741,65.6476724],[18.5141355,65.6476093],[18.5146344,65.6475208],[18.5151815,65.6474147],[18.5179281,65.6468451],[18.5246095,65.6454658],[18.524931,65.6453968],[18.5254768,65.6452782],[18.5275304,65.6448176],[18.5290643,65.644414],[18.5317898,65.6436971],[18.536548,65.642425],[18.5381681,65.6419692],[18.5453725,65.6397965],[18.5464024,65.6394734],[18.546925,65.6393415],[18.5472554,65.6392588],[18.5481512,65.6390441],[18.5491383,65.6388583],[18.5501897,65.6387012],[18.5535371,65.6382254],[18.5548192,65.6380727],[18.556745,65.6378824],[18.5580003,65.6377408],[18.5588372,65.6376257],[18.5597116,65.6374664],[18.5605913,65.6372717],[18.5613477,65.6370659],[18.565709,65.6356009],[18.5661526,65.6354585],[18.5692066,65.6344789],[18.5743511,65.6329473],[18.5758638,65.6324936],[18.5766739,65.6322258],[18.5776073,65.6318805],[18.5784066,65.6315596],[18.5825743,65.629665],[18.5849514,65.6285847],[18.5885936,65.6269155],[18.5893056,65.6265472],[18.590219,65.6260588],[18.5928778,65.6245556],[18.5949139,65.6234611],[18.596382,65.6227746],[18.5968528,65.6225556],[18.5988889,65.6217333],[18.6008459,65.6210616],[18.6021388,65.6206343],[18.6112368,65.6179504],[18.6119449,65.6177411],[18.6125618,65.617544],[18.6130902,65.617358],[18.6134009,65.6172345],[18.613573,65.6171687],[18.6141497,65.6169184],[18.6145815,65.6167058],[18.6149704,65.6164799],[18.6183125,65.6144069],[18.6204972,65.6130472],[18.6208928,65.6128055],[18.6213139,65.6125741],[18.621735,65.6123703],[18.6222982,65.6121233],[18.6227864,65.6119317],[18.623229,65.61177],[18.6270511,65.6105428],[18.6272839,65.6104685],[18.631179,65.6092281],[18.6367419,65.6074514],[18.6392525,65.606645],[18.6398989,65.6064533],[18.6404219,65.6063149],[18.6409128,65.6062019],[18.6415109,65.6060778],[18.6420527,65.6059825],[18.6427367,65.6058795],[18.6433507,65.6058049],[18.6441408,65.6056951],[18.6452316,65.6055645],[18.6458413,65.6054923],[18.6463107,65.6054458],[18.6473514,65.6053638],[18.6482204,65.6053018],[18.6486684,65.6052719],[18.6493309,65.6052281],[18.650047,65.6051777],[18.6509295,65.6051184],[18.6518535,65.6050545],[18.6524361,65.6050135],[18.6545679,65.6048636],[18.6574043,65.6046797],[18.65815,65.6046376],[18.6587803,65.6046077],[18.6592149,65.6045913],[18.6593717,65.6045872],[18.6596587,65.6045828],[18.6601254,65.6045806],[18.6605559,65.6045883],[18.6607982,65.6046007],[18.6612399,65.6046271],[18.6615819,65.6046515],[18.6619869,65.6046892],[18.6628827,65.6047794],[18.6646476,65.6049717],[18.6663052,65.6051508],[18.6664736,65.6051694],[18.6666212,65.6051857],[18.6670791,65.6052359],[18.6679199,65.6053245],[18.6685315,65.6053793],[18.6690022,65.6054153],[18.6694166,65.6054369],[18.6697867,65.6054464],[18.6702119,65.6054519],[18.6706021,65.6054469],[18.6711252,65.6054292],[18.6715771,65.6054037],[18.6719701,65.6053727],[18.6724435,65.6053245],[18.672996,65.6052519],[18.6732079,65.6052209],[18.6736076,65.6051611],[18.6740206,65.605093],[18.6750642,65.6049242],[18.676326,65.6047202],[18.6771266,65.6046177],[18.677875,65.6045379],[18.678335,65.6044997],[18.6789076,65.6044654],[18.6794762,65.6044388],[18.6800207,65.6044216],[18.6807127,65.6044155],[18.6841862,65.6044155],[18.6853248,65.604415],[18.6863655,65.604415],[18.6871581,65.6044111],[18.6878782,65.6043995],[18.687994,65.6043944],[18.688404,65.6043751],[18.6889659,65.6043446],[18.6895399,65.6042998],[18.6901286,65.6042488],[18.6928001,65.603989],[18.6943571,65.603845],[18.6954501,65.6037641],[18.6959302,65.6037353],[18.7007877,65.6035043],[18.7039112,65.603357],[18.7070104,65.6032113],[18.7095281,65.6030919],[18.7102586,65.6030584],[18.7125237,65.6029526],[18.7136194,65.6029016],[18.71464,65.602885],[18.7150477,65.6028883],[18.7153806,65.6028972],[18.7158456,65.6029166],[18.7166047,65.6029637],[18.7167938,65.6029778],[18.718499,65.6031833],[18.7216365,65.603635],[18.7278593,65.604528],[18.7304668,65.604902],[18.7329206,65.6052547],[18.7342375,65.6054441],[18.734723,65.6055128],[18.7352139,65.6055782],[18.7356377,65.6056336],[18.7360722,65.6056834],[18.7365147,65.6057255],[18.7370968,65.6057709],[18.7376118,65.6057986],[18.7380919,65.6058208],[18.7385774,65.6058341],[18.7391031,65.6058396],[18.7395644,65.6058407],[18.7399963,65.6058341],[18.7405622,65.605813],[18.7411416,65.6057842],[18.7416673,65.6057443],[18.7423298,65.6056834],[18.7430379,65.6056026],[18.743687,65.6055106],[18.7476405,65.6049002],[18.7487081,65.6047351],[18.7495959,65.6045845],[18.7501967,65.6044626],[18.7507975,65.6043219],[18.7509033,65.6042923],[18.7512696,65.6041912],[18.7518007,65.6040294],[18.7522361,65.603875],[18.7525597,65.6037525],[18.7589222,65.6011528],[18.7593564,65.6010092],[18.7598661,65.600843],[18.7604025,65.6006868],[18.7609068,65.600555],[18.7615639,65.6004043],[18.7622023,65.6002757],[18.7628299,65.6001638],[18.7637016,65.6000353],[18.7644392,65.5999367],[18.7661853,65.5997095],[18.7673065,65.5995699],[18.7678751,65.5995112],[18.7684679,65.5994635],[18.768617,65.5994536],[18.7691465,65.5994281],[18.769699,65.5994048],[18.7703052,65.5993926],[18.7708497,65.5993915],[18.7713513,65.5994004],[18.7718502,65.5994159],[18.7724644,65.5994447],[18.772974,65.5994813],[18.7733924,65.5995145],[18.7741005,65.5995865],[18.77516,65.5997284],[18.7770671,65.6000187],[18.7787488,65.6002813],[18.7821933,65.6008039],[18.7829438,65.6009228],[18.7839577,65.6010713],[18.7847087,65.601171],[18.7854677,65.6012641],[18.7861651,65.601335],[18.7870556,65.6014114],[18.7878656,65.6014646],[18.788673,65.6015056],[18.7896118,65.6015411],[18.789696,65.6015449],[18.7903976,65.6015599],[18.7913257,65.601561],[18.7922028,65.6015477],[18.7929431,65.6015278],[18.793678,65.6014923],[18.7943968,65.6014513],[18.79518,65.6013893],[18.8111502,65.6000405],[18.8196055,65.5993298],[18.8202225,65.5992741],[18.8324919,65.5982376],[18.8403389,65.597575],[18.8414374,65.5975222],[18.842462,65.5974878],[18.8435322,65.5974767],[18.8447338,65.5974911],[18.8539708,65.5977268],[18.8549986,65.5977549],[18.8609719,65.59791],[18.8616049,65.5979211],[18.8622218,65.5979344],[18.8628522,65.5979344],[18.8635227,65.59792],[18.864086,65.5978878],[18.8646734,65.5978457],[18.8652232,65.5977903],[18.8665697,65.5976285],[18.8670579,65.597562],[18.8683265,65.5974113],[18.8690239,65.5973471],[18.8696328,65.5973083],[18.8702819,65.5972828],[18.8709256,65.5972739],[18.871513,65.597275],[18.8718218,65.5972807],[18.8723123,65.5973039],[18.8728783,65.5973349],[18.8734657,65.5973836],[18.8740316,65.5974435],[18.8745627,65.5975155],[18.8750777,65.5975953],[18.8751465,65.5976064],[18.8755497,65.5976817],[18.8758619,65.5977378],[18.8823518,65.5990115],[18.883312,65.5991943],[18.8838458,65.5992885],[18.8845324,65.5993993],[18.8851815,65.5994924],[18.885895,65.5995865],[18.8866514,65.5996719],[18.8874614,65.5997505],[18.88814,65.5998026],[18.8893121,65.5998824],[18.8918984,65.6000436],[18.8950735,65.6002381],[18.8958627,65.600284],[18.8973802,65.6003821],[18.8997661,65.6005486],[18.900733,65.6006115],[18.902117,65.6007068],[18.9043841,65.6008781],[18.9073768,65.6011023],[18.9143211,65.6016419],[18.9171396,65.6018578],[18.9173217,65.6018705],[18.9192756,65.6020126],[18.9205062,65.6021011],[18.9217307,65.6021748],[18.922424,65.6022103],[18.9297438,65.6025316],[18.9340568,65.6027232],[18.9390005,65.6029364],[18.9404324,65.6029991],[18.9436269,65.6031387],[18.9445147,65.6031697],[18.9452335,65.603173],[18.9459684,65.6031542],[18.9465398,65.6031154],[18.9471137,65.6030623],[18.9478192,65.6029891],[18.9487306,65.6028667],[18.9501339,65.6027],[18.950775,65.602639],[18.9515877,65.6025892],[18.9522609,65.6025681],[18.9529985,65.6025626],[18.9536825,65.6025748],[18.9543718,65.6026069],[18.9599803,65.6030113],[18.9606022,65.603057],[18.9607152,65.6030667],[18.9615226,65.6031487],[18.9622682,65.6032473],[18.9629066,65.6033547],[18.9636362,65.603511],[18.9644333,65.6036972],[18.9655754,65.6039907],[18.9660287,65.604097],[18.966592,65.6042111],[18.9672115,65.6043153],[18.9679491,65.6044083],[18.9685634,65.6044659],[18.9692956,65.6045158],[18.9740512,65.6047628],[18.9747834,65.604806],[18.9755022,65.6048481],[18.9760789,65.6048969],[18.9767012,65.6049678],[18.9772457,65.605052],[18.9778733,65.6051672],[18.9783668,65.6052746],[18.9790025,65.6054408],[18.9795068,65.6055926],[18.9798796,65.6057222],[18.9807514,65.6060861],[18.9813817,65.6063536],[18.9822131,65.6066948],[18.9826503,65.6068499],[18.9831519,65.6070061],[18.9836749,65.6071468],[18.9843079,65.6072875],[18.9850429,65.6074137],[18.985649,65.607499],[18.98765,65.6077449],[18.9887819,65.6078956],[18.9894773,65.6079965],[18.9903,65.6081481],[18.9909518,65.6082877],[18.9916223,65.6084572],[18.9924914,65.6086998],[18.9991835,65.6106783],[18.999846,65.6108762],[19.0011549,65.6112439],[19.002201,65.6114987],[19.003247,65.6117335],[19.004277,65.6119373],[19.0047209,65.6120077],[19.005087,65.6120657],[19.0061438,65.6122075],[19.0071255,65.6123205],[19.0084934,65.6124578],[19.0101556,65.6125694],[19.0116531,65.6126328],[19.0179831,65.6128609],[19.0190399,65.6128831],[19.0199861,65.6128896],[19.0201235,65.6128897],[19.0212017,65.6128742],[19.02228,65.6128343],[19.023428,65.6127723],[19.0248978,65.6126483],[19.0261638,65.6125132],[19.0284651,65.6122562],[19.0295166,65.6121499],[19.0307343,65.6120591],[19.0320271,65.6119816],[19.0415242,65.611389],[19.0473694,65.6110269],[19.0535974,65.610637],[19.0547079,65.6105639],[19.0557539,65.6104642],[19.0566444,65.6103468],[19.0573204,65.6102338],[19.0583879,65.6100234],[19.0591067,65.6098727],[19.0624374,65.6091464],[19.0712357,65.6072321],[19.0816779,65.6049584],[19.0839654,65.6044604],[19.085049,65.6042366],[19.0861809,65.6040394],[19.0878876,65.6037659],[19.0882278,65.6037131],[19.0943427,65.6027334],[19.0965825,65.6023787],[19.0993211,65.6019433],[19.101651,65.6016493],[19.1019028,65.6016123],[19.1022842,65.6015543],[19.102821,65.6014608],[19.103368,65.6013548],[19.1037968,65.6012558],[19.1043201,65.6011149],[19.1048401,65.6009755],[19.1053195,65.6008123],[19.1058442,65.6006303],[19.1063216,65.600463],[19.107357,65.6000796],[19.1077594,65.5999312],[19.108959,65.5994967],[19.1092935,65.5993755],[19.1096111,65.5992667],[19.1102537,65.5990702],[19.1108385,65.5989234],[19.1114514,65.5987932],[19.1120052,65.5986995],[19.1124666,65.5986364],[19.112885,65.5985865],[19.1134013,65.5985433],[19.1138506,65.5985145],[19.1145734,65.5984879],[19.115134,65.5984812],[19.115767,65.5984901],[19.1206533,65.5986305],[19.1261096,65.5987862],[19.1267373,65.5988009],[19.1271517,65.598807],[19.1278182,65.5988037],[19.1283761,65.5987904],[19.1287087,65.5987776],[19.129111,65.5987571],[19.1295657,65.5987283],[19.1299868,65.5986956],[19.1303958,65.5986574],[19.1307391,65.5986203],[19.1312125,65.5985677],[19.1323444,65.5984197],[19.1341388,65.5981881],[19.1359225,65.5979554],[19.1374674,65.5977554],[19.1384304,65.5976197],[19.1387982,65.5975619],[19.1388783,65.5975493],[19.139294,65.5974751],[19.1398868,65.5973476],[19.1403106,65.5972479],[19.1407423,65.5971325],[19.1407719,65.5971238],[19.1413151,65.5969614],[19.1419011,65.5967609],[19.1426817,65.596481],[19.1440429,65.5959912],[19.1448945,65.5956953],[19.1454698,65.5955224],[19.1457394,65.5954476],[19.1460492,65.5953701],[19.1464609,65.5952797],[19.1468686,65.5952027],[19.1473205,65.5951279],[19.1477725,65.595062],[19.1487247,65.5949384],[19.1494998,65.5948403],[19.1501959,65.5947373],[19.1507886,65.5946331],[19.1513036,65.5945231],[19.1515886,65.5944549],[19.151879,65.5943776],[19.1523644,65.5942363],[19.1527487,65.5941141],[19.1542688,65.5936101],[19.1562067,65.5929662],[19.1569454,65.5928836],[19.1565299,65.5930793],[19.156149,65.5932854],[19.1557252,65.5935414],[19.1553457,65.5938008],[19.1550533,65.5940313],[19.1547865,65.5942662],[19.1545485,65.5945053],[19.1543372,65.5947517],[19.1541575,65.5949955],[19.1539201,65.595364],[19.1535889,65.5958904],[19.1533542,65.5962544],[19.1531731,65.5965099],[19.152921,65.5968484],[19.1527765,65.5970242],[19.1526367,65.5971936],[19.1521619,65.5977044],[19.1516523,65.598197],[19.1512065,65.5985707],[19.1510074,65.5987376],[19.1506009,65.5990674],[19.1502991,65.5992811],[19.1496265,65.5997665],[19.1491511,65.6000635],[19.1484711,65.6004642],[19.1478174,65.6008333],[19.1473447,65.6010835],[19.1464126,65.6015593],[19.1455107,65.6020132],[19.1447659,65.6023927],[19.1434568,65.6030589],[19.1424604,65.6035625],[19.1415524,65.6040239],[19.1406405,65.6044864],[19.1401575,65.6047298],[19.1396561,65.6049827],[19.1386262,65.6055045],[19.1375788,65.6060346],[19.1364884,65.6065874],[19.1355805,65.6070493],[19.1346927,65.6074974],[19.134108,65.6078014],[19.1334777,65.6081664],[19.133133,65.6083902],[19.1326717,65.6087219],[19.1323189,65.6090044],[19.1320521,65.609242],[19.1317838,65.6095022],[19.1315773,65.6097282],[19.1313815,65.6099697],[19.1311347,65.610323],[19.1309872,65.6105711],[19.1308826,65.6107821],[19.1308156,65.6109338],[19.1307405,65.6111315],[19.1306694,65.6113752],[19.1305339,65.6118531],[19.1303502,65.612517],[19.1302525,65.6128679],[19.130141,65.6132718],[19.1299693,65.6138975],[19.1297883,65.6145581],[19.1296837,65.6149374],[19.1296273,65.6151367],[19.1295697,65.6153488],[19.1295093,65.6155636],[19.1294423,65.6157967],[19.1293752,65.6160464],[19.1293229,65.6162745],[19.1292813,65.6164711],[19.1292438,65.6166798],[19.1292089,65.6169334],[19.1291781,65.6171963],[19.1291687,65.6173159],[19.1291513,65.6178358],[19.1291419,65.618049],[19.1291566,65.6181353],[19.1291687,65.6184],[19.1291982,65.6186801],[19.1292304,65.6189945],[19.1293162,65.6194585],[19.1294235,65.6198814],[19.1295764,65.6203619],[19.1297185,65.6207694],[19.1299143,65.6211967],[19.1301557,65.6216661],[19.1304351,65.6221758],[19.1306761,65.6225596],[19.1309792,65.6229968],[19.1312259,65.6233323],[19.1315961,65.6237828],[19.1318589,65.6240862],[19.1320789,65.6243496],[19.1323444,65.6245943],[19.1325697,65.6248223],[19.1330016,65.6252728],[19.133766,65.625989],[19.1343936,65.6266034],[19.1351098,65.627314],[19.1355067,65.6277279],[19.1358313,65.6281408],[19.135995,65.6283792],[19.1361558,65.6286267],[19.1363034,65.6289333],[19.1364402,65.6293074],[19.1365233,65.6295985],[19.136593,65.6300301],[19.1366038,65.6304484],[19.1365796,65.6308192],[19.1365474,65.6310339],[19.1365285,65.6311092],[19.1363838,65.6315275],[19.1361618,65.6319375],[19.1359466,65.6323453],[19.135606,65.6327835],[19.134973,65.6334353],[19.1347048,65.6337131],[19.1346082,65.6338359],[19.1344862,65.6339942],[19.1343749,65.6341657],[19.1342863,65.6343284],[19.1342112,65.634506],[19.1341522,65.6347339],[19.1341268,65.6349132],[19.1341174,65.6350958],[19.1341321,65.6352595],[19.134167,65.635446],[19.1342394,65.6356789],[19.1343909,65.6359992],[19.1345371,65.636277],[19.1347329,65.6366709],[19.1348737,65.6368933],[19.1350333,65.637088],[19.1352694,65.637332],[19.1355188,65.6375616],[19.1357928,65.6378062],[19.1359208,65.6379192],[19.1361143,65.6380854],[19.1364858,65.6384146],[19.1370812,65.6389357],[19.1375801,65.6393606],[19.1378295,65.6395475],[19.1381595,65.6397622],[19.1383107,65.6398407],[19.1384089,65.6398916],[19.1386583,65.6400177],[19.1389722,65.6401538],[19.1393718,65.6403186],[19.1398519,65.6404835],[19.1402248,65.6406007],[19.1406472,65.6407114],[19.1414733,65.6408895],[19.1425918,65.6410975],[19.1431738,65.6411915],[19.1439034,65.6413115],[19.1443688,65.6413818],[19.1447952,65.6414393],[19.1452552,65.6414935],[19.1455999,65.6415256],[19.1460317,65.6415544],[19.1464367,65.6415721],[19.1470121,65.641587],[19.1477068,65.6415909],[19.1485021,65.6415953],[19.1493149,65.6416107],[19.1501503,65.6416213],[19.1509107,65.6416451],[19.151824,65.641681],[19.1533299,65.6417628],[19.1574126,65.6419414],[19.1587277,65.6420043],[19.1728561,65.6426704],[19.1789434,65.6429588],[19.180283,65.6430196],[19.1863978,65.6433104],[19.1921219,65.6435669],[19.1939572,65.6436588],[19.1949922,65.6437013],[19.1960542,65.6437248],[19.1970758,65.6437426],[19.1982949,65.6437556],[19.1993718,65.6437494],[19.2005804,65.6437365],[19.2017651,65.6437143],[19.2019115,65.6437119],[19.2028016,65.6436958],[19.21096,65.6435566],[19.2136832,65.6435102],[19.2155891,65.6434709],[19.2166341,65.6434482],[19.2177051,65.6434326],[19.2210636,65.6433693],[19.2217652,65.6433547],[19.2226575,65.6433448],[19.2230795,65.6433375],[19.223418,65.6433331],[19.2241879,65.6433217],[19.2252795,65.6433017],[19.2268596,65.6432735],[19.2275703,65.6432761],[19.2281351,65.6432857],[19.2287139,65.6433051],[19.2290183,65.6433186],[19.2293452,65.6433354],[19.2297904,65.6433735],[19.2301847,65.6434078],[19.2306232,65.6434543],[19.2308646,65.6434792],[19.2311329,65.6435157],[19.2315513,65.6435693],[19.2321092,65.6436551],[19.232659,65.6437513],[19.2333242,65.6438863],[19.2339331,65.6440267],[19.2345017,65.6441716],[19.2351199,65.6443622],[19.2356742,65.6445497],[19.236184,65.6447425],[19.2366789,65.6449432],[19.2371866,65.6451595],[19.2377197,65.6454448],[19.2381935,65.6457161],[19.2385447,65.6459612],[19.2389423,65.646263],[19.2392453,65.646527],[19.2395424,65.6467913],[19.2397937,65.6470209],[19.2399077,65.6471354],[19.2404281,65.6476043],[19.240835,65.6479746],[19.2424116,65.6493895],[19.2430338,65.6499285],[19.2435544,65.6503873],[19.2440928,65.6508585],[19.2446433,65.6513568],[19.2451189,65.6517675],[19.2455796,65.6521868],[19.2461211,65.652653],[19.2466955,65.653171],[19.2472818,65.6536902],[19.2495795,65.6557104],[19.2510963,65.6570594],[19.2539573,65.6595728],[19.2541278,65.6597278],[19.2546154,65.6601548],[19.2551688,65.6605728],[19.2556643,65.6609253],[19.2556834,65.6609389],[19.2563685,65.6613273],[19.2570475,65.6616688],[19.2579121,65.6620584],[19.2586869,65.6623654],[19.259716,65.6627056],[19.2606643,65.6629892],[19.2611312,65.6631181],[19.2617801,65.6632974],[19.2685751,65.6652555],[19.2696341,65.6655723],[19.2709653,65.6660112],[19.272132,65.6664253],[19.273188,65.6668124],[19.2742679,65.6672512],[19.2755004,65.6677652],[19.2763919,65.6681498],[19.277418,65.6685898],[19.2778745,65.6687766],[19.2784142,65.6689978],[19.2806848,65.6699887],[19.2815643,65.6703547],[19.2824169,65.6706801],[19.283216,65.6709554],[19.2835867,65.6710647],[19.2840958,65.6712167],[19.2848639,65.6714282],[19.2858063,65.6716574],[19.2868204,65.6718657],[19.2878345,65.6720444],[19.2888995,65.6721997],[19.2898897,65.6723168],[19.2908231,65.6723981],[19.2917804,65.6724671],[19.2927137,65.6725065],[19.2936561,65.6725029],[19.2945625,65.6724622],[19.295457,65.6723895],[19.2962707,65.6722921],[19.2965037,65.6722608],[19.2971442,65.6721726],[19.2979609,65.6720333],[19.2989331,65.6718485],[19.3002763,65.6716118],[19.3014789,65.6714208],[19.3026426,65.6712692],[19.3037794,65.6711238],[19.304967,65.6709821],[19.3064119,65.6708465],[19.3076594,65.6707343],[19.3089813,65.6706449],[19.3103608,65.6705585],[19.3120402,65.6704884],[19.3132926,65.6704733],[19.3145126,65.670463],[19.3146791,65.6704633],[19.3154681,65.6704696],[19.3175543,65.6704954],[19.3215448,65.6705476],[19.3378282,65.6707448],[19.3391325,65.6707657],[19.3392672,65.6707675],[19.3404997,65.670794],[19.3420792,65.6708396],[19.3434882,65.6708828],[19.3448284,65.670937],[19.34604,65.6709912],[19.3472037,65.6710529],[19.348514,65.6711293],[19.349923,65.6712143],[19.351323,65.6712981],[19.3530996,65.6714217],[19.3565476,65.6716858],[19.3585617,65.6718719],[19.360219,65.6720346],[19.3606831,65.6720797],[19.3624507,65.6722552],[19.3647871,65.6725017],[19.3714944,65.6731877],[19.3733939,65.6733916],[19.3749127,65.6735398],[19.376275,65.6736217],[19.3775738,65.6736269],[19.3786907,65.6735921],[19.379668,65.6735154],[19.3801859,65.6734592],[19.3806718,65.6733951],[19.3811542,65.6733233],[19.3816268,65.67324],[19.3817891,65.6732077],[19.3826379,65.6730256],[19.3836321,65.672759],[19.3846094,65.6724331],[19.3854302,65.672142],[19.3863889,65.6718417],[19.3874143,65.6715895],[19.388472,65.6713996],[19.389517,65.6712479],[19.3906339,65.6711381],[19.3917804,65.6710771],[19.3928719,65.6710754],[19.3939169,65.671105],[19.3950338,65.6711713],[19.3963241,65.6712776],[19.3974664,65.67141],[19.398651,65.6716017],[19.3999371,65.6718458],[19.4010117,65.6721072],[19.4015296,65.6722411],[19.4021413,65.6723982],[19.4033597,65.6728008],[19.4040549,65.6730758],[19.4044197,65.6732249],[19.4049427,65.673447],[19.405286,65.6736238],[19.4059108,65.6739528],[19.4068331,65.6744704],[19.40839,65.6754602],[19.4104461,65.6766957],[19.4147309,65.6792865],[19.425998,65.6861003],[19.4269024,65.686708],[19.4269556,65.6867433],[19.4277978,65.6873562],[19.4293963,65.6885464],[19.4303609,65.6892083],[19.4314161,65.6898949],[19.4325439,65.6905737],[19.4339427,65.6913535],[19.4369307,65.6930381],[19.4376667,65.6934639],[19.4379779,65.6936695],[19.4382852,65.6938796],[19.4385803,65.694128],[19.4386726,65.6942138],[19.4388002,65.6943384],[19.4389397,65.6945327],[19.4390982,65.6947832],[19.4392373,65.69508],[19.4393072,65.6954892],[19.4392964,65.6958061],[19.4391865,65.6961119],[19.439055,65.696411],[19.4388083,65.6967312],[19.4385417,65.697],[19.4368545,65.6987029],[19.4358122,65.6997623],[19.4354179,65.7002082],[19.4350183,65.7007038],[19.4346964,65.7011906],[19.4344094,65.7016762],[19.4341707,65.7021662],[19.4339454,65.7027258],[19.4339256,65.7027822],[19.4337442,65.703399],[19.4333741,65.7048436],[19.4328135,65.7070043],[19.4326982,65.7073398],[19.4325641,65.7076432],[19.4324361,65.7078583],[19.4321752,65.7081431],[19.4319284,65.7083858],[19.4317111,65.7085635],[19.4314188,65.7087676],[19.4310567,65.708975],[19.4307375,65.7091449],[19.4303834,65.7093038],[19.4299811,65.7094638],[19.4296727,65.7095797],[19.4292864,65.7097055],[19.4287044,65.7098743],[19.4279472,65.7100806],[19.4274625,65.7102262],[19.426623,65.7104734],[19.4261715,65.7106284],[19.4260383,65.7106753],[19.4256167,65.7108444],[19.4249198,65.7111828],[19.4233158,65.7119937],[19.4226855,65.7122993],[19.4220605,65.7125663],[19.4214034,65.7127991],[19.420757,65.7130021],[19.4200435,65.7131907],[19.4194132,65.7133297],[19.4188151,65.7134433],[19.4181606,65.7135492],[19.4171467,65.7136971],[19.4160712,65.7138747],[19.4153577,65.7140214],[19.4148105,65.7141483],[19.4142312,65.7143049],[19.4138047,65.714434],[19.413287,65.7146127],[19.4126487,65.7148565],[19.4119111,65.7151411],[19.410814,65.7155746],[19.4101694,65.7158222],[19.409481,65.7160765],[19.4093666,65.7161159],[19.4082278,65.7164861],[19.4046342,65.7176528],[19.4034407,65.7180499],[19.4024722,65.7183944],[19.4010556,65.7189806],[19.4002542,65.7193856],[19.3996936,65.7196944],[19.3946852,65.7226427],[19.3946001,65.722692],[19.393023,65.7236282],[19.3924892,65.7239756],[19.3918723,65.7244829],[19.3916255,65.7247442],[19.3912473,65.7252426],[19.3911266,65.725429],[19.3910301,65.7256572],[19.3908772,65.7261369],[19.3908343,65.726417],[19.3908343,65.7266706],[19.3908638,65.7270113],[19.3909255,65.7272803],[19.3910837,65.7276287],[19.3911776,65.7278327],[19.3913063,65.7280466],[19.3915531,65.7283741],[19.3921265,65.7290238],[19.3939245,65.7310088],[19.3952385,65.7325249],[19.3954638,65.7329802],[19.3955818,65.7334288],[19.3956756,65.7341001],[19.3957132,65.7346788],[19.3956757,65.7351539],[19.3952241,65.736051],[19.3947181,65.7371136],[19.3932636,65.7396337],[19.3931462,65.7398633],[19.3928312,65.7404322],[19.392453,65.7411247],[19.3920721,65.7417639],[19.3918173,65.7422025],[19.3916061,65.7425245],[19.3908128,65.7436532],[19.3903043,65.7442804],[19.3899723,65.7446602],[19.3895194,65.7451239],[19.386199,65.748358],[19.3860908,65.7484655],[19.3857965,65.7487365],[19.3853857,65.7490461],[19.384949,65.7493277],[19.3844097,65.7496017],[19.3837425,65.7499282],[19.3832541,65.7501554],[19.3816039,65.7509098],[19.3810367,65.7512123],[19.3805701,65.7515091],[19.3800715,65.7518942],[19.3796919,65.7523188],[19.3793671,65.7527527],[19.3790926,65.7532468],[19.3787724,65.7537127],[19.37837,65.7540971],[19.377843,65.7545289],[19.377564,65.754715],[19.3772382,65.7549061],[19.376923,65.7550697],[19.3765515,65.7552558],[19.3760137,65.7554838],[19.3755122,65.7556711],[19.3751125,65.7558054],[19.3748922,65.7558707],[19.3745399,65.7559734],[19.3740638,65.7560962],[19.3734817,65.7562366],[19.372838,65.7563616],[19.3721969,65.756474],[19.3716028,65.7565611],[19.3699828,65.7568143],[19.3694705,65.7569029],[19.3690695,65.7569795],[19.3686913,65.7570637],[19.3680087,65.7572311],[19.3672295,65.7574613],[19.3665791,65.7577119],[19.366103,65.7579057],[19.3657878,65.7580494],[19.3653116,65.7582934],[19.3648199,65.7585789],[19.3644132,65.7588803],[19.3642522,65.759013],[19.3640578,65.7591744],[19.363929,65.7593071],[19.3637963,65.7594535],[19.3636809,65.7595983],[19.3635643,65.759763],[19.3634462,65.7599546],[19.3633121,65.7601649],[19.363178,65.7605773],[19.3631096,65.7607601],[19.3627489,65.762229],[19.3627074,65.7623748],[19.3609303,65.7689692],[19.3603143,65.7712938],[19.3594028,65.7747528],[19.3590389,65.7756972],[19.3583178,65.7771877],[19.3580818,65.777662],[19.3578619,65.7780306],[19.3572722,65.7787889],[19.3564917,65.7795556],[19.3558748,65.7800147],[19.3554806,65.7803111],[19.348686,65.7847413],[19.3472108,65.7857073],[19.3452889,65.7869417],[19.3444572,65.7876483],[19.3444166,65.7876872],[19.3437944,65.7884111],[19.3433222,65.7891833],[19.3417444,65.7933694],[19.3416399,65.7937181],[19.3416111,65.7940194],[19.3416372,65.7943329],[19.3417042,65.7946595],[19.3418464,65.7949707],[19.3420417,65.7953194],[19.3422514,65.795581],[19.3425806,65.7959194],[19.3431681,65.796372],[19.343209,65.7964036],[19.3439117,65.7969798],[19.3441504,65.7971744],[19.3444106,65.7974307],[19.3446972,65.7977694],[19.3449202,65.798108],[19.345057,65.7984148],[19.3451321,65.7987403],[19.3451833,65.7990611],[19.3452126,65.7999959],[19.3451214,65.8008029],[19.3450611,65.8011111],[19.3449832,65.8015555],[19.3446949,65.802667],[19.3444495,65.8035844],[19.3440337,65.8051617],[19.3438849,65.8057308],[19.3437695,65.806143],[19.3437132,65.8063904],[19.3432251,65.8094141],[19.3431513,65.8098642],[19.3430735,65.8102736],[19.343036,65.8106083],[19.3430293,65.8108402],[19.3430319,65.8110083],[19.3430682,65.8113826],[19.3431178,65.811671],[19.3432049,65.8119815],[19.343264,65.8121859],[19.3435054,65.8127425],[19.3438862,65.8134574],[19.3442062,65.814055],[19.3446989,65.8149827],[19.3447633,65.8151365],[19.3448129,65.8152717],[19.3448693,65.8154706],[19.3449095,65.8156217],[19.3449336,65.815887],[19.344935,65.8161029],[19.3448921,65.8170737],[19.3448061,65.8186354],[19.3448042,65.818818],[19.3447982,65.8190882],[19.344766,65.8196623],[19.3447445,65.8200331],[19.344715,65.8204072],[19.3446653,65.8211301],[19.3445769,65.8215332],[19.344509,65.8218557],[19.3444039,65.822177],[19.3442497,65.8225977],[19.3441236,65.8228768],[19.3440771,65.8229632],[19.3439895,65.8231245],[19.3436261,65.8237638],[19.3431835,65.8245679],[19.3429611,65.8250646],[19.3426001,65.8259189],[19.3424767,65.8262677],[19.3423158,65.8268405],[19.3421173,65.8278262],[19.3420972,65.828019],[19.3420207,65.8288872],[19.3420529,65.8298965],[19.3420811,65.8301798],[19.3421639,65.8308222],[19.3422246,65.8310748],[19.3423976,65.8317634],[19.3424174,65.8318286],[19.3424687,65.832011],[19.3427034,65.8326754],[19.3427677,65.832876],[19.3431661,65.8337317],[19.3436019,65.8345366],[19.3441531,65.8354441],[19.3449229,65.8367699],[19.3450731,65.8370125],[19.345348,65.8373902],[19.3473275,65.8396474],[19.3480325,65.8404466],[19.3490307,65.8415783],[19.3497576,65.8423983],[19.3501417,65.8428222],[19.3502967,65.8430108],[19.3506588,65.8434027],[19.3510477,65.8437578],[19.3516807,65.8442846],[19.3520028,65.8445278],[19.3522534,65.8446962],[19.3527241,65.8449986],[19.3531264,65.8452352],[19.3538359,65.8456281],[19.3544997,65.8459475],[19.3552467,65.8462806],[19.3559528,65.8465861],[19.3564631,65.8467635],[19.3574083,65.8470944],[19.3580376,65.8472886],[19.3590488,65.8475718],[19.3595999,65.8477155],[19.359693,65.8477389],[19.3602799,65.8478867],[19.3609196,65.848025],[19.3622057,65.8482802],[19.3640886,65.8485957],[19.367715,65.8492075],[19.3692385,65.8494824],[19.3697682,65.8495927],[19.3706386,65.8498056],[19.3713386,65.850002],[19.3721473,65.8502571],[19.3726677,65.850436],[19.3730995,65.8506011],[19.3735032,65.8507712],[19.3739243,65.8509578],[19.3741764,65.8510768],[19.3750937,65.8515728],[19.3754129,65.8517764],[19.3761049,65.8522433],[19.3769821,65.8528076],[19.3770611,65.8528588],[19.3774635,65.8530799],[19.377898,65.8533021],[19.3782292,65.8534497],[19.3787751,65.8536653],[19.3792699,65.8538381],[19.3798211,65.8540005],[19.3804273,65.8541618],[19.3808229,65.85426],[19.3813446,65.8543647],[19.3820044,65.854481],[19.382565,65.8545672],[19.383371,65.8546807],[19.3842602,65.8548042],[19.3850783,65.8549232],[19.3865561,65.8551388],[19.3877175,65.8553056],[19.3887743,65.8554849],[19.3896863,65.8556649],[19.3907417,65.8558964],[19.3914995,65.856084],[19.3931571,65.8565574],[19.3944445,65.8569956],[19.3953862,65.8573693],[19.3958272,65.8575491],[19.3969551,65.8580866],[19.3982224,65.8588101],[19.3992041,65.8594776],[19.400045,65.8600763],[19.4001442,65.8601479],[19.4008631,65.8606316],[19.4011205,65.8607863],[19.4014397,65.8609673],[19.4018193,65.8611598],[19.4021559,65.861321],[19.4027205,65.861553],[19.4031295,65.8617],[19.4036351,65.8618623],[19.4041407,65.8620071],[19.4046195,65.8621256],[19.4050473,65.8622259],[19.4055234,65.8623208],[19.4061376,65.8624266],[19.4070107,65.8625495],[19.4077282,65.8626274],[19.4083786,65.8626767],[19.4090089,65.8627135],[19.4108529,65.862788],[19.41122,65.8628019],[19.4120707,65.8628374],[19.4130282,65.8628917],[19.4138865,65.862969],[19.4151694,65.8631139],[19.4166528,65.8634222],[19.4177972,65.86375],[19.4182974,65.863932],[19.4187574,65.8641075],[19.4190457,65.8642243],[19.4193234,65.8643521],[19.4201508,65.8647661],[19.4218621,65.8656572],[19.4228699,65.8661792],[19.4243485,65.8669468],[19.4250579,65.8673137],[19.4255769,65.8675642],[19.4261067,65.8677956],[19.4266753,65.8680467],[19.4272386,65.8682874],[19.4274662,65.8683824],[19.4279869,65.8686049],[19.4283114,65.8687606],[19.428703,65.868969],[19.4290625,65.8691932],[19.4293749,65.8694257],[19.4296177,65.86964],[19.4298202,65.8698533],[19.4299771,65.87006],[19.4300576,65.8701998],[19.4301541,65.8703747],[19.4302466,65.8706143],[19.4302842,65.8708456],[19.4302829,65.871066],[19.4302528,65.8713806],[19.4301648,65.8716472],[19.4300111,65.8719361],[19.4285944,65.8737444],[19.4277444,65.8749167],[19.4274974,65.8753496],[19.427275,65.8758167],[19.4271487,65.8761213],[19.4270583,65.8764583],[19.4270483,65.876844],[19.4270756,65.8770838],[19.4271165,65.8772658],[19.4272211,65.8775475],[19.427374,65.8779268],[19.4274652,65.8781603],[19.4275576,65.8784809],[19.4275966,65.8786316],[19.4276556,65.8788739],[19.4276905,65.8791238],[19.427716,65.8794918],[19.4277748,65.8797585],[19.4278039,65.8800447],[19.4277932,65.8803194],[19.427755,65.880549],[19.4277134,65.8807353],[19.42764,65.8809281],[19.4274596,65.8812779],[19.4272688,65.8816088],[19.4271603,65.8817566],[19.4269428,65.8820722],[19.4266009,65.882502],[19.4264144,65.8827042],[19.4262233,65.8829139],[19.4259739,65.8831484],[19.4258693,65.8832366],[19.4257304,65.883346],[19.4255823,65.8834536],[19.4253852,65.8835898],[19.4251743,65.8837272],[19.424659,65.8840942],[19.4239569,65.8845337],[19.4230744,65.885029],[19.4222398,65.8854414],[19.4219935,65.8855605],[19.4213323,65.8858733],[19.4208147,65.8861424],[19.4204418,65.8863478],[19.420069,65.8866037],[19.4197378,65.886882],[19.4195299,65.8870935],[19.4194132,65.8872453],[19.4192563,65.8874776],[19.4191785,65.8876348],[19.419098,65.8877948],[19.4190565,65.8879734],[19.4190256,65.8881328],[19.4190176,65.8883158],[19.4190229,65.8884922],[19.4190592,65.8886758],[19.4191168,65.8888429],[19.419208,65.8890434],[19.4193301,65.8892603],[19.4194977,65.8894806],[19.4196667,65.8896575],[19.4198853,65.8898734],[19.421618,65.8914176],[19.422023,65.8917765],[19.4224334,65.8921522],[19.4226506,65.8924311],[19.4228089,65.8926912],[19.4229269,65.8929684],[19.4229861,65.893225],[19.422994,65.8933853],[19.4229497,65.8936783],[19.4229338,65.8937283],[19.4228612,65.893933],[19.4228102,65.8940847],[19.4226734,65.8943509],[19.4211,65.8968944],[19.420647,65.8977204],[19.4193113,65.8999487],[19.4190565,65.9003627],[19.4183429,65.9015504],[19.4178157,65.9024264],[19.417069,65.9036646],[19.416566,65.9045127],[19.4163354,65.9048839],[19.4161758,65.9051587],[19.4160712,65.9053504],[19.4159853,65.9055299],[19.4159451,65.9056548],[19.4157949,65.9060435],[19.4157279,65.9063293],[19.4156823,65.9066282],[19.4156539,65.9070992],[19.4154999,65.9088109],[19.4153845,65.910232],[19.415347,65.9104805],[19.4152813,65.9107405],[19.4151928,65.9110207],[19.4151284,65.9112074],[19.415104,65.9112744],[19.4150452,65.9114055],[19.4148964,65.9117033],[19.4148052,65.9118659],[19.4146577,65.9121073],[19.4144726,65.9123782],[19.414375,65.9124972],[19.4085485,65.9198041],[19.4066083,65.9222472],[19.4011991,65.9282484],[19.400275,65.929275],[19.3997084,65.9298748],[19.3994267,65.9301516],[19.3984357,65.9310743],[19.3974218,65.9320167],[19.3942823,65.934877],[19.3929278,65.9359556],[19.3922529,65.9364215],[19.3919957,65.936599],[19.3913908,65.93699],[19.3901557,65.9377233],[19.3851587,65.9405392],[19.3795063,65.943708],[19.3786383,65.9441977],[19.3737566,65.946943],[19.3714687,65.9482198],[19.3672245,65.9506079],[19.366608,65.9509567],[19.3658924,65.9513734],[19.3653962,65.9516784],[19.3649241,65.9520052],[19.364562,65.9522697],[19.3642253,65.9525451],[19.3637708,65.9529528],[19.3635508,65.9531757],[19.3632853,65.9534654],[19.3630815,65.9537157],[19.3626657,65.9543255],[19.3622661,65.9551408],[19.3604132,65.9594316],[19.3576151,65.9659131],[19.3566076,65.9682646],[19.3565516,65.9683988],[19.356498,65.9685069],[19.3557805,65.9701787],[19.3555015,65.9708482],[19.3549195,65.9721217],[19.3540102,65.9735294],[19.3522819,65.9757642],[19.3513686,65.9769576],[19.3504053,65.9781954],[19.3501103,65.9786759],[19.3498528,65.9791301],[19.3497133,65.9795144],[19.3496489,65.9798834],[19.3495792,65.9803049],[19.3495953,65.9806979],[19.3497133,65.9811608],[19.3498474,65.9815866],[19.3500996,65.9820735],[19.3503302,65.9824207],[19.3506306,65.9827875],[19.3509203,65.9830844],[19.3512422,65.9834119],[19.3521488,65.9840691],[19.3526477,65.9843857],[19.3536562,65.9849642],[19.3614252,65.9881149],[19.3619911,65.9882945],[19.3625168,65.9884555],[19.3632692,65.9886803],[19.3644346,65.9890279],[19.3654177,65.9893182],[19.36663,65.9896817],[19.3680073,65.9900948],[19.3693471,65.9905068],[19.3701075,65.9907676],[19.3707754,65.9910104],[19.3710659,65.9911196],[19.3714567,65.9912789],[19.3724611,65.9917056],[19.3734026,65.9921361],[19.3753284,65.9930102],[19.3762618,65.9934216],[19.3767741,65.9936426],[19.3773361,65.9938805],[19.3779168,65.9940993],[19.3785056,65.9943],[19.3796763,65.9946448],[19.3801135,65.9947622],[19.3804622,65.9948505],[19.3809061,65.9949515],[19.3818878,65.995161],[19.3823424,65.9952472],[19.3828359,65.9953339],[19.3837023,65.9954665],[19.3843473,65.9955538],[19.384916,65.9956209],[19.3856013,65.9956929],[19.3864623,65.9957589],[19.3871918,65.9958069],[19.3880407,65.9958451],[19.3888481,65.9958659],[19.3898807,65.9958735],[19.3911682,65.9958757],[19.3925308,65.9958735],[19.3938102,65.9958784],[19.3951969,65.9958828],[19.3960646,65.9958986],[19.3968129,65.9959242],[19.3974057,65.9959531],[19.3981527,65.9960022],[19.3989466,65.996059],[19.399593,65.996119],[19.4003762,65.9962014],[19.4012305,65.996299],[19.4021545,65.9964185],[19.4033709,65.9965767],[19.408793,65.9972674],[19.4103019,65.9974527],[19.4114779,65.9975941],[19.4127707,65.99776],[19.4142339,65.9979394],[19.4149827,65.9980294],[19.4164494,65.998228],[19.4172272,65.9983448],[19.4179702,65.9984779],[19.4188017,65.9986634],[19.4194803,65.9988488],[19.4202527,65.9990878],[19.4208643,65.999318],[19.4216153,65.9996572],[19.4221786,65.9999638],[19.4227365,66.0003227],[19.4230476,66.0005726],[19.4234419,66.0009478],[19.4249332,66.0026212],[19.4253395,66.0030841],[19.4261139,66.0039639],[19.4286083,66.0067778],[19.4301168,66.0084847],[19.4313722,66.0098361],[19.4321644,66.0107805],[19.432818,66.011515],[19.4338381,66.0126539],[19.4377327,66.0170392],[19.4392616,66.0187818],[19.4393085,66.0188292],[19.4401252,66.0197428],[19.440305,66.0199305],[19.4405356,66.0201679],[19.4408266,66.0204339],[19.441068,66.0206159],[19.4413631,66.020816],[19.4417694,66.0210585],[19.4421543,66.0212542],[19.4425835,66.0214596],[19.4430676,66.0216629],[19.4434498,66.0218041],[19.4438924,66.0219567],[19.4444664,66.0221245],[19.4450524,66.0222771],[19.4457498,66.0224281],[19.4465102,66.0225704],[19.4472948,66.0227012],[19.4512135,66.0233437],[19.4553682,66.0240189],[19.4563137,66.0241753],[19.4569843,66.0242854],[19.4578426,66.0244271],[19.4583553,66.024517],[19.4586579,66.0245715],[19.4594318,66.0247339],[19.45994,66.0248603],[19.4604698,66.0250047],[19.4610706,66.0252004],[19.4615038,66.0253568],[19.4619852,66.0255529],[19.462523,66.0258096],[19.4631533,66.0261562],[19.4635181,66.026397],[19.4638333,66.0266362],[19.4642155,66.0269283],[19.4646795,66.0273037],[19.4651556,66.0276824],[19.4661158,66.0284469],[19.4669339,66.0290964],[19.4678821,66.0298608],[19.4697596,66.0313356],[19.470366,66.0318168],[19.4721065,66.0331988],[19.4740605,66.0347448],[19.4755577,66.0359157],[19.4762412,66.0364367],[19.4771746,66.0370189],[19.4774696,66.037202],[19.4814157,66.0395499],[19.4829762,66.0404785],[19.4844004,66.0413319],[19.4846794,66.0414915],[19.4849905,66.0416712],[19.4853607,66.0418515],[19.4857174,66.042017],[19.4861184,66.0421809],[19.4865234,66.0423367],[19.4870143,66.0424919],[19.4875856,66.042664],[19.4882239,66.0428241],[19.4888556,66.0429591],[19.4894846,66.0430784],[19.4902111,66.0431889],[19.4913152,66.0433283],[19.4920306,66.0434083],[19.4928119,66.0434694],[19.4935186,66.0435064],[19.4942254,66.0435233],[19.4951387,66.0435195],[19.4960091,66.0434846],[19.4967359,66.0434432],[19.4976465,66.0433866],[19.4983171,66.0433485],[19.4989514,66.0433218],[19.4992602,66.0433152],[19.4995697,66.0433109],[19.5004065,66.0433207],[19.5010167,66.0433376],[19.5015907,66.0433724],[19.5022023,66.0434215],[19.5028742,66.0434912],[19.5036037,66.0435881],[19.5045063,66.0437171],[19.5060083,66.0439389],[19.5065153,66.0439954],[19.5071791,66.0440558],[19.5077531,66.0440972],[19.5084545,66.0441261],[19.5090969,66.0441419],[19.5096347,66.0441402],[19.5104004,66.0441223],[19.5122109,66.044064],[19.514928,66.0439736],[19.5174117,66.0438881],[19.5200054,66.0438043],[19.5210328,66.0437838],[19.5212728,66.0437803],[19.5219567,66.0437907],[19.5227332,66.0438146],[19.523495,66.043856],[19.5243359,66.0439317],[19.5251539,66.0440183],[19.5274177,66.044285],[19.528563,66.0444071],[19.5323275,66.0448497],[19.5356782,66.0452352],[19.5374129,66.0454291],[19.5404237,66.0457713],[19.5421916,66.0459722],[19.5423065,66.0459849],[19.5437759,66.046136],[19.545064,66.0462263],[19.5458981,66.0462578],[19.5468155,66.0462698],[19.5479795,66.0462611],[19.5487681,66.0462328],[19.550136,66.0462197],[19.5511955,66.046223],[19.5517373,66.0462382],[19.5523806,66.0462583],[19.55455,66.0463889],[19.5566917,66.0466083],[19.5612889,66.0472306],[19.5634194,66.0474389],[19.5637995,66.0474671],[19.5656833,66.0476028],[19.5684194,66.0477222],[19.5710083,66.0477389],[19.5857879,66.0475332],[19.5896223,66.0474809],[19.591116,66.047503],[19.5919097,66.0475337],[19.5926194,66.0475711],[19.6073003,66.04866],[19.6075712,66.0486737],[19.6081965,66.0487018],[19.6090889,66.0487192],[19.609876,66.0487127],[19.6107472,66.0486826],[19.6293989,66.0475785],[19.6327114,66.0473839],[19.6330927,66.0473592],[19.6407497,66.0469128],[19.6414779,66.0468809],[19.6435663,66.0468563],[19.6482194,66.046852],[19.6493055,66.0468312],[19.6503361,66.0467944],[19.6513111,66.0467365],[19.6580147,66.0463703],[19.660325,66.0462298],[19.6616498,66.0461254],[19.6629219,66.0459987],[19.664386,66.0458309],[19.6657663,66.0456476],[19.6714158,66.0448757],[19.6727135,66.0446942],[19.6731806,66.0446266],[19.6749629,66.0443407],[19.6930319,66.0412135],[19.7056659,66.0390308],[19.7104865,66.0381763],[19.71324,66.0376092],[19.7332548,66.0335257],[19.7382406,66.0325118],[19.7390743,66.0323797],[19.7399165,66.0322492],[19.7416329,66.0320469],[19.7538395,66.030903],[19.7549093,66.0308028],[19.7554304,66.0307629],[19.7608583,66.0305083],[19.7620537,66.0304375],[19.763205,66.0303298],[19.7667826,66.0298579],[19.7678646,66.0297476],[19.7689776,66.0296751],[19.7700363,66.0296439],[19.7711274,66.0296473],[19.7727861,66.0296944],[19.7755184,66.0298873],[19.779811,66.0301946],[19.7868509,66.0306806],[19.7878382,66.0308014],[19.78895,66.0309861],[19.7897458,66.0311493],[19.7906472,66.0313806],[19.7914517,66.0316505],[19.7921583,66.0319306],[19.7930074,66.0323304],[19.7935861,66.0326722],[19.7940427,66.0330245],[19.7944562,66.0334363],[19.7948527,66.0339734],[19.7950694,66.0345028],[19.7951531,66.0349758],[19.7951222,66.0353861],[19.7950029,66.035795],[19.794825,66.0361528],[19.7945416,66.0364661],[19.794125,66.0368722],[19.7883049,66.0417738],[19.7851225,66.0444574],[19.7814668,66.0475092],[19.7793075,66.0492856],[19.7787076,66.0498507],[19.7768895,66.0515796],[19.7717957,66.0565255],[19.7713811,66.0571768],[19.7712639,66.0577868],[19.7712815,66.0579926],[19.7713378,66.0582211],[19.771345,66.0582443],[19.7714907,66.0585886],[19.771681,66.0588607],[19.7719896,66.0592025],[19.7723495,66.0594906],[19.7727406,66.0597641],[19.7731161,66.0599628],[19.7738135,66.0602821],[19.7743843,66.060502],[19.7749293,66.0606761],[19.7754293,66.0608069],[19.7760773,66.0609569],[19.7767344,66.061077],[19.77781,66.0612203],[19.7786736,66.0612856],[19.7796982,66.0613248],[19.7806531,66.0613313],[19.7816563,66.0612747],[19.7827334,66.0611772],[19.7859962,66.0607285],[19.7877159,66.0605544],[19.7887105,66.0604933],[19.7892208,66.0604703],[19.7894499,66.0604618],[19.7903573,66.0604432],[19.7914833,66.060455],[19.7926533,66.0605085],[19.7939142,66.0605916],[19.7957969,66.0608394],[19.7997105,66.061432],[19.8017059,66.0617585],[19.8035083,66.0620111],[19.8043907,66.0621062],[19.805125,66.0621611],[19.8061609,66.0622237],[19.8070806,66.0622528],[19.8081458,66.0622716],[19.8106107,66.0622691],[19.8222249,66.0622818],[19.8225486,66.062281],[19.8237917,66.0622652],[19.8244187,66.0622466],[19.8251295,66.062215],[19.8257759,66.0621726],[19.8264438,66.0620975],[19.8323179,66.061294],[19.8351073,66.0609156],[19.8387659,66.0604215],[19.8429823,66.059825],[19.847247,66.0592395],[19.8504174,66.0588084],[19.8532118,66.0584187],[19.8542637,66.0582729],[19.856184,66.0579622],[19.8574394,66.0577597],[19.8634797,66.0567588],[19.8656872,66.0563876],[19.8675299,66.0560785],[19.8686832,66.0558858],[19.8695549,66.0557661],[19.8704106,66.0556844],[19.8712286,66.0556278],[19.8719045,66.0556039],[19.8726529,66.0555995],[19.8739924,66.0556164],[19.8746055,66.0556289],[19.877167,66.0556768],[19.8780441,66.0556877],[19.8792458,66.0556692],[19.8799378,66.0556311],[19.8805922,66.0555799],[19.8811635,66.0555233],[19.8817912,66.0554395],[19.8824054,66.055347],[19.883135,66.055212],[19.8849589,66.054843],[19.8863885,66.054561],[19.8878986,66.0542943],[19.8893523,66.0540711],[19.8919514,66.0536977],[19.8941079,66.0533994],[19.8949372,66.0532803],[19.8971871,66.0529629],[19.9013498,66.0523728],[19.902935,66.0521529],[19.9047106,66.0519732],[19.9071077,66.0517749],[19.9138784,66.0512067],[19.914836,66.0511349],[19.9153563,66.0511055],[19.9159035,66.0510805],[19.9162716,66.0510731],[19.916904,66.0510685],[19.9177676,66.0510859],[19.9183953,66.0511175],[19.9191812,66.0511763],[19.9199349,66.0512579],[19.9206161,66.0513505],[19.9214718,66.0514985],[19.92244,66.0516978],[19.923014,66.0518578],[19.9236417,66.0520396],[19.9241942,66.05224],[19.9246502,66.0524261],[19.9252778,66.0526787],[19.9256828,66.0529258],[19.9260476,66.053136],[19.9263883,66.0533646],[19.9267638,66.0536738],[19.9271366,66.0540396],[19.9273646,66.0543531],[19.9275255,66.0546263],[19.9276462,66.0549442],[19.927716,66.0551576],[19.9277642,66.0554177],[19.9278527,66.055876],[19.9278876,66.0565466],[19.9278957,66.0569711],[19.9278756,66.057299],[19.9278742,66.0573597],[19.9277669,66.0577733],[19.9276328,66.0581706],[19.9274451,66.0586201],[19.9271688,66.0591437],[19.926973,66.0594746],[19.9267638,66.059886],[19.9266484,66.0601885],[19.9265224,66.0604987],[19.9264446,66.0608394],[19.9263963,66.0612497],[19.9263963,66.0617133],[19.9263373,66.0625012],[19.9262997,66.0630465],[19.9262434,66.0634154],[19.9261549,66.0636504],[19.9260047,66.0639192],[19.9258277,66.0641586],[19.9255219,66.0645069],[19.9251142,66.064978],[19.9247414,66.0653948],[19.9242103,66.0659334],[19.9240958,66.0660554],[19.9237919,66.06641],[19.9234834,66.0668018],[19.9232608,66.0671423],[19.9231294,66.0674056],[19.9229202,66.0679236],[19.9226198,66.0686036],[19.9222979,66.0693358],[19.9220565,66.0699255],[19.92185,66.0704227],[19.921622,66.0708894],[19.9213484,66.0713213],[19.9211311,66.071639],[19.9207985,66.0719969],[19.9195111,66.0732283],[19.9190605,66.0736678],[19.918701,66.0739898],[19.9182773,66.0743194],[19.9178413,66.0745944],[19.9178186,66.0746087],[19.9174646,66.074811],[19.9169737,66.0750547],[19.9164346,66.0753147],[19.9158928,66.0755387],[19.9153912,66.0757226],[19.9150023,66.075864],[19.9134976,66.0762947],[19.9116442,66.0768048],[19.9095708,66.0773682],[19.908624,66.0776347],[19.9078891,66.0778925],[19.9070951,66.0781752],[19.9065721,66.0783928],[19.9060839,66.0786288],[19.905628,66.0788648],[19.9051857,66.0791266],[19.9044156,66.0796631],[19.9028277,66.0806766],[19.9025407,66.0808715],[19.9014652,66.0816053],[19.8988527,66.0833169],[19.8981553,66.0837976],[19.8976189,66.0842629],[19.8972219,66.084811],[19.8969269,66.0854525],[19.8967177,66.085907],[19.8964387,66.0865158],[19.8963422,66.0869072],[19.8962831,66.0874378],[19.8963904,66.0879031],[19.8965782,66.0883445],[19.896841,66.088812],[19.8970818,66.0891997],[19.8974365,66.0897882],[19.8982814,66.0911101],[19.8993409,66.0926733],[19.8995233,66.0931168],[19.8996305,66.0935516],[19.8996574,66.0938863],[19.8996144,66.0943059],[19.8993677,66.0948276],[19.8990995,66.0952189],[19.8986167,66.095658],[19.8982197,66.0959927],[19.8975438,66.0963949],[19.897002,66.0966731],[19.8963797,66.0969383],[19.8957038,66.0971969],[19.8949893,66.0974295],[19.8943949,66.0976229],[19.8931235,66.0980272],[19.8918253,66.0984771],[19.8906881,66.0989531],[19.8896956,66.0994161],[19.8889071,66.0998312],[19.8880434,66.1003941],[19.8873138,66.1009157],[19.8866218,66.1015242],[19.8861015,66.1020501],[19.8855919,66.1027672],[19.8852163,66.1034539],[19.8846853,66.1045947],[19.8845037,66.1049805],[19.883939,66.1061174],[19.882459,66.1093335],[19.8822981,66.1097137],[19.8821768,66.1101545],[19.8821399,66.1104752],[19.8821479,66.1109096],[19.8822498,66.1112692],[19.8824537,66.1116005],[19.882738,66.1119676],[19.883074,66.1123139],[19.8834541,66.1125965],[19.8837814,66.1128104],[19.884401,66.1131308],[19.8852539,66.1134621],[19.8852993,66.1134766],[19.8859754,66.1136902],[19.886477,66.1138227],[19.8869491,66.1139215],[19.8874319,66.1140214],[19.8882177,66.1141398],[19.8890734,66.1142365],[19.8899424,66.1143006],[19.890798,66.1143223],[19.8914364,66.1143114],[19.8922813,66.114281],[19.8930538,66.1142235],[19.8938423,66.1141333],[19.8946148,66.1140062],[19.8951727,66.1138987],[19.8958513,66.1137347],[19.8964548,66.1135675],[19.8985657,66.1129429],[19.8995313,66.1126931],[19.9003118,66.1125194],[19.9012291,66.112351],[19.901956,66.1122435],[19.9029002,66.1121425],[19.9038684,66.1120491],[19.9048126,66.1119958],[19.9055425,66.1119716],[19.9059445,66.1119622],[19.9070039,66.1119709],[19.9079347,66.1120078],[19.9086186,66.1120523],[19.9095225,66.1121349],[19.9102923,66.1122218],[19.9111345,66.1123499],[19.9119794,66.1124998],[19.9136505,66.11288],[19.9172044,66.1137292],[19.9197471,66.1143386],[19.9209488,66.114634],[19.9219841,66.1149218],[19.9229363,66.1152172],[19.9243739,66.1157309],[19.9248864,66.11593],[19.9250901,66.1160089],[19.9264565,66.1165182],[19.9271956,66.1167935],[19.9279694,66.117097],[19.9289136,66.1174537],[19.9309199,66.1182155],[19.931801,66.1185467],[19.9322489,66.1187183],[19.9326593,66.1188611],[19.9331515,66.1190212],[19.9334724,66.1191183],[19.9338529,66.119233],[19.934459,66.1194013],[19.9349298,66.1195191],[19.9355265,66.1196581],[19.936059,66.1197716],[19.9365538,66.1198666],[19.9372284,66.119992],[19.9383121,66.1201701],[19.9405249,66.1205267],[19.945839,66.1213888],[19.9543182,66.1229111],[19.9608386,66.1244516],[19.9616446,66.1246443],[19.9625592,66.124875],[19.9626359,66.1248958],[19.9632781,66.1250845],[19.9637112,66.1252289],[19.9642061,66.1254178],[19.9645669,66.1255746],[19.9649853,66.1257739],[19.9653634,66.1259749],[19.9657054,66.1261874],[19.9663465,66.1266108],[19.9668843,66.1269728],[19.9678767,66.1276209],[19.9683997,66.1279666],[19.9700654,66.12907],[19.9705794,66.1294096],[19.9715441,66.1300471],[19.971853,66.1302498],[19.9723318,66.1305695],[19.9728709,66.1309222],[19.9732411,66.131168],[19.9736113,66.1314046],[19.9741034,66.1316808],[19.9744977,66.131874],[19.9749349,66.1320651],[19.9752686,66.1321911],[19.975415,66.1322452],[19.9758656,66.1323998],[19.9764476,66.132587],[19.9769197,66.1327384],[19.9773288,66.132867],[19.9786162,66.133267],[19.9797428,66.1336143],[19.9820387,66.1343283],[19.9847183,66.135165],[19.9857563,66.1354916],[19.9863946,66.1357141],[19.9869096,66.1359224],[19.9873012,66.1360939],[19.9876124,66.1362491],[19.9881086,66.1365236],[19.9884412,66.1367526],[19.9888059,66.1370206],[19.9890929,66.1372853],[19.9894792,66.1377161],[19.9901199,66.1385343],[19.9911721,66.1398879],[19.9918208,66.1406754],[19.9921507,66.1410329],[19.9927233,66.1416014],[19.9941395,66.1429952],[19.9946108,66.1434593],[19.9950139,66.1438872],[19.9953157,66.1442446],[19.9955209,66.1445473],[19.9956992,66.1448792],[19.9958736,66.1453663],[19.9959514,66.1457757],[19.9959607,66.1460041],[19.9959473,66.1462953],[19.9959098,66.1464954],[19.995836,66.146746],[19.995773,66.1469385],[19.9957156,66.1470974],[19.995663,66.1472151],[19.995545,66.1474369],[19.9954668,66.1475649],[19.9953559,66.1477466],[19.9950326,66.1481977],[19.9946049,66.1486162],[19.994206,66.1489579],[19.9934273,66.1494971],[19.9903883,66.1516228],[19.9900381,66.1518677],[19.9879733,66.1533076],[19.9874319,66.1536856],[19.9872963,66.1537779],[19.9872547,66.1538103],[19.9865169,66.1543315],[19.9854789,66.1550489],[19.9851596,66.1552731],[19.984502,66.1557307],[19.9827996,66.1569313],[19.9820822,66.1573406],[19.9815455,66.1575816],[19.9808961,66.1578045],[19.9802275,66.1580131],[19.979418,66.1582076],[19.9785278,66.158394],[19.9774116,66.158524],[19.9772089,66.1585451],[19.9764166,66.1586037],[19.9754862,66.1586279],[19.9743471,66.158623],[19.9684966,66.1581072],[19.9675696,66.158088],[19.9673933,66.1580879],[19.9668413,66.1580973],[19.9663914,66.1581144],[19.9658704,66.1581515],[19.9653895,66.1581939],[19.9648887,66.1582404],[19.964322,66.1583072],[19.9638373,66.1583857],[19.9634214,66.1584663],[19.9629307,66.15857],[19.962497,66.1586737],[19.9620455,66.1587868],[19.9615786,66.1589219],[19.9611604,66.1590687],[19.9607198,66.1592498],[19.9595569,66.159797],[19.9564795,66.1614361],[19.955907,66.1618579],[19.9554597,66.1623062],[19.9551615,66.1627714],[19.954917,66.1633233],[19.9547143,66.1637764],[19.9543982,66.1641668],[19.9542162,66.164355],[19.9539867,66.1645934],[19.9536646,66.1648898],[19.9530384,66.1652851],[19.9524659,66.1656369],[19.9515117,66.1661936],[19.9511121,66.166519],[19.9507602,66.1668057],[19.9504024,66.1672058],[19.9501758,66.1675696],[19.9500088,66.1679311],[19.9498657,66.1683142],[19.9498836,66.1694998],[19.9498955,66.1699311],[19.9497762,66.1703503],[19.9495436,66.1707383],[19.9482312,66.1728089],[19.9481884,66.1728796],[19.9479255,66.1733576],[19.9478071,66.1738019],[19.9477589,66.1742445],[19.9476796,66.1767547],[19.9476635,66.1770445],[19.9476394,66.1773267],[19.9475652,66.1775764],[19.9474329,66.177916],[19.9473631,66.178084],[19.9467744,66.1794208],[19.9457795,66.181669],[19.9454467,66.1824196],[19.9450658,66.1832693],[19.9448284,66.1838342],[19.9447118,66.1841564],[19.9446474,66.1844326],[19.9445978,66.1846838],[19.9445616,66.1848544],[19.9445401,66.1851019],[19.9445468,66.1854095],[19.9445884,66.1857485],[19.9446367,66.1860057],[19.9450511,66.1877909],[19.9454041,66.1892954],[19.9454327,66.1895558],[19.9454169,66.1898376],[19.94536,66.1900902],[19.9452415,66.1903459],[19.9450967,66.1906139],[19.9450872,66.1906289],[19.9449532,66.1908034],[19.9447574,66.1910378],[19.9444798,66.1913069],[19.9439929,66.1916918],[19.9435075,66.191988],[19.9428889,66.1923015],[19.942279,66.1925618],[19.9416232,66.192794],[19.9410868,66.1929608],[19.9405436,66.1931004],[19.9399696,66.1932331],[19.9393152,66.1933679],[19.9376911,66.193684],[19.9368261,66.1938783],[19.9363706,66.1939915],[19.9359047,66.1941171],[19.9353898,66.1942692],[19.9348439,66.19445],[19.9343759,66.1946205],[19.9338134,66.1948546],[19.9331565,66.1951614],[19.9326324,66.195446],[19.9322113,66.1957096],[19.9318734,66.1959364],[19.9314563,66.1962222],[19.9304203,66.1969911],[19.9304076,66.1970011],[19.929969,66.1973426],[19.9288572,66.1982833],[19.9277723,66.1992889],[19.9272761,66.1997787],[19.926796,66.2003031],[19.9264044,66.2007409],[19.9261683,66.2010283],[19.9258853,66.2013768],[19.9242678,66.2035287],[19.9228684,66.2053713],[19.9227605,66.2055193],[19.9224965,66.2060131],[19.9223676,66.2064912],[19.9223097,66.2069746],[19.9223741,66.2074163],[19.9226704,66.2088273],[19.9226188,66.209295],[19.9224578,66.2098614],[19.9218588,66.2122049],[19.9216398,66.2126752],[19.9212598,66.2131506],[19.9208218,66.2135585],[19.9200683,66.2141396],[19.9185803,66.2153094],[19.9180263,66.2158782],[19.9174789,66.2164861],[19.9170602,66.2170705],[19.9167188,66.2176939],[19.9164547,66.2183017],[19.9162808,66.2188472],[19.9161906,66.2193692],[19.9161327,66.2199017],[19.9164816,66.2227859],[19.9165642,66.2234674],[19.9166995,66.2241036],[19.9170022,66.2245944],[19.91735,66.2250852],[19.9176528,66.2256357],[19.9178396,66.2261342],[19.9178846,66.2265912],[19.9178009,66.2271858],[19.9176012,66.2276454],[19.9170409,66.2292889],[19.9162744,66.2311971],[19.9160547,66.2316197],[19.9159845,66.2317578],[19.9155787,66.2324795],[19.9152502,66.233035],[19.9141681,66.2346755],[19.9137497,66.2351955],[19.9135163,66.2354549],[19.913224,66.2357229],[19.9128941,66.2359845],[19.9125239,66.2362407],[19.9120626,66.2365119],[19.9115851,66.2367659],[19.9111211,66.236981],[19.910582,66.2372123],[19.9097264,66.2375365],[19.9084792,66.2380315],[19.9079722,66.2382607],[19.9075538,66.2384703],[19.9071032,66.23872],[19.9061812,66.2392513],[19.9060063,66.2393583],[19.9058399,66.239457],[19.9052659,66.2397607],[19.9047053,66.240059],[19.9041957,66.2403259],[19.9037504,66.2405399],[19.9025542,66.241105],[19.9010476,66.241766],[19.8913157,66.2460364],[19.8763257,66.2526129],[19.8746672,66.2533435],[19.8741737,66.2535649],[19.8734798,66.253892],[19.8731451,66.2540752],[19.8727736,66.2542815],[19.8725,66.2544479],[19.8722412,66.2546174],[19.871875,66.2548739],[19.8715813,66.2550878],[19.8687585,66.2571391],[19.8681659,66.2575515],[19.8675017,66.2579632],[19.8671973,66.2581581],[19.8667167,66.2584513],[19.8659373,66.2588844],[19.8651963,66.2592974],[19.8642495,66.2597941],[19.8639093,66.2599639],[19.8636541,66.2600922],[19.8627931,66.2604992],[19.8617953,66.2609506],[19.8610014,66.2612972],[19.8575655,66.2627667],[19.8569164,66.2630863],[19.8564416,66.2633746],[19.8559052,66.263759],[19.8554599,66.2641336],[19.8542717,66.265129],[19.8530258,66.266296],[19.8524237,66.2669281],[19.8521166,66.2672762],[19.8520233,66.2673884],[19.8519489,66.2674921],[19.8518309,66.2676789],[19.8517585,66.267823],[19.8516887,66.2679704],[19.8516271,66.2681236],[19.8515868,66.2682726],[19.8515519,66.268448],[19.8515426,66.2686202],[19.8515452,66.2687276],[19.85156,66.2689154],[19.8515935,66.2690984],[19.851619,66.2692252],[19.8516794,66.269392],[19.8517384,66.269541],[19.8518121,66.2696867],[19.8519087,66.2698669],[19.8520495,66.2700434],[19.8521769,66.2702032],[19.8523392,66.2703807],[19.8524894,66.2705345],[19.8527053,66.2707024],[19.8529038,66.2708503],[19.8531076,66.2709776],[19.8533571,66.2711487],[19.8535985,66.2712922],[19.8539123,66.2714617],[19.8542637,66.2716446],[19.855244,66.2721741],[19.8562887,66.2727256],[19.857367,66.2733008],[19.8587564,66.2740369],[19.8591064,66.2742263],[19.8594175,66.2744162],[19.8596428,66.27457],[19.8599111,66.2747777],[19.8601256,66.274959],[19.8603268,66.2751393],[19.8604466,66.2752735],[19.8604904,66.2753233],[19.8606192,66.2754824],[19.8607466,66.2756653],[19.8608606,66.2758623],[19.8609652,66.2760943],[19.8610443,66.2763074],[19.8611261,66.276581],[19.8612709,66.2771718],[19.8614976,66.278382],[19.8616034,66.2799597],[19.861578,66.2807687],[19.8615083,66.2814074],[19.8614117,66.2820644],[19.8613447,66.282455],[19.8612937,66.282701],[19.8612186,66.2829858],[19.8611543,66.2833483],[19.8610362,66.2837571],[19.8609196,66.2841282],[19.8609011,66.2841839],[19.8608109,66.2844184],[19.8606956,66.2847809],[19.8605427,66.2851488],[19.8604542,66.285357],[19.8602691,66.2857113],[19.8600921,66.2861212],[19.8597568,66.2867668],[19.8592311,66.2876093],[19.8590004,66.2879339],[19.8586625,66.28836],[19.8583353,66.2887504],[19.8578149,66.2893232],[19.8574743,66.2896672],[19.8569673,66.2901439],[19.856278,66.2907328],[19.8555216,66.2913227],[19.8548725,66.2917843],[19.8542288,66.2922179],[19.8536898,66.2925623],[19.8535609,66.292646],[19.8528501,66.2930644],[19.8521554,66.2934462],[19.8512274,66.2939519],[19.8504335,66.294379],[19.8470083,66.2962067],[19.8447284,66.2974305],[19.8430091,66.2983588],[19.8404163,66.2997396],[19.8395383,66.3002078],[19.8376313,66.301232],[19.836325,66.301922],[19.835507,66.3023704],[19.8350188,66.3026582],[19.8344904,66.3029946],[19.8339111,66.303388],[19.833447,66.30372],[19.8329669,66.3040984],[19.832519,66.3044778],[19.8321864,66.3047689],[19.8317867,66.305158],[19.8312932,66.3056797],[19.8307353,66.3062693],[19.8295849,66.3074763],[19.829531,66.3075346],[19.8287746,66.3082837],[19.8282999,66.3087245],[19.8277125,66.3092428],[19.8269775,66.3098464],[19.8263741,66.3103141],[19.8253664,66.311033],[19.8244799,66.3116345],[19.8234753,66.3122623],[19.8223524,66.3129297],[19.8212188,66.3135673],[19.8201265,66.3141379],[19.8187213,66.3148132],[19.8181149,66.3150947],[19.8172767,66.3154858],[19.8160028,66.3160291],[19.8140296,66.3167991],[19.8124108,66.3173979],[19.8117781,66.3176107],[19.8107328,66.3179549],[19.8094169,66.3183871],[19.8058479,66.3194954],[19.8036055,66.3202132],[19.8025453,66.3205509],[19.8017541,66.3208267],[19.8013548,66.3209657],[19.8012686,66.3209947],[19.8007858,66.3211837],[19.8002695,66.3213938],[19.799619,66.3216663],[19.7991101,66.3218888],[19.7983208,66.3222668],[19.7977562,66.3225453],[19.7973002,66.3227812],[19.7969797,66.3229654],[19.7964782,66.3232508],[19.7960249,66.3235309],[19.7956547,66.3237797],[19.795243,66.3240629],[19.7948728,66.3243327],[19.7945248,66.3245966],[19.7937302,66.325301],[19.7930358,66.3260249],[19.7924936,66.3266538],[19.7919782,66.3274494],[19.7912224,66.3287171],[19.7912045,66.3287446],[19.7906832,66.3294601],[19.7904968,66.3296615],[19.7903936,66.3297751],[19.7898361,66.3303734],[19.7892136,66.3309297],[19.7884572,66.3315558],[19.7876807,66.3321174],[19.786864,66.3326334],[19.7859938,66.3331439],[19.7851571,66.3335927],[19.7840392,66.3341327],[19.782995,66.3345895],[19.7816093,66.3351215],[19.7802237,66.3356132],[19.7788939,66.3360197],[19.7630957,66.3408758],[19.7614284,66.3413737],[19.7612151,66.3414295],[19.760967,66.3414937],[19.7604775,66.3416083],[19.7599773,66.3417159],[19.7593926,66.3418209],[19.758891,66.3418984],[19.7583197,66.3419786],[19.7576237,66.3420711],[19.7571757,66.3421335],[19.7565924,66.3422159],[19.7559701,66.3423192],[19.7555396,66.3423983],[19.7551064,66.342493],[19.754625,66.3426093],[19.7541904,66.3427266],[19.7538082,66.3428385],[19.753316,66.3429994],[19.7528292,66.3431765],[19.7524819,66.343318],[19.7521386,66.3434665],[19.7516973,66.3436871],[19.7512937,66.3439126],[19.7509235,66.3441451],[19.7505668,66.3443953],[19.7502328,66.3446487],[19.7498493,66.3449786],[19.749624,66.3451927],[19.7493933,66.3454408],[19.7491439,66.345726],[19.7489695,66.3459719],[19.7488086,66.3462302],[19.7486664,66.3464873],[19.7485471,66.3467628],[19.7484519,66.3470641],[19.7483969,66.3473353],[19.7483526,66.3476038],[19.7483317,66.3478437],[19.7483285,66.3478836],[19.7483379,66.3481531],[19.7483821,66.3484237],[19.7484317,66.3486868],[19.7485135,66.348979],[19.7485779,66.3492733],[19.7486705,66.3497099],[19.7486839,66.3500302],[19.7486758,66.3502497],[19.7486342,66.3504627],[19.7485659,66.3507011],[19.748476,66.3509195],[19.7483714,66.3511153],[19.7482064,66.3513289],[19.7480294,66.3515516],[19.7478014,66.351791],[19.7475734,66.3519889],[19.7472985,66.3521993],[19.7470236,66.352387],[19.7466937,66.3526215],[19.7461452,66.3529911],[19.743998,66.3544552],[19.7436869,66.3547118],[19.7434401,66.3549582],[19.743235,66.3552153],[19.7430539,66.3554853],[19.7428595,66.3558021],[19.7426181,66.3562246],[19.7426045,66.3562502],[19.7409931,66.3590008],[19.7403744,66.3600234],[19.739905,66.3607198],[19.7397172,66.3609714],[19.7395322,66.3612156],[19.7393538,66.361436],[19.73915,66.3616866],[19.7388522,66.3620437],[19.7385344,66.3624104],[19.7383709,66.3625993],[19.7377874,66.3631863],[19.7375473,66.3634202],[19.7369319,66.3639998],[19.7360515,66.3647892],[19.7360384,66.3648006],[19.7353774,66.3653284],[19.7350341,66.3655946],[19.7346653,66.3658806],[19.7342724,66.3661709],[19.7339089,66.3664365],[19.7249124,66.3725526],[19.7237534,66.3733438],[19.7232606,66.3737012],[19.7230031,66.3738963],[19.7226852,66.3741444],[19.722307,66.3744529],[19.7219262,66.3747807],[19.7216043,66.3750693],[19.7212422,66.3754095],[19.7210622,66.3755833],[19.7175743,66.3790956],[19.7173315,66.379355],[19.7160485,66.3805963],[19.7158754,66.3807442],[19.7150892,66.381369],[19.7146155,66.3817391],[19.714074,66.3821062],[19.7135322,66.3824764],[19.7131006,66.3827562],[19.7086376,66.385643],[19.7063573,66.3871573],[19.7058557,66.3874936],[19.7050478,66.3881128],[19.7047158,66.3883708],[19.7044996,66.3885485],[19.7026075,66.3901294],[19.700219,66.3921301],[19.6996263,66.3926398],[19.6964774,66.3952756],[19.6960455,66.3956611],[19.695442,66.3962185],[19.6949297,66.396704],[19.694613,66.3970207],[19.6942672,66.3973763],[19.6936932,66.3979476],[19.6923038,66.399495],[19.6916628,66.4002822],[19.6906757,66.4015793],[19.6897235,66.4029998],[19.6891522,66.4039457],[19.6886399,66.4048937],[19.688307,66.4055965],[19.6880485,66.4061463],[19.6867597,66.4095206],[19.6857606,66.4123602],[19.6849953,66.4144664],[19.6848366,66.4148988],[19.6826237,66.4210241],[19.6825232,66.4212507],[19.6824467,66.4213988],[19.6823032,66.421623],[19.6822,66.4217695],[19.6820404,66.4219556],[19.6818633,66.4221434],[19.6816622,66.4223295],[19.6815878,66.4223952],[19.6814476,66.4225065],[19.6811941,66.422698],[19.6809071,66.4228901],[19.6806447,66.4230488],[19.6804318,66.4231675],[19.6802621,66.4232591],[19.6798825,66.4234522],[19.6794467,66.4236566],[19.6788606,66.4239254],[19.6779889,66.4243207],[19.6774793,66.4245599],[19.6771333,66.4247509],[19.6767873,66.4249806],[19.6764827,66.4252111],[19.6761784,66.4255045],[19.6760399,66.425673],[19.6759745,66.4257501],[19.6758029,66.4260403],[19.6756688,66.4263438],[19.6756393,66.4266624],[19.6756232,66.4269435],[19.6756688,66.4272299],[19.679153,66.4303892],[19.6796063,66.4305216],[19.6800797,66.4306455],[19.6804351,66.4307254],[19.6806714,66.43077],[19.6808884,66.4308107],[19.6813162,66.4308814],[19.6817909,66.4309501],[19.6822,66.4310005],[19.6826036,66.4310407],[19.6830556,66.4310793],[19.6834378,66.4311051],[19.6839286,66.4311329],[19.6845134,66.4311485],[19.6852724,66.4311721],[19.6859564,66.4311968],[19.6864841,66.4312211],[19.6875805,66.4312938],[19.6886855,66.4314161],[19.6895546,66.4315512],[19.6902908,66.4316695],[19.6904074,66.43169],[19.6907703,66.4317606],[19.6911592,66.4318469],[19.6914931,66.4319402],[19.6921778,66.4321164],[19.6927625,66.4322955],[19.6932077,66.4324376],[19.6937335,66.432644],[19.6940274,66.4327617],[19.6945301,66.4329936],[19.6948934,66.4331783],[19.6953052,66.4334151],[19.6957558,66.4337068],[19.6960141,66.4338911],[19.6964049,66.4342226],[19.696759,66.4345765],[19.696995,66.4349153],[19.6971209,66.435102],[19.6972257,66.4353292],[19.6973313,66.4355717],[19.6973491,66.4356241],[19.6974054,66.4359297],[19.6974242,66.4362224],[19.6974027,66.4365216],[19.6973524,66.4367663],[19.6972274,66.4371977],[19.6970375,66.4376549],[19.6967874,66.4382639],[19.6963892,66.4390488],[19.6957547,66.4399947],[19.6952945,66.4405701],[19.6944617,66.4415912],[19.6943195,66.4418373],[19.6941988,66.4420811],[19.6940942,66.4423743],[19.6940473,66.4426498],[19.6940413,66.4428729],[19.6941015,66.4433116],[19.6942543,66.4436873],[19.6944581,66.4440408],[19.6946642,66.4442803],[19.6947168,66.4443389],[19.6948948,66.44453],[19.6951818,66.4448259],[19.697746,66.4474255],[19.6982091,66.4477734],[19.6987,66.4480769],[19.6992239,66.448349],[19.6998087,66.4486212],[19.7004712,66.4488805],[19.7011712,66.4490927],[19.701768,66.4492862],[19.7060529,66.4506113],[19.7079842,66.4512147],[19.7087646,66.4514622],[19.7100815,66.451863],[19.7111785,66.4522048],[19.7124043,66.4525927],[19.7186539,66.4545257],[19.719374,66.4547546],[19.7203276,66.4551],[19.7210866,66.4553861],[19.7217464,66.4556743],[19.7223714,66.4559518],[19.7228518,66.4561869],[19.7235073,66.456532],[19.7238292,66.4567083],[19.7243442,66.4570297],[19.7245055,66.4571374],[19.7250496,66.4574989],[19.7253554,66.457733],[19.7257268,66.4580276],[19.7260554,66.4583147],[19.726621,66.4588282],[19.7269312,66.459197],[19.7271135,66.4594434],[19.7273576,66.4598012],[19.7277546,66.4604996],[19.7279102,66.4608531],[19.7280014,66.4611466],[19.7281086,66.4616008],[19.728165,66.4619902],[19.7281757,66.462221],[19.7281623,66.4626237],[19.728114,66.4630511],[19.7280389,66.46335],[19.7279263,66.4636831],[19.7277868,66.4640505],[19.7275856,66.4644542],[19.727363,66.4648291],[19.7269365,66.4654856],[19.7267069,66.4658409],[19.7262526,66.4665421],[19.7252839,66.4680694],[19.724892,66.4686516],[19.7247759,66.4689087],[19.7246589,66.4691484],[19.7245182,66.4695452],[19.7245002,66.4699434],[19.7245317,66.4702717],[19.7246709,66.4706645],[19.7248686,66.4709946],[19.7251472,66.4713641],[19.7255157,66.4717282],[19.7259201,66.4720367],[19.7264907,66.472408],[19.7281945,66.4733992],[19.7295135,66.474155],[19.7300827,66.4744824],[19.7304871,66.4747131],[19.7310242,66.4750056],[19.7312507,66.4751256],[19.7314212,66.4752144],[19.7316639,66.4753284],[19.7319657,66.4754639],[19.7322862,66.4755848],[19.7326107,66.4756967],[19.732942,66.4758097],[19.7333282,66.4759285],[19.7337118,66.4760361],[19.7340189,66.4761298],[19.734385,66.4762261],[19.7347431,66.4763198],[19.7470571,66.4796289],[19.765686,66.4846359],[19.7740861,66.4868951],[19.7767759,66.4876107],[19.7781688,66.4880087],[19.7791573,66.4883923],[19.7796366,66.488612],[19.7806925,66.489118],[19.7830391,66.4902239],[19.7832831,66.4903426],[19.7856402,66.4914108],[19.7875363,66.4923213],[19.7886776,66.4928375],[19.7891128,66.4929986],[19.7896063,66.4931538],[19.7901991,66.4933164],[19.7907221,66.4934522],[19.7913364,66.493587],[19.7919077,66.493694],[19.7927177,66.4938106],[19.7948962,66.4940669],[19.7958156,66.494169],[19.796619,66.4942995],[19.7973418,66.4944471],[19.798066,66.4946226],[19.7986963,66.4948044],[19.7992596,66.4949895],[19.8006619,66.4954643],[19.8013088,66.4956838],[19.8018667,66.4958571],[19.8023415,66.4959854],[19.8028323,66.4961149],[19.8034224,66.4962454],[19.8038467,66.496332],[19.8045006,66.4964539],[19.805139,66.4965631],[19.8058847,66.4966711],[19.8066652,66.4967631],[19.8074967,66.4968487],[19.8080009,66.4968893],[19.8087117,66.4969385],[19.8096317,66.4969845],[19.8102835,66.4970027],[19.8109701,66.4970027],[19.8116675,66.4969973],[19.8148406,66.496946],[19.8196417,66.4968829],[19.8204169,66.4968829],[19.8211223,66.4968914],[19.8217821,66.4969075],[19.8221606,66.4969255],[19.8225573,66.4969471],[19.82326,66.4969834],[19.824121,66.4970508],[19.8248935,66.497115],[19.8257196,66.4972048],[19.8265538,66.4973065],[19.8273557,66.4974241],[19.8283911,66.4975696],[19.8291287,66.4976627],[19.829869,66.4977525],[19.8307273,66.4978199],[19.8315588,66.4978605],[19.8324144,66.4978776],[19.8331788,66.4978787],[19.8339701,66.4978402],[19.8347694,66.4977835],[19.8356438,66.4977001],[19.8374516,66.497483],[19.8382053,66.4973985],[19.8391816,66.4973204],[19.8400909,66.4972776],[19.8410296,66.4972594],[19.8418772,66.4972744],[19.8429394,66.4973353],[19.8437789,66.4974081],[19.8441048,66.4974461],[19.8446318,66.4975097],[19.8453963,66.4976348],[19.8488649,66.4982781],[19.8511992,66.4987109],[19.8524118,66.4989443],[19.8538352,66.499218],[19.8550933,66.4994866],[19.8560147,66.4997146],[19.8571839,66.5000592],[19.858334,66.5004317],[19.8593317,66.5007712],[19.860933,66.5014122],[19.8616764,66.5017594],[19.862566,66.5022306],[19.862652,66.5022809],[19.863246,66.5026765],[19.864072,66.5031959],[19.8647647,66.5037482],[19.8653305,66.5042646],[19.8658937,66.5049062],[19.866237,66.5053917],[19.8666583,66.50598],[19.8671966,66.5070788],[19.8691951,66.5107948],[19.8693337,66.5110706],[19.8699385,66.5121551],[19.8702335,66.5126255],[19.8705876,66.5131364],[19.8709577,66.5136453],[19.8712179,66.5139809],[19.871588,66.5143946],[19.8719609,66.5148286],[19.8724088,66.5152903],[19.8728648,66.5157211],[19.8733234,66.5161358],[19.8737445,66.5165056],[19.8743615,66.5170421],[19.8749167,66.5174632],[19.875926,66.51821],[19.877274,66.5191075],[19.8773468,66.5191572],[19.8780709,66.5196039],[19.8788461,66.5200645],[19.8795354,66.5204482],[19.8803508,66.5208916],[19.8812762,66.5213533],[19.8824698,66.5219464],[19.8854926,66.5234146],[19.8876652,66.5244692],[19.8893738,66.5253015],[19.889929,66.5255793],[19.8905486,66.5259864],[19.8909147,66.5262251],[19.8910716,66.5263325],[19.8915222,66.5267054],[19.8919272,66.5271156],[19.8923832,66.5276349],[19.89263,66.5280323],[19.8928714,66.5285451],[19.8930323,66.5292309],[19.8930426,66.5304902],[19.8930269,66.5310683],[19.8929787,66.5334716],[19.8929559,66.5350479],[19.8929518,66.5351645],[19.8928177,66.5402776],[19.892815,66.5403678],[19.8927963,66.5407645],[19.892925,66.541339],[19.8931289,66.5418515],[19.8934829,66.5423832],[19.8939282,66.5428914],[19.8944271,66.543342],[19.8949367,66.5437242],[19.8951287,66.5438414],[19.8956931,66.5441876],[19.9014692,66.5474167],[19.9021411,66.547813],[19.9026319,66.5481065],[19.9031603,66.5484599],[19.9037182,66.5488676],[19.9040667,66.5491611],[19.9055314,66.5504324],[19.9061,66.550838],[19.9068671,66.5512778],[19.9071183,66.5513956],[19.9076611,66.5516407],[19.908691,66.5520014],[19.9104694,66.5525889],[19.9111801,66.5528318],[19.9116777,66.5530415],[19.9119432,66.5531749],[19.912186,66.5532933],[19.9124421,66.5534347],[19.9126285,66.5535271],[19.9134104,66.5539406],[19.9176472,66.5562416],[19.9203908,66.5577316],[19.9210024,66.5580789],[19.9213065,66.5582986],[19.9213484,66.5583329],[19.9214872,66.5584337],[19.921748,66.5586692],[19.9220176,66.5589869],[19.922149,66.5591902],[19.922255,66.5594313],[19.922318,66.5596506],[19.9223475,66.5598875],[19.9223435,66.5601238],[19.9223019,66.5603569],[19.9222228,66.5605869],[19.9221115,66.5608034],[19.9219358,66.5610472],[19.9217467,66.5612638],[19.9215335,66.5614553],[19.9212599,66.5616788],[19.9210171,66.5618463],[19.9207261,66.5620186],[19.920364,66.5622139],[19.9200328,66.5623622],[19.9195312,66.562567],[19.9191222,66.5627115],[19.9184892,66.5629078],[19.9178588,66.5630636],[19.9161851,66.5634871],[19.9155575,66.5636781],[19.9149647,66.563885],[19.9144497,66.5640717],[19.9137416,66.5643523],[19.9130765,66.5646126],[19.9112747,66.5653322],[19.9110333,66.565427],[19.9099302,66.5658862],[19.9093938,66.5661519],[19.9090451,66.5663316],[19.9086267,66.5665647],[19.9081935,66.5668271],[19.9077871,66.5671071],[19.9072279,66.5674894],[19.9060383,66.5683283],[19.9038953,66.5698477],[19.9035788,66.5700983],[19.9032757,66.5703724],[19.9030477,66.570623],[19.9028599,66.5709078],[19.9026534,66.5712853],[19.9023879,66.5717417],[19.9021599,66.5721107],[19.9019453,66.5723677],[19.9016556,66.5726557],[19.9013069,66.5729212],[19.9009086,66.5731764],[19.9008858,66.573191],[19.900403,66.5734619],[19.8998424,66.5737114],[19.8991612,66.5739748],[19.8984504,66.5742766],[19.8978737,66.5745335],[19.8974124,66.5747649],[19.8969805,66.575023],[19.8962429,66.5754953],[19.8956823,66.5758664],[19.8952049,66.5761522],[19.8945719,66.5764966],[19.8939764,66.576793],[19.8934722,66.5770382],[19.8919433,66.5777366],[19.8911601,66.5781279],[19.8907122,66.5783901],[19.8904091,66.5785927],[19.8900926,66.5788358],[19.8898485,66.5790618],[19.8896205,66.5792974],[19.8894381,66.5795245],[19.8892531,66.5798134],[19.8888823,66.5805855],[19.8888749,66.5806002],[19.8886737,66.5809925],[19.8884833,66.5812686],[19.8882741,66.5815117],[19.8880219,66.5817558],[19.887751,66.5819797],[19.8866621,66.5827482],[19.8863161,66.5830105],[19.8860934,66.5832215],[19.8858601,66.5834869],[19.8857233,66.5836927],[19.8856053,66.5839101],[19.8855033,66.5841915],[19.8853961,66.5847106],[19.8853075,66.5850677],[19.8851386,66.5854578],[19.8847952,66.5858788],[19.8843661,66.5862721],[19.8839986,66.5865226],[19.883481,66.586821],[19.8825127,66.5872292],[19.8820031,66.5874125],[19.8813486,66.587599],[19.8807371,66.5877514],[19.8800102,66.5878857],[19.8792592,66.5880072],[19.8787857,66.5880781],[19.8773092,66.5883024],[19.8767647,66.5884037],[19.8761371,66.5885443],[19.8755094,66.5887138],[19.874922,66.5889077],[19.8744982,66.5890703],[19.8742582,66.5891736],[19.8737727,66.5894049],[19.8732725,66.5896889],[19.8725107,66.5901503],[19.8720548,66.5904093],[19.8716202,66.5906277],[19.8710677,66.59086],[19.8704213,66.5911126],[19.8693725,66.5915399],[19.8688871,66.5917733],[19.8684445,66.5920343],[19.8677927,66.5924723],[19.8670417,66.5929571],[19.866583,66.5932203],[19.8661029,66.5934718],[19.8654592,66.5937562],[19.8647484,66.5940354],[19.8642066,66.5942229],[19.8635387,66.5944286],[19.8635107,66.5944368],[19.8628736,66.594614],[19.8621359,66.594793],[19.8614493,66.5949379],[19.8608083,66.5950604],[19.8594967,66.595314],[19.8580429,66.5955931],[19.8566991,66.5958488],[19.8557087,66.5960406],[19.8548993,66.5961951],[19.8540357,66.5963826],[19.8536528,66.5964796],[19.8533329,66.5965669],[19.8527724,66.5967501],[19.8522252,66.5969536],[19.8517129,66.5971837],[19.8512757,66.5974202],[19.8508787,66.5976663],[19.8505622,66.597905],[19.8503262,66.5981372],[19.8501384,66.5983343],[19.8499319,66.5986219],[19.8498286,66.5988307],[19.8497388,66.599096],[19.8496959,66.5993655],[19.849712,66.5996116],[19.8497468,66.5998342],[19.8497951,66.5999514],[19.8499212,66.6002241],[19.8500798,66.6004708],[19.8501331,66.6005543],[19.8504817,66.6009889],[19.8506802,66.6012296],[19.8508438,66.6015332],[19.8509538,66.6018474],[19.8509981,66.6021478],[19.8509552,66.6024018],[19.8508801,66.6026154],[19.8507245,66.6028689],[19.8505501,66.603092],[19.8503999,66.6032486],[19.8501836,66.6034668],[19.8501377,66.6035131],[19.8499654,66.6036863],[19.8497334,66.6039004],[19.8494585,66.6041102],[19.8492211,66.6042769],[19.8490213,66.6043989],[19.8487101,66.6045565],[19.8485287,66.6046401],[19.8484084,66.6046949],[19.848171,66.6047876],[19.8435737,66.6061247],[19.8431298,66.6062488],[19.8425665,66.606408],[19.841899,66.6065948],[19.8415875,66.6066811],[19.8406474,66.6069458],[19.839761,66.6071918],[19.8394865,66.607268],[19.8391508,66.6073611],[19.8381355,66.607646],[19.8370104,66.6079601],[19.8361896,66.6081928],[19.8355499,66.6083701],[19.8348713,66.6085618],[19.8348543,66.6085665],[19.8341793,66.6087529],[19.8339754,66.6088131],[19.8331171,66.6090484],[19.8325096,66.6092214],[19.8310786,66.6096245],[19.8301551,66.6098841],[19.8292733,66.6101355],[19.8281604,66.6104758],[19.8281073,66.6104921],[19.8279352,66.6105513],[19.8275663,66.6106749],[19.8267281,66.6109895],[19.8261501,66.6112179],[19.8256861,66.611417],[19.8253736,66.6115602],[19.8241183,66.6121682],[19.8232546,66.6125877],[19.8226949,66.6128584],[19.8217547,66.6133154],[19.8165317,66.615854],[19.8135529,66.6173013],[19.8111659,66.6184545],[19.810653,66.6187284],[19.8103619,66.618892],[19.810146,66.6190221],[19.8099368,66.6191584],[19.8097571,66.61928],[19.8095606,66.6194295],[19.8093568,66.619595],[19.8090782,66.6198477],[19.8089853,66.6199429],[19.8088022,66.6201358],[19.8086607,66.6203095],[19.8085079,66.6205269],[19.8083838,66.6207345],[19.8082886,66.6209268],[19.8081893,66.6211876],[19.8081243,66.621413],[19.8080961,66.6215896],[19.8080733,66.6218751],[19.8080921,66.622113],[19.8081344,66.6223743],[19.8081773,66.6225464],[19.8083093,66.6228591],[19.8085057,66.623199],[19.8087653,66.6235309],[19.8090094,66.6237969],[19.8093253,66.6240965],[19.8096571,66.6243639],[19.8100722,66.62465],[19.8106617,66.6250101],[19.8112705,66.6253155],[19.8118284,66.6255571],[19.8126143,66.6258646],[19.8133975,66.6261264],[19.8142961,66.6263764],[19.8154038,66.6266393],[19.8163721,66.6268553],[19.8178702,66.6271909],[19.819407,66.6275363],[19.8208594,66.6278629],[19.8221415,66.6281811],[19.8227745,66.6283832],[19.8233351,66.6285928],[19.8239279,66.6288642],[19.8244777,66.6291823],[19.8249525,66.6295366],[19.8252743,66.6298292],[19.8255292,66.6301505],[19.8256847,66.6304335],[19.8257866,66.6307676],[19.8258148,66.6309857],[19.8258162,66.6312314],[19.8257625,66.6315166],[19.8256955,66.6317676],[19.8256083,66.6321203],[19.8254433,66.6326294],[19.8253521,66.6329283],[19.8253199,66.6332325],[19.8253159,66.6334171],[19.825269,66.6339378],[19.8252797,66.6344756],[19.8253021,66.634727],[19.8253173,66.6348638],[19.8253669,66.6353053],[19.8254018,66.6358967],[19.8255077,66.6378341],[19.8255976,66.6393173],[19.8256667,66.6401944],[19.8256861,66.6407009],[19.8257679,66.6422445],[19.8257817,66.6424964],[19.8258635,66.6436979],[19.8258899,66.6440969],[19.8259529,66.6445021],[19.82602,66.6448987],[19.8261192,66.6452453],[19.8262185,66.6456196],[19.8266501,66.6470007],[19.8269709,66.6481674],[19.8275509,66.6500578],[19.8276067,66.6503389],[19.8282729,66.6526216],[19.829065,66.6553405],[19.8290972,66.6554505],[19.8308646,66.6615271],[19.8316111,66.6640722],[19.8334696,66.6704313],[19.8360764,66.6793345],[19.8375306,66.6842667],[19.8386838,66.6882332],[19.8396056,66.691375],[19.8396139,66.6914001],[19.8399433,66.6923944],[19.8401687,66.6929166],[19.8403993,66.6933718],[19.8407389,66.6939444],[19.8413461,66.6950793],[19.8414534,66.6953785],[19.8415634,66.6958104],[19.8416358,66.6963017],[19.8416412,66.6967452],[19.8415902,66.6970794],[19.8415857,66.6971048],[19.8415446,66.69735],[19.8414427,66.6977277],[19.8412603,66.6981532],[19.8411316,66.6984248],[19.840866,66.6988662],[19.8400225,66.7002179],[19.8398173,66.7006083],[19.8396798,66.7009548],[19.8396456,66.7010814],[19.8395437,66.7014607],[19.8395008,66.7016936],[19.8394807,66.7019344],[19.8394632,66.7022033],[19.8394793,66.7024553],[19.8395008,66.7027114],[19.8395625,66.7029682],[19.8396349,66.7032026],[19.8397918,66.7036625],[19.8403108,66.7049937],[19.8405281,66.7054774],[19.8407561,66.7058847],[19.840794,66.7059512],[19.8409358,66.7061912],[19.8412254,66.7066558],[19.8417015,66.707307],[19.8448934,66.7116234],[19.8470682,66.7145651],[19.8534294,66.7231596],[19.8574796,66.7286301],[19.8593022,66.7310951],[19.8597827,66.7317455],[19.8661606,66.7403329],[19.8710417,66.7469056],[19.87251,66.7489236],[19.8733342,66.7500596],[19.8736399,66.7504863],[19.8739162,66.7508495],[19.8742032,66.7512698],[19.874391,66.7516213],[19.8745519,66.7519887],[19.874686,66.752356],[19.8747611,66.7526789],[19.874804,66.7530061],[19.8748308,66.7534062],[19.8748174,66.7537143],[19.8747665,66.7540975],[19.8746726,66.7544331],[19.8745599,66.7547761],[19.8743722,66.7551688],[19.8741764,66.7555319],[19.8739457,66.7558579],[19.8734388,66.7564644],[19.8730311,66.7568624],[19.8725148,66.7573189],[19.8721255,66.7576034],[19.8718858,66.7577791],[19.8712179,66.7582204],[19.8706841,66.7585475],[19.8671598,66.7607716],[19.865136,66.762039],[19.8645177,66.762421],[19.8641369,66.762693],[19.8637748,66.7629882],[19.8635146,66.7632327],[19.8633108,66.7635152],[19.8631498,66.7638168],[19.863064,66.7640644],[19.8630372,66.7643596],[19.8630559,66.7646316],[19.863131,66.7649162],[19.8632812,66.7652136],[19.8634744,66.7654876],[19.8635406,66.7655694],[19.8638928,66.7659574],[19.8640376,66.766096],[19.8716658,66.773939],[19.872036,66.774312],[19.877,66.7793917],[19.8794791,66.7819676],[19.8798182,66.7823062],[19.8801041,66.7825872],[19.8824832,66.7850392],[19.8829284,66.7855202],[19.8831645,66.7858353],[19.8834139,66.7862307],[19.8836285,66.7866261],[19.8837787,66.7869972],[19.8838994,66.7874021],[19.8839611,66.7877742],[19.8839986,66.7881009],[19.8840013,66.7884529],[19.8839503,66.7888229],[19.8838645,66.7891887],[19.8838046,66.7894048],[19.8837731,66.7894934],[19.8837492,66.7895586],[19.883599,66.7899688],[19.8832427,66.7909907],[19.8819494,66.7947463],[19.8818207,66.7950686],[19.8816785,66.7953582],[19.8814532,66.795708],[19.8811501,66.7960525],[19.8808229,66.7963558],[19.8804098,66.7966876],[19.8799512,66.7969941],[19.8796213,66.7971949],[19.8790768,66.7974855],[19.8784921,66.7977771],[19.8756152,66.799185],[19.8737778,66.8000861],[19.8722707,66.8008267],[19.8717476,66.8010956],[19.8711911,66.8013935],[19.8705712,66.8017322],[19.8702662,66.8019226],[19.8649348,66.8050453],[19.8624739,66.8064779],[19.8622157,66.8066294],[19.8599761,66.8079347],[19.857249,66.8095378],[19.8563236,66.81016],[19.8557603,66.8105497],[19.855063,66.8110313],[19.8545051,66.8113756],[19.8539284,66.8116829],[19.8533142,66.8119882],[19.8523647,66.812437],[19.851163,66.8130062],[19.8505595,66.8132882],[19.8497951,66.813585],[19.849275,66.8137594],[19.849079,66.8138226],[19.848403,66.8140158],[19.8475635,66.8142144],[19.846496,66.814434],[19.8443234,66.8148617],[19.8434195,66.8150951],[19.8427704,66.8152925],[19.8421562,66.8155291],[19.8416492,66.8157477],[19.8411879,66.8160021],[19.8407534,66.8162788],[19.8404272,66.816542],[19.8400775,66.8168923],[19.839879,66.8171795],[19.8397261,66.81751],[19.8396081,66.817831],[19.8395357,66.8181087],[19.8391011,66.8195889],[19.8389804,66.8199204],[19.8388302,66.8202498],[19.8386639,66.8205338],[19.8384197,66.8208675],[19.8383877,66.8209107],[19.8380631,66.8212813],[19.8378056,66.8215568],[19.8373604,66.8219348],[19.8368803,66.8223043],[19.8363224,66.8226674],[19.8356491,66.823076],[19.8338118,66.824197],[19.8328435,66.8247839],[19.8316231,66.8255218],[19.8305154,66.8261888],[19.8266444,66.8285262],[19.8253045,66.8293375],[19.8202452,66.8323892],[19.8169434,66.8343782],[19.815896,66.8349918],[19.8152603,66.8353426],[19.814339,66.835809],[19.8140009,66.8359781],[19.8109822,66.8375002],[19.8068315,66.8395975],[19.8057599,66.8401361],[19.805261,66.8403908],[19.8045677,66.8407373],[19.8021027,66.841972],[19.801577,66.8422384],[19.8009481,66.8425701],[19.8004076,66.8428892],[19.8001049,66.8430857],[19.7999959,66.8431619],[19.7997333,66.8433444],[19.7990182,66.8439329],[19.7952108,66.847234],[19.7947186,66.8477191],[19.7941554,66.8483519],[19.7923046,66.8503945],[19.791404,66.8513668],[19.7907194,66.8521047],[19.7902179,66.852575],[19.7897887,66.8529377],[19.7892415,66.8533594],[19.7886595,66.8537801],[19.7880748,66.8541597],[19.7875223,66.854496],[19.7869858,66.8548049],[19.7858432,66.8554066],[19.7851512,66.8557379],[19.7845694,66.856004],[19.7835904,66.8564172],[19.783427,66.8564784],[19.7824797,66.8568417],[19.7816938,66.8571326],[19.7807242,66.8574889],[19.7802531,66.8576778],[19.7796258,66.8579449],[19.7791202,66.8581752],[19.7785556,66.8584577],[19.7782909,66.8585982],[19.7780044,66.8587565],[19.7774868,66.8590638],[19.766477,66.8658133],[19.7659601,66.8661331],[19.7648133,66.8668423],[19.7642715,66.8671774],[19.7636774,66.8675604],[19.7633274,66.8678312],[19.7630216,66.8681458],[19.7627816,66.8684619],[19.7626233,66.8687543],[19.7625442,66.8690398],[19.7625214,66.8693311],[19.7625482,66.8695867],[19.7626139,66.8698327],[19.7627413,66.8700908],[19.7629358,66.8703748],[19.7631504,66.8706208],[19.7634266,66.8708663],[19.7636855,66.8710601],[19.7640261,66.871284],[19.764411,66.8714895],[19.7648536,66.8717007],[19.7653189,66.8718903],[19.7657816,66.8720684],[19.7663529,66.8723001],[19.7673145,66.8726926],[19.7678214,66.8728906],[19.7683766,66.8730834],[19.7689506,66.8732604],[19.7695756,66.8734205],[19.7702071,66.8735559],[19.7702676,66.873568],[19.7711205,66.8737103],[19.772011,66.8738156],[19.772813,66.8738799],[19.7736686,66.8739199],[19.7745189,66.8739199],[19.7754094,66.8738967],[19.7762543,66.8738451],[19.7773057,66.8737166],[19.778046,66.8735944],[19.7789901,66.8734005],[19.7796714,66.8732162],[19.7804975,66.8729423],[19.7829276,66.8720078],[19.7841668,66.8715801],[19.7848347,66.8713715],[19.7856313,66.8711249],[19.789449,66.86994],[19.7913337,66.8693559],[19.7929685,66.8688465],[19.7954482,66.8680936],[19.7964326,66.8677743],[19.7971407,66.8675783],[19.7978649,66.8674182],[19.7985649,66.8672907],[19.7994286,66.8671737],[19.8003164,66.8670926],[19.801105,66.8670451],[19.8019847,66.8670304],[19.8028672,66.8670462],[19.8036504,66.8670862],[19.8045891,66.8671748],[19.8053536,66.8672822],[19.8062253,66.8674329],[19.806987,66.8676131],[19.8077032,66.8678154],[19.8083818,66.8680525],[19.8090282,66.8683317],[19.8096451,66.8686626],[19.8102084,66.8690461],[19.8105302,66.8693464],[19.8107824,66.8696583],[19.8109755,66.8699807],[19.8110935,66.8703621],[19.8111176,66.870694],[19.8110774,66.8710111],[19.8103944,66.8769111],[19.8103829,66.8771256],[19.8100984,66.8824461],[19.8100287,66.8831074],[19.8098892,66.8836087],[19.8097444,66.8841289],[19.809503,66.8847375],[19.8093152,66.8854441],[19.8092964,66.8856115],[19.8092562,66.8859031],[19.8092425,66.8860592],[19.8092401,66.8862453],[19.8092576,66.8863548],[19.8093018,66.8867002],[19.8106297,66.8894459],[19.8115253,66.8909304],[19.8117051,66.8912504],[19.8118553,66.8915915],[19.811984,66.8919126],[19.8120667,66.8921889],[19.8121798,66.8926273],[19.8122294,66.8931168],[19.8122321,66.8934284],[19.8122093,66.8938715],[19.8121476,66.894222],[19.8119583,66.894875],[19.8119027,66.8950078],[19.8117265,66.8954209],[19.8106027,66.8978879],[19.8100904,66.8988919],[19.8094922,66.8999316],[19.8088807,66.9009871],[19.8084488,66.9017237],[19.8083335,66.9019878],[19.8082021,66.9023434],[19.8081323,66.9026581],[19.8080894,66.9030653],[19.8080894,66.9034598],[19.808094,66.9038315],[19.808127,66.905057],[19.8081565,66.9061501],[19.8081511,66.9065341],[19.8081484,66.9068371],[19.8081136,66.907219],[19.808076,66.9075882],[19.807907,66.908353],[19.8077676,66.908838],[19.80755,66.9094111],[19.8073465,66.9098373],[19.8071399,66.9102549],[19.8069441,66.9105705],[19.8066974,66.9109176],[19.8063996,66.9113215],[19.8061824,66.9116255],[19.8060697,66.9119011],[19.8059732,66.9122261],[19.8059678,66.9124901],[19.8060016,66.9127156],[19.8060188,66.9127983],[19.8061153,66.9130549],[19.8062414,66.9132894],[19.8064238,66.9135734],[19.8067242,66.9138795],[19.8071265,66.9141718],[19.8075718,66.9144421],[19.8080653,66.9146914],[19.8085722,66.9148996],[19.8091838,66.915132],[19.8097712,66.9153203],[19.810423,66.9154728],[19.8110345,66.9156053],[19.8118499,66.9157788],[19.8159268,66.9164876],[19.8168871,66.9166559],[19.817791,66.9168378],[19.818607,66.917069],[19.8193789,66.9173236],[19.8200145,66.9175676],[19.8205402,66.9178231],[19.821192,66.918187],[19.8216185,66.9184909],[19.8217412,66.9185926],[19.8219886,66.9188095],[19.8222756,66.9191302],[19.8224902,66.9194604],[19.8226324,66.9197663],[19.8227343,66.9200849],[19.8227021,66.9204288],[19.8226565,66.9207631],[19.8224741,66.9211427],[19.820781,66.9241377],[19.8197604,66.925942],[19.8191401,66.9270247],[19.8189486,66.9273535],[19.8188505,66.9275219],[19.8186305,66.9278341],[19.8183677,66.9281389],[19.8180029,66.9285152],[19.8176676,66.9288126],[19.8171821,66.9292079],[19.8105168,66.9346318],[19.8098168,66.9351846],[19.8093897,66.9354929],[19.8091757,66.9356469],[19.8086259,66.9360221],[19.7975126,66.9431282],[19.7972399,66.9433018],[19.7953328,66.9445214],[19.7950405,66.9447178],[19.7948018,66.944888],[19.7945148,66.9451085],[19.7941312,66.94543],[19.7938281,66.9457094],[19.7935116,66.946035],[19.7931281,66.9465024],[19.7929725,66.9467093],[19.7928464,66.9469078],[19.7926828,66.9471777],[19.7924924,66.9475747],[19.7923786,66.9478801],[19.7922751,66.9482616],[19.7922161,66.9485021],[19.7921866,66.9487531],[19.7921866,66.9491144],[19.7922108,66.9497687],[19.7923341,66.9511013],[19.7923712,66.9516311],[19.7923958,66.9519257],[19.7924146,66.9522281],[19.7924629,66.9524255],[19.7925219,66.9525977],[19.7926211,66.9528109],[19.7927901,66.9530524],[19.7929859,66.9532991],[19.7931844,66.9534892],[19.7934553,66.9537003],[19.7938496,66.9539491],[19.7943887,66.9542568],[19.7948447,66.9544594],[19.7954294,66.9546789],[19.7960007,66.9548563],[19.796623,66.9550138],[19.7974759,66.9552154],[19.7983798,66.9554516],[19.799273,66.9556459],[19.8003513,66.9558831],[19.8022395,66.9563094],[19.8028672,66.9564543],[19.803763,66.9566643],[19.8046488,66.9568646],[19.8062548,66.9572354],[19.8075208,66.9575126],[19.8076917,66.9575532],[19.8083577,66.9577162],[19.8090872,66.9578937],[19.809849,66.9580805],[19.8108065,66.9582947],[19.8117024,66.95849],[19.8131481,66.9588291],[19.8144248,66.959123],[19.8157391,66.9594306],[19.816981,66.9597224],[19.8180538,66.9599712],[19.8188639,66.9601927],[19.8196793,66.9604163],[19.8202962,66.9606367],[19.8210284,66.9609034],[19.8216855,66.9611626],[19.822045,66.9613022],[19.8223829,66.9614461],[19.8227195,66.9616303],[19.8232841,66.9619599],[19.8236221,66.9621625],[19.8244657,66.9626752],[19.8251621,66.9631661],[19.8252727,66.9632381],[19.8258503,66.9636305],[19.8259892,66.9637238],[19.8263982,66.9639914],[19.8271063,66.9644543],[19.8274845,66.9647114],[19.8279244,66.9649948],[19.828375,66.9652813],[19.8288953,66.965635],[19.8293057,66.9659099],[19.8297241,66.9661975],[19.8300835,66.9664798],[19.8303893,66.966759],[19.8307005,66.96712],[19.8309177,66.9674107],[19.8311591,66.9678451],[19.831422,66.968374],[19.8318216,66.9691117],[19.8321623,66.9697859],[19.8322508,66.9699963],[19.8323084,66.9701406],[19.8323916,66.9703987],[19.8324653,66.9706348],[19.8325512,66.9710955],[19.8325794,66.9715581],[19.8325807,66.9716846],[19.8325806,66.9717308],[19.83257,66.9720655],[19.8325083,66.9724789],[19.8323889,66.972961],[19.8321193,66.973634],[19.8319785,66.9739241],[19.8316446,66.9746202],[19.831312,66.9751762],[19.8309901,66.9755933],[19.8306039,66.9760617],[19.8304215,66.9762987],[19.8302257,66.9765893],[19.8300192,66.9769738],[19.8298663,66.9772717],[19.8295766,66.9778266],[19.82935,66.9783123],[19.829236,66.9786275],[19.8291381,66.9790203],[19.8290402,66.9793959],[19.8289195,66.9798317],[19.8288175,66.980224],[19.8287299,66.9805368],[19.8286352,66.9808978],[19.8284648,66.981557],[19.8283562,66.9819498],[19.8281832,66.9826022],[19.8279941,66.9833101],[19.8276977,66.9844416],[19.8275381,66.9848905],[19.8274282,66.985172],[19.8272593,66.9855365],[19.8272283,66.9856366],[19.8267952,66.9866915],[19.8264438,66.987523],[19.8259744,66.9886554],[19.8256923,66.9893357],[19.8256445,66.9894476],[19.8252515,66.9903943],[19.8249766,66.9910716],[19.8246776,66.9918013],[19.8244576,66.9923381],[19.8241277,66.9931233],[19.8236798,66.9941941],[19.8235376,66.994496],[19.8233794,66.9947743],[19.8231956,66.9950542],[19.8230039,66.9953089],[19.8227759,66.9955862],[19.82245,66.9959483],[19.8221683,66.996236],[19.8218612,66.9965568],[19.8214978,66.9969315],[19.8205069,66.997967],[19.8193574,66.9991619],[19.8169139,67.0017054],[19.8144838,67.004225],[19.8125149,67.0062974],[19.8066974,67.0124021],[19.8045822,67.0146478],[19.7985624,67.0210373],[19.7966692,67.02299],[19.7942761,67.0254691],[19.7939435,67.025846],[19.7935975,67.0263265],[19.793407,67.0267202],[19.7933131,67.027029],[19.7932595,67.0273786],[19.7932568,67.0277251],[19.7933373,67.0280716],[19.7934955,67.0284066],[19.7937155,67.0287479],[19.7939649,67.0290535],[19.7939743,67.0290708],[19.7947562,67.0299338],[19.795131,67.0302366],[19.7954509,67.0304572],[19.7959337,67.0307293],[19.7964759,67.0309871],[19.7971737,67.0312729],[19.7979829,67.0315949],[19.798581,67.0317812],[19.7992956,67.031979],[19.8003257,67.0322419],[19.8019672,67.0326919],[19.8024882,67.0328352],[19.8152418,67.0362839],[19.8346609,67.0415194],[19.8389824,67.0426852],[19.853445,67.0465873],[19.8670806,67.050268],[19.868238,67.0505855],[19.8690265,67.050825],[19.8697776,67.0510812],[19.8704669,67.0513249],[19.8713091,67.0516292],[19.8718526,67.0518269],[19.8739833,67.0525997],[19.8855483,67.0567878],[19.8861726,67.0570003],[19.8867103,67.0571687],[19.8871985,67.0573051],[19.8877296,67.05744],[19.8882848,67.0575702],[19.8889151,67.0576982],[19.8889405,67.0577027],[19.8895629,67.0578127],[19.8902844,67.057923],[19.8911749,67.0580349],[19.8970462,67.0586481],[19.8976283,67.0587176],[19.8983659,67.0588242],[19.8990914,67.0589445],[19.8996976,67.0590637],[19.9002019,67.0591787],[19.9008161,67.0593229],[19.9013659,67.0594704],[19.908158,67.061297],[19.9083558,67.0613474],[19.9092595,67.0615897],[19.9155146,67.0632713],[19.9182596,67.0640017],[19.9210265,67.0647567],[19.9266967,67.0662779],[19.9276357,67.0665411],[19.9280287,67.0666675],[19.929328,67.0671041],[19.9453293,67.072504],[19.9592681,67.0772082],[19.9626732,67.0783535],[19.9651656,67.0791922],[19.9768833,67.0831194],[19.9789583,67.0839],[19.9798331,67.0842701],[19.9813583,67.0849333],[19.9833417,67.0859194],[19.9854167,67.0872],[19.9875861,67.0887],[19.9891778,67.0902139],[19.9906325,67.0920747],[19.9911824,67.0927704],[19.9921882,67.0941078],[19.9967761,67.1000921],[19.9968351,67.1001751],[19.9971706,67.1006114],[20.0037195,67.1091559],[20.0064274,67.1126898],[20.0080293,67.1148039],[20.0086141,67.1155236],[20.0090942,67.1159826],[20.0093704,67.1162298],[20.0097111,67.116503],[20.0100705,67.116769],[20.0105479,67.1170975],[20.0110897,67.1174334],[20.0112611,67.1175307],[20.0115484,67.1176931],[20.0144083,67.1192465],[20.024585,67.1247855],[20.0256489,67.1253642],[20.0258573,67.1254775],[20.0379181,67.1320366],[20.0380822,67.1321278],[20.0409029,67.1336614],[20.0428077,67.134697],[20.0512439,67.139283],[20.0645924,67.1465366],[20.0696028,67.1492581],[20.0747131,67.1520291],[20.0752348,67.1522869],[20.0757015,67.1525025],[20.0762044,67.1527165],[20.0767288,67.1529336],[20.0772411,67.1531263],[20.0778982,67.1533596],[20.0785312,67.1535673],[20.0785521,67.1535743],[20.0790824,67.1537386],[20.0797516,67.1539318],[20.0805134,67.1541312],[20.0813113,67.1543249],[20.0820892,67.1544999],[20.0827503,67.1546347],[20.0835751,67.1547904],[20.0844388,67.1549383],[20.0854111,67.1550836],[20.0860709,67.155171],[20.0870982,67.1552955],[20.0878452,67.155372],[20.0888255,67.1554569],[20.0896651,67.1555178],[20.0904858,67.1555626],[20.0912516,67.1555938],[20.0921045,67.1556136],[20.0930446,67.1556178],[20.0939901,67.1556105],[20.0948766,67.1555876],[20.0957623,67.1555487],[20.0969271,67.155473],[20.0985016,67.1553616],[20.1002479,67.1552398],[20.1093578,67.154591],[20.1101705,67.1545556],[20.1109779,67.1545452],[20.1117316,67.1545545],[20.1125349,67.1545873],[20.1132698,67.1546363],[20.1141724,67.1547232],[20.1150294,67.1548347],[20.1158863,67.1549789],[20.1165757,67.1551216],[20.1172878,67.1552856],[20.1213279,67.1563206],[20.1217391,67.1564258],[20.1231558,67.1567897],[20.1241703,67.1570456],[20.1248664,67.1572047],[20.1254833,67.1573322],[20.1260908,67.1574462],[20.1267694,67.1575628],[20.127444,67.1576659],[20.1281172,67.157757],[20.1288186,67.1578414],[20.1295549,67.1579174],[20.1302509,67.1579778],[20.1311947,67.1580405],[20.1314331,67.1580544],[20.1320826,67.1580834],[20.13269,67.1580995],[20.1331826,67.1581136],[20.1336755,67.1581134],[20.134403,67.1581122],[20.1350998,67.1581002],[20.1356533,67.1580816],[20.1365944,67.1580347],[20.1387039,67.1579091],[20.1436349,67.1576119],[20.1464796,67.1574405],[20.1473996,67.1573811],[20.1481828,67.157328],[20.1489097,67.1572697],[20.1495534,67.1572104],[20.1503527,67.1571219],[20.151152,67.157025],[20.1519057,67.1569272],[20.1527157,67.1567981],[20.1535767,67.1566481],[20.1546469,67.1564419],[20.1557194,67.1562083],[20.1646353,67.154275],[20.1811445,67.1506965],[20.1818794,67.1505393],[20.1829872,67.1503289],[20.1844892,67.1500893],[20.1848439,67.150038],[20.185546,67.1499456],[20.187268,67.1497623],[20.1885447,67.1496602],[20.189741,67.1495966],[20.1996806,67.1491631],[20.2075339,67.1488221],[20.2302481,67.1478394],[20.2353164,67.1476199],[20.2372583,67.1475361],[20.2529679,67.1468701],[20.268625,67.1462028],[20.2722657,67.146053],[20.2757607,67.1459244],[20.2758315,67.1459224],[20.2865913,67.1457662],[20.2986511,67.1455841],[20.302825,67.1455222],[20.3063167,67.1453444],[20.3097111,67.1450667],[20.320025,67.1441222],[20.3211051,67.1440211],[20.3400318,67.142277],[20.3401712,67.1422648],[20.3433315,67.141965],[20.3552132,67.1408521],[20.3554318,67.1408345],[20.3655099,67.139884],[20.3687776,67.1395746],[20.3719144,67.1392785],[20.3791517,67.1385953],[20.3877913,67.1377789],[20.3891877,67.1376478],[20.3916037,67.1374138],[20.3940032,67.1371805],[20.4019084,67.1364354],[20.4021022,67.1364135],[20.4099977,67.1356592],[20.4114443,67.135524],[20.4233976,67.1343927],[20.425031,67.1342656],[20.4258357,67.134215],[20.4266605,67.134177],[20.4274812,67.1341514],[20.4283704,67.1341342],[20.4292917,67.1341316],[20.4303874,67.134141],[20.4312323,67.134166],[20.4321644,67.1342067],[20.4324186,67.1342226],[20.4331045,67.1342671],[20.4339869,67.1343375],[20.4357424,67.134499],[20.4546842,67.1362667],[20.47691,67.138341],[20.4797414,67.1386066],[20.481568,67.1387746],[20.482669,67.1388775],[20.4835045,67.1389708],[20.484399,67.1390839],[20.4850173,67.1391693],[20.4855631,67.1392542],[20.4863866,67.1393944],[20.4870974,67.1395283],[20.4876915,67.1396439],[20.4883942,67.1397935],[20.4977494,67.1418396],[20.5129056,67.1451528],[20.5137156,67.1453164],[20.5143647,67.1454357],[20.5150701,67.1455545],[20.5159003,67.1456727],[20.5166768,67.1457722],[20.5173513,67.1458436],[20.5179938,67.1459052],[20.5180889,67.1459149],[20.5311808,67.1471384],[20.5319443,67.1472112],[20.5392972,67.1478957],[20.5399999,67.1479556],[20.5402472,67.1479737],[20.5406651,67.1480035],[20.5412109,67.1480358],[20.5418158,67.1480561],[20.5423455,67.148065],[20.5429262,67.1480551],[20.5436839,67.1480342],[20.5441573,67.1480217],[20.5579701,67.1474957],[20.563041,67.1473024],[20.5747607,67.1468566],[20.5858002,67.1464367],[20.5904033,67.1462623],[20.5991647,67.1459326],[20.6007756,67.145871],[20.6019178,67.1458273],[20.608573,67.1455726],[20.609909,67.1455207],[20.6201309,67.1451323],[20.6210838,67.1450873],[20.6217992,67.1450477],[20.6226629,67.1449789],[20.6234434,67.1449112],[20.6246451,67.1447872],[20.6262866,67.1446205],[20.627171,67.1445347],[20.6291646,67.1443288],[20.6300282,67.1442403],[20.6308007,67.1441601],[20.6315571,67.1440653],[20.6324529,67.1439168],[20.6328097,67.1438527],[20.6334427,67.1437204],[20.6340569,67.1435756],[20.634331,67.1435055],[20.6345564,67.1434459],[20.6351727,67.1432704],[20.635677,67.1431099],[20.6360971,67.1429647],[20.6365389,67.1427868],[20.6406248,67.1405336]]}}]}
