{"type":"FeatureCollection","metadata":{"osmRelationIds":[2709148],"contributingWayIds":[685021701,685021699,685021700,685021686,685021625,685021668,685021658,391133906,685021659,685021660,685021656,685021657,685021655,685021654,590133008,685021653,685021651,685021652,685021650,685021649,391133907,685021637,685021636,685021635,685021634,685021633,182403060,685021632,685021631,28367350,685021630,685021629,685021628,50536192,685021627,25935580,685021626,251931706,772700726,1123691897,1123691896,321872759,631147733,631147735,321872766,1136116874,1214704129,1214704130,650751253,650751252,650751245,650751244,650751241,650751240,650751231,650751229,650751220,650751217,338543892,338543888,338540139,338540154,10049755,127224849,338006563,338006571,127224860,127224855,127224869,127224881,175162320,708271458,708271460,1208061839,1208061840,1208061838,175162319,175162317,474466672,671072941,671072940,474466657,339753222,727699947,727699948,647681840,647681841,1136189351,339753220,260633592,537517254,537517255,537517256,1524070766,1524070767,537517257,537517258,537517259,477721593,477721591,477721594,477721597,477721592,477721598,477721596,477721599,477721595,477721590,477913173,477913172,477823832,477823833,477913174,477913171,477823831,477823830,477831668,477831667,793473062,793473063,647881528,647881525,647882112,647882108,478122868,993394795,993394796,478122847,478122859,478122872,478122842,478122864,478122883,478122851,478122838,478122855,478122876,478314077,478314074,478314073,478314075,478314079,478314076,478314078,478122887,695581803,695581802,450186582,450186588,285330001,428481696,428481695,426085267,427766144,427766146,427766147,427766145,426085268,285329993,426571544,426732490,426732491,426571543,426571541,426571542,427040694,427213345,427213344,427040692,1132499094,427040690,427040693,845546280,427395564,427395565,478435906,478435895,815886264,815886263,1132499101,478435897,861294485,861294486,478473634,478473626,478473630,478473615,478473628,478473624,478473627,478473623,478473631,478473629,478473622,478473616,478473618,478473635,478473621,478473612,349790612,349790611,478473610,478473620,478473613,1136116880,1136116876,478473625,478473614,478473619,478473633,478473617,478473611,1136116888,1136116886,478540228,478540237,478540227,478540233,1409705873,1409705872,1111909878,1111909877,478540244,478540247,478540235,876361736,876361737,1136116889,127224874,1410349004,1410349003,478540218,815886268,995533967,995533968,995533981,995533982,478540240,875471304,478540220,478540225,850334581,850334580,478540231,478540221,478540238,1314955872,1314955871,1314956898,1314956899,1111909881,1111909882,1111909886,1111909883,1111909888,1111909873,1111909875,1111909889,478540242,478826692,478826684,478826691,815886271,1136116900,478826685,478826680,478826670,478826675,478826683,478826674,478826687,478826676,478826671,478826677,478826689,478826678,478826690,1455767761,1455767762,148312225,252864903,252864904,241574820,1067441327,1067441328,241574819,367260098,252872779,252872777,252871718,252871719,478898544,478898552,478898543,478898540,478898547,478898538,478898548,478898553,834886078,478898551,478898546,478898541,478898549,478892697,886527109,886527110,886527123,886527124,479122036,842914132,723006562,723006563,886527139,886527140,843936842,479122035,479253952,479253947,479253944,1111678108,1111678107,479253946,479122033,892170316,892170315,479122034,479253948,479253945,479124628,479124627,815886251,815886250,1111678109,1111678110,815886247,815886246,148780871,318553178,909822520,909822519,318553181,148312226,318667589,318668816,318668815,318668817,479251187,479251188,1131519368,1131519369,999477384,999477383,314836881,314836878,479071449,479071450,35926924,1208219129,1208219128,148312236,146949224,146949212,146949217,146949218,146937619,146937616,146937633,146937623,251684869,251684870,146937615,146937610,917631337,917631336,146937632,1167904578,146937636,1124919161,1124919162,373192517,126788031,316199962,1111678123,316199964,35926918,1135136989,1189544707,1346831696,1346831697,35926953,1453563063,1453563064,1493411306,1493411305,35926993,52664481,491636525,815886260,815886259,491636526,1493411311,1493411310,223190156,223190150,223190158,223190153,211365146,211365150,211365147,211365148,52664482,632504089,632504088,211365149,632504090,632504091,632504092,483865113,632186509,632186508,483865114,127418635,160605582,160605583,160605584,770457021,770457020,489506164,489506162,52664480,130217181,130217180,130294513,130294512,1473486218,1473486217,130227076,130227079,52664485,894331205,894331206,52664484,160628049,52664483,160628042,815886258,815886257,160628047,160628041,1454681899,1454681898,815886256,1454681891,1454681892,815886255,52664490,1454675542,1454675541,52664492,52664488,815886254,52664489,1545957578,52664486,52664487,52664473,52664472,674908584,674908581,1545957576,1545957577,52664478,1548036667,146957697,146957700,146957693,52582903,52582904,52582901,700426984,700426983,52582898,110502508],"endpointSnapKm":[0.011,0.028],"coordinateCount":7352,"calculatedDistanceKm":792.47,"orientation":"Hanoi to Da Nang","source":"OpenStreetMap","license":"ODbL"},"features":[{"type":"Feature","properties":{"osmRelationIds":[2709148],"contributingWayIds":[685021701,685021699,685021700,685021686,685021625,685021668,685021658,391133906,685021659,685021660,685021656,685021657,685021655,685021654,590133008,685021653,685021651,685021652,685021650,685021649,391133907,685021637,685021636,685021635,685021634,685021633,182403060,685021632,685021631,28367350,685021630,685021629,685021628,50536192,685021627,25935580,685021626,251931706,772700726,1123691897,1123691896,321872759,631147733,631147735,321872766,1136116874,1214704129,1214704130,650751253,650751252,650751245,650751244,650751241,650751240,650751231,650751229,650751220,650751217,338543892,338543888,338540139,338540154,10049755,127224849,338006563,338006571,127224860,127224855,127224869,127224881,175162320,708271458,708271460,1208061839,1208061840,1208061838,175162319,175162317,474466672,671072941,671072940,474466657,339753222,727699947,727699948,647681840,647681841,1136189351,339753220,260633592,537517254,537517255,537517256,1524070766,1524070767,537517257,537517258,537517259,477721593,477721591,477721594,477721597,477721592,477721598,477721596,477721599,477721595,477721590,477913173,477913172,477823832,477823833,477913174,477913171,477823831,477823830,477831668,477831667,793473062,793473063,647881528,647881525,647882112,647882108,478122868,993394795,993394796,478122847,478122859,478122872,478122842,478122864,478122883,478122851,478122838,478122855,478122876,478314077,478314074,478314073,478314075,478314079,478314076,478314078,478122887,695581803,695581802,450186582,450186588,285330001,428481696,428481695,426085267,427766144,427766146,427766147,427766145,426085268,285329993,426571544,426732490,426732491,426571543,426571541,426571542,427040694,427213345,427213344,427040692,1132499094,427040690,427040693,845546280,427395564,427395565,478435906,478435895,815886264,815886263,1132499101,478435897,861294485,861294486,478473634,478473626,478473630,478473615,478473628,478473624,478473627,478473623,478473631,478473629,478473622,478473616,478473618,478473635,478473621,478473612,349790612,349790611,478473610,478473620,478473613,1136116880,1136116876,478473625,478473614,478473619,478473633,478473617,478473611,1136116888,1136116886,478540228,478540237,478540227,478540233,1409705873,1409705872,1111909878,1111909877,478540244,478540247,478540235,876361736,876361737,1136116889,127224874,1410349004,1410349003,478540218,815886268,995533967,995533968,995533981,995533982,478540240,875471304,478540220,478540225,850334581,850334580,478540231,478540221,478540238,1314955872,1314955871,1314956898,1314956899,1111909881,1111909882,1111909886,1111909883,1111909888,1111909873,1111909875,1111909889,478540242,478826692,478826684,478826691,815886271,1136116900,478826685,478826680,478826670,478826675,478826683,478826674,478826687,478826676,478826671,478826677,478826689,478826678,478826690,1455767761,1455767762,148312225,252864903,252864904,241574820,1067441327,1067441328,241574819,367260098,252872779,252872777,252871718,252871719,478898544,478898552,478898543,478898540,478898547,478898538,478898548,478898553,834886078,478898551,478898546,478898541,478898549,478892697,886527109,886527110,886527123,886527124,479122036,842914132,723006562,723006563,886527139,886527140,843936842,479122035,479253952,479253947,479253944,1111678108,1111678107,479253946,479122033,892170316,892170315,479122034,479253948,479253945,479124628,479124627,815886251,815886250,1111678109,1111678110,815886247,815886246,148780871,318553178,909822520,909822519,318553181,148312226,318667589,318668816,318668815,318668817,479251187,479251188,1131519368,1131519369,999477384,999477383,314836881,314836878,479071449,479071450,35926924,1208219129,1208219128,148312236,146949224,146949212,146949217,146949218,146937619,146937616,146937633,146937623,251684869,251684870,146937615,146937610,917631337,917631336,146937632,1167904578,146937636,1124919161,1124919162,373192517,126788031,316199962,1111678123,316199964,35926918,1135136989,1189544707,1346831696,1346831697,35926953,1453563063,1453563064,1493411306,1493411305,35926993,52664481,491636525,815886260,815886259,491636526,1493411311,1493411310,223190156,223190150,223190158,223190153,211365146,211365150,211365147,211365148,52664482,632504089,632504088,211365149,632504090,632504091,632504092,483865113,632186509,632186508,483865114,127418635,160605582,160605583,160605584,770457021,770457020,489506164,489506162,52664480,130217181,130217180,130294513,130294512,1473486218,1473486217,130227076,130227079,52664485,894331205,894331206,52664484,160628049,52664483,160628042,815886258,815886257,160628047,160628041,1454681899,1454681898,815886256,1454681891,1454681892,815886255,52664490,1454675542,1454675541,52664492,52664488,815886254,52664489,1545957578,52664486,52664487,52664473,52664472,674908584,674908581,1545957576,1545957577,52664478,1548036667,146957697,146957700,146957693,52582903,52582904,52582901,700426984,700426983,52582898,110502508],"endpointSnapKm":[0.011,0.028],"coordinateCount":7352,"calculatedDistanceKm":792.47,"orientation":"Hanoi to Da Nang"},"geometry":{"type":"LineString","coordinates":[[105.8408968,21.0242302],[105.8408856,21.0231424],[105.8408789,21.0224923],[105.8408805,21.0221754],[105.8408791,21.0218186],[105.8408803,21.0216415],[105.8408776,21.0214687],[105.8408681,21.0208386],[105.8408647,21.0206201],[105.8408543,21.0199357],[105.8408466,21.0196351],[105.8408388,21.0189645],[105.8408374,21.0189301],[105.8408367,21.0188939],[105.8408334,21.018827],[105.8408324,21.0187785],[105.8408264,21.0186657],[105.8408222,21.0182634],[105.8408195,21.0181612],[105.8408291,21.0180625],[105.8408577,21.0179186],[105.8409014,21.0177494],[105.8409434,21.017621],[105.840999,21.0174318],[105.8410423,21.0173056],[105.8410847,21.0171763],[105.8411398,21.0170321],[105.8411886,21.0168795],[105.841225,21.0167846],[105.8412499,21.0167158],[105.8412864,21.0165967],[105.8413092,21.0164697],[105.8413285,21.0163418],[105.8413484,21.0162175],[105.8413505,21.0161568],[105.8413518,21.0160981],[105.8413509,21.0160823],[105.8413508,21.0160404],[105.8413514,21.0159887],[105.8413491,21.0158664],[105.8413329,21.0155619],[105.8413278,21.015319],[105.8413269,21.0152772],[105.8413338,21.0151119],[105.8413246,21.0145852],[105.8413191,21.0142372],[105.8413087,21.0137948],[105.8413082,21.0137612],[105.8413,21.0134191],[105.8412572,21.0110258],[105.8412522,21.010744],[105.8412518,21.0102719],[105.8412471,21.0100706],[105.8412374,21.0097628],[105.8412337,21.0095862],[105.8412297,21.0093069],[105.8412174,21.0088011],[105.8412135,21.0085479],[105.8412108,21.0083748],[105.8412082,21.0082543],[105.8412073,21.0078482],[105.8412,21.0075754],[105.8411998,21.0072019],[105.8411958,21.0071277],[105.8411947,21.007085],[105.8411922,21.0069615],[105.8411881,21.0067751],[105.8411779,21.0063956],[105.8411783,21.0063574],[105.8411776,21.0063248],[105.8411763,21.0062626],[105.8411586,21.0053794],[105.8411577,21.0051676],[105.8411553,21.0050726],[105.8411467,21.0047379],[105.8411411,21.0044447],[105.8411378,21.0042493],[105.8411349,21.0042022],[105.8411359,21.0041402],[105.8411216,21.0034053],[105.8411216,21.0033444],[105.8410927,21.0019238],[105.841091,21.0017584],[105.8410885,21.0015956],[105.8410874,21.0014305],[105.8410953,21.0012649],[105.8411201,21.0009303],[105.8411313,21.0007528],[105.8411346,21.0005757],[105.8411308,21.0003818],[105.8411309,21.000228],[105.8411257,21.0000608],[105.8411201,20.9998685],[105.8410924,20.9994277],[105.8410747,20.9991448],[105.8410652,20.9987396],[105.841064,20.99856],[105.8410623,20.9984862],[105.8410621,20.9979761],[105.8410601,20.9976956],[105.841056,20.9973481],[105.8410535,20.9972134],[105.841048,20.997096],[105.8410519,20.9969879],[105.8410534,20.9969477],[105.8410517,20.9968485],[105.8410382,20.9960433],[105.8410274,20.9953405],[105.8410084,20.9937288],[105.8410057,20.9935187],[105.8410025,20.9932835],[105.8409956,20.9930161],[105.8409856,20.9927488],[105.8409651,20.9924055],[105.8409588,20.9923006],[105.8409511,20.9921549],[105.8409481,20.9920089],[105.8409382,20.9916972],[105.8409365,20.9916426],[105.840936,20.9916058],[105.840933,20.9914643],[105.8409301,20.9914037],[105.8409232,20.9908644],[105.8409068,20.9897739],[105.8409014,20.9893569],[105.8408818,20.9879693],[105.8408775,20.9876961],[105.8408697,20.9872967],[105.8408636,20.9869007],[105.8408548,20.9863556],[105.8408538,20.9861228],[105.8408523,20.9860549],[105.8408568,20.9857901],[105.8408433,20.9854286],[105.8408439,20.9853552],[105.8408435,20.9851383],[105.8408431,20.9851262],[105.8408059,20.9830071],[105.8407815,20.9815565],[105.8407657,20.98044],[105.8407653,20.9804126],[105.8407511,20.9796993],[105.8407478,20.9794268],[105.8407343,20.978534],[105.8407254,20.9776079],[105.8407124,20.9759494],[105.8407056,20.9754686],[105.840705,20.9754292],[105.8407051,20.9752192],[105.8406538,20.9726954],[105.8406544,20.9726676],[105.8406485,20.9723838],[105.8406442,20.9722175],[105.84066,20.9720699],[105.840672,20.9719516],[105.8406918,20.971837],[105.8407184,20.971723],[105.8407493,20.9716098],[105.8408077,20.971384],[105.8409568,20.9708617],[105.840969,20.9708191],[105.8409799,20.970781],[105.8410094,20.9706777],[105.841119,20.9702782],[105.8411339,20.9702251],[105.8411529,20.9701522],[105.8413535,20.9694195],[105.8415117,20.9688524],[105.8415707,20.968634],[105.841626,20.9684052],[105.8416667,20.9681806],[105.8417008,20.9679538],[105.8417273,20.9677304],[105.8417483,20.9675129],[105.8417498,20.9674617],[105.8417541,20.9670473],[105.8417566,20.9660086],[105.8417545,20.9659526],[105.8417544,20.9659006],[105.8417535,20.9655776],[105.8417519,20.965488],[105.841753,20.9654276],[105.8417551,20.9651696],[105.8417742,20.9642399],[105.8417756,20.963405],[105.8417651,20.9626489],[105.8417638,20.962604],[105.8417586,20.962419],[105.841753,20.9622574],[105.8417547,20.9621689],[105.8417593,20.962046],[105.8417725,20.9618828],[105.8417894,20.9617463],[105.8418025,20.9615969],[105.8418198,20.9614477],[105.8418359,20.9613343],[105.8418545,20.9612211],[105.8418755,20.9611084],[105.841899,20.960996],[105.8419727,20.9606315],[105.8419798,20.9605965],[105.8422177,20.9594227],[105.842345,20.9589015],[105.8424198,20.95847],[105.8424251,20.9584395],[105.8424947,20.9581605],[105.8426148,20.9575434],[105.8426798,20.9572851],[105.8427149,20.9570936],[105.84274,20.9569574],[105.8428043,20.9566607],[105.8428726,20.9563793],[105.8428859,20.9563202],[105.8429596,20.9559927],[105.8430265,20.955701],[105.8431231,20.9552472],[105.8432896,20.9544656],[105.843389,20.9539599],[105.8434738,20.9535538],[105.8435051,20.9533887],[105.8435589,20.9530938],[105.8436294,20.9527774],[105.8436724,20.9526436],[105.8437058,20.9525133],[105.8437328,20.9523787],[105.8437416,20.9523308],[105.8437658,20.9522104],[105.8437716,20.9521704],[105.843807,20.9520016],[105.8438307,20.9518236],[105.8438442,20.9517259],[105.8438949,20.9513915],[105.8438998,20.9513586],[105.843943,20.9509673],[105.8439593,20.9508328],[105.8439632,20.9507625],[105.8439853,20.9506349],[105.8440279,20.9503847],[105.8440559,20.9501109],[105.8440743,20.9499583],[105.8440883,20.9498229],[105.8441103,20.9496793],[105.8441355,20.9495103],[105.8441424,20.949431],[105.8441486,20.9493574],[105.8441497,20.9493393],[105.8441508,20.9493208],[105.8441475,20.9492161],[105.8441458,20.9491919],[105.8441483,20.949174],[105.8441503,20.9491381],[105.8441465,20.9490173],[105.84415,20.9489204],[105.844152,20.9488534],[105.8441499,20.948732],[105.8441485,20.948651],[105.8441466,20.9485573],[105.8441476,20.9484321],[105.8441475,20.9483252],[105.8441516,20.9482672],[105.8441457,20.9481801],[105.8441453,20.9480832],[105.8441422,20.9480153],[105.8441389,20.9479108],[105.8441396,20.9478541],[105.8441394,20.9477965],[105.8441387,20.9477266],[105.8441487,20.9476269],[105.8441474,20.9475349],[105.8441475,20.9474576],[105.8441506,20.9473858],[105.8441479,20.9472932],[105.8441444,20.9471865],[105.8441061,20.9463904],[105.8441045,20.9463575],[105.8440896,20.9461814],[105.8440748,20.9459767],[105.8440583,20.9457487],[105.843948,20.9444379],[105.8438453,20.9430165],[105.843777,20.9421544],[105.8437435,20.9417316],[105.8437209,20.9414593],[105.8437172,20.9414149],[105.8437027,20.9412404],[105.843688,20.9410755],[105.8436821,20.9409102],[105.843685,20.9407447],[105.8436986,20.9405615],[105.8437229,20.9403793],[105.8437579,20.9401985],[105.8437931,20.9400497],[105.8438596,20.9398439],[105.8439301,20.9396612],[105.8440095,20.9394642],[105.8440652,20.9393261],[105.844575,20.9380667],[105.8446015,20.9379962],[105.8460444,20.9343885],[105.8463231,20.9337112],[105.8464564,20.9333962],[105.846806,20.9325292],[105.8470965,20.9318087],[105.8471891,20.9315695],[105.8474952,20.9307785],[105.8485271,20.9282608],[105.8486602,20.9279879],[105.8487374,20.9278276],[105.8491837,20.9270419],[105.849378,20.926722],[105.8494841,20.9265449],[105.850145,20.9254626],[105.8505723,20.9246803],[105.8507178,20.9244139],[105.8507403,20.9243728],[105.851067,20.9238523],[105.8511188,20.9237701],[105.8518171,20.9225645],[105.851963,20.9223159],[105.852066,20.9221155],[105.8521261,20.921891],[105.8522002,20.9216705],[105.8522284,20.9215781],[105.8522618,20.9213288],[105.8522618,20.9207836],[105.8522648,20.9206979],[105.852275,20.919609],[105.8522732,20.9194024],[105.8522741,20.9187026],[105.8522718,20.9184864],[105.8522756,20.9174931],[105.8522774,20.9165283],[105.8522764,20.9148313],[105.8522887,20.9133098],[105.8523032,20.9127876],[105.8523103,20.9125749],[105.852345,20.9119726],[105.8524304,20.9103265],[105.8525309,20.9085789],[105.8525481,20.9082194],[105.8525973,20.9072253],[105.8526899,20.9054661],[105.8527186,20.9050074],[105.8527715,20.904633],[105.8528127,20.9043476],[105.8529107,20.903896],[105.8529346,20.9038232],[105.8531284,20.903092],[105.8534201,20.9020158],[105.8536441,20.9011727],[105.854016,20.8998677],[105.8544545,20.8984806],[105.8546254,20.898042],[105.8549433,20.8969504],[105.8553983,20.8955147],[105.8554035,20.8955053],[105.8555179,20.8952234],[105.8557265,20.8945655],[105.8558172,20.894277],[105.8558957,20.8940007],[105.8562697,20.8927564],[105.8565652,20.8919158],[105.8570716,20.8903361],[105.8576035,20.8886888],[105.8577496,20.8882351],[105.858299,20.8865271],[105.8584535,20.8860139],[105.858505,20.8857252],[105.8585822,20.885244],[105.8586501,20.8844386],[105.8586836,20.8842081],[105.8587711,20.8836522],[105.8588312,20.8832593],[105.8588642,20.8830171],[105.8589169,20.8827741],[105.8589419,20.8826454],[105.8589684,20.8825095],[105.8590199,20.882325],[105.8590886,20.8821085],[105.8592088,20.8818198],[105.8594491,20.8813387],[105.8597924,20.8808174],[105.859848,20.8806878],[105.8605563,20.8795503],[105.8610902,20.8786276],[105.8614575,20.8781229],[105.8619038,20.877337],[105.8620004,20.8771485],[105.8621442,20.8767615],[105.8622793,20.8764041],[105.862413,20.8760312],[105.8624883,20.8758241],[105.8625308,20.875747],[105.8627191,20.8752635],[105.8628266,20.8749964],[105.8630024,20.8745837],[105.8631949,20.8740879],[105.8632123,20.874043],[105.8633299,20.873736],[105.8634114,20.8734635],[105.8634198,20.8734352],[105.8636309,20.8728993],[105.8636489,20.8728537],[105.863796,20.8724803],[105.8638992,20.8722183],[105.8639926,20.8719804],[105.8643702,20.8710353],[105.8646275,20.8703304],[105.8647136,20.8700946],[105.8647303,20.8700576],[105.8648551,20.8697817],[105.8648689,20.8697526],[105.8649758,20.8695279],[105.8650133,20.8694372],[105.8650693,20.8693079],[105.8652035,20.8688966],[105.8653071,20.8685793],[105.8653131,20.8685247],[105.8658131,20.8670963],[105.8660869,20.8663109],[105.8661064,20.8662524],[105.8668432,20.8640697],[105.8668777,20.863952],[105.8673588,20.8625336],[105.8678067,20.8611926],[105.8683964,20.859368],[105.8697584,20.8554577],[105.8698976,20.854931],[105.8699548,20.8547548],[105.8702155,20.8538623],[105.8709083,20.850875],[105.871008,20.850333],[105.8725653,20.8433738],[105.8728452,20.8422895],[105.8728907,20.8420876],[105.8734685,20.8397333],[105.8735919,20.8391796],[105.8738975,20.8378383],[105.8740128,20.8373738],[105.8740954,20.837124],[105.8741887,20.836899],[105.8744719,20.8364142],[105.874974,20.8355098],[105.876107,20.8334752],[105.8763821,20.8330073],[105.8773503,20.8312866],[105.8777815,20.8305342],[105.8793602,20.8276732],[105.8806327,20.8254708],[105.8816246,20.823714],[105.8832477,20.820817],[105.8833255,20.8205645],[105.8833753,20.8203968],[105.8834651,20.8201704],[105.8835509,20.8196464],[105.8835584,20.8195901],[105.8835894,20.8187282],[105.8835569,20.8183842],[105.8835501,20.8183193],[105.883542,20.8180723],[105.8834369,20.8151543],[105.8834353,20.8150818],[105.8833659,20.8133059],[105.8833635,20.8132401],[105.883323,20.8122353],[105.883323,20.8115606],[105.8833945,20.8108764],[105.883629,20.809377],[105.8838782,20.8079003],[105.8839345,20.8072923],[105.8839289,20.8070134],[105.8838465,20.8060649],[105.8838044,20.8054683],[105.8837857,20.8051591],[105.8837856,20.8050069],[105.8838033,20.8044884],[105.8838192,20.8040253],[105.8838232,20.8039231],[105.8838452,20.8037007],[105.8838559,20.8036289],[105.8838751,20.8034545],[105.8839008,20.803336],[105.8839194,20.8032438],[105.88393,20.8032037],[105.8839747,20.8030515],[105.8840345,20.8028771],[105.8841168,20.8026762],[105.8841884,20.8025162],[105.8842444,20.8024058],[105.8843657,20.8021623],[105.8844341,20.8020251],[105.8844649,20.8019542],[105.8845859,20.8016733],[105.8846357,20.8015587],[105.8847046,20.8014001],[105.8851272,20.8004822],[105.8852628,20.8001744],[105.8853359,20.8000163],[105.8854434,20.7997811],[105.8857304,20.7991157],[105.8858588,20.798818],[105.8859989,20.7984931],[105.8861231,20.7982052],[105.8861924,20.7980433],[105.8862252,20.7979601],[105.886476,20.7974445],[105.8866447,20.7970389],[105.886714,20.7968788],[105.8867917,20.796724],[105.8868736,20.7965425],[105.88703,20.7961745],[105.8870976,20.7960402],[105.8873954,20.7953653],[105.8875874,20.7949239],[105.8879193,20.7942832],[105.8889384,20.7927069],[105.8897591,20.7915065],[105.8899431,20.7910198],[105.8901301,20.7905253],[105.8902757,20.7901806],[105.8903625,20.7899556],[105.8904909,20.7896464],[105.8905481,20.7895075],[105.8906799,20.7891787],[105.8907479,20.7890453],[105.8909425,20.7886057],[105.8911342,20.7881238],[105.8917193,20.7866534],[105.8918605,20.7863432],[105.8918996,20.786241],[105.8922815,20.7853413],[105.8925227,20.7846719],[105.8927102,20.7842757],[105.8933545,20.7826267],[105.8934764,20.7824067],[105.8942592,20.7803748],[105.8950564,20.7782448],[105.8950651,20.7782217],[105.895405,20.7773901],[105.8956613,20.7767022],[105.8958642,20.7763476],[105.8961392,20.7759805],[105.8965072,20.7756382],[105.8974127,20.7749632],[105.8978803,20.774592],[105.8982407,20.7742001],[105.8986105,20.7737603],[105.8989474,20.7733357],[105.8992743,20.7729322],[105.8994938,20.772646],[105.8996304,20.7724771],[105.8996878,20.772402],[105.8999988,20.7720083],[105.9006077,20.7714018],[105.9007404,20.7712836],[105.9015541,20.7706073],[105.9020832,20.7701534],[105.9021458,20.7700899],[105.9025118,20.7697739],[105.9038471,20.7686886],[105.9039486,20.7685848],[105.9044635,20.7681459],[105.9048888,20.767747],[105.9050874,20.7675199],[105.9055403,20.7669924],[105.9056052,20.7669099],[105.9060889,20.7662395],[105.9065603,20.7655684],[105.906715,20.7653564],[105.906829,20.7652188],[105.9068976,20.7651248],[105.9069412,20.7650787],[105.9070126,20.7649779],[105.9076858,20.7640671],[105.9083976,20.7632439],[105.9097244,20.7616735],[105.9097508,20.7616467],[105.9098766,20.7614996],[105.9109214,20.7603571],[105.9112853,20.7599192],[105.911405,20.7597842],[105.911792,20.75916],[105.9118993,20.7588734],[105.9120006,20.7584222],[105.9120076,20.7581033],[105.9120025,20.7577618],[105.9119162,20.7566736],[105.9118665,20.7557524],[105.9118394,20.7556165],[105.911767,20.7546141],[105.9117194,20.7542029],[105.9116324,20.7537207],[105.9111495,20.7521497],[105.910888,20.7513521],[105.9108181,20.7509965],[105.9108116,20.7509182],[105.9107469,20.7504484],[105.9108011,20.7496894],[105.9108355,20.7491439],[105.9109347,20.7486234],[105.9111262,20.7480097],[105.9116303,20.7464351],[105.9121811,20.7447739],[105.9122995,20.7444507],[105.9123693,20.7442599],[105.9125313,20.7437942],[105.9130342,20.7423642],[105.9132511,20.7416794],[105.9132622,20.7416197],[105.9132998,20.7414179],[105.9133206,20.7411865],[105.9132708,20.7406066],[105.9130805,20.7392294],[105.9130746,20.7391865],[105.9130365,20.7388768],[105.9130061,20.7386289],[105.9127947,20.7369077],[105.9127796,20.7367846],[105.9125652,20.7351225],[105.9125209,20.7347794],[105.9124928,20.7345787],[105.9124878,20.7345358],[105.9124669,20.7343578],[105.9124306,20.7340893],[105.9124086,20.7338401],[105.9123936,20.733691],[105.9123875,20.7335279],[105.9123858,20.7334821],[105.9123414,20.7322275],[105.9123334,20.7291316],[105.9123492,20.7268143],[105.9123538,20.7240924],[105.9123464,20.7233162],[105.9122912,20.7226987],[105.9122023,20.7223403],[105.9121203,20.7221248],[105.9115447,20.7209294],[105.91103,20.719848],[105.9107668,20.719222],[105.9107317,20.7190716],[105.9106576,20.7185069],[105.9106674,20.7155718],[105.9106659,20.7153661],[105.9107001,20.7121649],[105.9107666,20.7102789],[105.9107687,20.7101896],[105.9106861,20.7089691],[105.9105943,20.7084533],[105.9101606,20.7054137],[105.9101418,20.7050382],[105.9101606,20.7046394],[105.9102905,20.7033277],[105.9105821,20.7000277],[105.9107802,20.6970663],[105.9109036,20.6962633],[105.9109362,20.6959905],[105.9110528,20.6953167],[105.9111011,20.6949428],[105.9113836,20.6936807],[105.9115141,20.6924233],[105.9116299,20.6920778],[105.9117313,20.6907489],[105.91179,20.6895931],[105.9119048,20.6882805],[105.9120463,20.6866505],[105.912156,20.6855569],[105.9122428,20.6844758],[105.9123459,20.6832621],[105.9124761,20.6817869],[105.9125534,20.6811138],[105.9126985,20.680453],[105.9132742,20.6784183],[105.91467,20.6731498],[105.9147112,20.6729276],[105.9155199,20.6699142],[105.9165015,20.6662561],[105.9174554,20.6625049],[105.9179128,20.6606595],[105.9179853,20.6601392],[105.918007,20.6596008],[105.918024,20.6584273],[105.9180221,20.6576128],[105.9180207,20.6562133],[105.9180349,20.6552141],[105.9180297,20.6504221],[105.9180541,20.6462976],[105.9180808,20.644438],[105.9180953,20.6434909],[105.9181115,20.6431644],[105.9181396,20.6428793],[105.9181882,20.6425894],[105.9181954,20.6425595],[105.9182528,20.6423205],[105.9182883,20.6421724],[105.9182963,20.6421384],[105.9184391,20.6415291],[105.9184461,20.6414991],[105.918483,20.6413415],[105.9184876,20.6413218],[105.9185312,20.6411357],[105.9188029,20.6399766],[105.9190602,20.638904],[105.919211,20.6382754],[105.9193173,20.6378149],[105.9193987,20.6374622],[105.9194359,20.6373009],[105.9194448,20.6372622],[105.9194942,20.6370482],[105.9195858,20.6365619],[105.9196806,20.6361596],[105.9209107,20.6309404],[105.9214284,20.628819],[105.9228608,20.6227199],[105.9233332,20.6206997],[105.9238621,20.6186753],[105.9238763,20.6186209],[105.9246183,20.6156351],[105.9246337,20.6155731],[105.9254021,20.6126219],[105.9255444,20.6120382],[105.9257023,20.6113909],[105.9257453,20.611224],[105.9257607,20.6111712],[105.9259753,20.6102787],[105.9259982,20.6101833],[105.926163,20.6095815],[105.9266886,20.6076245],[105.9270263,20.6061319],[105.9271648,20.6053141],[105.9275697,20.6029699],[105.9277916,20.6017193],[105.9279068,20.6005053],[105.9280541,20.5983309],[105.9280935,20.5975322],[105.9280625,20.5968654],[105.9279296,20.5962044],[105.9277004,20.5951769],[105.9275571,20.5945253],[105.9273251,20.5934813],[105.9272384,20.592926],[105.9272312,20.5924214],[105.9272742,20.5918677],[105.9273218,20.5909771],[105.9273395,20.5902494],[105.927344,20.5887429],[105.9275346,20.5850891],[105.9275756,20.5844642],[105.9276376,20.5833213],[105.9275816,20.5825796],[105.9271045,20.5801201],[105.9262633,20.5762609],[105.9255632,20.5726444],[105.925553,20.5725704],[105.9255362,20.5725052],[105.9255148,20.5723783],[105.9254983,20.5723092],[105.9253398,20.5717169],[105.9251624,20.5712065],[105.9232673,20.5666938],[105.9222978,20.5640047],[105.9219267,20.5629937],[105.9215733,20.5620311],[105.9213447,20.5614265],[105.920077,20.5580882],[105.9195441,20.5567464],[105.9189149,20.5553254],[105.9187144,20.5548217],[105.9184609,20.5539939],[105.9183127,20.5535766],[105.918063,20.5530179],[105.9172172,20.5513577],[105.9171937,20.5513034],[105.9170565,20.5510419],[105.9169725,20.5508805],[105.9169344,20.5508014],[105.9168979,20.5507272],[105.9168367,20.5506183],[105.9167593,20.5504532],[105.9167278,20.5503964],[105.9167091,20.5503456],[105.9166144,20.5501558],[105.916571,20.5500799],[105.9165243,20.5499832],[105.9164937,20.5499231],[105.9164831,20.5498954],[105.9164593,20.5498593],[105.916438,20.5498144],[105.9163746,20.5496833],[105.9163498,20.5496381],[105.9163173,20.549569],[105.9162745,20.5494816],[105.9162575,20.5494377],[105.9161779,20.549296],[105.9159911,20.5489394],[105.9152642,20.5474235],[105.9150314,20.5469887],[105.9149649,20.5468403],[105.9148817,20.5466547],[105.914774,20.5464106],[105.9146976,20.5462374],[105.9143061,20.5454879],[105.9142916,20.5454673],[105.9140213,20.5449594],[105.9139903,20.544903],[105.913828,20.5446079],[105.913785,20.5444811],[105.913575,20.5438623],[105.9135376,20.5434703],[105.9135155,20.5430782],[105.9134839,20.5423535],[105.9134622,20.5420079],[105.9134148,20.5413003],[105.9133693,20.5405986],[105.9133611,20.5404419],[105.9132793,20.5390504],[105.9132443,20.5385664],[105.9131643,20.5374606],[105.913164,20.5369551],[105.9132037,20.536356],[105.9132982,20.5353566],[105.9133263,20.5351639],[105.9134393,20.5346773],[105.9135295,20.5344467],[105.9137305,20.534089],[105.9139424,20.5338187],[105.9141093,20.5336388],[105.9143383,20.5334261],[105.914586,20.5332171],[105.9146984,20.5331354],[105.9147688,20.5330954],[105.9148522,20.5330513],[105.914963,20.532993],[105.9150575,20.5329426],[105.9151721,20.5328903],[105.9153121,20.5328161],[105.9154339,20.532755],[105.9154961,20.5327252],[105.9157248,20.5326232],[105.9158735,20.5325511],[105.915998,20.5324911],[105.9160702,20.5324565],[105.9162114,20.5323877],[105.9163094,20.5323398],[105.9164366,20.5322807],[105.9165913,20.5322023],[105.9166805,20.5321609],[105.9167316,20.5321367],[105.9167787,20.5321144],[105.9168552,20.5320774],[105.9169553,20.5320307],[105.9170123,20.5320027],[105.9170651,20.5319795],[105.9171852,20.5319204],[105.9172474,20.5318911],[105.9173624,20.5318336],[105.9175605,20.531734],[105.9186848,20.5311887],[105.9196487,20.5307174],[105.9213701,20.5299074],[105.9227761,20.5292519],[105.9253349,20.5281067],[105.9256005,20.5279944],[105.9257914,20.5279115],[105.9264378,20.5276279],[105.92661,20.527558],[105.926717,20.5275065],[105.9275454,20.5271257],[105.9299188,20.5260615],[105.9312719,20.5254266],[105.9315986,20.5252834],[105.93169,20.5252434],[105.932113,20.525058],[105.9325555,20.5248791],[105.9335554,20.5244374],[105.9348874,20.523875],[105.9357481,20.5234686],[105.9383208,20.5222543],[105.9386208,20.5221138],[105.9427799,20.5201988],[105.9440504,20.5196228],[105.9441577,20.5195745],[105.9478372,20.5179206],[105.9493328,20.5172491],[105.9516104,20.5161847],[105.9518745,20.5160613],[105.9521491,20.5158684],[105.9541802,20.5144274],[105.9544252,20.5142648],[105.9552338,20.5136938],[105.9555429,20.5134561],[105.9556923,20.5133389],[105.9558554,20.5132124],[105.9562743,20.5129277],[105.9563091,20.5128999],[105.9566156,20.5126869],[105.9567193,20.5125854],[105.9568171,20.5125753],[105.9568192,20.5125252],[105.9568891,20.5124704],[105.9570611,20.5123526],[105.9579826,20.5116998],[105.9580097,20.5116763],[105.9581539,20.5115721],[105.9581982,20.5115329],[105.9582711,20.5114897],[105.9583954,20.5113916],[105.9588968,20.511035],[105.9589346,20.5110082],[105.9592364,20.5107808],[105.9597763,20.5104101],[105.9602216,20.5100922],[105.9604129,20.5099423],[105.9605169,20.5098618],[105.9612223,20.5093506],[105.961238,20.5093392],[105.9612626,20.5093496],[105.9619339,20.5088392],[105.9620763,20.5087434],[105.9621445,20.5086857],[105.9622144,20.5086445],[105.9623771,20.5085296],[105.9626304,20.5083405],[105.9628003,20.5082102],[105.9629355,20.5081145],[105.9630354,20.5080353],[105.963143,20.5079556],[105.9632633,20.5078765],[105.9633773,20.5077875],[105.9635023,20.5077088],[105.9636022,20.5076607],[105.9636993,20.5075699],[105.963864,20.5074555],[105.9639717,20.5073712],[105.9641455,20.5072502],[105.9642607,20.5071565],[105.9644081,20.5070345],[105.9645492,20.5069387],[105.9647281,20.5068216],[105.9648436,20.5067246],[105.964949,20.5066566],[105.965197,20.5064743],[105.9654848,20.5062792],[105.9655487,20.5062372],[105.9656235,20.5061814],[105.9657049,20.5061253],[105.9660425,20.5058984],[105.9661963,20.5057808],[105.9663715,20.5056602],[105.9664512,20.5056028],[105.966509,20.5055863],[105.9665722,20.5055175],[105.9667295,20.5053976],[105.9670467,20.5051737],[105.9674828,20.5048547],[105.9696613,20.5032951],[105.971666,20.5018615],[105.9722427,20.5014246],[105.9730884,20.5008405],[105.9736264,20.5005022],[105.9737858,20.5004295],[105.97382,20.5004096],[105.9747408,20.5000543],[105.9748725,20.5000157],[105.9750049,20.499973],[105.9751912,20.4999203],[105.9755185,20.4998281],[105.9758758,20.4996981],[105.9763464,20.499548],[105.9771171,20.4992832],[105.9780729,20.4989399],[105.9793181,20.4985641],[105.9793594,20.4985602],[105.9817737,20.4978657],[105.9833895,20.4973354],[105.9838221,20.4972052],[105.9842491,20.4970896],[105.9844476,20.4970242],[105.9844952,20.4969977],[105.9866575,20.4963506],[105.9892464,20.4955711],[105.9897155,20.4954565],[105.9897574,20.4954202],[105.989911,20.4953722],[105.9905773,20.4951818],[105.9907632,20.4951266],[105.9908577,20.4950856],[105.9916593,20.4948536],[105.991707,20.4948434],[105.9920215,20.494734],[105.9925303,20.4945885],[105.9927368,20.4945235],[105.9930975,20.4944198],[105.9937555,20.4942439],[105.9946789,20.4939386],[105.9951636,20.4937984],[105.9954558,20.4937057],[105.9960514,20.493556],[105.9969127,20.4933147],[105.9971231,20.4932534],[105.9973383,20.4931882],[105.9981042,20.492954],[105.998526,20.4928058],[105.9986496,20.4927645],[105.9989305,20.4926704],[105.9992967,20.4925619],[105.9995457,20.4924824],[105.9996828,20.4924452],[105.9998855,20.4923858],[106.0000254,20.4923449],[106.0001233,20.4923146],[106.0004039,20.4922351],[106.0008054,20.4921109],[106.0009785,20.4920584],[106.0014162,20.4919184],[106.0016454,20.4918597],[106.0018693,20.4917832],[106.0020198,20.4917502],[106.002103,20.4917253],[106.0022081,20.4916856],[106.0023309,20.4916423],[106.0025815,20.4915696],[106.0027896,20.4915144],[106.0029342,20.4914655],[106.0030511,20.4914203],[106.003169,20.4913955],[106.0033166,20.4913476],[106.0037352,20.4912202],[106.0039587,20.491146],[106.0041179,20.4911116],[106.0043022,20.4910596],[106.0045749,20.4909753],[106.0051874,20.4907821],[106.0057087,20.4906272],[106.006201,20.4904756],[106.0107538,20.4891412],[106.0134886,20.4882933],[106.014468,20.4880284],[106.0176108,20.4871033],[106.0194971,20.4865151],[106.0218162,20.4858736],[106.0226516,20.4855798],[106.0231305,20.4854226],[106.0232149,20.4853951],[106.024096,20.4851276],[106.024151,20.4851175],[106.0242459,20.4850902],[106.0244031,20.4850534],[106.0253406,20.4847857],[106.0255297,20.4847167],[106.0258247,20.484615],[106.026278,20.4844693],[106.0263358,20.4844465],[106.0276227,20.4839759],[106.0281697,20.4837504],[106.0283702,20.4836789],[106.0286606,20.4835488],[106.0287913,20.483459],[106.0289777,20.4833799],[106.0290972,20.4833105],[106.0294551,20.4830946],[106.0298253,20.482807],[106.0303591,20.482371],[106.0307754,20.4820313],[106.0308762,20.4819624],[106.0309589,20.4818896],[106.0310818,20.4817921],[106.0319566,20.4811058],[106.0321204,20.4809669],[106.0321507,20.4809503],[106.0323532,20.4807996],[106.0325852,20.4805998],[106.0345353,20.4788385],[106.0385549,20.4754178],[106.0386162,20.4753658],[106.0424343,20.4721238],[106.0439863,20.470806],[106.04412,20.4706857],[106.044214,20.4706014],[106.044293,20.47054],[106.0450038,20.4699306],[106.0464102,20.468776],[106.0469244,20.4683487],[106.0472583,20.4680364],[106.0481796,20.4672519],[106.0484919,20.4670092],[106.0485735,20.4669458],[106.0492646,20.4664087],[106.0496888,20.4660391],[106.0511827,20.4647375],[106.0514786,20.4644798],[106.0517585,20.4642432],[106.0517752,20.464229],[106.0536962,20.4626005],[106.0540329,20.462312],[106.0553358,20.4612258],[106.0562528,20.460415],[106.0579643,20.4590018],[106.0588708,20.4582011],[106.0593509,20.4577854],[106.0622452,20.4553907],[106.0622664,20.4553725],[106.0632842,20.4544959],[106.0652636,20.4528121],[106.0654753,20.4526305],[106.0670651,20.4513119],[106.068113,20.4503685],[106.0692637,20.4493982],[106.0701679,20.4486226],[106.0710509,20.4479216],[106.0715122,20.4476603],[106.0718046,20.4474944],[106.0723356,20.4472833],[106.0731242,20.4470195],[106.0745592,20.4466098],[106.0754771,20.4463626],[106.0771636,20.4459061],[106.0801863,20.4450914],[106.0805602,20.4449747],[106.0815664,20.4446777],[106.0827186,20.4443224],[106.0829182,20.4442698],[106.0830457,20.4442247],[106.0847709,20.4437882],[106.0858252,20.4435164],[106.0860838,20.4434126],[106.0862338,20.443374],[106.0865572,20.4432849],[106.0872098,20.4431053],[106.0873345,20.4430786],[106.087486,20.4430341],[106.089312,20.4424942],[106.0898892,20.4423388],[106.0904546,20.4421913],[106.0922316,20.4417294],[106.092876,20.4415104],[106.0935585,20.4413859],[106.0941665,20.4413059],[106.0944183,20.4412591],[106.0946087,20.4412285],[106.0954204,20.4411686],[106.0959364,20.4410982],[106.0986991,20.4407714],[106.1013906,20.4403841],[106.1036513,20.440082],[106.1051906,20.4399728],[106.1052668,20.4399661],[106.106102,20.4399018],[106.1070622,20.4399169],[106.1073626,20.4399517],[106.1080171,20.4400275],[106.1092128,20.4402315],[106.1107851,20.4404497],[106.1129106,20.4407885],[106.1130487,20.4408153],[106.1140467,20.4410077],[106.116285,20.4413724],[106.1166118,20.4414301],[106.1172414,20.4415377],[106.1187044,20.4417828],[106.1193168,20.4418857],[106.1206067,20.4420931],[106.1211387,20.4421625],[106.121599,20.4422211],[106.1221791,20.4422895],[106.1233313,20.4424757],[106.1234918,20.4425087],[106.1246843,20.4427016],[106.1256714,20.4428575],[106.1264411,20.442948],[106.1267107,20.4429743],[106.1268718,20.4430015],[106.1274953,20.4430057],[106.1287264,20.4430108],[106.1289786,20.4429957],[106.1294905,20.4429393],[106.129733,20.4429073],[106.1299843,20.4428417],[106.1302136,20.4427562],[106.1305321,20.4426621],[106.1307151,20.4426082],[106.1311556,20.4424511],[106.1316712,20.442232],[106.1321353,20.4419728],[106.132159,20.4419588],[106.1324522,20.4417815],[106.1330348,20.4413419],[106.1364384,20.4385785],[106.1388054,20.4366861],[106.1396941,20.4359728],[106.1400833,20.4357083],[106.1405511,20.4354621],[106.1412445,20.4352222],[106.1451855,20.4343272],[106.1452983,20.4342946],[106.1455712,20.4342318],[106.1458525,20.4341776],[106.1459886,20.4341399],[106.1460669,20.4341217],[106.1461897,20.4340894],[106.1462976,20.4340684],[106.146414,20.4340424],[106.1466583,20.4339897],[106.1467821,20.4339629],[106.1468594,20.433949],[106.1469376,20.4339383],[106.1470188,20.4339115],[106.1471018,20.4338995],[106.1471664,20.4338829],[106.1472262,20.4338683],[106.1474507,20.4338259],[106.1475741,20.4337945],[106.1476963,20.4337601],[106.1480757,20.4336817],[106.1486721,20.4335572],[106.1492166,20.4334325],[106.1494659,20.4333797],[106.1496125,20.4333522],[106.149793,20.4333005],[106.1498368,20.433288],[106.1501444,20.4332128],[106.1504367,20.4331531],[106.150896,20.4330573],[106.1509954,20.4330206],[106.1512089,20.432971],[106.1513007,20.4329478],[106.1516868,20.432855],[106.1519147,20.4328078],[106.1522234,20.4327324],[106.1523558,20.4327465],[106.1550779,20.4320621],[106.1562098,20.4317665],[106.1565935,20.4316241],[106.1567985,20.4315282],[106.1572258,20.4312755],[106.1573821,20.4311773],[106.1575172,20.4310746],[106.1580875,20.4305687],[106.1596304,20.4290073],[106.1603268,20.4282736],[106.1608338,20.4277336],[106.1609551,20.4276148],[106.1610584,20.4275169],[106.1612194,20.4273562],[106.1612834,20.4272936],[106.1614413,20.427133],[106.1617163,20.4268533],[106.1618782,20.4266886],[106.1621183,20.4264444],[106.1623048,20.4262547],[106.1625042,20.4260367],[106.162782,20.4257659],[106.162909,20.42562],[106.163172,20.4253116],[106.1632104,20.4252479],[106.1633531,20.4249393],[106.1633897,20.4248223],[106.1634534,20.4245876],[106.163494,20.4243869],[106.1637489,20.4232732],[106.1641262,20.4214424],[106.164135,20.4213996],[106.1645279,20.4195551],[106.1646014,20.4191845],[106.1646416,20.418881],[106.1647705,20.4183398],[106.1648788,20.4176401],[106.1648362,20.417055],[106.1647913,20.4167803],[106.1646872,20.4164499],[106.1644365,20.4159555],[106.1642435,20.4156468],[106.1639781,20.4153606],[106.1632153,20.4146385],[106.1628668,20.4143263],[106.162848,20.4143045],[106.162781,20.4142512],[106.162588,20.4140762],[106.1625322,20.4140249],[106.1624781,20.4139752],[106.1623802,20.4138851],[106.162341,20.413849],[106.1622838,20.4137964],[106.1622196,20.4137374],[106.1621565,20.4136793],[106.1620606,20.4135911],[106.1620141,20.4135483],[106.1619623,20.4135006],[106.1618879,20.4134322],[106.1618183,20.4133682],[106.1617557,20.4133106],[106.1616986,20.4132581],[106.1616505,20.4132138],[106.1615935,20.4131614],[106.1615599,20.4131305],[106.1615029,20.4130781],[106.1614287,20.4130098],[106.1613837,20.4129638],[106.1613259,20.4129162],[106.1612792,20.4128723],[106.1612459,20.4128416],[106.1612033,20.4128024],[106.1611557,20.4127586],[106.1611091,20.4127158],[106.1610647,20.4126749],[106.1610542,20.4126676],[106.1610112,20.4126258],[106.1609543,20.4125734],[106.1608891,20.4125134],[106.1608423,20.4124704],[106.1607834,20.4124163],[106.1607188,20.4123568],[106.1606603,20.412303],[106.1606128,20.4122593],[106.1605477,20.4121993],[106.160501,20.4121564],[106.1604241,20.4120857],[106.1593452,20.4111035],[106.1589838,20.4107625],[106.1587314,20.4105293],[106.1586702,20.4104726],[106.1586035,20.4104201],[106.1585504,20.4103704],[106.1584793,20.4103039],[106.1583849,20.4102143],[106.1583385,20.4101613],[106.1583135,20.4101565],[106.1582382,20.4100784],[106.1581709,20.4100214],[106.158043,20.4099114],[106.1580009,20.4098634],[106.1579599,20.4098289],[106.1578291,20.4096986],[106.1576409,20.4095191],[106.1575639,20.4094434],[106.1574541,20.4093499],[106.1573594,20.4092466],[106.1572591,20.4091409],[106.1572155,20.4090967],[106.1572016,20.4090847],[106.1571594,20.4090399],[106.1570381,20.408917],[106.1568795,20.4087424],[106.1567799,20.408636],[106.1564684,20.4083009],[106.1563955,20.4082025],[106.1563348,20.408123],[106.1562857,20.408065],[106.1561282,20.4078258],[106.1559102,20.4075012],[106.155784,20.4073171],[106.1556348,20.4070686],[106.1555906,20.4069973],[106.1555467,20.4069233],[106.1555058,20.4068611],[106.1553443,20.4065769],[106.1553224,20.4065466],[106.1552316,20.4063631],[106.1551935,20.406303],[106.1551281,20.406215],[106.1550877,20.4061374],[106.1550238,20.40602],[106.1549421,20.4058745],[106.1548494,20.4057196],[106.154792,20.4056201],[106.1545566,20.4052176],[106.1541856,20.4045811],[106.1541331,20.4045023],[106.1540519,20.4043706],[106.1539707,20.4042093],[106.1536798,20.4037081],[106.1535532,20.4034987],[106.1534173,20.4032542],[106.1531679,20.4028382],[106.1530693,20.4026785],[106.1530008,20.4025674],[106.1529697,20.4025037],[106.1529019,20.402383],[106.1524064,20.4015304],[106.1515945,20.4001471],[106.1515517,20.4000678],[106.151511,20.4000124],[106.1514418,20.3998705],[106.1506538,20.3985009],[106.1505108,20.3982352],[106.1504015,20.398039],[106.1503453,20.3979059],[106.1502831,20.3978176],[106.1502423,20.3977371],[106.1502142,20.3977017],[106.1499242,20.3972571],[106.1498706,20.3971748],[106.1497127,20.3969878],[106.1490339,20.3961728],[106.1475688,20.3944866],[106.1469307,20.393643],[106.1467588,20.3934577],[106.1455479,20.391996],[106.1442057,20.3903094],[106.1437013,20.3896702],[106.1434359,20.3893544],[106.1422534,20.387865],[106.1421653,20.3876814],[106.1411404,20.3864455],[106.1402317,20.3852674],[106.1393161,20.3841198],[106.1383453,20.3828976],[106.1381647,20.3826702],[106.1379206,20.3823917],[106.137621,20.3820016],[106.1374782,20.3818156],[106.1366409,20.3807253],[106.1358515,20.3795243],[106.1353655,20.3788265],[106.1350044,20.3782006],[106.1347061,20.3773914],[106.1344047,20.3760874],[106.1342994,20.3756533],[106.1342018,20.375277],[106.1341413,20.3750891],[106.1340597,20.3748873],[106.1339723,20.3746372],[106.1329184,20.3718253],[106.1322478,20.3701185],[106.1321287,20.3698199],[106.1319829,20.3693653],[106.1318211,20.3689611],[106.1315621,20.3683707],[106.1311103,20.3674228],[106.1309014,20.3670427],[106.1306265,20.3665875],[106.1305552,20.3664783],[106.1298414,20.3654878],[106.1297535,20.3653533],[106.1286132,20.3640136],[106.1279838,20.3632568],[106.1273764,20.3625438],[106.1267581,20.3618468],[106.1262701,20.3613113],[106.1239183,20.3587453],[106.1239071,20.3587312],[106.1227415,20.3574861],[106.1216185,20.3562823],[106.1214322,20.3560764],[106.1212619,20.355908],[106.121074,20.3556979],[106.1199393,20.3545085],[106.1198401,20.3543666],[106.1194397,20.3539503],[106.1192245,20.3537597],[106.1189935,20.3535551],[106.1185152,20.3532179],[106.1173969,20.3525368],[106.1163704,20.3519094],[106.1159178,20.3516703],[106.1142924,20.3507045],[106.1135364,20.3502397],[106.1128858,20.3498741],[106.1115079,20.3490544],[106.1103887,20.3484179],[106.110135,20.3482736],[106.10876,20.3474461],[106.1080272,20.3470252],[106.1076734,20.3468103],[106.1074752,20.3466892],[106.106301,20.3459883],[106.1045924,20.3449773],[106.1032245,20.3441524],[106.1017837,20.3433192],[106.1014314,20.3431042],[106.1004001,20.342475],[106.0992645,20.3418067],[106.0988871,20.3415853],[106.0974168,20.3407193],[106.0961005,20.3399154],[106.0945957,20.3390044],[106.0920688,20.3375066],[106.0906632,20.3366646],[106.0904916,20.3365628],[106.0893872,20.3359078],[106.0892792,20.3358462],[106.0878904,20.3350155],[106.0864821,20.3341705],[106.0858857,20.333811],[106.0851304,20.3333556],[106.0841031,20.332757],[106.083814,20.3325583],[106.0833849,20.3323596],[106.0831181,20.33227],[106.0830759,20.3322558],[106.0828859,20.3322163],[106.082591,20.3321761],[106.0823871,20.3321559],[106.0823297,20.3321637],[106.0816897,20.3321751],[106.0811378,20.3321639],[106.0809521,20.332176],[106.0806976,20.3321873],[106.0805699,20.3321854],[106.0803667,20.3321685],[106.0800642,20.3321353],[106.0795825,20.3320406],[106.0788768,20.3318722],[106.0787247,20.3318359],[106.0781808,20.3317061],[106.0780594,20.3316747],[106.0779162,20.3316452],[106.0776812,20.3315937],[106.0774586,20.3315364],[106.0771946,20.3314678],[106.0770648,20.3314331],[106.0770295,20.3314236],[106.0757324,20.3311193],[106.0756916,20.3311094],[106.0748363,20.3309021],[106.0746527,20.3308575],[106.073604,20.3306033],[106.0730068,20.3304615],[106.0718653,20.3301744],[106.0715355,20.3300819],[106.0713231,20.3300128],[106.0709589,20.3298425],[106.0707762,20.3297356],[106.0705051,20.3295877],[106.0698495,20.3291343],[106.0684747,20.3282117],[106.0677898,20.3277232],[106.0675809,20.327569],[106.0671108,20.3272668],[106.0656847,20.3263218],[106.0653758,20.326113],[106.0642784,20.3253713],[106.0624427,20.3241432],[106.0622907,20.3240391],[106.0622249,20.3239932],[106.0621184,20.3239219],[106.0616533,20.3236357],[106.0615295,20.3235466],[106.0601193,20.3226087],[106.0595397,20.3222179],[106.0587307,20.3216953],[106.0575064,20.3208783],[106.057327,20.3207916],[106.0568081,20.3204371],[106.0564179,20.3201918],[106.0560971,20.3199801],[106.0557828,20.3197728],[106.0555145,20.3195965],[106.0554282,20.3195413],[106.0545419,20.3189605],[106.0527626,20.3177688],[106.0524691,20.3175627],[106.050996,20.316513],[106.0495503,20.3155044],[106.049083,20.315173],[106.0484016,20.3146923],[106.0481578,20.3145134],[106.0480572,20.3144385],[106.0479071,20.3143448],[106.047718,20.3142122],[106.0476328,20.3141557],[106.0476035,20.3141342],[106.0475097,20.3140704],[106.0470988,20.3137734],[106.046599,20.3134135],[106.0461922,20.3131173],[106.0448086,20.3121396],[106.0441027,20.3115941],[106.0434455,20.3110924],[106.0433294,20.3110027],[106.042201,20.3101177],[106.0404622,20.3087638],[106.0396077,20.3081144],[106.0393203,20.3078588],[106.0388165,20.3074471],[106.037848,20.3066371],[106.0364797,20.3054915],[106.0356624,20.3048139],[106.0347768,20.3040678],[106.0337581,20.303214],[106.0324378,20.3020139],[106.0317317,20.3014072],[106.0316266,20.3013221],[106.0313315,20.3010818],[106.0311086,20.3008754],[106.0310805,20.3008455],[106.0310584,20.3008299],[106.0309257,20.3007028],[106.0307936,20.300585],[106.0307371,20.3005346],[106.0306903,20.3004929],[106.0305799,20.3003944],[106.030515,20.3003365],[106.0304558,20.3002837],[106.0303924,20.3002272],[106.0303241,20.3001663],[106.0302448,20.3000955],[106.0301788,20.3000366],[106.030125,20.2999887],[106.0300527,20.2999242],[106.0299903,20.2998685],[106.0299669,20.2998477],[106.0299442,20.2998274],[106.0298847,20.2997743],[106.0298255,20.2997216],[106.0297485,20.2996529],[106.0296702,20.2995831],[106.0296146,20.2995334],[106.0295432,20.2994697],[106.0294908,20.299423],[106.0294297,20.2993685],[106.0293543,20.2993013],[106.0293119,20.2992635],[106.0292064,20.2991694],[106.0291096,20.299083],[106.0290428,20.2990234],[106.0289903,20.2989766],[106.0288819,20.2988799],[106.0287501,20.2987624],[106.0286786,20.2986986],[106.0285977,20.2986264],[106.0285642,20.2985966],[106.0285466,20.2985809],[106.0284836,20.2985247],[106.0283974,20.2984478],[106.0283548,20.2984098],[106.0282936,20.2983552],[106.0282465,20.2983132],[106.0281913,20.298264],[106.0281586,20.2982348],[106.0280474,20.2981356],[106.0279059,20.2980094],[106.0277085,20.2978334],[106.0274482,20.2975772],[106.0270028,20.2972],[106.0267885,20.2970442],[106.0252941,20.2956704],[106.0245617,20.2949756],[106.0243368,20.2947733],[106.0238193,20.2942999],[106.0234459,20.2939583],[106.0231898,20.2937149],[106.0228716,20.2934125],[106.0222027,20.2927781],[106.0202072,20.2909094],[106.0188744,20.2897354],[106.018113,20.2890182],[106.0160118,20.2872207],[106.0155041,20.2867397],[106.0145113,20.2859509],[106.0136554,20.2851328],[106.0111393,20.2830939],[106.0089988,20.2815123],[106.008738,20.2813267],[106.0073484,20.2802576],[106.0059783,20.2792545],[106.004583,20.2782197],[106.0031915,20.277209],[106.001786,20.27618],[106.0003881,20.2751502],[105.9990121,20.2741388],[105.998452,20.2737793],[105.9980514,20.2735002],[105.9966469,20.272494],[105.9965349,20.2723721],[105.995232,20.2713893],[105.9935161,20.270111],[105.9889224,20.2667365],[105.9883442,20.2662409],[105.9878696,20.2656855],[105.9842417,20.2606047],[105.983638,20.2597542],[105.9833621,20.2593633],[105.9831819,20.259099],[105.9828462,20.2585067],[105.9824922,20.2577655],[105.9824132,20.2575865],[105.982352,20.2574612],[105.9820642,20.2568131],[105.9815711,20.2556839],[105.9809647,20.254315],[105.9808893,20.2541447],[105.9808261,20.254002],[105.9803192,20.2528179],[105.9802018,20.2525475],[105.9795823,20.2511538],[105.9791503,20.250183],[105.9786839,20.2492445],[105.9785999,20.2490912],[105.9780732,20.2480752],[105.9770399,20.2460918],[105.9767526,20.2455565],[105.9765683,20.2452131],[105.9758662,20.2439047],[105.9748472,20.2419515],[105.974224,20.2407494],[105.9736601,20.2396122],[105.9735651,20.2394205],[105.9734303,20.2391739],[105.9726398,20.237728],[105.9719032,20.2361993],[105.9711545,20.2344982],[105.9695649,20.2307991],[105.9688555,20.2292123],[105.9685421,20.228359],[105.9683142,20.2277877],[105.9681788,20.2273296],[105.9680447,20.2267784],[105.967814,20.2253137],[105.9677188,20.2246996],[105.9676329,20.2242893],[105.967598,20.2241094],[105.9674263,20.22365],[105.9671715,20.2231026],[105.9669556,20.2227163],[105.9665693,20.222072],[105.9662206,20.2214918],[105.9658693,20.220962],[105.9655822,20.2205728],[105.9654587,20.2203846],[105.9653274,20.2201385],[105.965186,20.2198045],[105.9651094,20.2195789],[105.9650718,20.2194642],[105.9650386,20.2193236],[105.9649991,20.2191194],[105.9649532,20.2188196],[105.9649123,20.2184346],[105.964903,20.2183122],[105.9648875,20.218217],[105.9648347,20.2176608],[105.9647948,20.2170678],[105.9648026,20.2166215],[105.9648435,20.2162863],[105.964894,20.2159267],[105.9649575,20.2155625],[105.9654415,20.2133772],[105.9655295,20.2127904],[105.9655336,20.2127629],[105.9656588,20.2122545],[105.9657593,20.2117575],[105.9657874,20.211434],[105.9657874,20.2110967],[105.965774,20.2109382],[105.9657485,20.2107292],[105.9657056,20.210548],[105.9656788,20.2103127],[105.9656118,20.2099389],[105.9654602,20.2091938],[105.9654079,20.20881],[105.9653757,20.208377],[105.9653864,20.2076307],[105.9653838,20.2070266],[105.9653959,20.2066075],[105.9654005,20.2058109],[105.9654032,20.2055428],[105.9654214,20.2050947],[105.965424,20.2050219],[105.9654283,20.2049365],[105.9654533,20.2043074],[105.9654859,20.202981],[105.9655823,20.2012157],[105.9655934,20.2008943],[105.9655727,20.200683],[105.9655566,20.2003649],[105.9655782,20.1998086],[105.9655997,20.1972825],[105.9656209,20.196634],[105.9656661,20.1956625],[105.9656976,20.194487],[105.965703,20.1939332],[105.9657003,20.193533],[105.9656829,20.1933127],[105.9656373,20.1931075],[105.9655863,20.1928646],[105.9655179,20.1926444],[105.9654227,20.1923599],[105.9653704,20.1922038],[105.9652832,20.1920138],[105.9651598,20.1918086],[105.9650378,20.1916173],[105.9646837,20.1911755],[105.9643726,20.1907966],[105.9638791,20.1902025],[105.9633923,20.1896109],[105.961166,20.186945],[105.9604995,20.1861167],[105.9598625,20.1853489],[105.9592576,20.1845886],[105.9586595,20.1838548],[105.9584704,20.1836345],[105.95828,20.1833991],[105.9580064,20.1831071],[105.9577368,20.1828553],[105.9574565,20.1826451],[105.9563508,20.1818319],[105.9556755,20.1813473],[105.9553497,20.1810931],[105.9549581,20.1807356],[105.9540555,20.1799325],[105.9536049,20.1795221],[105.9530121,20.1789884],[105.952532,20.178534],[105.9518789,20.1780317],[105.9516334,20.1778398],[105.9514331,20.177681],[105.9513461,20.1776201],[105.9509522,20.1772852],[105.9507236,20.1771131],[105.9496644,20.1763309],[105.94543,20.1730887],[105.9448381,20.1726413],[105.9441037,20.1720967],[105.9439562,20.1720156],[105.9436165,20.1716845],[105.943153,20.1712215],[105.9429237,20.1709968],[105.9428011,20.1708537],[105.9425413,20.1705504],[105.9425451,20.1705329],[105.9416484,20.1695292],[105.9399449,20.1676224],[105.9397156,20.167397],[105.9395683,20.1672523],[105.9394761,20.1671617],[105.9394633,20.167161],[105.9379395,20.1657011],[105.9374404,20.1653323],[105.9373468,20.1652427],[105.9337917,20.1634645],[105.9331115,20.163183],[105.9307135,20.1622642],[105.9299688,20.1619946],[105.9293786,20.1618255],[105.9290774,20.161779],[105.9266163,20.1613859],[105.9260537,20.1612731],[105.9253803,20.1610738],[105.9252059,20.1610149],[105.9247483,20.1608234],[105.9240727,20.1604283],[105.9234781,20.159972],[105.9229525,20.1594087],[105.9225175,20.1588669],[105.9222229,20.1584855],[105.9216537,20.1576334],[105.921639,20.157617],[105.9207075,20.1561095],[105.9203856,20.1556966],[105.9199994,20.1553164],[105.9195407,20.1550243],[105.9189535,20.1547947],[105.9189163,20.1547801],[105.9159077,20.1538017],[105.9154182,20.1536344],[105.914801,20.1533405],[105.9142506,20.1530071],[105.9142353,20.1529948],[105.9136758,20.1524947],[105.9121433,20.1508771],[105.9117033,20.1505057],[105.9112206,20.1502098],[105.9105887,20.1500425],[105.9103374,20.1499819],[105.9096765,20.1499616],[105.9072536,20.1505473],[105.9065348,20.1506682],[105.9056872,20.1506631],[105.9048217,20.1504979],[105.9047887,20.1504819],[105.9044212,20.1503307],[105.9039599,20.1500928],[105.9026885,20.1491523],[105.9026237,20.1491509],[105.9022213,20.1488952],[105.9017243,20.148723],[105.9011923,20.1486262],[105.8958379,20.1478948],[105.8955133,20.1478597],[105.8925486,20.1474423],[105.8892575,20.1469855],[105.8890366,20.1469622],[105.882197,20.1460071],[105.8811737,20.1457675],[105.8764461,20.1440746],[105.8754376,20.1437082],[105.874708,20.1434161],[105.8741978,20.1430726],[105.8736405,20.1426913],[105.8730059,20.1419127],[105.8725696,20.1411595],[105.8723527,20.1407851],[105.8708402,20.1381741],[105.8708134,20.1381279],[105.8699934,20.1367891],[105.8696854,20.1362863],[105.869557,20.1360766],[105.8687749,20.1350455],[105.8682385,20.1346124],[105.8674433,20.1342304],[105.8669146,20.1340364],[105.866311,20.1338776],[105.862777,20.1336343],[105.8619868,20.1334669],[105.8616443,20.1333944],[105.8613932,20.1333413],[105.8613187,20.1333286],[105.8610539,20.1332203],[105.8606264,20.133048],[105.8601435,20.1327615],[105.8586265,20.1319297],[105.8584804,20.1318068],[105.85838,20.1317572],[105.8581952,20.1316237],[105.8579676,20.1314264],[105.8577912,20.1312518],[105.857581,20.1309056],[105.8573721,20.1301856],[105.8572733,20.1299802],[105.8571637,20.129795],[105.8568773,20.1294374],[105.8567333,20.1292875],[105.8564906,20.1290898],[105.856221,20.1289173],[105.8547422,20.1284254],[105.854224,20.1281981],[105.8540164,20.1280606],[105.8536012,20.1277894],[105.8503938,20.1241425],[105.8494883,20.1233786],[105.8491101,20.1229697],[105.8488767,20.1226113],[105.8486699,20.1221179],[105.8485731,20.1216774],[105.8485669,20.1213988],[105.8485768,20.1211404],[105.8485985,20.1209427],[105.8486469,20.1206796],[105.8488082,20.1201987],[105.84889,20.1200394],[105.8490293,20.1196414],[105.8495488,20.1183564],[105.8496059,20.1181294],[105.8496609,20.1180349],[105.8497612,20.1178626],[105.849855,20.1176323],[105.8498959,20.1175036],[105.8501261,20.1168926],[105.8502246,20.1166693],[105.8511015,20.1145548],[105.8510954,20.1144632],[105.8513254,20.1141831],[105.8514799,20.1139953],[105.8515391,20.1139091],[105.8515635,20.1138678],[105.8527875,20.1122908],[105.8528518,20.1122068],[105.8534928,20.1113764],[105.8539584,20.110576],[105.854173,20.1098607],[105.8542863,20.1089296],[105.8544025,20.1079448],[105.8546443,20.1058966],[105.8547228,20.1052503],[105.8549599,20.1038527],[105.8550212,20.1037635],[105.8557111,20.1011675],[105.8559289,20.100348],[105.8559951,20.1002771],[105.856067,20.100041],[105.8571678,20.0961118],[105.8572332,20.0959714],[105.8578286,20.0938639],[105.8584424,20.0915763],[105.8584709,20.0914366],[105.8586166,20.0908576],[105.8586735,20.0904441],[105.8586606,20.0903359],[105.8586395,20.0899854],[105.8585305,20.0895683],[105.8572802,20.0868465],[105.8565711,20.0852582],[105.856178,20.0842614],[105.8561054,20.0840861],[105.8560741,20.0839329],[105.8552475,20.0811671],[105.8549906,20.0803073],[105.8548653,20.0798877],[105.8546139,20.0789835],[105.8544328,20.0782952],[105.8543665,20.0780444],[105.8534454,20.0744287],[105.8531993,20.0734402],[105.8527686,20.071908],[105.8520235,20.0689908],[105.8514167,20.0668283],[105.8513152,20.0664672],[105.8508269,20.0649746],[105.8504858,20.063891],[105.8504373,20.0637507],[105.8499589,20.0619152],[105.8485145,20.0564196],[105.8482005,20.0552657],[105.8480842,20.0549173],[105.8476035,20.0531995],[105.8465561,20.0496289],[105.8457991,20.0470081],[105.8457683,20.0468857],[105.8456738,20.0465078],[105.8455982,20.0462395],[105.8453781,20.0453324],[105.8453108,20.0446519],[105.8451183,20.0429989],[105.8450675,20.0425561],[105.8450623,20.0422844],[105.8451041,20.0418854],[105.8453808,20.0406612],[105.8454594,20.0392002],[105.8454224,20.0384204],[105.8453765,20.0377413],[105.8452376,20.0354356],[105.8453478,20.0342967],[105.8453672,20.0340928],[105.845384,20.0339849],[105.8453947,20.033891],[105.8454813,20.0332061],[105.8455345,20.0328915],[105.8455743,20.0318394],[105.8455895,20.0312606],[105.8455929,20.0281936],[105.8455377,20.0270399],[105.8454259,20.0249576],[105.8454433,20.0245919],[105.845457,20.0244566],[105.8455036,20.0241123],[105.8456917,20.0233366],[105.8460918,20.0225426],[105.8468201,20.0216316],[105.847554,20.020573],[105.8488372,20.0186888],[105.8494527,20.0172846],[105.8503753,20.0148866],[105.8505325,20.0144151],[105.8509316,20.0132064],[105.8510364,20.0126225],[105.8511596,20.0107718],[105.8510684,20.0101442],[105.8498056,20.0073465],[105.8497437,20.0071986],[105.8489608,20.0053156],[105.848142,20.0034577],[105.8478598,20.0028034],[105.8456827,19.9977216],[105.8454774,19.99717],[105.8453718,19.9967505],[105.8452258,19.9958951],[105.8450817,19.994376],[105.8450603,19.9941497],[105.8449753,19.9917422],[105.8449824,19.9907736],[105.8449902,19.9904836],[105.8450018,19.9902357],[105.8450355,19.9895115],[105.8450016,19.9891524],[105.844826,19.9883938],[105.8445987,19.9875304],[105.8440189,19.9853275],[105.843905,19.9849456],[105.8438724,19.9848364],[105.8437779,19.9844976],[105.8431118,19.9824818],[105.8430855,19.9820867],[105.8430194,19.9815734],[105.8430626,19.980911],[105.8431453,19.9803275],[105.8432376,19.9798138],[105.8434498,19.9783611],[105.8435203,19.9770015],[105.8435109,19.9766146],[105.843468,19.976365],[105.843451,19.9760476],[105.8431872,19.9750399],[105.8425593,19.9739493],[105.8403771,19.9720278],[105.8396862,19.9714425],[105.8392945,19.9710661],[105.8391374,19.970775],[105.8374964,19.9682341],[105.8374701,19.9681966],[105.8371996,19.96781],[105.8352247,19.9645272],[105.8327314,19.9600454],[105.8325123,19.9597326],[105.8317287,19.9583612],[105.8314442,19.9578089],[105.8310456,19.9572068],[105.8302522,19.9561637],[105.8297569,19.9556362],[105.8292735,19.9550467],[105.8285675,19.9544834],[105.8278487,19.9537641],[105.827433,19.9532823],[105.8267295,19.9521473],[105.8265739,19.9516089],[105.8264128,19.9504178],[105.8261919,19.949144],[105.8261204,19.9486957],[105.8260605,19.948326],[105.8258458,19.9473416],[105.8257433,19.9468214],[105.8257056,19.9466813],[105.8255297,19.9461914],[105.8248632,19.9453956],[105.8239907,19.9447788],[105.8235393,19.9444828],[105.8231486,19.9439836],[105.8230808,19.9438824],[105.8228419,19.9435088],[105.8226204,19.9428106],[105.8225001,19.9423392],[105.8219007,19.940368],[105.8218454,19.9401978],[105.8215333,19.9390243],[105.8209627,19.9369117],[105.8207228,19.9359773],[105.8203795,19.9350646],[105.8199636,19.9341198],[105.8198232,19.9338976],[105.8190706,19.9326994],[105.8182659,19.9316202],[105.8168551,19.9303493],[105.8148166,19.928443],[105.8140549,19.9272477],[105.8139198,19.9267692],[105.8138439,19.9263038],[105.8138659,19.9259237],[105.8138135,19.9255888],[105.813718,19.9221793],[105.8136523,19.9204142],[105.8136642,19.9187408],[105.8136645,19.9186974],[105.8136786,19.9184771],[105.8137798,19.9162381],[105.8138623,19.9144136],[105.8138687,19.9142939],[105.8138734,19.9142074],[105.8139386,19.912944],[105.8139482,19.9126902],[105.8138866,19.9114358],[105.8134449,19.9094279],[105.813251,19.9086595],[105.8129613,19.9071575],[105.812938,19.9070536],[105.8117374,19.902249],[105.8115351,19.9014327],[105.8111359,19.8997108],[105.8105646,19.8974004],[105.8102667,19.8959194],[105.8102282,19.8957355],[105.8095675,19.8932085],[105.8094384,19.8925976],[105.8088271,19.8901043],[105.8087521,19.8897897],[105.8079829,19.8864197],[105.8079571,19.8862919],[105.8063565,19.8797669],[105.80629,19.8794212],[105.805808,19.8774102],[105.8054677,19.8759783],[105.8049065,19.8736381],[105.8043812,19.8714228],[105.8040117,19.8698328],[105.8039552,19.8695934],[105.8038039,19.8689456],[105.8035096,19.8679504],[105.8031101,19.8662137],[105.8028669,19.8652108],[105.8025503,19.8638427],[105.802236,19.8624457],[105.801986,19.8611434],[105.8017346,19.8601947],[105.8012732,19.8581517],[105.8009859,19.8566836],[105.8009779,19.8566224],[105.8008334,19.8560314],[105.8007543,19.8555197],[105.8007204,19.8548996],[105.8007501,19.8543189],[105.8008174,19.8537495],[105.8009971,19.8530869],[105.8010211,19.8530204],[105.8013345,19.8517932],[105.8015451,19.8509342],[105.8016456,19.8503744],[105.8016949,19.8496803],[105.801671,19.8492803],[105.8016349,19.8488404],[105.8015385,19.8483743],[105.8014001,19.8477113],[105.8013726,19.8475791],[105.8011243,19.8463894],[105.8009502,19.8455519],[105.8008866,19.845235],[105.800732,19.844569],[105.8005344,19.8439096],[105.8005089,19.8436193],[105.8002174,19.8423424],[105.800138,19.8418304],[105.8000712,19.8414185],[105.7999375,19.8408098],[105.7998036,19.8404045],[105.7996802,19.8401004],[105.7995225,19.8397986],[105.7992608,19.8394128],[105.7991614,19.839283],[105.7986209,19.8388508],[105.7984073,19.8386899],[105.7983505,19.8386472],[105.7980401,19.8384814],[105.7973706,19.8382193],[105.7968961,19.838105],[105.7966653,19.8380757],[105.7963895,19.8380517],[105.7960148,19.8380451],[105.7955036,19.8381028],[105.7950159,19.8381921],[105.7933032,19.8385116],[105.7928269,19.8386005],[105.7919326,19.8387687],[105.7911001,19.8389186],[105.7905992,19.8390031],[105.7901386,19.8390952],[105.7897606,19.8391281],[105.7895904,19.8391332],[105.7894282,19.8391408],[105.7892062,19.8391325],[105.7889653,19.8391016],[105.7885105,19.8390094],[105.7882421,19.8389347],[105.7879901,19.838824],[105.7876701,19.8386636],[105.7872574,19.8384175],[105.7871249,19.8383282],[105.7869979,19.8382414],[105.7867492,19.8380012],[105.7865787,19.8378157],[105.7864355,19.8376149],[105.7863146,19.8374339],[105.7861801,19.837209],[105.786053,19.8369633],[105.7858869,19.8365694],[105.7858426,19.8364531],[105.7858037,19.8363112],[105.7856067,19.8349263],[105.7855428,19.8344725],[105.7854697,19.8342319],[105.785359,19.8339596],[105.7851149,19.8335154],[105.7848926,19.833262],[105.7846875,19.8330536],[105.7844556,19.8328478],[105.7832315,19.8319987],[105.7821004,19.831212],[105.7809606,19.830418],[105.7804444,19.8300588],[105.7782842,19.8285526],[105.777133,19.8277616],[105.7768935,19.8275849],[105.77667,19.8273955],[105.7764842,19.8272209],[105.7763466,19.827064],[105.7761305,19.8267904],[105.7744334,19.824877],[105.7737313,19.8240776],[105.7735998,19.8239231],[105.7728502,19.823058],[105.7726219,19.8227988],[105.772323,19.8224708],[105.7720462,19.8222817],[105.7720469,19.8222646],[105.772049,19.8222176],[105.7716977,19.8221411],[105.7712805,19.8220634],[105.7709027,19.8220634],[105.7703919,19.8221029],[105.7698951,19.8221397],[105.7698656,19.8221672],[105.7695131,19.8221693],[105.7691563,19.8220903],[105.7687925,19.8219652],[105.7685056,19.8217875],[105.7682638,19.8215535],[105.7680826,19.821315],[105.7679306,19.8210142],[105.7678106,19.8206925],[105.7677873,19.8205579],[105.7677584,19.8203582],[105.7675576,19.8169616],[105.7674818,19.8161106],[105.7674291,19.8155185],[105.7673798,19.8142612],[105.7672514,19.812557],[105.7672428,19.8124428],[105.7670202,19.809801],[105.7669507,19.8089093],[105.7668658,19.808261],[105.7668374,19.8076442],[105.7667695,19.8071618],[105.7666595,19.8065426],[105.7665768,19.8061184],[105.7665085,19.805883],[105.7662896,19.8052232],[105.7660378,19.804802],[105.7657719,19.8043873],[105.7655131,19.8040385],[105.7647931,19.803356],[105.7640761,19.8026221],[105.763863,19.8023967],[105.7618264,19.8001946],[105.7601397,19.7984354],[105.7581735,19.7963785],[105.7570602,19.7952018],[105.7554393,19.793507],[105.7546488,19.7927961],[105.7544949,19.7926579],[105.7540156,19.7922694],[105.7522982,19.7907819],[105.7520353,19.7905482],[105.7516686,19.7902224],[105.7515777,19.7901434],[105.7499371,19.7887399],[105.7484576,19.7874445],[105.7470654,19.7862399],[105.7462679,19.7854961],[105.7454005,19.7845745],[105.744554,19.7834949],[105.7433219,19.7817128],[105.7432863,19.7816559],[105.7410828,19.7782042],[105.7403133,19.7769666],[105.7402224,19.7768152],[105.7375702,19.7727478],[105.7345018,19.7678939],[105.7344147,19.767758],[105.7308368,19.7622353],[105.7307982,19.7621638],[105.7292984,19.7598501],[105.7292773,19.7598238],[105.7235248,19.7522946],[105.7215951,19.749794],[105.7195665,19.7472068],[105.7189452,19.7463787],[105.7175147,19.7445726],[105.7144611,19.740573],[105.7091067,19.7337184],[105.7088393,19.7333269],[105.7088125,19.7332902],[105.7086381,19.7329483],[105.7085193,19.7326126],[105.7084493,19.7322834],[105.7084493,19.7319477],[105.7084707,19.731652],[105.7085461,19.7312322],[105.708634,19.7307461],[105.7087109,19.7300879],[105.7087039,19.7297061],[105.7079722,19.7232365],[105.7077618,19.7211578],[105.7077428,19.7209696],[105.7075151,19.7187196],[105.7071998,19.7158146],[105.707167,19.7155121],[105.7071488,19.7153447],[105.7070959,19.7146532],[105.7069827,19.7134059],[105.7066166,19.7105462],[105.7058105,19.7032205],[105.7054465,19.6996016],[105.7052774,19.6975803],[105.7052564,19.6974092],[105.7049091,19.694329],[105.704631,19.6919125],[105.7046172,19.6916621],[105.7039169,19.6854079],[105.7032399,19.6789667],[105.703204,19.6786783],[105.7029992,19.6764376],[105.7029779,19.6762049],[105.7027459,19.6736661],[105.702676,19.6728957],[105.702676,19.6723953],[105.7027459,19.6719277],[105.7028438,19.6714405],[105.7030466,19.6708676],[105.7033911,19.6701603],[105.7037021,19.6696849],[105.7040263,19.6690411],[105.7043098,19.6684148],[105.704392,19.6682402],[105.7044732,19.6678912],[105.7045221,19.6674829],[105.7042007,19.6627924],[105.704039,19.6599915],[105.7039752,19.6592302],[105.7036239,19.6543374],[105.7029454,19.6444905],[105.7028757,19.6438242],[105.7027564,19.6420327],[105.7026922,19.6410686],[105.7026474,19.6403996],[105.7024278,19.6371192],[105.7023134,19.6355209],[105.7022929,19.6352348],[105.7019447,19.6303705],[105.7019367,19.6302587],[105.7018431,19.6289516],[105.7017621,19.6280903],[105.7017468,19.6277538],[105.7017538,19.6269436],[105.7018238,19.6263377],[105.7019077,19.6257975],[105.7020475,19.6251981],[105.7024299,19.6238926],[105.702629,19.6232724],[105.7031221,19.6217937],[105.7047045,19.6168556],[105.7051041,19.6154796],[105.7063724,19.6116071],[105.7065171,19.6110281],[105.7071144,19.6091668],[105.7072382,19.6082589],[105.7076821,19.6035891],[105.7078016,19.6020152],[105.7083998,19.5959847],[105.7087397,19.5926973],[105.7090006,19.5902112],[105.709035,19.5897409],[105.7098948,19.5812437],[105.7103834,19.5765837],[105.7105832,19.5744947],[105.7107226,19.5730365],[105.7109459,19.5714031],[105.7112273,19.5686119],[105.7111961,19.5673745],[105.7111919,19.5668878],[105.711101,19.5647362],[105.7110324,19.5631323],[105.7108524,19.5585681],[105.7107778,19.5567216],[105.7106488,19.5524908],[105.7104744,19.5479384],[105.7104067,19.5457409],[105.7103961,19.5453987],[105.7103767,19.544881],[105.7103451,19.544267],[105.7102654,19.5436234],[105.7099361,19.5413456],[105.7097416,19.5399875],[105.7097178,19.5398214],[105.709684,19.5395857],[105.7092709,19.5367777],[105.7091272,19.5352332],[105.7090329,19.5345881],[105.7090189,19.5340286],[105.7091447,19.5334955],[105.7094101,19.5330018],[105.7098291,19.5324686],[105.7103626,19.5319233],[105.7107289,19.5315893],[105.7126666,19.529773],[105.7179328,19.5260886],[105.7239735,19.5219755],[105.7269838,19.5198909],[105.7308495,19.5172509],[105.7336211,19.5153594],[105.7340205,19.5150726],[105.7345705,19.5147052],[105.7349058,19.5144735],[105.7368105,19.5131677],[105.7372568,19.5128503],[105.7376039,19.5125576],[105.7380019,19.5121957],[105.7386792,19.5115223],[105.7393095,19.5108424],[105.7443631,19.505484],[105.7472447,19.5023919],[105.7550205,19.4940734],[105.7554048,19.4936532],[105.7560464,19.4928266],[105.7567316,19.4919851],[105.757434,19.4908751],[105.7581015,19.4896527],[105.7585364,19.4887589],[105.7585745,19.4886574],[105.7603247,19.4839893],[105.7616294,19.4805503],[105.7621789,19.4790242],[105.7628063,19.4774214],[105.7638392,19.474652],[105.7642933,19.4735176],[105.7646332,19.4725731],[105.7655344,19.4701613],[105.7657112,19.4697338],[105.7658179,19.4693108],[105.7659102,19.4688809],[105.7659968,19.4683369],[105.766028,19.4680508],[105.7660361,19.4674509],[105.7660297,19.4670143],[105.7657202,19.4646305],[105.7655253,19.4629858],[105.7653751,19.4623937],[105.7649649,19.4613951],[105.7645023,19.4604093],[105.7632682,19.4577793],[105.7622791,19.4556288],[105.7619457,19.4549039],[105.7609405,19.4527081],[105.7593215,19.4491681],[105.7567499,19.4436155],[105.755546,19.4407752],[105.754898,19.4393727],[105.7546955,19.4389343],[105.7519084,19.4329016],[105.7510707,19.4310883],[105.7506139,19.4296336],[105.7501015,19.4274315],[105.7492146,19.4236201],[105.7491734,19.4234427],[105.7489849,19.422633],[105.748172,19.4191392],[105.7480358,19.4186632],[105.7478166,19.417761],[105.7475795,19.4166943],[105.7468359,19.4135563],[105.7461407,19.4107908],[105.7447583,19.4050194],[105.7447212,19.404846],[105.74462,19.4044135],[105.7436982,19.4003353],[105.7435965,19.3998268],[105.7435065,19.3991732],[105.7434573,19.3985196],[105.7433867,19.397102],[105.7434337,19.395787],[105.7434497,19.3902716],[105.7434716,19.3880423],[105.7434024,19.3873539],[105.7430809,19.3863348],[105.7430264,19.3861396],[105.7429927,19.38604],[105.7429078,19.3857886],[105.7423525,19.3841455],[105.741692,19.3822378],[105.7414925,19.3817237],[105.7413342,19.3813026],[105.7411681,19.3808881],[105.7409245,19.3805278],[105.740464,19.3800241],[105.739962,19.3796362],[105.7392686,19.3792131],[105.7384872,19.3787691],[105.7374397,19.3783665],[105.7357942,19.3778834],[105.7353542,19.3777174],[105.7350142,19.3775239],[105.7346385,19.377313],[105.7339827,19.3769505],[105.7339016,19.3769045],[105.7334619,19.3766551],[105.7330921,19.3764453],[105.7295564,19.3744038],[105.7293109,19.3742621],[105.7282971,19.3736506],[105.7282831,19.3736213],[105.727222,19.3730866],[105.7260606,19.372748],[105.7210552,19.3720852],[105.7205211,19.3720032],[105.7167718,19.3710677],[105.7162906,19.3709477],[105.715829,19.3707994],[105.7153371,19.3706383],[105.7148313,19.3703519],[105.7144336,19.369924],[105.7139361,19.3691916],[105.7134095,19.3682997],[105.7095993,19.3617227],[105.7079335,19.3588152],[105.7071915,19.35748],[105.7034279,19.3510407],[105.701659,19.3480193],[105.7015531,19.3478837],[105.7013318,19.3471014],[105.7012733,19.3463518],[105.7014277,19.3456368],[105.7018055,19.344786],[105.7018736,19.3446972],[105.7105592,19.3308088],[105.7130734,19.3268206],[105.714921,19.3243782],[105.7149448,19.3243481],[105.7161514,19.3227517],[105.7167856,19.3217131],[105.7167669,19.3216703],[105.7175532,19.3202934],[105.7197137,19.3161917],[105.7216137,19.312523],[105.7222184,19.3113553],[105.7228911,19.3101819],[105.7230973,19.3096937],[105.7232363,19.3092578],[105.7232922,19.3089661],[105.7234161,19.3083059],[105.7235214,19.3076008],[105.7235959,19.3069925],[105.7242894,19.2958308],[105.7242981,19.295788],[105.7245389,19.2938007],[105.7245941,19.2934283],[105.7246368,19.2930993],[105.7247172,19.2925313],[105.7247849,19.2920585],[105.7248307,19.2917115],[105.7249192,19.2911184],[105.7249644,19.2907552],[105.7249755,19.2906784],[105.7249821,19.2905399],[105.7250167,19.290332],[105.7251535,19.2891209],[105.7252085,19.2885828],[105.7252585,19.2881315],[105.7252696,19.2879294],[105.7252567,19.2877087],[105.7252612,19.2873434],[105.7252565,19.2872253],[105.7252432,19.2865775],[105.7252063,19.2861336],[105.7251787,19.2860158],[105.7251654,19.2858181],[105.7251742,19.2857029],[105.7251501,19.2854884],[105.725137,19.2852958],[105.7251001,19.2849324],[105.7250849,19.2847146],[105.7250723,19.2845458],[105.7250412,19.2841454],[105.7250224,19.2839334],[105.725022,19.2837989],[105.7249313,19.2831762],[105.7248315,19.2827985],[105.7247526,19.28246],[105.7247105,19.2822647],[105.7244772,19.2817026],[105.7242952,19.2811799],[105.7240793,19.2806414],[105.7239641,19.2803257],[105.723856,19.2800687],[105.7238113,19.2799665],[105.723393,19.2790615],[105.7231451,19.2786406],[105.7230188,19.2784262],[105.7229687,19.2783218],[105.7227185,19.2778987],[105.7221443,19.2769269],[105.7219536,19.2766268],[105.7211901,19.2753797],[105.7210203,19.2751141],[105.7208263,19.2747768],[105.7207674,19.2746707],[105.7205597,19.2743563],[105.7205148,19.2742653],[105.7204183,19.2741132],[105.7203716,19.2740267],[105.7202716,19.2738276],[105.7201047,19.2735398],[105.7200779,19.273547],[105.7200338,19.2734704],[105.719853,19.2731456],[105.7197925,19.273045],[105.7196283,19.2727646],[105.7195728,19.2726785],[105.7195407,19.2726281],[105.7194949,19.2725565],[105.7194507,19.2724824],[105.718969,19.2717083],[105.718719,19.271418],[105.7184445,19.2711716],[105.7181076,19.2709495],[105.7178866,19.2708321],[105.7175897,19.2707262],[105.7171824,19.270615],[105.7167873,19.2705708],[105.716358,19.2705934],[105.7159067,19.2706344],[105.7106887,19.2712239],[105.7097956,19.271329],[105.7088325,19.2713955],[105.7086568,19.2714072],[105.7085711,19.2714129],[105.7084819,19.271422],[105.7083415,19.2714396],[105.7079754,19.2714888],[105.7073053,19.2715668],[105.7060289,19.2717007],[105.705329,19.2717635],[105.7050312,19.2717795],[105.7047841,19.2717843],[105.7043203,19.2717615],[105.7040372,19.2717185],[105.7033735,19.2716073],[105.7025424,19.2712958],[105.7014966,19.2708042],[105.7012204,19.270668],[105.7006857,19.2703956],[105.7005394,19.2703146],[105.6995786,19.2698325],[105.6994461,19.2697837],[105.6991294,19.269666],[105.6990793,19.2696474],[105.6977041,19.268966],[105.6962808,19.2682661],[105.6953893,19.2678326],[105.6950113,19.2676159],[105.6947911,19.2675009],[105.6941548,19.2671667],[105.6938281,19.2669951],[105.6922604,19.2664282],[105.6901416,19.2657085],[105.6898402,19.2655867],[105.6885875,19.2652325],[105.6879525,19.2650258],[105.6861853,19.2644157],[105.6853144,19.2641231],[105.685104,19.2640583],[105.6847368,19.2639019],[105.6842139,19.2636781],[105.683712,19.263428],[105.6831891,19.2630989],[105.682708,19.2627172],[105.6822618,19.2622631],[105.6812712,19.2608008],[105.6812432,19.2607605],[105.6786143,19.2564802],[105.6785291,19.2563501],[105.6776695,19.2549088],[105.6773906,19.2542967],[105.6767934,19.2524948],[105.6767472,19.2523561],[105.6750027,19.2489653],[105.673537,19.2461647],[105.6733697,19.2458225],[105.6727076,19.2445789],[105.6724079,19.2440195],[105.6720176,19.2434866],[105.6714949,19.2429601],[105.6708169,19.2424754],[105.6706595,19.2423678],[105.6653091,19.238853],[105.6651026,19.2387305],[105.6646159,19.2383539],[105.664135,19.2379393],[105.6637377,19.2374985],[105.6633405,19.236847],[105.6631383,19.2363666],[105.6619193,19.2331088],[105.6614748,19.2317941],[105.660599,19.2292616],[105.6604202,19.2286015],[105.6600787,19.2276736],[105.6600287,19.2276683],[105.6596535,19.2268181],[105.6592702,19.2262363],[105.6592271,19.2261534],[105.6581765,19.2247731],[105.6558284,19.2218091],[105.6555275,19.2214282],[105.655193,19.2211189],[105.6546842,19.2207372],[105.6541754,19.2204871],[105.65359,19.2202831],[105.6529278,19.2201252],[105.6511854,19.2198553],[105.6505164,19.2197171],[105.6500736,19.2195317],[105.6497893,19.2193984],[105.649457,19.2192104],[105.6450173,19.2156697],[105.6447246,19.2152748],[105.6444161,19.2147764],[105.6443434,19.21457],[105.6442922,19.2144024],[105.6442019,19.2139914],[105.6441981,19.213843],[105.6442576,19.2134912],[105.6442715,19.213278],[105.644404,19.2129976],[105.6446549,19.2124711],[105.6450591,19.2120433],[105.6454285,19.2117669],[105.6469479,19.2110561],[105.6473521,19.210806],[105.6477076,19.210444],[105.6480003,19.210036],[105.6481327,19.2096872],[105.6482303,19.2094371],[105.648293,19.2089961],[105.6482668,19.2087129],[105.6482504,19.2085587],[105.6480893,19.2080223],[105.6472253,19.2064363],[105.645209,19.2030528],[105.6440673,19.2009792],[105.6438312,19.200506],[105.6436086,19.1999462],[105.643335,19.1989786],[105.6433022,19.1986297],[105.6432341,19.1975122],[105.6428009,19.1892254],[105.6427718,19.1889105],[105.6426149,19.1881609],[105.6424194,19.187559],[105.6418328,19.1865352],[105.64163,19.1862679],[105.641391,19.1859919],[105.6406381,19.1851536],[105.6384789,19.1826039],[105.6383419,19.1824047],[105.6362831,19.1800706],[105.634685,19.1781745],[105.634639,19.1781299],[105.6340297,19.1774281],[105.6338807,19.1772124],[105.6337274,19.1769906],[105.6334655,19.1765371],[105.6332083,19.1759187],[105.6330073,19.1750045],[105.632945,19.1744634],[105.632961,19.1737462],[105.6331239,19.1728421],[105.6333049,19.1719035],[105.6333783,19.1713687],[105.6333788,19.1708223],[105.6333189,19.1702282],[105.6332403,19.1698249],[105.6330051,19.1690965],[105.6326274,19.1683007],[105.6320583,19.1673823],[105.6316439,19.1667499],[105.6303535,19.1647263],[105.6303068,19.1646636],[105.6296278,19.1635828],[105.6294937,19.1633647],[105.628661,19.1620459],[105.6286355,19.1620039],[105.6285986,19.1619347],[105.6285646,19.161883],[105.6271528,19.1596926],[105.6268647,19.1593161],[105.6267266,19.1591699],[105.6265622,19.1589642],[105.6262283,19.1586405],[105.6257526,19.158231],[105.624216,19.1569542],[105.6231782,19.1560831],[105.6226444,19.1556211],[105.621072,19.1543031],[105.6147162,19.1489638],[105.6146927,19.1489689],[105.6138274,19.1480937],[105.6131698,19.1471594],[105.6126842,19.1463267],[105.6125293,19.1460796],[105.6121845,19.1452418],[105.6119047,19.1441286],[105.6113206,19.1385359],[105.6112503,19.138184],[105.6110751,19.13631],[105.6104244,19.1304837],[105.6102639,19.1284819],[105.6098271,19.1254577],[105.6096003,19.1243663],[105.6093541,19.1234617],[105.6084073,19.1214445],[105.6071091,19.1193259],[105.6066314,19.1186236],[105.605863,19.117512],[105.6026909,19.112537],[105.6009239,19.109518],[105.6002065,19.108416],[105.5984483,19.1055581],[105.5971086,19.1034522],[105.5954669,19.1007257],[105.5946639,19.0994466],[105.5938124,19.0976282],[105.5924733,19.0946112],[105.5916483,19.0925387],[105.5910695,19.091106],[105.5890451,19.0861762],[105.5888298,19.0856422],[105.5880577,19.0837479],[105.5873776,19.0819059],[105.5867479,19.0800398],[105.5861534,19.078108],[105.5860407,19.0777385],[105.585264,19.0751935],[105.5845706,19.0729185],[105.5845101,19.0727619],[105.5835673,19.0696173],[105.5833608,19.0689575],[105.5830829,19.0681153],[105.5826417,19.0666691],[105.5818406,19.0630983],[105.5816066,19.0622345],[105.5811903,19.0598788],[105.5808345,19.0582538],[105.5808228,19.0581935],[105.5806495,19.0573335],[105.5806142,19.0571211],[105.5796159,19.0522834],[105.5795449,19.0518842],[105.5793988,19.0512132],[105.5791488,19.0485204],[105.5789394,19.0466473],[105.5789449,19.046624],[105.5787308,19.0442537],[105.5784151,19.0410302],[105.5780694,19.0376467],[105.5780825,19.0376346],[105.5779767,19.0364989],[105.577575,19.0322624],[105.577223,19.0288012],[105.5772149,19.028724],[105.5769766,19.0262637],[105.5769755,19.0262276],[105.5763641,19.0201508],[105.5760347,19.0164168],[105.5758908,19.0151958],[105.5758044,19.0141167],[105.5758073,19.0139323],[105.5758003,19.0126425],[105.575864,19.0106591],[105.5759813,19.0050419],[105.5760996,19.0012183],[105.5760996,19.0009617],[105.5761971,18.998757],[105.576635,18.9949602],[105.5773803,18.9893458],[105.5776587,18.9871805],[105.5779501,18.9849182],[105.578313,18.9819942],[105.5789638,18.9772026],[105.5789645,18.9764371],[105.5788231,18.9753019],[105.5786969,18.9742883],[105.5786338,18.9737762],[105.5786199,18.973313],[105.5786644,18.9728795],[105.5796558,18.9691261],[105.5799462,18.9678906],[105.579974,18.9677524],[105.580865,18.9644137],[105.5811294,18.9636056],[105.5814495,18.9628026],[105.5819924,18.9615783],[105.5820442,18.9614964],[105.5837838,18.9574545],[105.5853692,18.9537615],[105.5862545,18.9517298],[105.5871708,18.9496001],[105.5880681,18.9475361],[105.5892069,18.9448285],[105.5892935,18.9446081],[105.5894744,18.9438642],[105.5895997,18.9430545],[105.5902272,18.9396653],[105.5910547,18.935105],[105.591465,18.933206],[105.5917643,18.9322777],[105.5922763,18.9308293],[105.5933876,18.9276854],[105.5949333,18.9233962],[105.5955184,18.9215239],[105.5958331,18.9203222],[105.5966433,18.9171086],[105.5967549,18.9165774],[105.5968451,18.9161965],[105.597866,18.912147],[105.5989757,18.9076967],[105.599024,18.9075176],[105.5996291,18.9050725],[105.5997083,18.9047982],[105.6002466,18.9026659],[105.6003901,18.9020298],[105.6007716,18.9005372],[105.6007832,18.9004917],[105.6007882,18.9004725],[105.6014792,18.897679],[105.6016423,18.8970158],[105.6016816,18.8965273],[105.6016406,18.8960423],[105.6015381,18.8952494],[105.6015209,18.8951162],[105.6015125,18.8950582],[105.6014027,18.894295],[105.6013201,18.8937743],[105.6009977,18.8913461],[105.6003605,18.8863233],[105.6003341,18.8857643],[105.6004004,18.8853081],[105.6004968,18.885013],[105.6007478,18.8844881],[105.6016536,18.8829911],[105.6019656,18.8825629],[105.6023313,18.882218],[105.6027226,18.8819145],[105.6052426,18.8803697],[105.6082006,18.8785652],[105.6111656,18.8769715],[105.6117154,18.8767015],[105.6127316,18.8763854],[105.6152581,18.8756346],[105.6182022,18.8750287],[105.6189121,18.874818],[105.6196777,18.8745216],[105.6209287,18.8739283],[105.6212298,18.8737774],[105.6227123,18.873053],[105.6230463,18.8728357],[105.6236449,18.8724076],[105.6238885,18.8723088],[105.6253292,18.8717819],[105.6267073,18.8711233],[105.6273125,18.8709212],[105.628503,18.8705767],[105.6288092,18.8704384],[105.6291503,18.8702211],[105.630127,18.8694333],[105.6304448,18.8692068],[105.6306733,18.8690485],[105.6309599,18.8689302],[105.6310262,18.8688482],[105.6313427,18.868759],[105.6325676,18.8682387],[105.6330061,18.8681135],[105.63547,18.8676394],[105.6360268,18.867422],[105.6364792,18.8671783],[105.6437206,18.8631278],[105.6438777,18.8630291],[105.646327,18.8619537],[105.646687,18.8618002],[105.6470368,18.861584],[105.6474393,18.8612552],[105.6478574,18.8607565],[105.6484165,18.8598811],[105.6495091,18.858006],[105.650655,18.8560394],[105.6510781,18.8550069],[105.6512915,18.8543871],[105.6517745,18.8528534],[105.6522456,18.8498883],[105.6524099,18.8487427],[105.6524523,18.8485069],[105.6525703,18.8476947],[105.6526236,18.8469327],[105.6526019,18.8463231],[105.6525066,18.8455948],[105.6523923,18.8450174],[105.6520217,18.8434869],[105.6519067,18.8428604],[105.6518454,18.8423912],[105.651848,18.8404973],[105.6518717,18.8401334],[105.6519469,18.8397573],[105.6520424,18.8394825],[105.6521995,18.8391605],[105.652329,18.8389609],[105.6524991,18.8387421],[105.6527318,18.8385159],[105.6529911,18.8383059],[105.6534518,18.8380185],[105.6547077,18.8373681],[105.6550098,18.8372427],[105.6564532,18.8368033],[105.6568078,18.8366879],[105.6571396,18.8365421],[105.657428,18.8363529],[105.6578147,18.8360416],[105.6580488,18.8358113],[105.6582829,18.8355135],[105.6590443,18.8344373],[105.6594791,18.8338047],[105.6597248,18.8334012],[105.6598995,18.8329059],[105.6600258,18.8325038],[105.6600629,18.8323139],[105.660089,18.8321544],[105.6601312,18.8317816],[105.66013,18.8311548],[105.6600534,18.8306136],[105.6599219,18.8300949],[105.6585147,18.8261735],[105.6576357,18.8237462],[105.6562137,18.8197552],[105.6547589,18.8156519],[105.6546926,18.8154744],[105.6543987,18.8145353],[105.6537763,18.8123444],[105.6534038,18.8110589],[105.6524973,18.8078455],[105.6523433,18.8072971],[105.6513053,18.8027242],[105.6512934,18.8027219],[105.6494143,18.794846],[105.649365,18.7946587],[105.6492138,18.7940052],[105.6481739,18.7886555],[105.6479241,18.7869472],[105.6476197,18.7851213],[105.6475146,18.7844907],[105.6470788,18.7820996],[105.646783,18.780427],[105.6467075,18.7799427],[105.6466537,18.7796982],[105.6466509,18.779668],[105.6466083,18.7790744],[105.6466018,18.7786564],[105.6466405,18.7781955],[105.6470663,18.7763573],[105.6474454,18.7750241],[105.6475058,18.7748359],[105.6483522,18.7723491],[105.649157,18.7698916],[105.6500761,18.7667371],[105.6508205,18.7645032],[105.6520683,18.7611775],[105.6523504,18.7603931],[105.6528598,18.7591025],[105.6533504,18.757848],[105.6546642,18.7547596],[105.6551339,18.7535352],[105.6559466,18.7517065],[105.6569458,18.7487466],[105.6574247,18.7473813],[105.6576685,18.7466725],[105.6587086,18.7424881],[105.6600557,18.7374015],[105.6601411,18.7370634],[105.6607459,18.7347798],[105.6624275,18.7286267],[105.6625448,18.7282266],[105.6627066,18.7275734],[105.6630161,18.7264261],[105.6633397,18.7251806],[105.663585,18.7245365],[105.6635876,18.724486],[105.6638453,18.7238351],[105.6639021,18.7236827],[105.6639948,18.7234475],[105.6651941,18.7201048],[105.6662646,18.7173386],[105.6664046,18.716925],[105.6668859,18.715586],[105.66691,18.715425],[105.6671219,18.7140838],[105.6671263,18.7138273],[105.6671288,18.7133724],[105.6670799,18.7128443],[105.6664287,18.7078562],[105.6660458,18.7047596],[105.6656643,18.701846],[105.6654787,18.7002767],[105.6647259,18.6946782],[105.6646988,18.6944688],[105.6645848,18.6935403],[105.664555,18.6932979],[105.6645201,18.6923063],[105.6644791,18.6917759],[105.6643503,18.690814],[105.6639605,18.6878243],[105.6637684,18.6864326],[105.6637213,18.6861772],[105.6635431,18.6853062],[105.663416,18.6843633],[105.6629896,18.6812168],[105.6626247,18.6783769],[105.6622156,18.6749702],[105.6616114,18.6705459],[105.6615508,18.669913],[105.6611582,18.6668248],[105.6608468,18.6643949],[105.6607873,18.663899],[105.660718,18.6633556],[105.6606777,18.6631026],[105.6605601,18.6624637],[105.6602101,18.6596224],[105.660117,18.6588909],[105.6597291,18.6559492],[105.6590354,18.6502733],[105.6588135,18.6493438],[105.6584348,18.6482302],[105.6579289,18.6473139],[105.6573581,18.6465705],[105.6559452,18.6451402],[105.6529386,18.6420738],[105.6507629,18.6398158],[105.6507315,18.6397833],[105.6504259,18.639475],[105.6486163,18.6376017],[105.6475735,18.6365276],[105.6475687,18.6365227],[105.6441656,18.6330342],[105.6429453,18.6317761],[105.6410974,18.6298674],[105.6410902,18.62986],[105.6399251,18.6286605],[105.6384332,18.6271244],[105.6383433,18.6270318],[105.6364326,18.6250665],[105.6355687,18.6241752],[105.6337505,18.6223044],[105.6337268,18.62228],[105.6336044,18.6221541],[105.6321293,18.6206363],[105.6308888,18.61936],[105.6300252,18.6184713],[105.6273635,18.6157325],[105.624626,18.6129156],[105.6244805,18.6127854],[105.6244717,18.6127775],[105.6236758,18.6119645],[105.6230636,18.6113294],[105.622641,18.6108903],[105.6221053,18.6101523],[105.6219579,18.6099493],[105.621423,18.6090911],[105.6213913,18.6090068],[105.6210705,18.6081537],[105.620762,18.6071582],[105.6203127,18.6047821],[105.6198368,18.6027682],[105.619251,18.6001706],[105.6192173,18.600021],[105.6190439,18.5991595],[105.6188757,18.5984754],[105.618792,18.5982069],[105.6187068,18.597988],[105.6185702,18.5977696],[105.6184044,18.5975437],[105.6182545,18.5973825],[105.618047,18.5971971],[105.6178089,18.5970445],[105.6175373,18.5968971],[105.617334,18.5968197],[105.6170562,18.5967394],[105.6110035,18.5952673],[105.6101467,18.5950646],[105.609302,18.5948348],[105.6085821,18.5945494],[105.6079869,18.594198],[105.6075757,18.5939019],[105.6071716,18.5935468],[105.6068637,18.5932069],[105.6054828,18.591866],[105.6043595,18.590658],[105.6039338,18.5900813],[105.6035996,18.5897507],[105.6029049,18.5890278],[105.6022352,18.5883736],[105.6016696,18.587559],[105.6014565,18.5871342],[105.6014321,18.5869294],[105.6013296,18.5867539],[105.6012123,18.5860042],[105.6009547,18.5834359],[105.600805,18.5816219],[105.6007572,18.5809568],[105.6006383,18.5796043],[105.6005197,18.5784561],[105.6002724,18.5755781],[105.6002488,18.575303],[105.6001938,18.5746631],[105.5999817,18.5724664],[105.5999408,18.572236],[105.5997285,18.5710396],[105.5992306,18.5691517],[105.5990084,18.5683437],[105.5983353,18.5659539],[105.5982883,18.5657869],[105.5978948,18.5643806],[105.597198,18.5618183],[105.596382,18.5589729],[105.5943187,18.5515975],[105.5937029,18.5492274],[105.5932003,18.5472932],[105.593156,18.5469364],[105.5927948,18.5449389],[105.5925728,18.5441271],[105.5923204,18.5435385],[105.5922619,18.5434223],[105.5920587,18.5430185],[105.5915427,18.5421878],[105.5915323,18.5421723],[105.5902494,18.5402676],[105.5891357,18.5386503],[105.5883302,18.5373646],[105.5881294,18.5370002],[105.5880882,18.5369141],[105.5878441,18.5362629],[105.5877773,18.5359898],[105.5876465,18.5353177],[105.5876006,18.5346359],[105.5875984,18.5344218],[105.5875919,18.5337867],[105.5877673,18.5301578],[105.5877698,18.5300762],[105.5878789,18.525939],[105.5878868,18.525638],[105.5879142,18.5249704],[105.5880038,18.5212057],[105.5880081,18.5210921],[105.5880926,18.5188675],[105.5880951,18.5187849],[105.5881299,18.5171857],[105.5882165,18.5131998],[105.5883302,18.5096732],[105.5883812,18.5080825],[105.5884397,18.506592],[105.5885673,18.5033418],[105.5886382,18.5000722],[105.5887028,18.4982961],[105.5887031,18.4982765],[105.5887053,18.4979367],[105.5887626,18.4948102],[105.5886261,18.4938388],[105.5886206,18.4938081],[105.5885803,18.4935846],[105.588156,18.4923341],[105.5876785,18.4914764],[105.5842697,18.4858462],[105.5841303,18.4856093],[105.5840328,18.4854584],[105.5835244,18.4846715],[105.5832096,18.4840698],[105.5830063,18.4835669],[105.5824836,18.4820978],[105.582308,18.481494],[105.5821678,18.4810255],[105.5819658,18.4804383],[105.5818444,18.4800856],[105.5807312,18.4768504],[105.5802064,18.4753071],[105.580139,18.4751089],[105.5794459,18.4730704],[105.5786297,18.47067],[105.5778426,18.46836],[105.5778178,18.468314],[105.5765638,18.4645581],[105.5765273,18.4645102],[105.5746229,18.4589129],[105.5745985,18.4588307],[105.5739761,18.4569835],[105.5736256,18.455828],[105.5732178,18.4548621],[105.5728036,18.4533765],[105.5719897,18.4512621],[105.5718995,18.4510054],[105.5705582,18.44688],[105.5692664,18.4432258],[105.5691102,18.4426021],[105.5690096,18.442258],[105.5689118,18.4415669],[105.5688233,18.4407364],[105.5687397,18.439137],[105.5687017,18.4382679],[105.5686622,18.43774],[105.5686079,18.4363611],[105.5685955,18.4361421],[105.5685459,18.4351211],[105.568417,18.4326807],[105.5683164,18.4318644],[105.5682054,18.4314039],[105.567935,18.430917],[105.5672428,18.43011],[105.5667771,18.4295989],[105.5664302,18.4291473],[105.5661112,18.428621],[105.5659863,18.428121],[105.5659309,18.4275815],[105.566058,18.4269195],[105.5660677,18.4268683],[105.5664332,18.4249304],[105.5665819,18.4242185],[105.5668385,18.4232364],[105.5671959,18.4218529],[105.5672384,18.4216877],[105.5673063,18.4214233],[105.5675021,18.4206609],[105.5680484,18.419317],[105.568332,18.4185591],[105.5685452,18.4177849],[105.568885,18.4169888],[105.5692637,18.4164572],[105.5698812,18.4156631],[105.5700607,18.4154206],[105.5711703,18.4139828],[105.5728491,18.4118624],[105.5741795,18.4101459],[105.5745029,18.4097069],[105.5748845,18.4092615],[105.5754067,18.4087775],[105.5759497,18.4083877],[105.5761822,18.408253],[105.5783994,18.4071653],[105.5796407,18.4066982],[105.5826573,18.4058494],[105.5848556,18.4052243],[105.5853688,18.4050605],[105.5867064,18.4045443],[105.5872357,18.4044018],[105.5877812,18.4042438],[105.588108,18.4041188],[105.5884663,18.4039375],[105.5889609,18.4036846],[105.5895781,18.4035793],[105.5899873,18.4034937],[105.5902924,18.4033358],[105.5910483,18.4027699],[105.592775,18.4016316],[105.5941758,18.4008014],[105.5942381,18.4007644],[105.594578,18.4004998],[105.5948068,18.4003616],[105.5950634,18.4001774],[105.5953755,18.3998879],[105.5956737,18.3994733],[105.5958015,18.3992744],[105.5958817,18.3991114],[105.596667,18.3966996],[105.5970051,18.3955975],[105.5977011,18.3937396],[105.59808,18.392281],[105.5994115,18.3892935],[105.6008798,18.3861089],[105.6009371,18.3859045],[105.603281,18.3807583],[105.6034613,18.3804029],[105.6039398,18.3796659],[105.6040033,18.3795914],[105.6042865,18.3792381],[105.6047442,18.3789156],[105.6055872,18.3786407],[105.6057012,18.3785734],[105.6060826,18.3784352],[105.6064363,18.3782378],[105.6067414,18.3778824],[105.6068556,18.3777209],[105.6070096,18.3774899],[105.6073101,18.376994],[105.607421,18.3766189],[105.6075112,18.375454],[105.6076784,18.3725418],[105.6078157,18.3703267],[105.60793,18.3698596],[105.6082004,18.3693814],[105.6094697,18.3682724],[105.6098054,18.3679158],[105.6100132,18.3675146],[105.6104001,18.366277],[105.6105362,18.3657874],[105.6107082,18.3654474],[105.6121555,18.3630334],[105.6125997,18.3623126],[105.6129651,18.3617142],[105.6131514,18.3614422],[105.6135025,18.3612042],[105.6138249,18.3610818],[105.6153367,18.3608234],[105.6157881,18.360701],[105.616218,18.3605174],[105.6166693,18.360191],[105.6169918,18.3598238],[105.6171566,18.3595178],[105.617264,18.3592186],[105.6173285,18.3588854],[105.6177512,18.3559612],[105.6177369,18.3556212],[105.6176151,18.3552132],[105.6172927,18.3545808],[105.6171709,18.3542544],[105.6171566,18.3539075],[105.6172425,18.3535811],[105.617479,18.3532751],[105.6177799,18.3529759],[105.6181668,18.3526835],[105.6189191,18.3522482],[105.6195138,18.352017],[105.6202231,18.351813],[105.6255538,18.3507521],[105.6263849,18.3506841],[105.6285344,18.3506025],[105.6289428,18.3505005],[105.6292724,18.3503305],[105.6295661,18.3500449],[105.6297452,18.3496776],[105.6298169,18.3492764],[105.6297811,18.348916],[105.6296378,18.3485828],[105.6294228,18.3482971],[105.6291219,18.3480659],[105.6286848,18.3478007],[105.6284126,18.3475423],[105.628169,18.347175],[105.628083,18.3467806],[105.6280973,18.3464882],[105.6281976,18.3461685],[105.6283911,18.3458761],[105.6286132,18.3456245],[105.6291935,18.345026],[105.6302521,18.3437585],[105.6306337,18.3432238],[105.630863,18.342843],[105.6312212,18.3420745],[105.6313542,18.3416228],[105.631399,18.341421],[105.6314361,18.3409183],[105.6315192,18.3392198],[105.6317156,18.3354775],[105.6317643,18.3350231],[105.6318804,18.3344029],[105.632038,18.3338316],[105.6321837,18.333425],[105.6327804,18.3319421],[105.6336608,18.3295467],[105.6337198,18.3294027],[105.6347598,18.3266714],[105.6351342,18.3257566],[105.6353699,18.324947],[105.6365763,18.3204188],[105.6366179,18.3200173],[105.6365832,18.3195632],[105.6364584,18.3191419],[105.6363059,18.3187733],[105.6360286,18.3183587],[105.6349054,18.3169238],[105.6347182,18.3164894],[105.6346142,18.3160682],[105.6345379,18.3156667],[105.6345171,18.3151796],[105.6344755,18.3139159],[105.6344531,18.3135721],[105.6344062,18.3134683],[105.6342952,18.3130207],[105.6338713,18.3118827],[105.6331753,18.3102258],[105.6331651,18.3101904],[105.6324787,18.3083605],[105.6323609,18.3078405],[105.6323158,18.3076537],[105.6322985,18.3073271],[105.632295,18.3071947],[105.6323262,18.3065899],[105.6323539,18.3059317],[105.6324995,18.3051484],[105.6326729,18.3044835],[105.6329571,18.3037924],[105.6331446,18.3034463],[105.6333315,18.3030815],[105.634361,18.3011538],[105.6357081,18.2986942],[105.6357354,18.298642],[105.6358409,18.2984405],[105.6362893,18.2975839],[105.6364566,18.2972092],[105.6365446,18.2970003],[105.6366677,18.2966875],[105.6367651,18.2963747],[105.6368197,18.2961647],[105.6368744,18.2959262],[105.6369289,18.2956414],[105.6369619,18.2953546],[105.6369866,18.2950334],[105.6369994,18.294742],[105.6369784,18.2937836],[105.6369753,18.2936446],[105.6369715,18.2934708],[105.6369678,18.2933721],[105.6369084,18.2917842],[105.6368813,18.2904427],[105.6368675,18.2899161],[105.6368675,18.2892907],[105.6369437,18.2888826],[105.6370616,18.2885534],[105.6372973,18.2880663],[105.6375816,18.2876647],[105.6379005,18.287296],[105.6437938,18.2816609],[105.6442721,18.2813185],[105.64491,18.2808774],[105.6456657,18.2804759],[105.6514154,18.2779445],[105.6535696,18.2769406],[105.6541312,18.2768089],[105.6546373,18.2767628],[105.656787,18.2769317],[105.658506,18.2769998],[105.6588388,18.2769933],[105.6593034,18.276934],[105.6596708,18.2768484],[105.6601076,18.2766904],[105.6605652,18.2765061],[105.6610436,18.2762493],[105.6614596,18.2759399],[105.6653442,18.2727569],[105.6672557,18.2711076],[105.6676232,18.2706928],[105.6678797,18.2702846],[105.6678834,18.2701814],[105.6680184,18.2698764],[105.6680877,18.2695143],[105.6681501,18.2688362],[105.6682264,18.2684148],[105.6684082,18.2678343],[105.6684402,18.2677512],[105.6685592,18.2674865],[105.6688643,18.2669993],[105.6734515,18.2607482],[105.6739116,18.2601125],[105.6741751,18.2597504],[105.6756311,18.2577488],[105.676921,18.2560081],[105.6769137,18.2559908],[105.6772604,18.2553982],[105.6794878,18.2511485],[105.6843316,18.2419146],[105.6843461,18.2418473],[105.6846372,18.2413201],[105.6849424,18.2407674],[105.6853168,18.2401616],[105.6858992,18.2393714],[105.6911476,18.2322925],[105.6912377,18.232174],[105.6933038,18.2294345],[105.6934078,18.2293094],[105.6958899,18.2265502],[105.6970145,18.2253336],[105.6971638,18.2251658],[105.6973558,18.2249708],[105.698476,18.2237483],[105.6990082,18.2231367],[105.6992417,18.2228309],[105.6993094,18.2227395],[105.6995173,18.2223249],[105.6996845,18.2219057],[105.6999996,18.2208651],[105.7000452,18.2206645],[105.7002309,18.2198831],[105.7002725,18.2195146],[105.7002795,18.2194092],[105.7002824,18.2193227],[105.7001686,18.218139],[105.7001478,18.2176717],[105.7002171,18.2173229],[105.7010721,18.2151253],[105.701183,18.2147172],[105.7011899,18.2143618],[105.7011691,18.2139143],[105.7003314,18.2078544],[105.6994721,18.201922],[105.699475,18.2018956],[105.6988791,18.1977226],[105.6988179,18.1969752],[105.6988261,18.1964984],[105.6991351,18.19507],[105.7006658,18.1898947],[105.7012494,18.1880959],[105.7013377,18.1873076],[105.7013115,18.1867944],[105.7012418,18.1865918],[105.701027,18.1855386],[105.7010455,18.1848951],[105.701898,18.1824631],[105.7034841,18.1779632],[105.7039497,18.1763833],[105.7042646,18.1740861],[105.7047361,18.1733133],[105.7055588,18.1724021],[105.7058096,18.1721244],[105.7092341,18.1683505],[105.7094863,18.1680726],[105.7118662,18.1654308],[105.7133433,18.1637458],[105.7137645,18.1633348],[105.7140446,18.1631311],[105.7143571,18.1629478],[105.71473,18.1627953],[105.715173,18.1626431],[105.7156112,18.1625149],[105.7161071,18.1624066],[105.716571,18.1622994],[105.7170386,18.1621891],[105.7174203,18.1620775],[105.7176485,18.1619967],[105.7180992,18.161778],[105.7184347,18.1615721],[105.719078,18.1610381],[105.7195446,18.1604718],[105.7214284,18.1578443],[105.7220627,18.1569838],[105.7235122,18.1549434],[105.7295895,18.1465828],[105.7306812,18.145358],[105.7319907,18.1440029],[105.7343865,18.1422199],[105.734455,18.1421719],[105.7345777,18.142086],[105.7367379,18.1405348],[105.7411391,18.1373479],[105.7469827,18.1330982],[105.7496893,18.1311439],[105.7535734,18.127684],[105.7556076,18.1259045],[105.7579963,18.1237806],[105.7592843,18.1225358],[105.7615815,18.1200462],[105.7629544,18.1184973],[105.7642137,18.1170792],[105.7654681,18.11571],[105.7669302,18.114137],[105.7674354,18.1135852],[105.7675862,18.1134174],[105.7685159,18.1123831],[105.7696276,18.1111518],[105.7712093,18.1094],[105.7714227,18.1091759],[105.7718836,18.1086839],[105.7722556,18.1082867],[105.7723223,18.1082101],[105.7728684,18.1075823],[105.773952,18.1064082],[105.7744279,18.105943],[105.7749415,18.1054795],[105.7753043,18.1051812],[105.7780453,18.1028861],[105.7815518,18.1000206],[105.7817144,18.0998842],[105.782485,18.0992248],[105.7864149,18.0959384],[105.7864254,18.0959324],[105.7925198,18.0908448],[105.7948093,18.0889379],[105.7953176,18.0885449],[105.7968987,18.0872105],[105.7978517,18.0864311],[105.7984729,18.0857903],[105.7987513,18.0854622],[105.7989367,18.0852268],[105.7990908,18.0851091],[105.7995705,18.0842981],[105.8008691,18.0823429],[105.8016492,18.0812468],[105.8036773,18.0791748],[105.808328,18.074481],[105.8088246,18.0739747],[105.8090656,18.0737177],[105.8097508,18.0729682],[105.8105841,18.072136],[105.812125,18.0706113],[105.8126534,18.0701021],[105.8130186,18.0697586],[105.8133579,18.0694703],[105.8137537,18.0691594],[105.814156,18.0688731],[105.8149923,18.0683867],[105.8172403,18.0672782],[105.8180172,18.066895],[105.8200579,18.0658808],[105.8224278,18.0647624],[105.8264051,18.0627842],[105.8266231,18.0626624],[105.8268518,18.0625254],[105.8288829,18.0609612],[105.8307174,18.0595353],[105.8319317,18.0585834],[105.8322507,18.0582975],[105.8326116,18.0579745],[105.8334651,18.0572961],[105.8339855,18.0567669],[105.8342059,18.0564865],[105.8345801,18.0560051],[105.83704,18.0526848],[105.837586,18.0519632],[105.8375962,18.0519368],[105.8388305,18.0502589],[105.8399411,18.0488132],[105.8433829,18.0441278],[105.8448563,18.0422461],[105.8460153,18.0405571],[105.8482558,18.0383513],[105.8505204,18.0363159],[105.8520606,18.0352604],[105.852401,18.0350527],[105.8528242,18.0348107],[105.8542127,18.0339559],[105.8563863,18.0325944],[105.8565872,18.032474],[105.8594574,18.0307534],[105.8599129,18.0304599],[105.8616049,18.029461],[105.8618117,18.0293357],[105.863093,18.0285004],[105.8633661,18.0283758],[105.8636262,18.028236],[105.8643416,18.0280165],[105.8647072,18.0279078],[105.8675626,18.0272933],[105.8700147,18.0266984],[105.8702457,18.0266428],[105.8722481,18.0261631],[105.8838451,18.0235662],[105.8871112,18.0228396],[105.8879463,18.0226334],[105.8884304,18.0224756],[105.888895,18.0222841],[105.8893787,18.0220093],[105.8897943,18.0217],[105.8916887,18.0201678],[105.8918909,18.0200395],[105.8920931,18.0199419],[105.893017,18.0195472],[105.8932949,18.0193853],[105.8935277,18.0191773],[105.8953596,18.016998],[105.8955318,18.0167622],[105.8959428,18.0160722],[105.8975466,18.0141337],[105.8982328,18.0133995],[105.8988296,18.0128637],[105.8991636,18.0126356],[105.8994376,18.0124484],[105.9003688,18.0118125],[105.9027195,18.0100169],[105.9038128,18.0090256],[105.9043526,18.0083636],[105.9043694,18.0083431],[105.9047208,18.0076802],[105.9052434,18.006394],[105.9052873,18.0062862],[105.9053674,18.0060402],[105.9057567,18.0052089],[105.9059793,18.0049437],[105.9064964,18.0046211],[105.9069271,18.0044084],[105.9072026,18.0042174],[105.9085966,18.0024165],[105.9089689,18.002167],[105.9125918,18.0006469],[105.9131446,18.0003106],[105.9141466,17.9987592],[105.9143746,17.9985201],[105.9145524,17.998365],[105.9147765,17.9980889],[105.9149111,17.997836],[105.9153186,17.9969203],[105.9154246,17.9966983],[105.9156492,17.9964899],[105.9167198,17.9958534],[105.9173991,17.9954815],[105.9175825,17.9952844],[105.9177508,17.9949593],[105.9180245,17.9941962],[105.9182313,17.9938726],[105.9185402,17.9936024],[105.9190498,17.9932781],[105.9193388,17.9930629],[105.9195607,17.9928606],[105.9199058,17.992319],[105.9201142,17.9919323],[105.9203075,17.9916013],[105.9204526,17.9912197],[105.9207555,17.9907652],[105.9210958,17.990446],[105.9214614,17.9901284],[105.9219589,17.9898086],[105.9224229,17.9894625],[105.9227885,17.9890428],[105.9229904,17.9887173],[105.9233938,17.9878786],[105.9236042,17.9875981],[105.9247062,17.9870649],[105.9252625,17.9866549],[105.9256234,17.9861458],[105.9257789,17.9856783],[105.9261135,17.9849977],[105.9266345,17.9841204],[105.9270917,17.9828065],[105.9271862,17.9825179],[105.9272061,17.9822824],[105.9271882,17.9820379],[105.9271031,17.9817935],[105.9268923,17.9815125],[105.9265458,17.9812758],[105.9262237,17.9811681],[105.9259016,17.9811244],[105.9253321,17.9811691],[105.9250619,17.9812428],[105.9248182,17.9813694],[105.9245801,17.9815448],[105.9230106,17.9828042],[105.9224707,17.9832925],[105.9222251,17.9836149],[105.9218809,17.9839995],[105.9212279,17.9845575],[105.9207431,17.9848408],[105.9203794,17.9849425],[105.9200678,17.9849515],[105.9196527,17.9848269],[105.9193274,17.984488],[105.9191293,17.9841942],[105.9190824,17.983843],[105.9191881,17.9834207],[105.9193665,17.9831036],[105.9198848,17.9826953],[105.9202718,17.9824233],[105.920494,17.98234],[105.9207761,17.9822607],[105.9210551,17.9822154],[105.9215456,17.982267],[105.9219846,17.9823239],[105.9222995,17.9823146],[105.9225455,17.9822387],[105.9229425,17.9820036],[105.9242529,17.9811093],[105.9246393,17.9808527],[105.9257603,17.9801535],[105.9261203,17.9799322],[105.9267397,17.9795545],[105.9280448,17.9787136],[105.9290301,17.9780812],[105.9293658,17.9778071],[105.9296427,17.9775258],[105.930005,17.976931],[105.9309336,17.9754016],[105.9314541,17.9745894],[105.9326314,17.9733903],[105.9332937,17.9724008],[105.9339687,17.9712919],[105.9343388,17.9707649],[105.9349783,17.9697478],[105.9357715,17.9685057],[105.936324,17.9678319],[105.9370087,17.967236],[105.9376877,17.9668076],[105.9382345,17.9664588],[105.939998,17.9653504],[105.9403685,17.9650874],[105.9404937,17.9649713],[105.9410524,17.9644533],[105.941702,17.9639214],[105.9421565,17.9635289],[105.9436556,17.9622557],[105.9444152,17.9615716],[105.9445609,17.961463],[105.9448987,17.9611614],[105.9452122,17.9608763],[105.9480825,17.9585319],[105.9484746,17.9582422],[105.9487505,17.9580616],[105.9489261,17.9579068],[105.9496042,17.9574113],[105.9498293,17.9572541],[105.9498873,17.9572271],[105.9508194,17.9567939],[105.9512761,17.9565991],[105.9537907,17.9556875],[105.9578675,17.9539951],[105.9585594,17.9535109],[105.9588895,17.9531832],[105.9590159,17.9530431],[105.959465,17.9525616],[105.9596419,17.9523464],[105.9599766,17.9520038],[105.9600905,17.9518872],[105.9601144,17.9518617],[105.9601712,17.9518009],[105.9628842,17.9489001],[105.962978,17.9487998],[105.9634871,17.9482555],[105.963799,17.9479347],[105.9643258,17.9473252],[105.9657306,17.945052],[105.966348,17.9441987],[105.9669016,17.9436301],[105.9676736,17.9428376],[105.968149,17.9424028],[105.9687806,17.9415573],[105.9690306,17.9411958],[105.9692077,17.9408112],[105.9693111,17.9404213],[105.9694873,17.9378718],[105.9698565,17.9363647],[105.970472,17.9340156],[105.9707164,17.9330259],[105.970848,17.9326098],[105.9709809,17.9323351],[105.9711084,17.9320933],[105.9712132,17.9319552],[105.9715636,17.9315557],[105.9719095,17.931296],[105.9723486,17.9310701],[105.9728209,17.9309023],[105.9737754,17.93061],[105.9743452,17.9304222],[105.9751778,17.9300581],[105.9759655,17.9296356],[105.9768013,17.929271],[105.977296,17.9290696],[105.979427,17.9280196],[105.9815623,17.9268493],[105.9816363,17.9268087],[105.9816845,17.9267823],[105.9821403,17.9266077],[105.9825679,17.9264564],[105.9830406,17.926365],[105.9863317,17.9258986],[105.9868087,17.9257773],[105.98726,17.9255859],[105.9876572,17.9253539],[105.9896558,17.9238396],[105.9899228,17.9236887],[105.9902487,17.9235493],[105.990884,17.9233515],[105.9916103,17.9231013],[105.9932129,17.9225625],[105.9935782,17.9223592],[105.9941057,17.9218817],[105.9941643,17.9218289],[105.9944325,17.9214942],[105.9955697,17.9202455],[105.9969929,17.9186448],[105.9972125,17.9183756],[105.9978473,17.9176648],[105.9991011,17.9162611],[105.9994647,17.9158335],[105.999628,17.9156601],[105.999868,17.9152169],[105.9999871,17.9149104],[106.0000594,17.9146634],[106.0001314,17.9144385],[106.0001753,17.9140539],[106.0001672,17.913734],[106.0001086,17.9134595],[106.0000164,17.9131787],[105.9998911,17.9128685],[105.9987158,17.9109807],[105.9984165,17.9104702],[105.9982579,17.9100032],[105.9982123,17.909694],[105.9981747,17.9093564],[105.9982121,17.9089348],[105.9983342,17.9084651],[105.9984305,17.9081917],[105.9985493,17.9079666],[105.9986677,17.9077607],[105.9988928,17.9075305],[105.9991437,17.9073236],[106.0001696,17.9066237],[106.0024775,17.905034],[106.0024788,17.9050202],[106.0051548,17.9029338],[106.0060985,17.902132],[106.0076858,17.9006806],[106.0083461,17.9002264],[106.0086227,17.9000362],[106.0095359,17.8995749],[106.0096621,17.8994798],[106.0097053,17.899455],[106.0097826,17.8994121],[106.0110201,17.8987641],[106.0118438,17.8982272],[106.0121832,17.8979332],[106.0127827,17.8973492],[106.0138555,17.8962683],[106.0141152,17.8960009],[106.0148206,17.8953311],[106.0155004,17.8948596],[106.016114,17.8945109],[106.0168772,17.8942304],[106.0177365,17.8939144],[106.0182512,17.8937567],[106.019085,17.8933179],[106.019199,17.8932113],[106.0193288,17.8931144],[106.0196758,17.8928553],[106.0200439,17.8924586],[106.0201936,17.8923096],[106.020623,17.8916685],[106.0209657,17.8908719],[106.0211276,17.8904343],[106.0212106,17.89021],[106.0213493,17.8899013],[106.0227641,17.8860674],[106.0228282,17.8858385],[106.023274,17.8846336],[106.0234854,17.8840408],[106.0235692,17.8838489],[106.023604,17.8837925],[106.024016,17.8831108],[106.0245464,17.8824878],[106.0251409,17.8819572],[106.0252625,17.8818745],[106.0253142,17.8818163],[106.0256542,17.8816069],[106.0260937,17.8813526],[106.0264904,17.8811667],[106.0268278,17.8810704],[106.0279503,17.8807415],[106.0282803,17.8806647],[106.0291405,17.8804084],[106.0295338,17.8803088],[106.0299327,17.8801541],[106.0301841,17.8800323],[106.0302575,17.8800023],[106.0306266,17.8797727],[106.0309663,17.8795515],[106.0319175,17.878953],[106.03268,17.8784616],[106.0327337,17.878428],[106.0339952,17.877601],[106.0347279,17.8771207],[106.0348975,17.877007],[106.0350144,17.87693],[106.0351156,17.8768709],[106.0357276,17.8765137],[106.0362805,17.8761392],[106.0366302,17.8758668],[106.0367002,17.8758519],[106.0371896,17.8752594],[106.0373784,17.8750045],[106.0377724,17.8744538],[106.0378437,17.8743541],[106.03858,17.8734076],[106.0390512,17.8728013],[106.0393646,17.8724135],[106.040754,17.8712525],[106.0421492,17.870124],[106.0424915,17.8698019],[106.0438183,17.8685529],[106.0455822,17.8667388],[106.0464499,17.8658463],[106.0492212,17.8630005],[106.050362,17.8620723],[106.0505591,17.8619825],[106.0510361,17.8616889],[106.0518897,17.861171],[106.0524931,17.860771],[106.0526453,17.8607125],[106.0535021,17.860382],[106.0564425,17.8596428],[106.0577136,17.8591231],[106.0604145,17.8578853],[106.0616118,17.8573232],[106.0620431,17.8571237],[106.0639868,17.8563616],[106.0660271,17.8555367],[106.0690236,17.8543486],[106.0702651,17.8538687],[106.0705588,17.8537271],[106.0706873,17.8536769],[106.0709181,17.8535257],[106.071409,17.8532361],[106.0717346,17.8529996],[106.0718513,17.8528971],[106.072453,17.8523674],[106.0728033,17.8520622],[106.0736007,17.8513671],[106.07414,17.8509196],[106.0747622,17.8505445],[106.0757025,17.8499127],[106.0759445,17.8497811],[106.0776246,17.8487544],[106.0783298,17.8482345],[106.0791107,17.8475911],[106.0791526,17.8475566],[106.0839273,17.8435167],[106.0845592,17.8429827],[106.0847734,17.8427824],[106.0849395,17.8426075],[106.0853128,17.8420415],[106.0858867,17.8409227],[106.0861909,17.8405475],[106.0864074,17.8403034],[106.0870126,17.8396423],[106.0871923,17.8394444],[106.0873505,17.8392729],[106.0875875,17.8390272],[106.0879165,17.8387598],[106.0894266,17.8377504],[106.089695,17.8375092],[106.089959,17.8372305],[106.0902494,17.8368422],[106.0906759,17.8362329],[106.091086,17.8356575],[106.0915976,17.8350717],[106.0921991,17.8346176],[106.0926554,17.8343214],[106.0926953,17.8343073],[106.0932569,17.8340581],[106.09381,17.8339068],[106.0940021,17.8338677],[106.0958566,17.8334263],[106.0971725,17.8331449],[106.0976619,17.8330164],[106.0977164,17.8330051],[106.0989471,17.8327352],[106.1007101,17.8322811],[106.1014372,17.8321095],[106.102162,17.8318862],[106.1027359,17.8316624],[106.1035932,17.8312082],[106.1037536,17.8311034],[106.1040565,17.8308792],[106.1042005,17.8307555],[106.1050451,17.8300301],[106.105301,17.8297602],[106.1060892,17.8291942],[106.1068773,17.8288322],[106.107838,17.8284066],[106.1079421,17.8283978],[106.1087095,17.8280095],[106.1092488,17.8276277],[106.1097328,17.8271538],[106.1102652,17.8265088],[106.1106662,17.8261534],[106.1111156,17.8259098],[106.1115166,17.8258045],[106.1118968,17.8258243],[106.1154863,17.826491],[106.1169302,17.8267984],[106.1176423,17.8270551],[106.1180471,17.8272354],[106.1181089,17.8272565],[106.1190869,17.8277253],[106.1192013,17.8277831],[106.1235534,17.829664],[106.1237016,17.8297283],[106.1242105,17.829938],[106.1247964,17.830057],[106.1253237,17.8300696],[106.132362,17.828378],[106.1329151,17.8282991],[106.1347092,17.8281449],[106.1349604,17.8281234],[106.1361318,17.8280227],[106.1377975,17.8278811],[106.1379692,17.8278712],[106.138467,17.8277988],[106.1392344,17.8276014],[106.1399811,17.8273052],[106.1404928,17.8270617],[106.1426292,17.8258506],[106.1434312,17.825561],[106.1442816,17.8254491],[106.1479529,17.8253635],[106.1487342,17.825278],[106.1499579,17.8249818],[106.1510503,17.8245868],[106.1516726,17.8242972],[106.1551466,17.8223758],[106.1561467,17.8218306],[106.1564584,17.8216599],[106.1571922,17.8211855],[106.1585354,17.8204682],[106.1591813,17.8201161],[106.1593741,17.8200127],[106.1596359,17.8198724],[106.1598474,17.819759],[106.1610851,17.8190505],[106.1631324,17.8179281],[106.1634703,17.8177373],[106.1641641,17.8174984],[106.1656374,17.8171446],[106.1661941,17.8169821],[106.1666447,17.8168544],[106.1670438,17.8166886],[106.167798,17.8163386],[106.1699353,17.8153209],[106.1710873,17.814731],[106.1722465,17.8140476],[106.1727622,17.8139251],[106.1730471,17.8138973],[106.1732801,17.8139118],[106.1734507,17.8139304],[106.1737892,17.8139633],[106.1742339,17.8140309],[106.1747886,17.8141389],[106.1752454,17.8143094],[106.1755224,17.8144895],[106.1759218,17.8146501],[106.1761568,17.8147146],[106.1764757,17.8147742],[106.1768473,17.8147966],[106.1772734,17.8147675],[106.1778867,17.8146949],[106.178417,17.8146711],[106.1786909,17.8147216],[106.1789795,17.814794],[106.1791792,17.8148324],[106.1794102,17.8148467],[106.1803686,17.8149532],[106.180549,17.81496],[106.1807223,17.8149222],[106.1812564,17.8147573],[106.1826132,17.8143897],[106.1833458,17.8141664],[106.1839304,17.814029],[106.1844212,17.8139671],[106.1847677,17.8138778],[106.1850744,17.8137472],[106.1854136,17.8135136],[106.1857168,17.8132765],[106.1870449,17.8124542],[106.1871636,17.8123803],[106.1876887,17.812084],[106.190801,17.8102413],[106.1912187,17.8099667],[106.1916299,17.809723],[106.1932969,17.8087209],[106.1951432,17.8076052],[106.1974154,17.8062026],[106.1982496,17.8056915],[106.1994068,17.8049782],[106.2007503,17.8041392],[106.201175,17.8038798],[106.2016212,17.8037285],[106.2020782,17.8036425],[106.2031902,17.8036126],[106.2036074,17.8035597],[106.2041257,17.8034175],[106.2063467,17.8025488],[106.2082189,17.8017877],[106.2083658,17.801715],[106.2099532,17.8009663],[106.2115598,17.8001601],[106.2121993,17.7998519],[106.213301,17.7993125],[106.2156444,17.7981769],[106.2193635,17.7963481],[106.2208034,17.7956595],[106.2214599,17.7953288],[106.2222318,17.794859],[106.2223692,17.7947754],[106.2231344,17.7940682],[106.2235464,17.7932215],[106.2238447,17.7925012],[106.2243207,17.7907514],[106.2246118,17.7895989],[106.2248463,17.7890388],[106.2250118,17.7887244],[106.225215,17.7884251],[106.225532,17.7880176],[106.2261143,17.7874658],[106.2274368,17.786504],[106.2297812,17.7847992],[106.2306526,17.7841715],[106.2310234,17.7839689],[106.2313874,17.7838035],[106.2316918,17.783699],[106.2320584,17.7835748],[106.2339944,17.7831941],[106.234404,17.7831084],[106.2347085,17.7830219],[106.2357087,17.7824859],[106.2379612,17.7810712],[106.2385272,17.7807769],[106.2386476,17.7807143],[106.2408511,17.7798399],[106.2419025,17.779464],[106.2434869,17.7788976],[106.2443212,17.7785993],[106.2445237,17.7785313],[106.2446949,17.7784152],[106.2448438,17.7782678],[106.2451652,17.7779584],[106.2453545,17.7778188],[106.246379,17.7773213],[106.2466703,17.7772516],[106.2469901,17.777242],[106.2473399,17.7772946],[106.2479393,17.777538],[106.2481298,17.7775915],[106.2484069,17.7776237],[106.2493472,17.7775567],[106.2497842,17.7775386],[106.2501626,17.777595],[106.2506586,17.7777984],[106.2508732,17.7778793],[106.2511211,17.7779668],[106.2522037,17.7781894],[106.2527058,17.7784455],[106.2532929,17.7789565],[106.2536559,17.779167],[106.2539591,17.7792376],[106.2544844,17.7792082],[106.2548835,17.7792924],[106.2551432,17.7793926],[106.2553164,17.7794136],[106.2554836,17.7793869],[106.2559962,17.7791326],[106.2561844,17.7790796],[106.256755,17.7789187],[106.2575444,17.7787582],[106.260006,17.7778935],[106.2603635,17.7777679],[106.2604122,17.7777532],[106.2611019,17.7775358],[106.2616487,17.7773967],[106.2622314,17.7772786],[106.2628298,17.7771885],[106.2634766,17.7771421],[106.2642543,17.7771255],[106.2676011,17.7771479],[106.2681926,17.7771046],[106.2687996,17.7770301],[106.2693562,17.7769214],[106.2699279,17.7767801],[106.2699618,17.7767691],[106.2712488,17.7763229],[106.272632,17.7758441],[106.2835239,17.7720739],[106.2842923,17.7717152],[106.2846876,17.7714957],[106.285868,17.770774],[106.2875632,17.769526],[106.2879579,17.7690844],[106.2883169,17.7685746],[106.2886072,17.7680035],[106.2888046,17.7674459],[106.2891939,17.7655649],[106.2893965,17.7649228],[106.2896495,17.7643629],[106.289966,17.763805],[106.2899638,17.7638034],[106.2903711,17.7632572],[106.2908066,17.7627271],[106.2938773,17.759603],[106.2963741,17.7569969],[106.2970161,17.7564671],[106.2977746,17.7560431],[106.2988257,17.7557073],[106.2994516,17.7556378],[106.299957,17.7555609],[106.3008768,17.7554623],[106.3022212,17.7552945],[106.302595,17.7551985],[106.3034298,17.7549734],[106.3042104,17.7546358],[106.3046118,17.7544084],[106.3052005,17.7539033],[106.3058064,17.7531647],[106.3068868,17.751569],[106.3069107,17.7515225],[106.3083759,17.7493573],[106.3089557,17.7486956],[106.3097601,17.7481067],[106.3104137,17.7477913],[106.3170449,17.7444413],[106.3210984,17.7424019],[106.3227933,17.7415986],[106.3265463,17.739717],[106.328371,17.7388181],[106.3297881,17.7381058],[106.3306387,17.7376454],[106.3308722,17.7374867],[106.3312934,17.7371384],[106.331555,17.7368702],[106.3319609,17.7364613],[106.3322935,17.735938],[106.3326841,17.7351537],[106.3335669,17.7335315],[106.3341057,17.7328325],[106.3350713,17.7320967],[106.3361335,17.7316113],[106.3372385,17.7312996],[106.3381237,17.7310594],[106.338923,17.730528],[106.3395774,17.7299609],[106.3400251,17.7295188],[106.3403018,17.7292433],[106.3404911,17.7290569],[106.3407805,17.7288068],[106.3409868,17.7286178],[106.3411742,17.7284228],[106.3414376,17.7281591],[106.3416154,17.7279943],[106.3417337,17.7278767],[106.3419333,17.7276901],[106.3421492,17.7274748],[106.3424206,17.7272323],[106.3443449,17.7253735],[106.345076,17.7246672],[106.3459557,17.7239416],[106.3463044,17.7237142],[106.3463461,17.723687],[106.3470884,17.7232156],[106.3512728,17.7212812],[106.3538789,17.7200632],[106.3558409,17.7191476],[106.3568221,17.7186863],[106.3577937,17.7182302],[106.3621042,17.7161829],[106.3627946,17.7158577],[106.3650855,17.7147973],[106.3655301,17.7145887],[106.366193,17.7142887],[106.3668096,17.7140193],[106.3668859,17.7139824],[106.3682057,17.7133596],[106.3682972,17.7133172],[106.3685939,17.7131797],[106.3723964,17.7113996],[106.3729374,17.711139],[106.3734126,17.7108939],[106.3744277,17.7104481],[106.3770772,17.7088312],[106.3783035,17.7080723],[106.3784963,17.7079547],[106.3787428,17.7078044],[106.3788479,17.7077969],[106.3792914,17.7076445],[106.381253,17.7071832],[106.383105,17.7067955],[106.3837484,17.7066424],[106.3865614,17.7060066],[106.386751,17.7059637],[106.3870169,17.7059036],[106.3873989,17.7057656],[106.3878652,17.7055187],[106.3882797,17.7050777],[106.3885698,17.7045644],[106.3887011,17.7039194],[106.3886666,17.7033863],[106.388622,17.703042],[106.3885984,17.7029057],[106.388603,17.7026282],[106.3886002,17.7023511],[106.3886052,17.7022784],[106.3886597,17.7018528],[106.3887909,17.7014776],[106.3899434,17.6996031],[106.391262,17.6975473],[106.391817,17.6966993],[106.3921693,17.6962451],[106.3925976,17.6958436],[106.393026,17.6955277],[106.394511,17.6946274],[106.3948511,17.6944364],[106.4000107,17.6913614],[106.4004114,17.6909796],[106.4007085,17.6906373],[106.4009019,17.6901437],[106.4020281,17.6866881],[106.4023044,17.6857797],[106.4024011,17.6853585],[106.4024149,17.684878],[106.402332,17.6844106],[106.4020764,17.683917],[106.4017448,17.6834891],[106.3997929,17.681784],[106.399295,17.6815538],[106.3987164,17.6814233],[106.3982928,17.6813808],[106.3977238,17.6813375],[106.3971814,17.6812616],[106.3966731,17.6810881],[106.3961383,17.6807809],[106.3957931,17.6804882],[106.3955274,17.6801818],[106.3952165,17.6796533],[106.3951027,17.6793208],[106.3950079,17.6788185],[106.3948923,17.6780158],[106.3947408,17.6770084],[106.3945634,17.6732419],[106.3945562,17.6731248],[106.3945567,17.6728547],[106.394553,17.6727763],[106.394546,17.6726294],[106.3945187,17.6720579],[106.3943454,17.6685346],[106.394328,17.6681644],[106.3943128,17.6678422],[106.394241,17.66713],[106.3941971,17.6668038],[106.394052,17.6661061],[106.3937412,17.6651781],[106.3929123,17.6627033],[106.3926083,17.6618542],[106.3922491,17.6608866],[106.3921732,17.6606102],[106.3921386,17.6603205],[106.3921732,17.660077],[106.3922491,17.6596557],[106.3922975,17.6583788],[106.3924909,17.6577206],[106.3931662,17.6561289],[106.3938172,17.654436],[106.3941902,17.6537185],[106.3949362,17.652514],[106.3953369,17.6520466],[106.3958135,17.6515529],[106.3963937,17.6510066],[106.3969602,17.6505853],[106.3977269,17.6500653],[106.3984799,17.6496638],[106.3994469,17.6493149],[106.4004007,17.6490243],[106.4013604,17.6488541],[106.4015952,17.6488146],[106.4020783,17.6487532],[106.4028897,17.6486511],[106.4030596,17.6486435],[106.4040193,17.6485098],[106.4081299,17.6480642],[106.4086386,17.6479477],[106.4088897,17.6478996],[106.409539,17.6476956],[106.4102643,17.6474323],[106.4105369,17.6473096],[106.4111071,17.6470176],[106.4118669,17.6465502],[106.4123436,17.6462211],[106.41291,17.6457603],[106.4129998,17.6456813],[106.41463,17.6443713],[106.414782,17.6442594],[106.4187308,17.6410861],[106.4204463,17.6397041],[106.4205568,17.639612],[106.4236652,17.6371236],[106.4243491,17.6367287],[106.4249362,17.6363666],[106.4256754,17.6360243],[106.4263316,17.6357675],[106.4274852,17.6353199],[106.4295575,17.6345497],[106.4297163,17.6344838],[106.4321325,17.6335713],[106.4342923,17.632755],[106.4354152,17.6322456],[106.4360783,17.6318769],[106.4367414,17.6314293],[106.4372388,17.6310738],[106.441784,17.627374],[106.4442135,17.6253687],[106.444782,17.6249513],[106.446109,17.6238292],[106.4479199,17.622497],[106.4481878,17.6223159],[106.4486706,17.6220869],[106.4489628,17.6219505],[106.4493065,17.6218439],[106.4497969,17.6216464],[106.4506189,17.6213675],[106.4524543,17.6208664],[106.4525445,17.6208338],[106.455556,17.6199601],[106.4555718,17.619961],[106.4561676,17.619774],[106.4562676,17.6197463],[106.4611146,17.6184027],[106.461312,17.618348],[106.4646056,17.6173986],[106.4691546,17.6161115],[106.4696289,17.6159713],[106.4718336,17.6153213],[106.4734488,17.614885],[106.4765492,17.6139945],[106.4789399,17.613269],[106.4791156,17.6132059],[106.4797132,17.6129728],[106.480459,17.6126043],[106.4859822,17.6094528],[106.4874147,17.6086225],[106.4901094,17.6070735],[106.492394,17.6054012],[106.4948215,17.6036863],[106.496824,17.6022844],[106.4974536,17.6017574],[106.5009201,17.5993122],[106.5043022,17.5968544],[106.5050617,17.596104],[106.5057039,17.5953997],[106.5088871,17.5917006],[106.5098469,17.5905751],[106.5107034,17.5895308],[106.5111092,17.5890441],[106.5123949,17.5876065],[106.5124034,17.5875987],[106.5137552,17.5859675],[106.5142109,17.5854804],[106.5148023,17.5847885],[106.516105,17.5833195],[106.5194371,17.5794422],[106.5203403,17.5783871],[106.5204719,17.5782334],[106.5239136,17.5741785],[106.5242506,17.5737695],[106.5248498,17.5731193],[106.5256671,17.5721646],[106.5276553,17.5698564],[106.5281942,17.5692117],[106.5289518,17.5683354],[106.5308617,17.5660663],[106.5319936,17.5647445],[106.5321604,17.5645563],[106.5332177,17.563314],[106.5349423,17.5613678],[106.5359101,17.560188],[106.537513,17.5583211],[106.5390095,17.5565754],[106.5391724,17.5563829],[106.5401815,17.555195],[106.5414859,17.5537123],[106.5415515,17.5536352],[106.5416816,17.5534823],[106.5442098,17.550523],[106.5443103,17.5503939],[106.5445861,17.5500699],[106.5447094,17.5499183],[106.5460197,17.5483579],[106.5465842,17.5477418],[106.5471343,17.5471023],[106.5478295,17.5462593],[106.5485087,17.5454734],[106.5506102,17.5430304],[106.5510291,17.5425046],[106.5510532,17.5425116],[106.552646,17.5406459],[106.552861,17.5403907],[106.5542254,17.5387717],[106.5543719,17.5385551],[106.5545589,17.5383074],[106.5547607,17.5378723],[106.5549449,17.537341],[106.5550897,17.5368724],[106.5552849,17.5359578],[106.5554583,17.5355547],[106.555682,17.5349732],[106.55609,17.5342076],[106.5565288,17.5335466],[106.5573009,17.5326931],[106.557349,17.5326069],[106.5583802,17.5316765],[106.5602492,17.5298651],[106.5629013,17.5273279],[106.563667,17.5266102],[106.5657907,17.5246123],[106.566045,17.5243664],[106.5684185,17.5220667],[106.5688484,17.5216399],[106.5695622,17.5209526],[106.5706429,17.519912],[106.5717397,17.5188953],[106.5723301,17.5184171],[106.5738201,17.5172681],[106.5738763,17.517226],[106.5770264,17.5147407],[106.5803871,17.512109],[106.5815279,17.5111969],[106.5821552,17.5105944],[106.5828133,17.5098371],[106.5831221,17.5093678],[106.5833969,17.5089501],[106.5837566,17.5082764],[106.5842831,17.5070254],[106.5849544,17.5054061],[106.5856885,17.5034721],[106.5862105,17.5022147],[106.5869749,17.5005008],[106.5878934,17.4983963],[106.5881264,17.4977573],[106.5882556,17.4974425],[106.5891004,17.4953848],[106.5896313,17.4940876],[106.5896927,17.4939244],[106.5902016,17.4927277],[106.5910429,17.4906734],[106.5911493,17.4904136],[106.59159,17.489341],[106.5916408,17.4892196],[106.5922066,17.4878402],[106.5934263,17.484957],[106.5938602,17.4839098],[106.5949312,17.4813247],[106.5955468,17.4798218],[106.5959973,17.4787218],[106.5963713,17.4778112],[106.5967453,17.4769006],[106.5969976,17.4762862],[106.5971602,17.4758875],[106.5974903,17.4750785],[106.5976924,17.4745949],[106.597869,17.4741608],[106.5980546,17.4736475],[106.5987116,17.4720803],[106.598816,17.4718898],[106.5989993,17.4715506],[106.5991578,17.471165],[106.5993544,17.470674],[106.6000348,17.4690324],[106.6008235,17.4670819],[106.6010164,17.4666608],[106.6010263,17.466631],[106.6010269,17.4666294],[106.6011343,17.4663692],[106.6012779,17.4660179],[106.6013396,17.4658094],[106.6014013,17.4655919],[106.6014643,17.4653582],[106.601489,17.4652666],[106.6015122,17.4650705],[106.601578,17.4645055],[106.6016701,17.4618145],[106.6016897,17.4612615],[106.6017535,17.4594624],[106.60185,17.4571103],[106.6019729,17.4544652],[106.6020561,17.453177],[106.6021502,17.4505312],[106.6021767,17.4497757],[106.6022526,17.4476162],[106.602289,17.4456162],[106.6023084,17.4453279],[106.60245,17.4426187],[106.6025531,17.44017],[106.6026132,17.4387426],[106.6026255,17.4384498],[106.6026346,17.4381593],[106.6026562,17.4374745],[106.6026781,17.4369806],[106.6027527,17.4352351],[106.6028756,17.4323344],[106.6029013,17.4316829],[106.6030028,17.4295424],[106.6030857,17.4266589],[106.6031298,17.4258395],[106.6031634,17.4248379],[106.6032059,17.4240091],[106.6032355,17.4232479],[106.6033112,17.4228508],[106.6035293,17.4218988],[106.6040865,17.4197011],[106.6043034,17.4189781],[106.6046642,17.4176396],[106.6047577,17.4171098],[106.6054334,17.4144516],[106.6055882,17.4139108],[106.6061441,17.4117054],[106.6064548,17.410702],[106.6068154,17.4091015],[106.6072011,17.4075986],[106.6072952,17.4072318],[106.6083159,17.4032321],[106.608361,17.4030312],[106.6085087,17.4024837],[106.608698,17.4017038],[106.6088862,17.4010174],[106.6096233,17.3985683],[106.6103867,17.3960646],[106.6112159,17.3934145],[106.6120364,17.3906135],[106.6121179,17.3903576],[106.6124005,17.3894705],[106.612655,17.3888509],[106.6131358,17.3879918],[106.6134084,17.3875111],[106.6134535,17.3874315],[106.614116,17.3864099],[106.6144977,17.3859326],[106.6147509,17.38566],[106.6150285,17.3853506],[106.6155155,17.3848943],[106.6170049,17.3834677],[106.6172255,17.3832571],[106.6178599,17.3824806],[106.6180564,17.3821871],[106.6182874,17.3818423],[106.6186942,17.3810988],[106.619032,17.3802236],[106.6203993,17.3759603],[106.621473,17.3728599],[106.6214593,17.3728462],[106.6217622,17.3718906],[106.6227352,17.3691461],[106.6229692,17.3683389],[106.6234519,17.3669241],[106.6237001,17.3659632],[106.6239208,17.364884],[106.6240794,17.3635414],[106.6241889,17.3618023],[106.6241907,17.3613771],[106.6242035,17.3594546],[106.6242104,17.3591584],[106.6242931,17.3567497],[106.6243552,17.3560718],[106.6244862,17.3555848],[106.624693,17.3549333],[106.6253136,17.3537091],[106.6256308,17.35313],[106.6258514,17.3525837],[106.6258573,17.3525546],[106.625948,17.3522678],[106.626079,17.351636],[106.6261203,17.350629],[106.6261066,17.3504908],[106.6262755,17.346588],[106.6264065,17.3436131],[106.6266157,17.3398259],[106.6265685,17.339822],[106.6266152,17.3383344],[106.6265166,17.3375705],[106.626038,17.33522],[106.6254206,17.3321349],[106.6254104,17.3320861],[106.6240618,17.3256569],[106.6238577,17.3238267],[106.6238148,17.3234278],[106.623844,17.3229719],[106.6239122,17.3225253],[106.6241764,17.3219967],[106.6247904,17.3212988],[106.6255455,17.3206197],[106.6256319,17.3205212],[106.6283549,17.3177494],[106.628426,17.3176799],[106.628486,17.3176144],[106.628609,17.3174985],[106.6288569,17.3172637],[106.631008,17.31498],[106.6320216,17.3140123],[106.6331072,17.3133986],[106.6331639,17.3132654],[106.6359396,17.3117791],[106.6366706,17.3113604],[106.6371176,17.3110155],[106.6373139,17.31083],[106.6378694,17.3101787],[106.638347,17.3093785],[106.6387855,17.3082433],[106.6388015,17.3081684],[106.6401271,17.3047409],[106.6406051,17.3034833],[106.6406465,17.3034087],[106.6410402,17.3024057],[106.6417839,17.3004126],[106.6425671,17.2983053],[106.6436265,17.2956078],[106.6441266,17.2942982],[106.644423,17.293443],[106.6448889,17.2922679],[106.6453236,17.2911243],[106.6456177,17.2902932],[106.645647,17.2902167],[106.6462902,17.2887391],[106.6469919,17.2874921],[106.6470259,17.2874609],[106.6473233,17.286943],[106.6476942,17.2864329],[106.6489643,17.2847964],[106.6490053,17.2847507],[106.6545785,17.2774566],[106.6569136,17.2742212],[106.6590681,17.2713976],[106.6607732,17.269149],[106.6616601,17.2679205],[106.6622023,17.2672855],[106.6625275,17.2668316],[106.6635801,17.2656682],[106.664428,17.2648026],[106.6675776,17.2623176],[106.6680746,17.2618821],[106.6718453,17.258702],[106.6783762,17.2531602],[106.6784066,17.2530709],[106.6831236,17.2492558],[106.6877448,17.2452123],[106.6913319,17.2422176],[106.6936197,17.24033],[106.6941182,17.2399192],[106.6944219,17.2396629],[106.6972302,17.2372929],[106.6975236,17.2370542],[106.6977651,17.2368593],[106.6978469,17.2367933],[106.6979902,17.2366571],[106.698188,17.2364783],[106.6984546,17.2361619],[106.6988543,17.2356486],[106.6991939,17.2351998],[106.6992265,17.2350765],[106.6993435,17.2345824],[106.6997707,17.233253],[106.6999223,17.2327331],[106.7003492,17.2317185],[106.7005907,17.2311141],[106.7010248,17.2305415],[106.7017933,17.2299764],[106.7018765,17.2299181],[106.7047045,17.2277114],[106.704794,17.2276259],[106.7064111,17.2264096],[106.7087903,17.2246295],[106.7089529,17.2244979],[106.7105477,17.223282],[106.7119018,17.222071],[106.712261,17.2217391],[106.71385,17.2202727],[106.714457,17.219713],[106.7147174,17.2194815],[106.7148783,17.2193472],[106.7150791,17.2190968],[106.7152815,17.2187985],[106.7153067,17.2187556],[106.7155361,17.2183637],[106.7157908,17.2177814],[106.7159374,17.2171549],[106.7160454,17.2164252],[106.716244,17.2143096],[106.7164494,17.2130259],[106.7164621,17.2126809],[106.7165007,17.2122977],[106.7166782,17.2113837],[106.7168392,17.2108162],[106.7169937,17.2105068],[106.7170717,17.210337],[106.7174112,17.2098211],[106.7178924,17.2092557],[106.7182889,17.2089429],[106.7245661,17.2039922],[106.7261403,17.2027379],[106.7335484,17.1968838],[106.7342241,17.1965295],[106.7356368,17.1960496],[106.7357343,17.1960186],[106.7361616,17.1958904],[106.738081,17.1952727],[106.739821,17.1947318],[106.7409206,17.1943793],[106.742016,17.1940525],[106.7422565,17.1939808],[106.7438543,17.1934858],[106.7446848,17.1933427],[106.7464365,17.1931673],[106.7466662,17.1931448],[106.7502129,17.1927971],[106.7573776,17.1921668],[106.7583233,17.1920386],[106.7602224,17.191866],[106.7602276,17.1918655],[106.7605503,17.1918363],[106.7605555,17.1918358],[106.763691,17.1915515],[106.7695076,17.1910192],[106.7703595,17.1909796],[106.7758817,17.1904459],[106.7798189,17.1900672],[106.782482,17.1898167],[106.7856255,17.1894936],[106.7958537,17.18856],[106.7962609,17.1885206],[106.7980948,17.1883559],[106.8024472,17.1879542],[106.8032508,17.1877931],[106.8036668,17.1876684],[106.8040225,17.1874954],[106.8041973,17.1874276],[106.8094606,17.1853959],[106.8095684,17.1853545],[106.8105686,17.184944],[106.8165281,17.1825337],[106.8231194,17.1799694],[106.8283872,17.1778436],[106.8284498,17.1778345],[106.8303421,17.1770539],[106.8311158,17.1766452],[106.8313665,17.1764858],[106.8353222,17.1738722],[106.8359234,17.1733707],[106.8364212,17.1727756],[106.8367114,17.172206],[106.8374867,17.1702519],[106.8381779,17.168969],[106.8393996,17.1678671],[106.8407078,17.1669266],[106.8412994,17.1665411],[106.8436657,17.1648605],[106.8457793,17.1633512],[106.8460498,17.1631118],[106.8467837,17.1625808],[106.8473186,17.1620481],[106.8486424,17.1603483],[106.8499245,17.1592428],[106.8512066,17.1582787],[106.8514695,17.1580593],[106.8531222,17.1568],[106.8578324,17.1531323],[106.8579282,17.1530577],[106.8580616,17.1529539],[106.8594512,17.1518725],[106.8600841,17.1513861],[106.8613748,17.1504027],[106.8615953,17.1502338],[106.8616621,17.1501828],[106.8617566,17.1501108],[106.8656874,17.1470468],[106.8674378,17.1457234],[106.8675971,17.1455819],[106.8688497,17.1444691],[106.8695553,17.1438873],[106.8708062,17.1428273],[106.8717002,17.1420302],[106.8718347,17.1419057],[106.8739773,17.14],[106.8756401,17.1384753],[106.8756615,17.1384921],[106.8771788,17.1366507],[106.8778464,17.1357518],[106.8788785,17.1343185],[106.8797904,17.1333189],[106.8809679,17.1324269],[106.8820918,17.1317528],[106.8835759,17.1309863],[106.8860346,17.1297535],[106.8868393,17.1292767],[106.8875581,17.1284975],[106.8879765,17.1277849],[106.8895215,17.1254318],[106.8913722,17.122643],[106.8917948,17.1222271],[106.8943149,17.1204068],[106.8944179,17.1203244],[106.8958831,17.1192617],[106.8968694,17.1186164],[106.8980036,17.1181669],[106.8998395,17.1175397],[106.9005374,17.1171627],[106.9014592,17.116434],[106.902252,17.1156147],[106.9031337,17.1148028],[106.9033067,17.1146234],[106.905376,17.1126867],[106.9079683,17.1101514],[106.9086756,17.1086808],[106.908818,17.1084475],[106.909808,17.1068995],[106.911166,17.1047496],[106.9122698,17.1032088],[106.9134033,17.1019903],[106.9144168,17.1010262],[106.917091,17.0983071],[106.9224774,17.0929883],[106.9246623,17.0908202],[106.9283223,17.0879768],[106.9288348,17.0875787],[106.9311411,17.0859181],[106.9320983,17.0853051],[106.9373013,17.0813677],[106.9408568,17.0789467],[106.9445389,17.076541],[106.9455523,17.0758238],[106.9459753,17.0755936],[106.9483101,17.0739975],[106.9494876,17.0731821],[106.9506168,17.0721719],[106.9511006,17.0717246],[106.9513598,17.0714899],[106.9550763,17.0670358],[106.9560751,17.0661515],[106.9568208,17.0654259],[106.9585159,17.0641643],[106.9616032,17.0618668],[106.9626734,17.0610745],[106.9635475,17.0604355],[106.9637578,17.0602769],[106.9640274,17.0600736],[106.9652095,17.0591822],[106.9657995,17.0587373],[106.9670959,17.0577633],[106.9674242,17.0575167],[106.9681401,17.0570092],[106.9683658,17.0568133],[106.9686931,17.0565462],[106.9690565,17.056089],[106.9694097,17.0555179],[106.9699502,17.0543742],[106.9701219,17.0537537],[106.9719995,17.0479966],[106.9723032,17.0471989],[106.9727427,17.0458256],[106.9729009,17.0453256],[106.9729973,17.0450624],[106.9733207,17.0443716],[106.9739056,17.0433848],[106.9743116,17.0428519],[106.9800181,17.0362518],[106.9843185,17.0312526],[106.9875729,17.0275087],[106.9875853,17.0274828],[106.9900351,17.0248075],[106.9901656,17.0246657],[106.9912471,17.0232561],[106.9914545,17.023014],[106.9915326,17.0229229],[106.9917828,17.0225876],[106.9942118,17.0197978],[106.9970118,17.0165587],[106.9971639,17.0163828],[106.997291,17.0162349],[106.9998888,17.0132113],[106.9999313,17.0131966],[107.0015127,17.0113557],[107.0016504,17.0111912],[107.0028202,17.0098357],[107.0055795,17.0066641],[107.0055972,17.006645],[107.0085384,17.0032423],[107.0110638,17.0002943],[107.0132741,16.99776],[107.0133208,16.9976971],[107.0168314,16.99363],[107.0168371,16.993615],[107.0186734,16.9915186],[107.0186674,16.9914828],[107.0218764,16.9877772],[107.022459,16.9870671],[107.023499,16.9858943],[107.0264431,16.9824801],[107.0275854,16.9811376],[107.0286176,16.9799398],[107.028773,16.9797714],[107.0291996,16.9793089],[107.0310229,16.9771744],[107.0315959,16.9765068],[107.0317279,16.976353],[107.0324229,16.975537],[107.0326843,16.9751289],[107.0329045,16.9746748],[107.0330422,16.9741351],[107.0330527,16.9735536],[107.0330545,16.9734561],[107.0330641,16.9729265],[107.0330454,16.9716331],[107.0330542,16.9715808],[107.0329813,16.967802],[107.0330215,16.9671785],[107.0332211,16.9664874],[107.0334413,16.965974],[107.0337578,16.9654343],[107.0341732,16.9649403],[107.0345698,16.9645524],[107.0351203,16.964118],[107.0357946,16.9637626],[107.0359074,16.9637504],[107.0402467,16.9622488],[107.0462768,16.9602112],[107.0499216,16.9589644],[107.0499463,16.9589545],[107.0507749,16.9586682],[107.0513667,16.958405],[107.0519928,16.9580693],[107.0524332,16.9577797],[107.0529493,16.9573782],[107.0535067,16.9568582],[107.0540021,16.9562724],[107.0543806,16.9557195],[107.0547178,16.9551271],[107.0550137,16.9544229],[107.0551926,16.9537976],[107.0553302,16.9532052],[107.0553577,16.9530518],[107.0553715,16.9529748],[107.056025,16.9495199],[107.0560246,16.9495007],[107.0575454,16.9407014],[107.0576899,16.939938],[107.0579238,16.9392602],[107.0582541,16.9385823],[107.0586944,16.938036],[107.0591071,16.9375951],[107.0597951,16.9371213],[107.0604349,16.9367856],[107.0612054,16.9365355],[107.0650466,16.9360198],[107.0660748,16.9358785],[107.0696468,16.9354101],[107.0706719,16.9351469],[107.0715937,16.9347257],[107.07229,16.9342852],[107.072894,16.9337911],[107.0734014,16.9333001],[107.0734925,16.9332119],[107.074036,16.9324222],[107.0744554,16.9316434],[107.0747849,16.9306519],[107.0747823,16.9306427],[107.0753569,16.9284272],[107.0754253,16.9280916],[107.0755839,16.9271372],[107.0757215,16.9258867],[107.0757315,16.9258735],[107.0760669,16.9223234],[107.0761137,16.9213914],[107.0763613,16.9185151],[107.0767043,16.9154877],[107.0770489,16.9117734],[107.0770279,16.9113309],[107.0770802,16.9107046],[107.0770943,16.9105354],[107.0774579,16.9062311],[107.0774821,16.9059484],[107.0774909,16.9057823],[107.077776,16.9026618],[107.0786834,16.8919943],[107.0790024,16.8887972],[107.0793081,16.8852858],[107.0794053,16.8844685],[107.0795223,16.8823934],[107.0795227,16.8774202],[107.079493,16.8761212],[107.0794293,16.8724543],[107.0794148,16.8718429],[107.0793954,16.8710282],[107.0793862,16.8703263],[107.0793793,16.8697999],[107.0793683,16.8689651],[107.0793238,16.8681045],[107.0793229,16.8680585],[107.0791889,16.867232],[107.0788518,16.8654329],[107.0787935,16.8650579],[107.0770347,16.8563081],[107.0762553,16.8524305],[107.0760195,16.8512271],[107.075979,16.8510204],[107.0755959,16.8490374],[107.0755535,16.8488179],[107.0754167,16.8481486],[107.0753655,16.8479068],[107.074985,16.8460042],[107.0749893,16.8453565],[107.0750514,16.8446535],[107.0753005,16.8435888],[107.07557,16.8427813],[107.07615,16.8416608],[107.0765933,16.8409178],[107.0782149,16.8382677],[107.0806363,16.8342512],[107.0837517,16.8294708],[107.083911,16.829199],[107.0849159,16.8276129],[107.0854033,16.8267849],[107.0860474,16.8257014],[107.0862052,16.8254433],[107.0864158,16.8251065],[107.0869516,16.8244238],[107.0875495,16.8238837],[107.0881509,16.8234376],[107.0882414,16.8233565],[107.0888874,16.8229552],[107.088943,16.822907],[107.0895177,16.8226235],[107.0901424,16.8223277],[107.0907537,16.8221284],[107.0912423,16.8219883],[107.0917613,16.8218454],[107.0927689,16.8215561],[107.0931633,16.8214357],[107.0938267,16.8212426],[107.095357,16.8208231],[107.0968382,16.820366],[107.0982339,16.819974],[107.0984172,16.8199166],[107.0999152,16.819484],[107.1008359,16.8192082],[107.1019488,16.8188824],[107.1022181,16.8187846],[107.10279,16.8185931],[107.1029879,16.8185201],[107.103251,16.8183956],[107.1035875,16.8182312],[107.1037876,16.8181255],[107.1041434,16.8179074],[107.1044292,16.8177581],[107.1049551,16.8174037],[107.1052366,16.8171707],[107.1055012,16.8169651],[107.1066327,16.8160926],[107.1074034,16.8153639],[107.1075913,16.8152172],[107.1080274,16.8148434],[107.109078,16.8139563],[107.1093475,16.8137628],[107.1097113,16.8134688],[107.1097889,16.8134011],[107.110014,16.8132536],[107.1101088,16.8131812],[107.110375,16.8130068],[107.1105204,16.8129026],[107.1105561,16.812877],[107.1111789,16.8123716],[107.1116749,16.8119608],[107.1122007,16.8114804],[107.1126434,16.8110234],[107.1132484,16.8102879],[107.1134834,16.8099729],[107.1138303,16.8094315],[107.1140938,16.809053],[107.1142275,16.8088765],[107.1143157,16.8087568],[107.1143762,16.8086756],[107.1144343,16.8085796],[107.1144808,16.8085027],[107.1148388,16.8079814],[107.1149444,16.8078267],[107.1156227,16.8069188],[107.1156942,16.8068111],[107.1163007,16.8060973],[107.1167355,16.8056765],[107.1171639,16.8052879],[107.1173683,16.8051132],[107.1177281,16.8048296],[107.1183921,16.8043207],[107.1192361,16.8036798],[107.1216382,16.8017556],[107.1251849,16.7988714],[107.1253378,16.7987581],[107.1257758,16.7984006],[107.1263844,16.7979071],[107.127069,16.7973734],[107.1276286,16.7968921],[107.1278412,16.7966824],[107.1279685,16.7965424],[107.1282246,16.7962313],[107.1283698,16.796057],[107.1284593,16.7959439],[107.12854,16.7958312],[107.1289455,16.7952528],[107.1290525,16.7951001],[107.1291618,16.7949344],[107.1292579,16.7947905],[107.1301074,16.7935152],[107.1305892,16.7927707],[107.1308929,16.7923923],[107.1310908,16.7921586],[107.1312802,16.7919456],[107.1317181,16.7915453],[107.1322034,16.7911695],[107.1327104,16.7908391],[107.1330855,16.7906202],[107.1333925,16.7904579],[107.1337077,16.7903224],[107.1347823,16.789894],[107.1355449,16.7896064],[107.1368657,16.7890812],[107.1377122,16.7887478],[107.1386779,16.7884185],[107.1405937,16.7876374],[107.1406829,16.7875882],[107.1411743,16.7873474],[107.1418543,16.78694],[107.1423808,16.7865535],[107.1429424,16.7860957],[107.1438111,16.7853186],[107.1454519,16.7838401],[107.1461242,16.7832115],[107.1468044,16.7825756],[107.1472288,16.7822397],[107.1487161,16.7808829],[107.1489925,16.7806351],[107.1507211,16.7790851],[107.1514889,16.77835],[107.1521646,16.7775183],[107.1528007,16.7765479],[107.1533584,16.7756236],[107.1534632,16.7755272],[107.1548935,16.7732084],[107.1558543,16.771734],[107.1560236,16.7714418],[107.15653,16.7706502],[107.1569755,16.7699123],[107.157991,16.7683692],[107.1580879,16.7681609],[107.1596031,16.7658061],[107.1608471,16.7638743],[107.1618464,16.7623068],[107.1619791,16.7620721],[107.1624529,16.7611269],[107.163054,16.7596565],[107.1637472,16.7580224],[107.1643526,16.756573],[107.165434,16.7539223],[107.1664103,16.7516997],[107.1667832,16.7510317],[107.1673009,16.7503217],[107.1678844,16.7496117],[107.1688979,16.7485446],[107.1692621,16.7481749],[107.1704379,16.746944],[107.1717146,16.7455743],[107.1725789,16.7446921],[107.1733116,16.7440913],[107.1740135,16.7436291],[107.1741676,16.7435549],[107.174755,16.743272],[107.175672,16.7429569],[107.1769004,16.742646],[107.1769457,16.7426341],[107.1770328,16.7426065],[107.1776363,16.7424473],[107.1794943,16.7419674],[107.1798311,16.7418761],[107.1821227,16.7412816],[107.1826483,16.7411452],[107.1827575,16.7411167],[107.1831041,16.7409781],[107.1832017,16.7409214],[107.1833717,16.7408226],[107.1837622,16.7405327],[107.1842536,16.7400958],[107.184851,16.7395591],[107.185079,16.7393543],[107.1856674,16.7388499],[107.1864889,16.7381228],[107.1879642,16.7368085],[107.1883804,16.7364779],[107.1888446,16.7361784],[107.1889412,16.7361247],[107.1890299,16.7360597],[107.1896328,16.7357062],[107.1898126,16.7355943],[107.1909258,16.7349404],[107.190995,16.7349],[107.1922166,16.7341549],[107.1922912,16.7341107],[107.193954,16.7331255],[107.1958186,16.7319995],[107.1967312,16.7314533],[107.1974858,16.7308903],[107.1982492,16.7301844],[107.1989161,16.7294617],[107.1991297,16.7292351],[107.2001007,16.7282054],[107.2014125,16.726802],[107.2029832,16.725134],[107.2035539,16.7244858],[107.2042423,16.7238062],[107.2055585,16.7224154],[107.2064768,16.7214292],[107.2088096,16.7189237],[107.2102004,16.7174572],[107.2118471,16.7156684],[107.2118574,16.7156668],[107.2123414,16.7151504],[107.2142674,16.7131754],[107.2167112,16.7108097],[107.2192207,16.7083347],[107.2196298,16.7078917],[107.2216206,16.7059899],[107.2220796,16.7054885],[107.2240556,16.7036156],[107.2259196,16.7017917],[107.2259084,16.7017504],[107.2264862,16.7012372],[107.2290352,16.6987494],[107.2299434,16.6978585],[107.2306366,16.6972618],[107.2314044,16.6967155],[107.2316022,16.6965851],[107.2321941,16.6962826],[107.2331111,16.6958077],[107.2333611,16.6956733],[107.235546,16.6945302],[107.2375993,16.693446],[107.2380936,16.6931524],[107.2389506,16.6927316],[107.2395385,16.6924206],[107.2395671,16.6923562],[107.2425789,16.6908447],[107.2434531,16.6903546],[107.2434493,16.6903139],[107.2446052,16.6896199],[107.2453593,16.6890485],[107.2459311,16.6885918],[107.2461374,16.6884297],[107.2464665,16.688171],[107.2488265,16.6862891],[107.2497299,16.6855829],[107.2498783,16.6854674],[107.2500681,16.6853197],[107.251268,16.684418],[107.2537339,16.6824788],[107.2538702,16.682381],[107.2565813,16.6795129],[107.2585519,16.6773268],[107.2614804,16.6740807],[107.2622744,16.6731908],[107.2640895,16.6713325],[107.2701506,16.6665386],[107.2718785,16.6652005],[107.2752973,16.662487],[107.2771158,16.6610311],[107.2774836,16.6607255],[107.2778767,16.6603489],[107.278778,16.6591994],[107.2788176,16.6591014],[107.2795107,16.6580391],[107.2811809,16.6554793],[107.2815963,16.6548058],[107.284208,16.6519313],[107.2844072,16.6517153],[107.2862506,16.649689],[107.2880132,16.6478848],[107.2882453,16.6476226],[107.2886268,16.6472288],[107.2929173,16.6426809],[107.2940607,16.6414412],[107.2941811,16.641311],[107.2944654,16.6410078],[107.2956297,16.6397796],[107.2959405,16.6394557],[107.2964825,16.6388799],[107.2968851,16.6384754],[107.2972159,16.6381206],[107.2974882,16.6378392],[107.2977901,16.6375273],[107.2983385,16.6369062],[107.300597,16.6345111],[107.3007547,16.6343449],[107.3019595,16.6330462],[107.3030431,16.6319051],[107.3033862,16.6315317],[107.3034896,16.631386],[107.3036437,16.6311924],[107.3039004,16.6307187],[107.3039334,16.6306579],[107.3040512,16.6304259],[107.3042343,16.6300929],[107.3048936,16.6287663],[107.3056064,16.627354],[107.3058379,16.6268889],[107.3061706,16.6262202],[107.3068143,16.624966],[107.3075311,16.6236152],[107.3077048,16.6232878],[107.3078433,16.6229812],[107.3083483,16.6218631],[107.3086972,16.6211725],[107.3089815,16.6207459],[107.3092605,16.620386],[107.3097969,16.6198463],[107.3113041,16.6183266],[107.3129298,16.6167313],[107.3137827,16.6157546],[107.3146839,16.6146597],[107.3153116,16.6140788],[107.3155059,16.6139394],[107.3156871,16.6138577],[107.3162235,16.6136624],[107.3166218,16.6135799],[107.3171355,16.6134928],[107.3177092,16.6133455],[107.3182352,16.6130867],[107.318675,16.6127834],[107.3190774,16.6123773],[107.3193832,16.6119403],[107.3202254,16.6104239],[107.3209494,16.6092558],[107.3210622,16.6089897],[107.3214911,16.6083525],[107.322049,16.607768],[107.3227094,16.6073001],[107.3250644,16.6057374],[107.3271029,16.6043699],[107.3276634,16.6040098],[107.328055,16.6038042],[107.3286559,16.6035986],[107.3291333,16.6034957],[107.3295356,16.6034289],[107.3306836,16.6033621],[107.3311819,16.6033038],[107.3316149,16.6032223],[107.3319885,16.6031154],[107.3324313,16.602959],[107.3327568,16.6028003],[107.3329367,16.6027107],[107.3341115,16.6021437],[107.3366166,16.6007866],[107.3397709,16.5990695],[107.3401427,16.5988408],[107.3403288,16.5987405],[107.3408277,16.5983961],[107.3411925,16.5980979],[107.3415895,16.5977637],[107.3420293,16.5973319],[107.3421924,16.5971424],[107.3441081,16.5952089],[107.3441749,16.5951521],[107.3468302,16.592348],[107.3483433,16.5908645],[107.3494859,16.5897386],[107.3502546,16.5889999],[107.3504032,16.5888943],[107.351477,16.5880574],[107.3521815,16.5875025],[107.3527564,16.5870355],[107.3529111,16.5869267],[107.3533644,16.5865768],[107.3537456,16.5863226],[107.3541192,16.586144],[107.3546288,16.5859499],[107.3551303,16.5858183],[107.3555971,16.5857498],[107.3559866,16.5857393],[107.3564471,16.5857403],[107.3574771,16.5857734],[107.3577227,16.5857779],[107.3580973,16.5857739],[107.358394,16.5857463],[107.3585711,16.5857192],[107.3588675,16.5856751],[107.3591365,16.5855957],[107.3592956,16.5855367],[107.3595794,16.5854283],[107.3599012,16.5853032],[107.3601323,16.5852134],[107.362293,16.5843737],[107.3638759,16.5837624],[107.3642577,16.5836076],[107.3643872,16.5835659],[107.3644254,16.5835536],[107.3646668,16.5834585],[107.3648231,16.5834016],[107.3648881,16.583377],[107.3657482,16.5830508],[107.3672207,16.5825332],[107.3678267,16.5822278],[107.3694898,16.581654],[107.3698513,16.5814512],[107.3715846,16.5808342],[107.3722257,16.5805795],[107.3729928,16.5802145],[107.373459,16.5799547],[107.3736387,16.5798763],[107.3738255,16.5797537],[107.374307,16.5794895],[107.3748757,16.579145],[107.3764863,16.5780425],[107.3781641,16.5769908],[107.3809965,16.5751656],[107.3842473,16.5730472],[107.3874687,16.570875],[107.3878747,16.5706146],[107.3893511,16.5697115],[107.3908831,16.5687437],[107.3941286,16.5666253],[107.394839,16.5660753],[107.3952732,16.5658153],[107.3956541,16.5655786],[107.3972557,16.5645359],[107.4001176,16.5626826],[107.4031431,16.5607184],[107.4041418,16.5600097],[107.4060104,16.5588644],[107.4091218,16.5568437],[107.4115089,16.5552856],[107.4119649,16.554972],[107.4122678,16.5547158],[107.4126165,16.5543507],[107.4126937,16.5542557],[107.4128927,16.5539987],[107.4131234,16.5535719],[107.4133433,16.553104],[107.4135043,16.5526104],[107.413574,16.5522196],[107.4136169,16.5517876],[107.4136708,16.5503132],[107.413758,16.5495447],[107.4137995,16.5480044],[107.4138536,16.5472844],[107.4139689,16.5467792],[107.4140789,16.5462714],[107.4142666,16.5457726],[107.4145617,16.5452789],[107.4148188,16.5449601],[107.4152372,16.5445282],[107.4162457,16.5434894],[107.4167354,16.5429451],[107.4179623,16.5417153],[107.4184689,16.5411948],[107.4189321,16.5407189],[107.4198292,16.5397972],[107.4221144,16.5374522],[107.4242333,16.5352923],[107.4244564,16.5350426],[107.4246088,16.5349169],[107.4248905,16.5346884],[107.4251989,16.534485],[107.4255181,16.5343027],[107.4257313,16.5341961],[107.4261002,16.534017],[107.4288823,16.5325382],[107.429259,16.5323629],[107.4295592,16.5322159],[107.4300764,16.5319189],[107.4302515,16.5317814],[107.4304298,16.5315887],[107.4306514,16.531317],[107.4307492,16.5312111],[107.4308518,16.5310686],[107.4310468,16.5307977],[107.4314062,16.5303088],[107.4332078,16.5278137],[107.4333341,16.5276387],[107.4335024,16.5273924],[107.4335423,16.5273401],[107.4337289,16.5269761],[107.433765,16.5269058],[107.4339152,16.5265792],[107.4341036,16.5261124],[107.4343828,16.5253824],[107.4349715,16.524043],[107.4350131,16.52394],[107.4353012,16.523495],[107.4353242,16.5234497],[107.43544,16.5232828],[107.4355411,16.5231516],[107.4355731,16.5231103],[107.4356549,16.5230048],[107.4358755,16.5227645],[107.4359873,16.522657],[107.4361629,16.522499],[107.4363529,16.5223383],[107.4366173,16.5221504],[107.4367536,16.5220777],[107.4371056,16.5218837],[107.4373367,16.5217743],[107.4375053,16.5217278],[107.4379397,16.5215675],[107.4388751,16.5213118],[107.4390913,16.5212561],[107.4401968,16.5210387],[107.4408872,16.5209735],[107.4416974,16.5210488],[107.4425012,16.5211585],[107.4429055,16.5212111],[107.4432243,16.5212519],[107.4449881,16.5215067],[107.4454507,16.5215579],[107.4458651,16.521575],[107.4461749,16.5215727],[107.4465082,16.5215485],[107.446801,16.5215071],[107.4471977,16.5214335],[107.4476065,16.5213399],[107.4480099,16.521202],[107.4485206,16.5209994],[107.4490562,16.520777],[107.4496991,16.5205703],[107.4502963,16.520435],[107.4511333,16.5203033],[107.4523051,16.5201147],[107.4533745,16.5199549],[107.4539586,16.51985],[107.4546124,16.5196896],[107.455819,16.5192849],[107.4582602,16.5184361],[107.4614652,16.5171486],[107.461636,16.5170853],[107.462924,16.5165315],[107.4657498,16.5155081],[107.4670101,16.5150656],[107.4677823,16.5147405],[107.4683565,16.5145216],[107.4688773,16.5142548],[107.4695409,16.5138978],[107.4719411,16.5125034],[107.4719757,16.512484],[107.472765,16.5119981],[107.473464,16.5116281],[107.474102,16.5113182],[107.4745982,16.5111341],[107.4753626,16.5108656],[107.4757205,16.5107765],[107.4758293,16.5107524],[107.4763282,16.5106496],[107.4768378,16.5105827],[107.4771431,16.510533],[107.4773528,16.5105261],[107.4779215,16.5105004],[107.4781682,16.5105004],[107.4791673,16.5105097],[107.4822291,16.5105776],[107.4829481,16.5105823],[107.4836718,16.5105871],[107.4852385,16.5106311],[107.4877276,16.5106671],[107.4885774,16.5106443],[107.4894556,16.5106884],[107.4909775,16.5107259],[107.4944332,16.5108089],[107.4960602,16.5108062],[107.4965322,16.5107965],[107.4971269,16.510749],[107.4978553,16.5106681],[107.4986463,16.5105141],[107.4986652,16.5105106],[107.4992698,16.5103377],[107.4997667,16.5101806],[107.5003788,16.5098954],[107.5008942,16.5096553],[107.5010718,16.5095726],[107.5034792,16.5083378],[107.5052723,16.5074216],[107.5053293,16.5073923],[107.5057019,16.5072004],[107.5057949,16.507153],[107.5073876,16.5063401],[107.5096939,16.5051733],[107.510646,16.5046964],[107.510652,16.5046902],[107.513469,16.5032675],[107.5158989,16.5020283],[107.5173769,16.501298],[107.5201422,16.499882],[107.5218186,16.4990333],[107.5248119,16.4975236],[107.524952,16.4974667],[107.5272903,16.4962532],[107.5299108,16.494939],[107.5318884,16.4939446],[107.5326688,16.4935533],[107.5338188,16.4929587],[107.5344571,16.4926269],[107.5351357,16.4922746],[107.5361451,16.4917485],[107.5362913,16.4916641],[107.5367801,16.4913704],[107.5373217,16.491004],[107.5378,16.4906986],[107.5379489,16.4906036],[107.5391619,16.4898325],[107.5411063,16.4885479],[107.5424099,16.4877069],[107.542803,16.4874648],[107.5434226,16.4870578],[107.5435486,16.4869781],[107.5438611,16.4867627],[107.5457554,16.4855423],[107.546029,16.4853687],[107.5465829,16.4850035],[107.5470672,16.4846848],[107.5479949,16.4840759],[107.5485915,16.4837009],[107.5491585,16.4833381],[107.5491806,16.4833128],[107.5497723,16.482916],[107.5503763,16.482547],[107.5509527,16.4822646],[107.5514704,16.482118],[107.552267,16.4819508],[107.5525909,16.4818734],[107.5529644,16.4817888],[107.5533774,16.4816679],[107.5538317,16.4814953],[107.5540098,16.4814129],[107.554252,16.4812891],[107.5545253,16.4811197],[107.5546206,16.4810634],[107.5547609,16.48097],[107.5549265,16.480835],[107.5551311,16.4806733],[107.5552874,16.4805283],[107.5554027,16.4804241],[107.5558666,16.4798394],[107.5561649,16.4794442],[107.5561737,16.4794321],[107.5562473,16.4793399],[107.5565377,16.4789334],[107.556664,16.4787754],[107.5567129,16.478705],[107.5567833,16.4786065],[107.5569407,16.4783894],[107.5571408,16.4781162],[107.5572443,16.4779629],[107.5573644,16.4777834],[107.5575314,16.4775636],[107.5576652,16.4773748],[107.5583739,16.4764205],[107.558468,16.4763065],[107.5589847,16.4756056],[107.5590751,16.4754827],[107.5591516,16.4753757],[107.5595187,16.4748762],[107.560126,16.4740468],[107.5602699,16.4738354],[107.5608598,16.4730489],[107.561036,16.4728311],[107.5613768,16.4723717],[107.5625362,16.4708824],[107.5627306,16.4706173],[107.5629808,16.4702945],[107.5631403,16.4701021],[107.5636979,16.4693889],[107.564507,16.4683557],[107.5646663,16.4681597],[107.5647461,16.468034],[107.5658677,16.466583],[107.5667287,16.4653843],[107.5674274,16.4644222],[107.5681208,16.4634963],[107.5686345,16.4628584],[107.569931,16.4612354],[107.5701021,16.4609719],[107.5702821,16.460701],[107.5704578,16.4603737],[107.5707721,16.4597734],[107.5712974,16.4587508],[107.5715435,16.4582584],[107.5716129,16.4581377],[107.5716906,16.4580256],[107.5717465,16.4579516],[107.5718454,16.4578368],[107.5723041,16.457369],[107.5730079,16.4566907],[107.5731808,16.4565497],[107.5732923,16.4564877],[107.5734438,16.4564382],[107.5735859,16.4564328],[107.5742873,16.4564143],[107.5746904,16.4563968],[107.57563,16.4563798],[107.5758718,16.4563773],[107.5769437,16.4563663],[107.5779683,16.4563557],[107.5795361,16.4563395],[107.5796856,16.4563312],[107.5798311,16.4563034],[107.5799789,16.4562623],[107.5800941,16.4562134],[107.5802234,16.4561479],[107.5803514,16.4560642],[107.5805656,16.4558679],[107.5807752,16.4556348],[107.580983,16.4554242],[107.5810772,16.4553412],[107.5812948,16.4551157],[107.58152,16.4548951],[107.5816583,16.4547639],[107.5818073,16.4546536],[107.5819756,16.4545572],[107.5821502,16.454481],[107.5831232,16.4541215],[107.5839626,16.4538643],[107.5841891,16.4538037],[107.5846092,16.4536913],[107.5847903,16.4536578],[107.5850518,16.4536296],[107.5851685,16.4536192],[107.5852519,16.4536172],[107.5854984,16.4536218],[107.5858819,16.4536373],[107.586248,16.4536595],[107.5865223,16.4537166],[107.5873391,16.4538785],[107.589022,16.4542006],[107.589346,16.454235],[107.5895843,16.4542476],[107.5898416,16.4542465],[107.59024,16.454223],[107.5917613,16.454054],[107.5920497,16.4540193],[107.5924743,16.4539721],[107.5935073,16.4538569],[107.5935838,16.4538479],[107.5952895,16.4536509],[107.5957913,16.453591],[107.5959966,16.4535601],[107.5964686,16.4535009],[107.5968039,16.4534083],[107.5970373,16.4533286],[107.597516,16.4531614],[107.5990417,16.4525782],[107.5996864,16.4523376],[107.6024649,16.4511976],[107.602894,16.4510206],[107.6032906,16.4508737],[107.6037744,16.450683],[107.6038699,16.4506519],[107.6043408,16.4504541],[107.6047462,16.4502978],[107.6056154,16.4499314],[107.6056281,16.4499047],[107.6061701,16.4496308],[107.6066192,16.4493855],[107.6076834,16.4486559],[107.6077899,16.4485819],[107.6081085,16.4483646],[107.6110614,16.4463967],[107.6135352,16.4447644],[107.6136406,16.444698],[107.6141086,16.4443746],[107.6152032,16.4436442],[107.6164196,16.4428422],[107.6170311,16.4424255],[107.6175096,16.4421801],[107.6207452,16.4406686],[107.6226178,16.4398083],[107.6247583,16.4388429],[107.6270701,16.4377363],[107.6276778,16.4374333],[107.6280824,16.4371841],[107.628819,16.4365588],[107.6289138,16.4364698],[107.6296935,16.4357745],[107.6319962,16.4336446],[107.6322237,16.4334688],[107.6339015,16.4323621],[107.6355727,16.4313674],[107.63652,16.4307515],[107.6377743,16.4299593],[107.6381919,16.4297073],[107.6386596,16.4294609],[107.6389427,16.4293448],[107.6400273,16.4289975],[107.6402805,16.4289331],[107.6411967,16.4286272],[107.6431854,16.4279913],[107.644237,16.4276608],[107.6443111,16.4276291],[107.6480594,16.4264304],[107.6512884,16.425385],[107.6522221,16.4250662],[107.6533025,16.4247405],[107.6537007,16.4246301],[107.6559552,16.4238889],[107.656998,16.4235511],[107.6577088,16.4232809],[107.6577296,16.4232777],[107.658087,16.4230957],[107.6586798,16.4228101],[107.6592319,16.4225],[107.65926,16.4224842],[107.6595258,16.4223168],[107.6598157,16.4221417],[107.6601711,16.4218492],[107.6613499,16.4208779],[107.6627369,16.4198307],[107.6628939,16.4197122],[107.6631209,16.4195408],[107.6645451,16.4184181],[107.666242,16.4170514],[107.6665608,16.4167946],[107.6676087,16.4159506],[107.6691902,16.4146758],[107.6711572,16.4131172],[107.6720281,16.4124673],[107.6734693,16.4113042],[107.6769915,16.4084907],[107.6769905,16.4084862],[107.6776637,16.4079686],[107.6786838,16.4071838],[107.6787491,16.407132],[107.6855106,16.4017653],[107.6855081,16.4017479],[107.6863853,16.4011492],[107.693937,16.3950577],[107.6964236,16.3931742],[107.6986065,16.3913536],[107.7000435,16.3902072],[107.7000456,16.3902051],[107.7024367,16.3883141],[107.7070576,16.3846456],[107.7090967,16.3830154],[107.7115978,16.3810251],[107.7132558,16.3797401],[107.7144745,16.3786971],[107.7150332,16.3781572],[107.716217,16.3771124],[107.7179665,16.3755055],[107.72208,16.3718034],[107.7224734,16.3714359],[107.7227904,16.3711438],[107.7235556,16.3704579],[107.7270766,16.3672391],[107.7272192,16.3670973],[107.728716,16.3657404],[107.7287887,16.3656711],[107.7294754,16.3650167],[107.7296018,16.3648962],[107.7305467,16.3640494],[107.7305649,16.3640354],[107.7336682,16.3612521],[107.7340158,16.3609127],[107.7342373,16.3606667],[107.7344377,16.3603809],[107.7346075,16.3600909],[107.734771,16.3597173],[107.7349475,16.3591808],[107.7351843,16.3582943],[107.7355103,16.3570734],[107.736224,16.3542365],[107.7367557,16.3522284],[107.7379771,16.3476159],[107.7380271,16.3474269],[107.7387738,16.3446021],[107.7389765,16.344135],[107.7392369,16.3437299],[107.7395811,16.3431943],[107.7398468,16.3428358],[107.7405737,16.3418153],[107.7406553,16.3416993],[107.7406681,16.3416811],[107.7409935,16.3412185],[107.7421381,16.3396422],[107.7443997,16.3367043],[107.745565,16.3351385],[107.7456213,16.3350629],[107.7456586,16.335016],[107.7479299,16.3319593],[107.7493413,16.330047],[107.7498,16.3295268],[107.7502036,16.3292022],[107.7508811,16.3288015],[107.7515163,16.3285322],[107.7552045,16.3276653],[107.7552714,16.3276496],[107.7563458,16.327404],[107.7567624,16.3273133],[107.760717,16.3263877],[107.763114,16.3258388],[107.7643059,16.3255727],[107.7688044,16.3245665],[107.7695079,16.3243387],[107.7701259,16.3240141],[107.7701754,16.3239537],[107.770628,16.3236443],[107.7709649,16.323346],[107.7723357,16.3218751],[107.7732238,16.3209089],[107.7732697,16.3208682],[107.7734757,16.3206425],[107.7736207,16.3204836],[107.7739915,16.3200862],[107.7762366,16.3176437],[107.7764687,16.3174081],[107.7766498,16.3172213],[107.7768084,16.3170577],[107.7770479,16.316836],[107.7808002,16.3145185],[107.7863924,16.3110866],[107.7881352,16.3100201],[107.7964358,16.3049173],[107.8009772,16.3021232],[107.8020136,16.3015049],[107.8027756,16.3008876],[107.8027713,16.3008733],[107.8045886,16.2991843],[107.8053052,16.2984898],[107.8095143,16.294514],[107.8115965,16.2925297],[107.814804,16.2895423],[107.8156428,16.2889962],[107.81618,16.2887818],[107.8162272,16.2887561],[107.8166816,16.2886134],[107.8170314,16.2885765],[107.8254427,16.2878687],[107.8298909,16.2875118],[107.8366545,16.286983],[107.8391147,16.2867913],[107.8402779,16.2866841],[107.8407675,16.2866315],[107.8412872,16.2865176],[107.8415709,16.2864511],[107.8418948,16.286351],[107.8420802,16.2862757],[107.8427043,16.286095],[107.843672,16.28577],[107.8442223,16.2856716],[107.8449986,16.2856307],[107.8458136,16.2857236],[107.8463683,16.2858244],[107.8469281,16.2860309],[107.8469449,16.2860337],[107.8478526,16.2864523],[107.8484997,16.286902],[107.8486225,16.2870164],[107.8487036,16.2870977],[107.8495982,16.2879764],[107.849929,16.2882521],[107.850097,16.2883406],[107.8502561,16.2884175],[107.8506889,16.2885791],[107.8508685,16.2886272],[107.8510837,16.2886616],[107.8513001,16.2886923],[107.851485,16.2887125],[107.8518097,16.2887283],[107.8521801,16.2886768],[107.8525118,16.2885926],[107.852777,16.2885073],[107.8528703,16.2884586],[107.8531811,16.2883319],[107.8539072,16.2879748],[107.8543676,16.2877481],[107.8547285,16.2875471],[107.8551212,16.287369],[107.8554049,16.287229],[107.8556878,16.2870702],[107.8558423,16.2869612],[107.855963,16.286864],[107.8559805,16.2868492],[107.8561808,16.28666],[107.8566255,16.2861218],[107.8568077,16.2858606],[107.8577614,16.2845437],[107.8578452,16.2844478],[107.8579182,16.2843323],[107.8593739,16.2823397],[107.8632016,16.2771002],[107.8632277,16.2770644],[107.8632334,16.2770567],[107.8633635,16.2768919],[107.8636166,16.2765841],[107.8638292,16.2763753],[107.8639514,16.2762683],[107.8640753,16.2761657],[107.8641801,16.2760836],[107.8644162,16.2759132],[107.8647673,16.2757162],[107.8649082,16.2756405],[107.8652835,16.2754463],[107.8654616,16.2753749],[107.8657042,16.2752973],[107.8658897,16.2752464],[107.8670327,16.2749386],[107.8710774,16.2738749],[107.8711753,16.2738492],[107.8729116,16.2733945],[107.8729532,16.2733843],[107.8760447,16.2725617],[107.8781478,16.2720205],[107.8807667,16.271332],[107.8823431,16.2709173],[107.8824933,16.2708782],[107.8827568,16.2708126],[107.8843025,16.2704402],[107.8843874,16.2704117],[107.8845122,16.2703738],[107.8846518,16.270322],[107.8852117,16.2701387],[107.8858658,16.2699735],[107.8860852,16.2699183],[107.8865534,16.2697919],[107.8867785,16.2697366],[107.8870212,16.2696771],[107.8871565,16.2696422],[107.8873302,16.2695957],[107.8877805,16.2694781],[107.8881301,16.269386],[107.888543,16.2692707],[107.8888413,16.2692257],[107.8898127,16.2689782],[107.890171,16.2689532],[107.8904332,16.2689457],[107.8904724,16.268951],[107.8905903,16.268929],[107.8926906,16.26919],[107.893196,16.269268],[107.8936252,16.2694353],[107.8936451,16.2694455],[107.8939092,16.2695807],[107.8943409,16.269909],[107.8948962,16.2705484],[107.8953479,16.2710402],[107.8980378,16.2741907],[107.8996878,16.2761401],[107.9005422,16.2771664],[107.9006903,16.2773242],[107.9008727,16.277525],[107.9010999,16.2777549],[107.9012815,16.2779094],[107.9014718,16.2780345],[107.9016439,16.2781751],[107.9017587,16.2781935],[107.9019579,16.2783165],[107.9020386,16.2784142],[107.9028981,16.2788021],[107.9030942,16.2789265],[107.9031306,16.2790005],[107.9033881,16.2791387],[107.9036711,16.2792545],[107.9040551,16.2794516],[107.9041729,16.2795437],[107.9042595,16.2795482],[107.9053054,16.2801896],[107.9056244,16.2803539],[107.905863,16.2804769],[107.9061875,16.2806655],[107.9064946,16.2808077],[107.9067052,16.2808811],[107.9068425,16.280925],[107.9072577,16.2810188],[107.907542,16.2810433],[107.9078865,16.2810352],[107.9080946,16.2810137],[107.908282,16.2809778],[107.9085304,16.2809287],[107.9089898,16.2808117],[107.9095115,16.2806756],[107.9109862,16.280318],[107.9112953,16.2802328],[107.9115169,16.2801586],[107.9117521,16.2800763],[107.911905,16.2800119],[107.9122571,16.279832],[107.9125009,16.2796902],[107.9133768,16.2791073],[107.9160818,16.2772392],[107.9217691,16.2732576],[107.9218942,16.2731768],[107.9222966,16.2729582],[107.922629,16.2728441],[107.9230847,16.2727547],[107.9245308,16.2727303],[107.9275152,16.2725428],[107.9283021,16.2725198],[107.9338628,16.2721835],[107.9341365,16.2721669],[107.9382791,16.2719142],[107.9395692,16.2718253],[107.9429797,16.2716858],[107.945047,16.2716817],[107.9456008,16.2716807],[107.9462916,16.2716793],[107.9496812,16.2716834],[107.951911,16.2715997],[107.9544542,16.2716396],[107.956212,16.2716672],[107.9619892,16.2716505],[107.9721183,16.2715523],[107.9742878,16.2715613],[107.9752092,16.2715365],[107.9761881,16.2714947],[107.9778595,16.2714394],[107.9799328,16.2713126],[107.9831265,16.2712663],[107.9841233,16.2712032],[107.986977,16.2711069],[107.987771,16.271076],[107.9887951,16.2710431],[107.9892893,16.271024],[107.9895599,16.2710121],[107.9897783,16.2710162],[107.9907286,16.2709658],[107.9921154,16.2709425],[107.9922703,16.2709361],[107.9923493,16.2709301],[107.9945214,16.2708387],[107.9968404,16.2707682],[107.9969758,16.270764],[107.9990145,16.2706957],[108.0039045,16.2704736],[108.0066383,16.2703901],[108.0118961,16.2701972],[108.011949,16.2701961],[108.0143005,16.2700958],[108.0149,16.2699972],[108.0155288,16.2697893],[108.0161612,16.2695322],[108.0166049,16.269348],[108.0177118,16.2688786],[108.0192387,16.2682446],[108.02195,16.2671062],[108.0275173,16.264778],[108.0281855,16.2644936],[108.0285378,16.2642427],[108.028757,16.2640565],[108.0290085,16.2637382],[108.0292482,16.2633668],[108.0295457,16.2627597],[108.0318778,16.2593379],[108.0320288,16.2591405],[108.0321971,16.2589181],[108.0323653,16.2586265],[108.0324375,16.2584485],[108.032465,16.2583642],[108.0326011,16.2579959],[108.0326797,16.2576617],[108.0327692,16.2571385],[108.0328332,16.2559951],[108.0329295,16.2554815],[108.033019,16.2552218],[108.033161,16.2549758],[108.0344181,16.2530954],[108.0345636,16.2526063],[108.0346243,16.252174],[108.0348193,16.2499478],[108.03493,16.2478867],[108.034844,16.2470393],[108.0346638,16.2460651],[108.0345592,16.2454934],[108.0345619,16.2451329],[108.0345806,16.2449552],[108.0347443,16.2444196],[108.0357876,16.2422024],[108.0375899,16.2384876],[108.0379387,16.2380308],[108.0385807,16.2373645],[108.0388119,16.2369341],[108.0389043,16.2365587],[108.0389079,16.2363144],[108.0387068,16.2346378],[108.0387608,16.2342833],[108.0389201,16.2338534],[108.0393025,16.2332252],[108.0395498,16.2326782],[108.0399628,16.2299044],[108.040174,16.2292142],[108.0403419,16.2289184],[108.0406197,16.2286965],[108.0418597,16.227495],[108.0422438,16.2269818],[108.0423712,16.226619],[108.0427993,16.225723],[108.0431667,16.2245342],[108.0433707,16.224021],[108.0435527,16.2235306],[108.0437081,16.2232511],[108.0439164,16.2230307],[108.0445647,16.2225786],[108.0495581,16.2199927],[108.0499763,16.2197762],[108.0508761,16.2193262],[108.0535657,16.2179508],[108.0539506,16.2179276],[108.0547961,16.2181277],[108.0561414,16.2184462],[108.0565722,16.2183759],[108.0567742,16.2182762],[108.0569378,16.2180923],[108.0570869,16.2177789],[108.0571331,16.2173722],[108.0572218,16.2167494],[108.0574885,16.2164457],[108.0577092,16.2162435],[108.0579033,16.2161373],[108.0581971,16.216061],[108.0585029,16.2160537],[108.0608773,16.2165414],[108.0614077,16.2167119],[108.0619643,16.2170243],[108.0625161,16.2175587],[108.0644828,16.2193286],[108.0647773,16.2196356],[108.0652383,16.2200414],[108.0659709,16.2207129],[108.0683595,16.2227888],[108.0692578,16.2235333],[108.0704275,16.2246226],[108.0710104,16.2250874],[108.0710868,16.2251345],[108.0711654,16.225172],[108.0712479,16.2252037],[108.0713382,16.2252369],[108.0714302,16.2252625],[108.0715251,16.225281],[108.0716211,16.2252912],[108.0717156,16.22529],[108.0718124,16.2252845],[108.0719054,16.2252661],[108.0719979,16.2252376],[108.0720941,16.2252125],[108.0721908,16.2251867],[108.0722905,16.2251623],[108.072386,16.2251284],[108.0724807,16.2250985],[108.0725729,16.2250811],[108.0726559,16.2250758],[108.07273,16.2250773],[108.072797,16.2250768],[108.0728736,16.2250929],[108.0729378,16.2251133],[108.0730071,16.2251439],[108.0730825,16.2251803],[108.073163,16.2252167],[108.0732518,16.2252492],[108.0733367,16.225281],[108.073426,16.2253037],[108.0735225,16.2253201],[108.0736138,16.2253319],[108.0737083,16.2253468],[108.0738037,16.2253606],[108.0739024,16.2253704],[108.0739997,16.2253853],[108.0740877,16.2253975],[108.0741776,16.2254042],[108.0742692,16.2254095],[108.0743619,16.22541],[108.0744528,16.2254039],[108.0745447,16.2253915],[108.0746427,16.2253767],[108.0747316,16.2253501],[108.0748139,16.2253178],[108.0748928,16.2252759],[108.0749575,16.2252159],[108.0750163,16.2251493],[108.0750633,16.22506],[108.0751201,16.2249816],[108.0751828,16.2249153],[108.0752462,16.224849],[108.0753114,16.224783],[108.0753705,16.2247159],[108.0754343,16.2246559],[108.075501,16.2245988],[108.0755654,16.2245471],[108.0756322,16.2244977],[108.0756991,16.2244532],[108.0757664,16.2244118],[108.07584,16.2243723],[108.0759071,16.2243432],[108.0759714,16.22432],[108.0760422,16.2243068],[108.0761151,16.2242962],[108.0761765,16.2242973],[108.0762522,16.2242914],[108.0763253,16.224287],[108.0764018,16.2242897],[108.0764779,16.22429],[108.0765544,16.2242905],[108.0766342,16.2242878],[108.0767125,16.224284],[108.0767921,16.2242824],[108.0768734,16.2242773],[108.0769524,16.2242688],[108.0770246,16.2242601],[108.0770888,16.2242501],[108.0771573,16.2242326],[108.0772219,16.2242076],[108.0772861,16.2241774],[108.0773477,16.2241406],[108.077413,16.2241007],[108.0774693,16.2240517],[108.0775243,16.223997],[108.0775793,16.223942],[108.0776302,16.223884],[108.0776706,16.2238228],[108.0777061,16.2237565],[108.0777404,16.2236938],[108.0777665,16.2236309],[108.0778332,16.2234408],[108.0779038,16.2232612],[108.0779683,16.2231571],[108.0780501,16.2230513],[108.0781397,16.2229634],[108.0782281,16.2228978],[108.0783049,16.2228505],[108.078382,16.2228086],[108.0785806,16.2226919],[108.0794454,16.2221861],[108.079658,16.2220678],[108.0799341,16.2219476],[108.0801758,16.2218688],[108.0803835,16.2218207],[108.0805704,16.2217863],[108.0807933,16.2217692],[108.082429,16.2216886],[108.0826126,16.22168],[108.0828292,16.2216694],[108.0831889,16.2216518],[108.0837969,16.2216302],[108.0840123,16.2216081],[108.0841434,16.2215884],[108.0842854,16.2215601],[108.084508,16.2215048],[108.0851501,16.2213244],[108.0856304,16.2211847],[108.0858259,16.221082],[108.0858852,16.2210559],[108.0860508,16.2209465],[108.0861919,16.2208498],[108.0866045,16.2205621],[108.0867649,16.2204714],[108.0869043,16.2204333],[108.0870802,16.2204091],[108.0874509,16.220374],[108.0886566,16.2202879],[108.0888973,16.2202628],[108.0889837,16.2202538],[108.0894508,16.2202051],[108.0897902,16.2201642],[108.0899913,16.2201993],[108.0901326,16.2202504],[108.090517,16.2205196],[108.0908577,16.2207489],[108.0910533,16.22084],[108.0912681,16.2208725],[108.0914682,16.2208525],[108.0917858,16.2207901],[108.0919769,16.2208281],[108.0922011,16.2208492],[108.0924624,16.2209402],[108.0925662,16.2210339],[108.0927314,16.221189],[108.092972,16.2214459],[108.093054,16.2215951],[108.0931156,16.221715],[108.0931438,16.2218897],[108.0931453,16.2220344],[108.0931134,16.2222439],[108.0930173,16.2226157],[108.0929795,16.2228532],[108.0929647,16.2230539],[108.0930072,16.223735],[108.0930491,16.2239516],[108.0930674,16.2241481],[108.093045,16.2244328],[108.0929575,16.2249599],[108.0929317,16.2252124],[108.0929388,16.2254089],[108.0929683,16.2256164],[108.093089,16.2258314],[108.0932797,16.226091],[108.093456,16.2262515],[108.0937255,16.2263861],[108.0939505,16.2264245],[108.0942881,16.2264269],[108.0944981,16.2263789],[108.0946609,16.2262604],[108.0952697,16.2257039],[108.095741,16.2252504],[108.0958852,16.2251503],[108.096016,16.2250638],[108.0961634,16.2250296],[108.0965433,16.2249491],[108.0967936,16.2248962],[108.0969729,16.2248143],[108.0970848,16.2247597],[108.0973135,16.2245991],[108.0975576,16.2243274],[108.0977185,16.2241742],[108.0985875,16.2234306],[108.0989049,16.2232599],[108.0993647,16.2230199],[108.0998786,16.2227479],[108.1001433,16.2223981],[108.1002985,16.2221961],[108.1004772,16.2220621],[108.100615,16.2219881],[108.1011506,16.2216802],[108.1016037,16.2215479],[108.1018157,16.2214347],[108.1023349,16.2208495],[108.1028334,16.2203627],[108.103301,16.2198679],[108.1034848,16.2197488],[108.1037073,16.2196544],[108.1043455,16.2194277],[108.1044923,16.2193292],[108.1045965,16.2192033],[108.1055667,16.2179917],[108.1057161,16.2178532],[108.1058536,16.2177699],[108.1060054,16.2177076],[108.1061559,16.2176772],[108.1064204,16.2176786],[108.1076563,16.2178921],[108.1089112,16.2180993],[108.1091776,16.2181019],[108.1094295,16.2180318],[108.1096207,16.2179193],[108.1097711,16.2177709],[108.1098582,16.2176215],[108.1099242,16.2174647],[108.1100329,16.2172219],[108.1100401,16.2170257],[108.1098461,16.2158513],[108.1096778,16.214833],[108.1095763,16.2142507],[108.1095678,16.2140327],[108.1096026,16.2138894],[108.1096444,16.2137446],[108.109724,16.2136135],[108.109847,16.2134835],[108.1101488,16.2132511],[108.1104948,16.2129764],[108.1109213,16.2127194],[108.1111679,16.2126028],[108.1113458,16.2125409],[108.1115131,16.2125061],[108.1116952,16.2125102],[108.1119399,16.2125547],[108.112107,16.2126262],[108.1125448,16.2129335],[108.1127488,16.2130528],[108.1129272,16.2130967],[108.1131514,16.2131267],[108.113344,16.2130889],[108.1134917,16.2130632],[108.1140299,16.2127986],[108.1148539,16.2123893],[108.1152267,16.2122067],[108.1161871,16.2117362],[108.1162959,16.2116572],[108.1164075,16.2115871],[108.1165703,16.2114604],[108.1167344,16.2113071],[108.1168928,16.2111448],[108.1184095,16.2093708],[108.1186228,16.2091116],[108.1187593,16.2088699],[108.1188308,16.2086309],[108.118931,16.2083177],[108.1191074,16.2080858],[108.1196138,16.2077073],[108.1210481,16.2066355],[108.1214374,16.2065115],[108.121662,16.2065034],[108.121918,16.2065402],[108.1221206,16.2065955],[108.1223556,16.2066979],[108.1225904,16.2068104],[108.1228563,16.2071776],[108.1229487,16.2073651],[108.1230184,16.2076044],[108.123025,16.2078079],[108.1229283,16.2085408],[108.1228478,16.2090018],[108.122775,16.2094297],[108.122679,16.2097683],[108.1226376,16.2101291],[108.1226386,16.2103576],[108.1226834,16.2105412],[108.1227517,16.2108261],[108.1228046,16.2112664],[108.1228504,16.2115122],[108.1229062,16.2117046],[108.1229768,16.2118202],[108.1231079,16.211965],[108.1233707,16.2121232],[108.123561,16.2123539],[108.123709,16.2128258],[108.1237963,16.2131558],[108.1238835,16.213726],[108.1240421,16.2141043],[108.1241833,16.2144034],[108.1243142,16.2145947],[108.1244555,16.2147156],[108.1245657,16.2147843],[108.1246971,16.2148354],[108.1248112,16.2148629],[108.1249362,16.2148846],[108.1250528,16.2148805],[108.1252389,16.2148581],[108.1254383,16.2147939],[108.1258988,16.2145364],[108.1260449,16.214452],[108.1261431,16.2144224],[108.1263787,16.214438],[108.1267714,16.2144483],[108.1269617,16.2144373],[108.1271459,16.2143992],[108.1278415,16.2142216],[108.1283364,16.2140897],[108.1285201,16.2140768],[108.1286964,16.2140555],[108.1289089,16.2140945],[108.1290932,16.2141941],[108.12938,16.2142074],[108.1295812,16.2142029],[108.1297636,16.2141671],[108.1299245,16.2140985],[108.1300693,16.2139957],[108.1303337,16.2138155],[108.130537,16.2137224],[108.1307029,16.2136896],[108.1308787,16.213692],[108.1310304,16.2137207],[108.1311605,16.213766],[108.1313748,16.2139029],[108.131565,16.2140583],[108.1317875,16.2141742],[108.1319271,16.2142293],[108.1320839,16.2142488],[108.1324116,16.2142296],[108.1334341,16.2139015],[108.1336576,16.2137818],[108.1341927,16.2134952],[108.134932,16.213229],[108.135608,16.2128593],[108.1361517,16.2126235],[108.1366176,16.2124923],[108.1369434,16.2122716],[108.1373381,16.2118061],[108.1374823,16.211619],[108.1377994,16.2111418],[108.1378443,16.2105668],[108.1379299,16.2102588],[108.1382537,16.2098821],[108.1387231,16.2095782],[108.1393819,16.2086021],[108.1398384,16.2078696],[108.1398925,16.2075649],[108.1399079,16.2073206],[108.1397709,16.2066705],[108.1398328,16.2060719],[108.1400191,16.2056434],[108.1402745,16.2053712],[108.1404012,16.205292],[108.1404702,16.2052591],[108.1406048,16.2052078],[108.140956,16.2051758],[108.1419155,16.2051902],[108.1421478,16.2051393],[108.1425908,16.2049261],[108.1428042,16.2048556],[108.1439252,16.2048941],[108.1447005,16.2047678],[108.1449984,16.2046677],[108.1452501,16.2044781],[108.1453473,16.2043534],[108.1457806,16.2035506],[108.1460195,16.2033493],[108.1466523,16.2030148],[108.1471033,16.2027182],[108.1474036,16.2023083],[108.1475972,16.2019812],[108.1502884,16.1975912],[108.1504493,16.1972104],[108.1504787,16.1968838],[108.1504111,16.1964783],[108.1504132,16.1964317],[108.1504168,16.1963501],[108.1504181,16.1963219],[108.1504763,16.1961018],[108.1505772,16.1958082],[108.1506854,16.1955713],[108.1508625,16.195304],[108.1509928,16.1951438],[108.151084,16.1949936],[108.1511286,16.1948673],[108.1511651,16.1946641],[108.151343,16.1933569],[108.1513648,16.1932026],[108.1513596,16.1930604],[108.1512629,16.192771],[108.1511409,16.1925249],[108.1511201,16.1924386],[108.1511137,16.1923524],[108.1510828,16.1920925],[108.1510628,16.1917837],[108.151079,16.1915789],[108.1511286,16.1913024],[108.1511404,16.1912363],[108.1512111,16.1908902],[108.1511847,16.1907471],[108.1511384,16.1905524],[108.1509913,16.1902646],[108.1508411,16.1899909],[108.1507846,16.1897215],[108.1507751,16.1894363],[108.1507442,16.1892153],[108.1506896,16.1889856],[108.1504325,16.1881548],[108.1502979,16.1879952],[108.1501299,16.1878345],[108.1498344,16.1875439],[108.1497128,16.187287],[108.1496701,16.1870678],[108.1496796,16.1868513],[108.1497905,16.1865793],[108.1501082,16.1861246],[108.1502046,16.1858224],[108.1502279,16.1856875],[108.1501572,16.1851194],[108.150161,16.1845926],[108.1502772,16.1842867],[108.1503941,16.1841022],[108.1509062,16.1837866],[108.1510958,16.1835625],[108.1511843,16.1833741],[108.1512244,16.1831372],[108.1512145,16.1830535],[108.1511062,16.1826994],[108.1509785,16.182469],[108.1509132,16.1821857],[108.1509415,16.1818711],[108.1510148,16.1813924],[108.1509845,16.1810536],[108.1507825,16.1805792],[108.1507581,16.1801987],[108.1508819,16.1795661],[108.1513494,16.1789249],[108.1514008,16.1787813],[108.151402,16.1785815],[108.1513568,16.1783928],[108.1512162,16.1781581],[108.1508425,16.1778089],[108.1504723,16.1772626],[108.1502732,16.1769334],[108.1500542,16.1766532],[108.1499627,16.176531],[108.1498999,16.1763535],[108.1498807,16.1760732],[108.1499317,16.1758165],[108.1500589,16.175529],[108.1501323,16.1753807],[108.1501898,16.1752343],[108.1503386,16.1749973],[108.1508701,16.174527],[108.1513937,16.1739376],[108.151627,16.1736079],[108.151659,16.1734565],[108.1516727,16.1731604],[108.1515945,16.1728757],[108.1513003,16.1725015],[108.1510889,16.1721656],[108.1510333,16.1717958],[108.1510569,16.1714802],[108.1510831,16.1710681],[108.1510062,16.170821],[108.1507944,16.1705669],[108.150497,16.1703946],[108.1500846,16.1702857],[108.1498083,16.1701157],[108.1496533,16.1699178],[108.1494027,16.1696163],[108.1492069,16.1694663],[108.1489816,16.169383],[108.148743,16.1693591],[108.1484557,16.1693896],[108.1480151,16.1696007],[108.1476022,16.1698448],[108.1471845,16.1700574],[108.1469412,16.170186],[108.146845,16.1702438],[108.1467604,16.1703085],[108.1466581,16.1704202],[108.146571,16.1705319],[108.1463648,16.1709289],[108.1462644,16.1710455],[108.1461459,16.1711523],[108.1460627,16.1712174],[108.1459657,16.1712748],[108.1458669,16.1713146],[108.1457702,16.1713461],[108.1454227,16.1714418],[108.1452508,16.1714875],[108.1451122,16.1715417],[108.1449706,16.1716283],[108.1447264,16.171831],[108.1446108,16.1719387],[108.1445199,16.1719994],[108.1444414,16.1720304],[108.1441267,16.1721321],[108.1440119,16.172169],[108.1413191,16.1729698],[108.1409871,16.1731515],[108.1407323,16.1733455],[108.1402857,16.1738131],[108.1400385,16.1740719],[108.1398684,16.1741536],[108.1396923,16.1741886],[108.1394857,16.1741829],[108.1392006,16.1741481],[108.1390434,16.1740396],[108.1385218,16.1734941],[108.1383947,16.1733536],[108.1382987,16.1731427],[108.1382336,16.1728882],[108.1381867,16.1726453],[108.1380932,16.1724061],[108.1379496,16.1721509],[108.1377774,16.171845],[108.1375465,16.1714348],[108.1374381,16.1712423],[108.1368932,16.1702486],[108.136444,16.1694478],[108.1360327,16.1686869],[108.1359327,16.1685101],[108.1358521,16.1683674],[108.1357752,16.1681597],[108.1357584,16.1679381],[108.1358066,16.1675847],[108.1359754,16.1667885],[108.1359669,16.1663818],[108.1358405,16.1661447],[108.1355801,16.1658818],[108.1350421,16.1655906],[108.1346003,16.1649784],[108.1343114,16.1646047],[108.1340044,16.1643746],[108.1338994,16.1642117],[108.1338258,16.1640148],[108.1337799,16.1638705],[108.1337248,16.1635385],[108.1337256,16.1632449],[108.1338108,16.1630147],[108.1338276,16.1629709],[108.1339039,16.1628062],[108.1339361,16.1626667],[108.1339533,16.1624942],[108.1339624,16.1622364],[108.1340308,16.1620169],[108.1341952,16.1616621],[108.1342453,16.1614651],[108.1341845,16.161072],[108.1341961,16.1608044],[108.1343292,16.1605076],[108.1345104,16.1602043],[108.1348282,16.1598613],[108.1350251,16.1596007],[108.1350946,16.159471],[108.1351491,16.1592939],[108.1351702,16.1591133],[108.1351527,16.1589636],[108.1351017,16.158788],[108.1350483,16.1586424],[108.1349927,16.1584969],[108.134987,16.1583467],[108.1350712,16.1578925],[108.1350857,16.1577652],[108.1350222,16.1574914],[108.1349861,16.1573338],[108.1349758,16.1572175],[108.1349977,16.1568437],[108.1350029,16.1566828],[108.1350868,16.1562034],[108.1352924,16.1559896],[108.1356708,16.1556956],[108.1359312,16.1554519],[108.1360361,16.1552881],[108.1360963,16.155086],[108.1362449,16.154608],[108.1363222,16.1542509],[108.136311,16.1540474],[108.1361786,16.1536618],[108.1359482,16.1530316],[108.1358717,16.1526791],[108.1358801,16.1522386],[108.13593,16.1518053],[108.1360381,16.15148],[108.135832,16.1507294],[108.1358377,16.1505477],[108.1359708,16.1501267],[108.1361267,16.1496165],[108.1362541,16.1492137],[108.1362195,16.1486717],[108.1360491,16.148102],[108.1359321,16.1478],[108.1356986,16.1474381],[108.1355398,16.1472687],[108.1353322,16.147068],[108.1349096,16.1467989],[108.1337234,16.1462404],[108.1317007,16.1452794],[108.1312047,16.1450178],[108.1308965,16.1447722],[108.130577,16.1444608],[108.1303072,16.1440774],[108.1299478,16.1434528],[108.1296589,16.1430492],[108.1293957,16.1428329],[108.1291885,16.1427342],[108.1290125,16.1426945],[108.1286765,16.1427012],[108.1284762,16.1427416],[108.1281617,16.1428685],[108.1279739,16.1429921],[108.1277593,16.1431313],[108.1275488,16.1432119],[108.1273208,16.1431861],[108.1270526,16.1431501],[108.1263458,16.1429715],[108.1262788,16.1429484],[108.1258845,16.1428736],[108.1256544,16.1428095],[108.125511,16.1427408],[108.1252903,16.1426253],[108.1251065,16.1425699],[108.1250146,16.1424995],[108.1248123,16.1422966],[108.1247302,16.1422161],[108.124281,16.1415841],[108.1239256,16.1411376],[108.1230386,16.1401219],[108.1227382,16.1397509],[108.122226,16.139099],[108.1217904,16.13853],[108.1215429,16.137981],[108.12136,16.1374601],[108.1212228,16.1368933],[108.121086,16.1359588],[108.1210774,16.135907],[108.1210053,16.1353247],[108.1208897,16.1343918],[108.1206109,16.1324059],[108.1204655,16.1312913],[108.1203424,16.130348],[108.1202748,16.1298914],[108.1201908,16.1290821],[108.1201774,16.1290031],[108.1199868,16.1277176],[108.1199512,16.127098],[108.1199714,16.1267561],[108.1200447,16.1263225],[108.1201633,16.1258301],[108.1203196,16.1254174],[108.1205679,16.1249126],[108.1206221,16.1248102],[108.1208082,16.1245627],[108.1210316,16.1242374],[108.1212009,16.1239853],[108.1213071,16.1238373],[108.1213682,16.1237469],[108.1214363,16.1236552],[108.1215102,16.123555],[108.1216773,16.1233204],[108.1218334,16.123096],[108.1221161,16.1227135],[108.1237489,16.1203614],[108.1238383,16.1202324],[108.1241939,16.1197307],[108.1245414,16.1192703],[108.1248831,16.118774],[108.1257523,16.1174232],[108.1260041,16.1170718],[108.1262698,16.1167062],[108.1265184,16.1163302],[108.1271486,16.1154546],[108.128105,16.1140435],[108.1287916,16.1130605],[108.12953,16.1120016],[108.129877,16.1114289],[108.1310232,16.1097858],[108.1310473,16.1097428],[108.131105,16.1096401],[108.1312357,16.109367],[108.1314122,16.1090399],[108.1323329,16.107162],[108.1325277,16.1067406],[108.1326223,16.1064414],[108.1331061,16.1054299],[108.1332858,16.1050555],[108.1337161,16.1040845],[108.1340986,16.1033047],[108.1345635,16.102326],[108.1353087,16.1009056],[108.1356137,16.1002884],[108.1360516,16.0993991],[108.1364765,16.098568],[108.1366694,16.0981112],[108.1370725,16.0973899],[108.1373773,16.0970528],[108.1376897,16.0967108],[108.1380437,16.0963845],[108.138165,16.0962756],[108.1386437,16.0958638],[108.1389234,16.0955942],[108.1394627,16.0950852],[108.1400959,16.0945347],[108.1406007,16.0941287],[108.1428084,16.0921647],[108.1465417,16.0889037],[108.1477,16.0878497],[108.1480565,16.0874386],[108.1483858,16.0869604],[108.1484119,16.0869067],[108.1488858,16.0860833],[108.1499042,16.084296],[108.1501941,16.0837991],[108.152496,16.0798235],[108.1530028,16.0789435],[108.1531919,16.0785999],[108.1539048,16.0773317],[108.1543097,16.0765943],[108.1545078,16.0761654],[108.1547116,16.0756003],[108.154749,16.0755007],[108.1548644,16.0751567],[108.1549627,16.0747491],[108.1551615,16.0739714],[108.1554188,16.0728896],[108.155779,16.0713355],[108.1562514,16.0693402],[108.1564167,16.0686117],[108.1566681,16.0677077],[108.156744,16.0674052],[108.1571309,16.0657418],[108.1574384,16.0648702],[108.1576791,16.0644308],[108.1578154,16.0642057],[108.1580923,16.0638824],[108.1581745,16.0637948],[108.1584975,16.0634617],[108.1589006,16.0630489],[108.1596384,16.0626408],[108.1603994,16.0623922],[108.1605124,16.0623795],[108.1615304,16.062254],[108.1620286,16.0622744],[108.1622371,16.062287],[108.1623044,16.0622902],[108.1623427,16.0622978],[108.1635258,16.0625313],[108.1662015,16.0630492],[108.166865,16.0631965],[108.1686829,16.0636001],[108.1707256,16.0640023],[108.1707904,16.0640122],[108.1709395,16.0640414],[108.1709837,16.0640538],[108.1743525,16.0647044],[108.1744964,16.0647327],[108.1746977,16.0647736],[108.1748268,16.0647977],[108.1750838,16.0648518],[108.1754809,16.0649453],[108.1774017,16.0653254],[108.1783021,16.0655004],[108.1803209,16.0659191],[108.1808235,16.0660234],[108.1827912,16.0663776],[108.1851889,16.0668825],[108.1880606,16.0674627],[108.1889255,16.0676387],[108.1919778,16.0682606],[108.1958771,16.0690386],[108.1966754,16.0691979],[108.1985919,16.0695863],[108.1994943,16.0697603],[108.2014273,16.0701821],[108.2026777,16.0704111],[108.2031208,16.0705105],[108.2049102,16.0708679],[108.2055438,16.0710104],[108.2063563,16.071178],[108.2067155,16.071242],[108.2070211,16.0713168],[108.2079428,16.0714846],[108.2094284,16.071783]]}}]}
