{"type":"FeatureCollection","metadata":{"route":"The Canadian","relationIds":[1828833],"contributingWayIds":[753750949,754065303,85244671,98681586,32022789,1294811989,1294811986,1134931394,765238233,112768224,765238241,112768283,112768364,765238215,765238222,112768346,112768328,112769522,765238205,765238203,112769507,112770126,488112149,1233224962,766343919,766343921,195245017,195244989,137371198,137371202,137371199,1347893095,5363175,5379238,5379234,5379235,8162437,22956745,22956747,5379231,46621736,46621735,46621737,46621739,46621742,46621741,27054350,27054351,1225323776,1233226599,23224581,766343923,23224578,766343922,24445407,24445406,23498389,23498388,141678461,141678459,27802487,1225324757,27802485,28118741,28118740,38015395,38015394,24221396,24221395,33653330,336860298,1485876895,46621856,46621860,766343929,766343930,46621890,1225328766,766343934,766343935,23073494,46621965,766343933,161003635,1225329266,291953724,291953725,291953726,1225330259,58663880,58663881,161500440,161500438,58663917,1225330345,58663919,762722938,762722937,303810401,766315029,303810402,93655265,93655283,93655289,762722936,93655279,46622504,1225838965,93655270,1225839762,93655261,93656651,93656646,1225839824,1312352114,93657273,1226060329,1225840024,93657277,93658191,93658184,1226060823,1226060824,1226060825,93658185,93658187,93658398,93658395,5280559,25700391,93659032,93659029,93659031,1226333401,1226333402,93659017,55970350,55970344,55970349,55970346,1226334957,1226334958,55970348,56155496,56155890,56156221,1226335917,1226335915,56155435,56155473,1226336373,56156639,56156296,56155147,56156503,56156576,1226336553,56156187,56155218,56155570,670840775,670840774,56156210,57002182,57003767,57005863,56998422,57005662,57000269,57000499,56998677,57003513,1226337076,1226337310,57000754,1226338374,1226338373,1226339129,1226339128,1226339130,1226339127,59442797,59447700,59447213,59443082,59446130,1226339860,1226339861,57006118,1226340056,1226340057,1226340540,1226340541,1226340798,1226340799,59442892,1226341204,59441462,1226341276,60702708,60721094,60701997,60700901,60704283,60701783,60703610,1227665989,1227665988,1227666887,60700540,1227666886,1227667081,1228984438,60702384,60699402,1228984695,60703116,1228984739,60723012,60702200,60722046,1228986207,1228986208,1228986535,80871289,1228986651,1228986802,1228986803,133863894,1228987296,246460892,246460887,246460881,133694137,133694136,133694142,1228987722,133694144,133694131,133694134,246460893,246460882,133694133,784833038,784833039,258418207,78437733,1228775356,78439793,78437472,78435584,78440327,246365039,246365038,78436281,78438365,78436134,1228775726,78434274,78440920,78440223,1228775862,1228775863,236021600,236021601,1228775988,1228775989,79140674,133228328,133228335,1228776135,133228325,133228334,134293789,134293783,134293782,134302576,134302597,1228776145,1228776146,134289631,134289632,134289634,134289635,134289638,134289639,134289636,134181962,134185052,1228776630,134185045,134185041,134185047,134185046,134185056,134185051,134185043,134185057,1228777216,238132926,133437864,258509825,133437866,132468581,132468579,246710714,132468583,129076272,129076269,129076271,129076268,129076267,132417596,238900148,238897481,238897479,238897483,238641766,246499714,246732148,1228777506,238645195,238645194,148528030,246015184,258604022,258604021,1228777559,148528033,148528044,242753275,243207122,1228777590,1228777595,242753273,204215931,258542966,784833042,204215929,243207096,243207100,1228999125,243114704,243207108,243114706,243114702,1228999279,1228999278,243114703,246254643,246254640,246254646,246254641,80751645,248885253,1228999840,248885255,1236191310,1236191306,243114705,243114707,1228999841,246735514,1228999923,1229000037,1229000345,246626940,246626939,1229000346,148531736,246651385,246738379,1229000954,246651386,520544524,1229001535,1229001717,1229001718,1229001534,80751646,239009959,239009962,1231569695,1232295721,246962457,246962455,246962451,257515852,1232295723,1232295724,1232295722,257515849,246962460,254338104,1232295822,254352402,254352401,1232295979,254375458,254375461,254375459,246962463,254352400,254375460,1232296161,1232296162,253272830,253272866,246962464,1232791422,1232791421,1232789409,1232793644,1232793696,1232793838,1232794156,1232794157,246962465,294553450,1232794512,294553447,246962458,294553452,294553449,246962459,294553451,294553448,294391035,246962468,246962453,1232796218,246962454,1232796219,294391034,294391030,1232796728,294391033,1236972272,246962461,1236972273,294391036,1236972274,294391037,246962450,294982183,1237028763,1237028762,294982184,246962456,1237028764,1237028765,246962452,294896692,1237028767,1237028768,246962467,247778388,247778387,246962449,1237028770,1237028769,1237028771,1237028772,295931277,246962462,80749140,1237028774,1237028773,247778391,247778392,295931275,295931278,295931274,295931276,1237028777,1237028776,1237028775,239731259,1237036441,1237036442,239731255,80747478,239731264,239731258,295738840,295738839,1237036443,239733903,239733904,295945052,295945050,295738837,1237036444,1237036445,295738838,295945051,1237036446,295945053,1237036447,1237036448,297403541,1237036449,1237036450,297403542,297403539,1237036451,296050479,297403543,297403540,1237036452,1237036454,1358178535,1358178534,1237036455,300540837,1237036456,254977871,1237036458,1237036457,254977869,1237036459,300537317,1237036460,1237036461,243662797,243662796,1237036462,1237036463,243662798,1237036464,243662795,240455352,240455349,516175201,384124675,516175200,240455353,1237036465,1237036466,240455351,240455354,240455350,300532835,1237036467,1237036468,300532829,386281900,386281899,300532839,303551010,247758999,247758994,303551002,303551006,254977870,254977872,303551003,303551008,303551004,303507639,386281901,386281902,384124662,384124663,303551011,303521037,1237038329,303507630,1237038331,1237038330,303507637,303507635,1237038332,384097269,1237038630,1237038629,303507636,1237038631,1237074721,303507638,303507729,303507634,303867765,303867762,303507631,1237074722,303867764,303867763,1237074723,303867766,1237074724,303867768,1237074725,303966945,303966943,303966946,303966944,303867767,303507633,1237074726,303887525,1237074727,303887526,429786616,429786617,303887524,303887527,303507632,303890532,384012508,1237074729,1237074728,247758990,247758992,304599611,1237074730,384012506,1237074731,1237074732,384012511,247758996,247758993,304398416,1237074733,384012504,304398419,304599610,304599608,304599602,1237074734,384018969,1237074735,304398417,304558358,247758997,247758995,1237081735,304398418,1237081737,1237081736,1237081738,1237081739,304558360,1237081740,304558357,1237081741,247758989,247758991,1237081742,304558359,312693037,1237081743,311162855,1237081744,311162842,311162853,311162843,276548686,276548685,311162840,311162847,311162856,311162839,311162851,1237081745,311162844,244997241,1237081746,244997240,311162854,311162838,311162846,1237081747,311162852,311162857,311204797,311204792,246833882,1237081749,1237081748,246833877,1237081750,1237081751,384995074,1237081752,1237081753,240324308,1237081754,317101992,317101993,1237081755,520894019,311204794,1237082891,311598210,1237082892,1238115648,384357418,1238115650,1238115649,311598206,1238115651,311598209,1238115652,311598213,311598207,1238115653,1238115654,384357417,384357412,384357420,384357408,1238115655,311598211,311598212,311598208,384357410,1238115656,384357416,311496754,311496760,384441501,1238115657,1238115658,1238115659,384441502,1238115660,1238115661,1238115662,1238115663,1238115664,1238115665,1238115666,1238115667,1238115668,1238115669,310157840,1238115670,310157835,310157834,1238115671,310157831,310157841,310157832,310157839,310157830,310157833,1238115673,1238115672,310157828,310157837,1238115674,1238115675,310157838,1238115676,1238117984,310157836,310157842,311059535,189489683,189489699,311059523,1238117985,189489695,189489681,311059541,1238117986,311059531,311059524,189489701,189489693,311059534,311059525,311059538,311059526,1238379636,311059528,257382315,257382314,1238379637,311059539,1238379638,344878637,1238379641,1238379639,416174680,416174679,80725413,1238383795,242211130,1238383796,242211162,1238383797,344618635,1238383798,242211144,242211141,242211153,242211160,242211154,242211151,345548548,345542171,1238383800,1238383799,416169594,416169596,1238383801,1238383802,347958493,1238383803,345542170,345744974,416169598,416169600,345741122,1238383805,1238383804,1238383807,1238383806,345741119,345741117,345741121,345741115,239840097,1238387331,239840098,345731812,239840090,416168470,416168469,239840096,346394403,1238387332,1238387333,1238387334,346394402,1238387335,345729881,345729878,1238387336,1238387337,1238387338,239840092,1238387341,1238387339,239840093,1238387342,1238387343,1238387344,306003634,1238387345,493778616,493778617,493778635,493778636,429689738,429689740,306003645,1238389535,1238389536,1238389537,1238389538,429689742,429689739,520900109,1238389539,306003655,1238390141,306003646,1238439782,1238439783,1238439784,1238439785,1238439786,1238439787,306010006,1238439789,1238439788,1238439791,1238439790,494015025,1238439792,1238439793,494015026,306010003,306010001,306010002,1238439794,1238439795,80723265,1238439796,1238439797,1238439798,1238439799,1238439800,1238439801,1238439802,242893293,1238439803,665990221,1238439804,1238439805,1238439806,1238447113,1238447114,1238447115,1238447116,665990222,1238447117,242893295,1238447118,1238447119,80723148,1238447120,242233608,242233609,307310242,307310255,1239734347,307310246,1239734348,307310251,307310248,307310253,307323173,307323175,1239734349,1239734350,319599837,1239734351,319599833,1239734352,307324604,307324601,307324600,307324603,307324605,1239734353,307324602,1239734354,307460710,260072667,1239734356,1239734355,260072662,1239734357,260072663,1239734358,1239734359,1239734360,119484863,1239734361,119484595,119484672,119484710,119484351,1239734363,1239734362,119500327,1239734364,1239734365,1239734366,119498713,119498770,119499935,119499422,119499360,1239734538,1239736524,1239736525,129962218,1239939111,1239939112,129962219,384271200,1239939114,1239939113,1239939116,1239939115,384271199,1239939117,1239939118,243509894,243509889,128351606,526603118,526603121,128352077,128352074,128352071,128351599,128351598,128351589,128351603,128351593,128351588,1239939119,1239939120,128351601,1239939122,1239939121,128351602,128352072,128352078,1239939123,1239939124,128351595,128351591,128351605,128330854,128330515,128330525,128330523,128330519,128330526,128330516,128330517,128330852,128330859,128330514,128330521,1239939125,128330511,128330527,288212003,288212002,1239941975,516115259,1239941976,1239941977,128318193,128318201,128318197,1239941978,288212005,1239941980,1239941981,1239941979,103223515,103218669,103216164,103218836,1239941982,1230115646,103223281,103216505,103222885,106309543,1230115944,1425960079,1425960080,106307718,106306180,1230115945,106308206,238458837,1230116318,1098385464,1098385465,106308463,245146401,245890249,245890248,168309554,168309519,168309513,168309551,106308792,86574988,515928161,1230115447,242427795,383085283,1230113834,383085282,250197653,106481079,96522271,96522297,96522339,96522363,96522369,96522249,96522268,96522282,96522255,96522327,106479309,1316730509,784833493,96522279,96522357,96522294,250704782,250704790,250704792,1198541797,1198541798,250704786,250704785,250704795,106481253,784833494,784833495,96522269,96522303,250705097,96522365,784833489,784833490,106475553,106475554,97193583,97193623,1230882347,97193625,784833487,96522349,97193588,97193624,97871424,724771913,724771912,694105204,41108065,95905211,1230882399,711851033,1230882804,711851035,1233228353,1233228351,1233228349,982181971,982181968,711851024,95903362,1233228169,1233228171,95903964,1233228167,711851029,80294651,112743330,784689798,80296483,784689799,1233227658,515928164,1242333301,944869689,784689801,1242333303,1242333305,1242333304,784689800,80493261,80491783,80490220,80492516,712439028,80490938,95754081,95753487,95754206,95754044,95754121,95754154,95754194,1242336086,1242336087,711974907,95478987,95479205,94844641,94844461,83228541,83227901,1242336092,83227671,83226620,710881746,83227134,1242336093,83544443,710791375,710772541,711532194,710791376,1242336094,1242336097,710957657,1242336098,1242336100,1242336998,85371212,85371413,202323329,1242342639,347357053,347357073,203400636,1242342640,197577845,1242342641,1242342642,711655153,1242344299,209281801,1242344300,1242344301,1242344302,23226783,784683925,1253395041,1253395044,1253395047,254238964,288270511,636781500,636781487,636781490,636781496,254418856,253684788,253684780,253684790,253684785,1253395048,1253395049,253684779,253684787,253684786,252708068,1253395050,252708158,252707038,252707075,1253395051,234810154,1253395052,234810147,234810155,234810141,1253395053,1253395054,253575910,253575897,253575931,253575873,253575918,253575943,253575911,253575917,253575882,253575937,1253446099,253575877,1253446102,253575889,253575894,253575929,253559147,253697833,253697836,253697823,253697816,253697831,253697807,253697834,253697863,254725849,254725860,254725829,254725848,254725824,254725821,254725871,254725828,254725853,254725865,254725868,254725857,254725847,256369979,23598006,1092958054,1092958052,4836163,1253450840,4332418,1253450843,1253450845,4469301,4469300,23496384,4836152,304944489,304944467,23557885,149310421,149310530,149310703,849440757,435742661,149310303,149310306,304944465,1253450848,943413352,304944466,1253450852,1253450853,165518523,1253450851,256358111,1253450855,1253450854,256358110,256358101,256358063,1253450856,256358079,256358099,256358096,256358107,256358109,1252208215,1252208216,256358120,256358073,256358097,256358089,256358123,255347424,255347417,255347416,742353226,1253450857,1099990409,1127588489,1099990410,255347421,255175350,255175361,1334854095,1099990408,1099990411,255335328,255330987,255350139,255350151,1334854094,1334854092,255350138,255350142,149267526,222696772,1334854093,149267581,149267566,149257545,149257640,149257542,149257576,149257651,149257599,149257530,149257613,149257806,149257631,149257730,149257579,493547941,149257535,149257711,149257553,149257586,149257562,149257645,149257551,149242446,149242398,1309089741,149242391,149242409,1309089740,1309089742,488841199,488841198,488841201,1222159314,1222159313,488841200,636781484,636781493,149242418,493551030,493551026,149221551,51536149,1308985568,497129545,174575865,51536488,23661608,23661609,23426612,23426613,23426615,1337644651,1337644645,23426614,1337644644,1308613066,23426591,23426590,23426586,23426585,37835722,37835721,1308613062,1308613059,148391306,148391303,1101741980,38454283,38454282,38454305,38454304,1101741966,148391305,37831898,37831899,37810126,37810122,37810123,37810121,148390332,37810120,37810120,148390332,148390331,37810124,37810125,148377857,37812035,37809287,37809281,148377851,148377840,148377850,1332698226,148377841,1308985562,23427556,23427557,1337644647,1337644649,1101741971,1308985569,23427532,23427531,1101741981,97068113,97067413,1371598102,1371598101,97072166,97071168,371291066,1308996474,97068223,97071700,1326164515,1326164514,97067892,1308996476,1308996477,1309007392,77857735,370659484,407473805,407473804,221154788,221154787,62344658,1309007388,1309007402,407436379,407436378,674511850,1289568759,1289570162,1289570161,1289568766,1289568765,1309007403,1289568760,674511852,940282228,940282227,1309007397,532672676,41222258,369438177,369438176,537287228,537287218,1309007406,283545100,283545110,283545105,291654113,1309007389,1309007394,1309007407,1309007399,1287944000,157738358,1309007396,381163117,381163115,1309007393,1309007404,380935314,157738370,1309007390,1328456802,261981104,261981105,291661085,291661084,1328456801,167169825,167169824,192565722,192565721,369218532,922839043,291760160,922839045,1334901833,1334901825,1334901837,291760155,381171254,253992279,253992281,253992280,711425249,1334901828,1334901834,291761964,291438683,270177052,167168426,167168427,291438348,155369101,784818839,155369114,155369100,383522778,784818843,155369084,784818844,155369111,396481885,155369094,384120652,384120651,487072132,487072133,1334901827,486878562,486878563,513413401,159790561,513413400,486709512,486709509,159790550,486614502,159790556,159790542,159941166,159941134,159941155,159941164,159941148,385625398,385625399,385653205,148288497,159941135,159941170,159790586,385657805,159790551,159790541,1354292971,385365811,159790559,159790581,148288038,359657309,320100883,361806339,361806353,148287441,148287438,363212549,363212563,148287442,148287439,148287437,148287440,969819808,969819809,127236559,127236564,543905207,127236558,158512326,352914527,352914504,929519732,929519733,200335267,200335266,367478184,367478169,200066580,200066584,200052262,200052260,359874742,359874829,359874820,359874735,231000639,231000634,158512308,125586820,125586824,135440599,135440605,135440603,135440598,135440609,135440597,503740990,125119461,953504943,125119577,125119528,125119434,515920406,503722579,1106174880,1106174881,953504945,1217442622,1217442621,125586338,125586337,515920407,91360811,91360808,91360810,91360809,91358794,953504946,91358799,91358797,91358798,953504947,91358796,91358795,91357346,953504948,91357343,91357341,91357345,91357342,91357347,91357344,91364032,91364031,91364034,91364044,91364035,91364033,953504949,636970791,1420438031,91364255,953504950,91364257,953504951,91364258,953504952,953504953,91367193,91367192,91367187,91367191,953504954,953504955,953504956,953504957,91433809,91433807,91433802,91433810,91433797,91433801,91433805,91433803,953504958,953504959,91433798,1010230596,1010230597,91433800,953504960,91440189,91440185,91440192,91440188,91440191,1296825574,1296825573,1296825572,1296825571,1296825570,91440186,1296825564,1296825569,1296825568,1296825567,1296825566,1296825565,91440182,91440184,1347253860,94839066,1347253862,62607123,62607122,116786922,953504961,1387129803,1387129804,116786736,953504962,116766140,521379666,1317956620,1317956619,1317956618,1317956617,1317956616,1317956615,521379664,1318191756,521379663,1318191754,521379662,1318191755,521379665,1317995358,1347244552,953504963,116765969,1343906144,1343906145,1343906143,1343906142,1346315163,1346315138,1346315142,1346315145,1346315154,1346315162,63035669,546478120,546478119,1318290353,1318290352,356100421,356100414,525060075,525060076,356100423,356100399,356100395,356100411,356100393,356100417,356100419,356100409,356100412,356100418,1468637548,1468637549,950244556,356108703,356108711,950244557,332588386,332588387,1346498828,356108710,1346498829,356108704,1346964479,356108708,1346964480,356108709,299230327,1318486613,1318486612,1318486611,1318486610,1318486609,1318486608,950244558,299230328,950244559,546475547,950244560,546475544,108013075,108013010,108013081,108013041,108012956,108013069,1327448550,1327448551,62049351,62049344,41361050,950244561,62049346,62049345,950244562,62049348,950244563,1324499413,1324499412,25219094,1366472226,1366472227,950244564,949586787,950244566,950244565,25177123,801371700,801371699,25177124,25177126,25177127,25177128,25177129,949586786,25177130,25177142,949586785,25177143,949586784,464656941,949586783,464656942,636776608,1420438032,949586782,949586781,136525278,784657714,949586776,136525290,136525277,636776609,136525295,522170817,522170816,136525273,136525291,136525271,949586775,515920408,949586774,136525286,136650809,136650811,949586772,1456169820,1456169819,136650814,136650826,136650804,136650810,393303650,784682456,137190433,137190858,120389898,949586771,225052062,120389892,120390277,120390947,186983159,120393346,120393318,94256191,83669626,784682453,5011697,1131306215,137191776,5011690,821771300,821771299,5011689,821771301,5011691,83590062,762519438,93963309,93963290,895931968,949100940,102846654,25584159,771955895,771955896,949100938,102849498,895931961,895931964,1305868368,1305868371,25584150,102849499,949100936,92189210,1524810231,36760151,85244171,1524810233,135908994,1198099348,36760152,85244680,769520866,769520867,85244674,769520868,769520870,769520876,85244672],"coordinateCount":14522,"calculatedLengthKm":4100.55,"preparedAt":"2026-08-16"},"features":[{"type":"Feature","properties":{"name":"The Canadian"},"geometry":{"type":"LineString","coordinates":[[-79.3803463,43.6445907],[-79.3782165,43.6450456],[-79.3781437,43.6450611],[-79.3778244,43.6451264],[-79.377717,43.6451483],[-79.3772669,43.6452403],[-79.3764928,43.6453644],[-79.3761462,43.6454209],[-79.3754074,43.6455413],[-79.3744138,43.6457092],[-79.3741302,43.6457604],[-79.3730835,43.6459526],[-79.3721596,43.6461249],[-79.3716351,43.64623],[-79.3703662,43.6464913],[-79.3700565,43.6465592],[-79.369412,43.6466964],[-79.3688073,43.6468259],[-79.3667502,43.6472666],[-79.3667022,43.6472772],[-79.3663917,43.6473379],[-79.3651231,43.6476062],[-79.3633943,43.6479755],[-79.362384,43.6481956],[-79.3622833,43.6482236],[-79.3618534,43.6483329],[-79.3615268,43.6484235],[-79.3614178,43.6484563],[-79.3612541,43.6485065],[-79.3612153,43.6485194],[-79.3595952,43.6490564],[-79.3588936,43.6492501],[-79.3579569,43.6495646],[-79.3571904,43.6498333],[-79.3570235,43.6498917],[-79.3568769,43.6499272],[-79.35665,43.6500038],[-79.3564062,43.6500869],[-79.3559931,43.6502436],[-79.3555616,43.650436],[-79.3550735,43.6506828],[-79.3546476,43.6509167],[-79.3534053,43.6515829],[-79.3522053,43.6522273],[-79.3518957,43.6524296],[-79.3515974,43.6526468],[-79.3514775,43.6527528],[-79.3513862,43.6528429],[-79.3512828,43.6529529],[-79.3512113,43.6530535],[-79.3511195,43.653175],[-79.3510361,43.6533171],[-79.3509719,43.6534589],[-79.3509416,43.6535515],[-79.3509144,43.6536728],[-79.3509021,43.6537792],[-79.3508976,43.6538863],[-79.350901,43.6539569],[-79.3509142,43.6540433],[-79.3509306,43.6541306],[-79.3509515,43.6541956],[-79.3509864,43.6542907],[-79.3510392,43.654413],[-79.3510901,43.6544941],[-79.3512052,43.6546461],[-79.3512968,43.654747],[-79.3513835,43.6548295],[-79.3514582,43.6548992],[-79.351726,43.6551085],[-79.351848,43.6552118],[-79.3523622,43.6556786],[-79.3527033,43.65594],[-79.3529842,43.6561756],[-79.3531411,43.6563187],[-79.3531715,43.6563461],[-79.3534478,43.6565956],[-79.3535844,43.6567165],[-79.3538342,43.6569397],[-79.3543325,43.6573687],[-79.3544277,43.6574638],[-79.354531,43.6575909],[-79.3546075,43.6576967],[-79.3547121,43.65785],[-79.3548247,43.6580838],[-79.3548932,43.6582916],[-79.3553238,43.6597093],[-79.3560806,43.6622311],[-79.3568189,43.6647131],[-79.3569834,43.665306],[-79.3572772,43.6660561],[-79.3577063,43.6674676],[-79.3578865,43.6680278],[-79.3580914,43.6685167],[-79.3582281,43.6687334],[-79.3583259,43.6688673],[-79.3585285,43.6690936],[-79.3587631,43.6693099],[-79.3591419,43.6696222],[-79.3596535,43.6700391],[-79.3601693,43.6704602],[-79.3611957,43.6712875],[-79.3623078,43.6722057],[-79.3625511,43.6724561],[-79.3627017,43.6726117],[-79.3629156,43.6728882],[-79.36318,43.6732385],[-79.3636834,43.6739368],[-79.3640581,43.6745109],[-79.3642889,43.6750152],[-79.3644598,43.6754289],[-79.3645301,43.6756327],[-79.364597,43.6757823],[-79.3647973,43.6761594],[-79.3649994,43.6764861],[-79.3654485,43.6770701],[-79.3660062,43.6777604],[-79.3664472,43.6783123],[-79.3669526,43.6789574],[-79.3671247,43.6791642],[-79.3673368,43.6794571],[-79.3675287,43.679822],[-79.367578,43.6799597],[-79.367615,43.6800971],[-79.367643,43.6802449],[-79.3676551,43.6803792],[-79.3676584,43.6805222],[-79.3676458,43.6806642],[-79.3676262,43.680805],[-79.3675914,43.680945],[-79.3675242,43.6811359],[-79.3674767,43.6812487],[-79.3674164,43.6813611],[-79.3673527,43.6814703],[-79.3672778,43.6815788],[-79.3672018,43.6816759],[-79.3671234,43.6817676],[-79.367002,43.6818932],[-79.3668684,43.6820117],[-79.3667451,43.6821114],[-79.3666079,43.6822065],[-79.3664266,43.6823218],[-79.3662267,43.6824326],[-79.3659458,43.6825803],[-79.3656531,43.682731],[-79.3655371,43.68279],[-79.3648213,43.6831835],[-79.3643521,43.6834252],[-79.3637415,43.6836929],[-79.3635286,43.6838033],[-79.3633609,43.6838954],[-79.3632058,43.683989],[-79.3630658,43.6840816],[-79.3629304,43.6841844],[-79.3627966,43.6842961],[-79.3626688,43.684423],[-79.3625531,43.6845544],[-79.3624295,43.6847222],[-79.362327,43.6848938],[-79.3622685,43.6850195],[-79.3622198,43.6851405],[-79.3621814,43.6852658],[-79.3621432,43.6854486],[-79.3621285,43.685653],[-79.3621317,43.6858108],[-79.3621526,43.6859789],[-79.3621922,43.6861539],[-79.3622296,43.6862686],[-79.362268,43.6863708],[-79.3624818,43.686881],[-79.3626759,43.687325],[-79.3627594,43.687556],[-79.3627916,43.687682],[-79.3628121,43.6877915],[-79.3628291,43.687956],[-79.3628252,43.6881166],[-79.3628137,43.6882358],[-79.3627891,43.6883516],[-79.3627647,43.688438],[-79.3627384,43.6885218],[-79.362699,43.6886145],[-79.3626553,43.688707],[-79.3626328,43.6887488],[-79.3625766,43.6888386],[-79.3625461,43.6888865],[-79.3624212,43.6890499],[-79.3622352,43.6892689],[-79.3616488,43.6898898],[-79.3612654,43.6903049],[-79.3610882,43.6905233],[-79.3609605,43.6907173],[-79.360731,43.6911124],[-79.3604607,43.6918207],[-79.3603725,43.692105],[-79.3602649,43.6924232],[-79.3601157,43.6928033],[-79.359971,43.6930935],[-79.3595852,43.6936284],[-79.3595497,43.6936776],[-79.3590888,43.6942475],[-79.35905,43.6942953],[-79.3587344,43.6946842],[-79.3587016,43.6947245],[-79.3584761,43.6950011],[-79.3582961,43.6952305],[-79.3582539,43.6952856],[-79.3582159,43.6953317],[-79.3582065,43.6953432],[-79.3580305,43.695556],[-79.3577189,43.6959567],[-79.357182,43.6966103],[-79.3569041,43.6969262],[-79.3566288,43.6971992],[-79.3565919,43.6972357],[-79.3562157,43.6975652],[-79.3561309,43.6976395],[-79.355843,43.6978637],[-79.3556051,43.6980328],[-79.3550295,43.6984169],[-79.3546832,43.6986178],[-79.3543275,43.6988127],[-79.3535999,43.6991651],[-79.3528301,43.6994715],[-79.3522005,43.6996834],[-79.3515048,43.6998938],[-79.3509984,43.6999993],[-79.3504226,43.7000752],[-79.3499434,43.7001419],[-79.349517,43.700187],[-79.3486805,43.7001877],[-79.3482057,43.7001259],[-79.3476347,43.6999958],[-79.3465318,43.6996014],[-79.3454207,43.6992879],[-79.3449223,43.6992084],[-79.3444541,43.699168],[-79.3439954,43.6991651],[-79.3435156,43.6992037],[-79.3428034,43.6993427],[-79.342355,43.6994801],[-79.3419154,43.6996499],[-79.3416779,43.6997751],[-79.3414789,43.6998901],[-79.3411483,43.7001041],[-79.340857,43.7003119],[-79.3404879,43.7005757],[-79.3401285,43.7008363],[-79.3376859,43.702635],[-79.3359937,43.7038715],[-79.3355112,43.7042253],[-79.3353086,43.7043697],[-79.3341935,43.7051587],[-79.3335307,43.7055538],[-79.3322963,43.7061332],[-79.3306076,43.7069034],[-79.3297217,43.707327],[-79.3290443,43.707676],[-79.3274607,43.7085352],[-79.3259124,43.7093683],[-79.3254237,43.7095877],[-79.3248934,43.709802],[-79.3242143,43.7100446],[-79.3236773,43.7102172],[-79.32281,43.7104875],[-79.3212051,43.711022],[-79.3209196,43.7111531],[-79.3206708,43.7113074],[-79.3204952,43.7114304],[-79.3203518,43.7115701],[-79.3202183,43.7117196],[-79.3200971,43.7118953],[-79.319959,43.7121578],[-79.3198667,43.7124368],[-79.3198137,43.712756],[-79.3197265,43.7135585],[-79.3196755,43.7142468],[-79.31965,43.7147948],[-79.3196883,43.71519],[-79.3198285,43.7156106],[-79.3201089,43.7162479],[-79.3205407,43.7171409],[-79.3208864,43.7178922],[-79.3222876,43.7207429],[-79.3223552,43.7209052],[-79.3225659,43.7213344],[-79.3227289,43.7217521],[-79.3228366,43.7221621],[-79.3228728,43.7225743],[-79.3228638,43.7228538],[-79.3228224,43.7231406],[-79.3227219,43.7236152],[-79.3223777,43.72438],[-79.3215699,43.7260913],[-79.3208374,43.7276429],[-79.3206373,43.7281055],[-79.3205823,43.7283083],[-79.3205456,43.7285212],[-79.3205358,43.7287608],[-79.3205718,43.729005],[-79.3206292,43.729188],[-79.3207214,43.7293797],[-79.3207293,43.7293922],[-79.3208331,43.7295563],[-79.3209656,43.7297218],[-79.3211871,43.7299323],[-79.321423,43.7301145],[-79.321635,43.7302353],[-79.3218698,43.730348],[-79.3221191,43.7304418],[-79.3223767,43.7305137],[-79.3226576,43.7305759],[-79.324461,43.7308888],[-79.3248509,43.7309793],[-79.3252841,43.7311177],[-79.3256369,43.7312764],[-79.3259651,43.7314576],[-79.3263015,43.7316864],[-79.3277276,43.7327659],[-79.328177,43.7330556],[-79.3286598,43.7333037],[-79.3291935,43.7335149],[-79.3297321,43.7336788],[-79.3303771,43.7338577],[-79.3308231,43.7339821],[-79.3311197,43.7340648],[-79.3319677,43.7342998],[-79.3324126,43.7344457],[-79.3329087,43.7347037],[-79.3332521,43.734943],[-79.3336469,43.7354206],[-79.3339216,43.7361586],[-79.3339988,43.7371322],[-79.334119,43.7378702],[-79.3343336,43.7383663],[-79.3356811,43.7402452],[-79.3364793,43.7413428],[-79.3366962,43.7416013],[-79.3370564,43.7419687],[-79.3372089,43.7420807],[-79.3374064,43.7421964],[-79.337637,43.7423106],[-79.3378342,43.7423921],[-79.3380807,43.7424718],[-79.3384793,43.742552],[-79.3388454,43.7426024],[-79.3397822,43.7426473],[-79.3409599,43.7426952],[-79.3425019,43.7427712],[-79.3437881,43.7429315],[-79.344622,43.7431234],[-79.3456004,43.7434186],[-79.3462424,43.7436829],[-79.3468469,43.7439771],[-79.3472664,43.7442148],[-79.3478943,43.7446571],[-79.3484613,43.7451067],[-79.3494827,43.7462972],[-79.353003,43.7507263],[-79.3532644,43.7510409],[-79.3556283,43.7540451],[-79.3613487,43.7613161],[-79.3624586,43.762718],[-79.3635471,43.7640965],[-79.3648136,43.7657015],[-79.366026,43.7672403],[-79.367188,43.7687186],[-79.3672933,43.7688594],[-79.3673712,43.768955],[-79.3675867,43.7692574],[-79.3677652,43.769552],[-79.3679099,43.7698348],[-79.3681027,43.7702793],[-79.368186,43.7705279],[-79.3682767,43.770861],[-79.3683405,43.7711573],[-79.3683927,43.7714595],[-79.36856,43.7724594],[-79.3687403,43.7733085],[-79.3687714,43.7737329],[-79.3687254,43.7741211],[-79.3686321,43.7745261],[-79.3684682,43.7749523],[-79.3682806,43.7753777],[-79.3679672,43.7760884],[-79.3679249,43.7761842],[-79.3674871,43.7771634],[-79.3671283,43.7780783],[-79.3670181,43.7786366],[-79.3669959,43.7792028],[-79.3670151,43.7802248],[-79.3674185,43.7818483],[-79.3692187,43.786823],[-79.3701909,43.7895097],[-79.3704172,43.7901542],[-79.3707168,43.7909432],[-79.3716797,43.7936529],[-79.371859,43.7941593],[-79.3722896,43.7953591],[-79.3735361,43.7987537],[-79.3738638,43.7993756],[-79.3739727,43.7995666],[-79.3755157,43.801774],[-79.3759379,43.8023679],[-79.376803,43.8035525],[-79.3782688,43.8049067],[-79.379272,43.8057784],[-79.380294,43.8066081],[-79.3806373,43.8068931],[-79.3820675,43.8081269],[-79.383837,43.8096391],[-79.3843654,43.8101063],[-79.3850049,43.8106718],[-79.3861246,43.8117297],[-79.3892916,43.8147934],[-79.3900846,43.8155605],[-79.390293,43.8157602],[-79.3916681,43.8170863],[-79.3916828,43.8171005],[-79.3921683,43.8175687],[-79.3921988,43.8175984],[-79.3923957,43.8177937],[-79.3936905,43.8190919],[-79.3938328,43.8192334],[-79.3939979,43.819402],[-79.3941391,43.8195427],[-79.3942888,43.8196909],[-79.394758,43.820145],[-79.3953431,43.8207057],[-79.3954481,43.8208076],[-79.3966434,43.8219674],[-79.3968279,43.8221474],[-79.3968897,43.8222066],[-79.3969511,43.8222653],[-79.3971501,43.8224485],[-79.3976786,43.8229735],[-79.3980491,43.8233108],[-79.3983906,43.8236088],[-79.3987194,43.8238537],[-79.3990402,43.8240758],[-79.399271,43.8242532],[-79.3994996,43.8243974],[-79.3998338,43.8245794],[-79.4001162,43.8247569],[-79.4005107,43.8249409],[-79.4010829,43.8251949],[-79.4016499,43.8254189],[-79.4024129,43.8256698],[-79.4027646,43.8257575],[-79.4033078,43.8258925],[-79.405518,43.8263244],[-79.4078564,43.8267744],[-79.4099099,43.8271661],[-79.410694,43.8273569],[-79.411095,43.8274844],[-79.4114965,43.8276343],[-79.411815,43.8277616],[-79.4121348,43.8279098],[-79.4127906,43.8282699],[-79.4134719,43.8287597],[-79.4143003,43.8295294],[-79.4161598,43.8312573],[-79.4168514,43.8319089],[-79.4214549,43.8362459],[-79.4215582,43.8363577],[-79.4225281,43.8374101],[-79.423764,43.8388814],[-79.4250871,43.8404546],[-79.426722,43.842394],[-79.4270275,43.8427915],[-79.4272778,43.8431869],[-79.4274999,43.8436384],[-79.4276571,43.84406],[-79.4277561,43.8444373],[-79.4278365,43.8447826],[-79.4289436,43.8495398],[-79.428978,43.8498493],[-79.4289851,43.8499121],[-79.4290294,43.8503011],[-79.428978,43.8510439],[-79.428832,43.8521394],[-79.4286346,43.8548813],[-79.4285488,43.8553764],[-79.4285029,43.8557052],[-79.4284286,43.8560263],[-79.428257,43.8566328],[-79.4273987,43.8598139],[-79.4264288,43.8631557],[-79.4261455,43.8641401],[-79.425574,43.8661265],[-79.4255553,43.8661854],[-79.4255223,43.8662786],[-79.4254517,43.8665301],[-79.4252673,43.8672447],[-79.4251156,43.8678587],[-79.4250297,43.868329],[-79.4250555,43.8688983],[-79.4251671,43.869548],[-79.4256347,43.8712461],[-79.4256941,43.8714616],[-79.4262486,43.8735153],[-79.4263261,43.8737872],[-79.4267075,43.8751352],[-79.4268166,43.8754335],[-79.426938,43.8757168],[-79.4271755,43.8761684],[-79.4274322,43.876532],[-79.427753,43.8769164],[-79.42811,43.8772692],[-79.428164,43.8773244],[-79.4287462,43.8779193],[-79.4293521,43.8785302],[-79.4296626,43.8788763],[-79.429949,43.87922],[-79.4303152,43.8797287],[-79.4307592,43.880376],[-79.4314522,43.8814031],[-79.4316804,43.8817364],[-79.431709,43.8817782],[-79.4317651,43.8818601],[-79.4328978,43.8835132],[-79.4333087,43.8841193],[-79.4337176,43.8848408],[-79.4340729,43.8856353],[-79.4341037,43.8857019],[-79.4343681,43.8864813],[-79.4344969,43.8873844],[-79.4344539,43.8883247],[-79.4342651,43.8893762],[-79.4336695,43.8912133],[-79.4336271,43.8913272],[-79.4335898,43.8914419],[-79.4332649,43.8924413],[-79.4324799,43.8948504],[-79.4314673,43.897958],[-79.4313686,43.8982609],[-79.4305868,43.9006863],[-79.4279251,43.9090668],[-79.4274954,43.9100772],[-79.4272298,43.9105372],[-79.4269759,43.910922],[-79.4266566,43.9113181],[-79.4265935,43.9113964],[-79.4265201,43.9114939],[-79.4264437,43.9115955],[-79.426263,43.9118357],[-79.424971,43.9129664],[-79.4243562,43.9134479],[-79.4227598,43.9147592],[-79.4215961,43.9157265],[-79.4188448,43.9178932],[-79.4180332,43.9185681],[-79.4173737,43.9192043],[-79.4167888,43.9199437],[-79.4153386,43.9218524],[-79.413593,43.9242166],[-79.4132191,43.9246471],[-79.4128291,43.925029],[-79.411719,43.9259919],[-79.4104508,43.9267827],[-79.4102242,43.9269282],[-79.4092125,43.9275779],[-79.4082636,43.9282184],[-79.4077849,43.9285763],[-79.4073639,43.928985],[-79.4071653,43.9292186],[-79.406983,43.9294775],[-79.4067288,43.9299512],[-79.4059379,43.9315953],[-79.4057921,43.9318583],[-79.4056025,43.9321113],[-79.4053213,43.9323962],[-79.4050551,43.9326152],[-79.4047219,43.9328473],[-79.4043622,43.9330356],[-79.4038059,43.9332925],[-79.4032198,43.9334982],[-79.4005939,43.9343829],[-79.3997477,43.93469],[-79.3991534,43.9349773],[-79.3986097,43.9353337],[-79.3981937,43.9357261],[-79.3979107,43.9361376],[-79.3977861,43.9363387],[-79.3976476,43.9366226],[-79.3975718,43.9369028],[-79.3975218,43.9372796],[-79.3975149,43.9373227],[-79.3975139,43.9376701],[-79.3975993,43.9379937],[-79.3980278,43.9390362],[-79.3981643,43.9393745],[-79.3994855,43.9426482],[-79.3995895,43.9429075],[-79.3996651,43.9431011],[-79.400053,43.944094],[-79.4002504,43.9449283],[-79.4003103,43.9452971],[-79.4003533,43.9457482],[-79.4003666,43.9466006],[-79.4003698,43.9468005],[-79.4003962,43.948492],[-79.400384,43.9506899],[-79.400379,43.951594],[-79.4004048,43.9542263],[-79.4004417,43.9564322],[-79.4004334,43.9570386],[-79.4003983,43.9574367],[-79.4002589,43.9579397],[-79.4000377,43.9583731],[-79.3998593,43.958675],[-79.3996088,43.9590102],[-79.3992781,43.9593718],[-79.3989588,43.959709],[-79.3978877,43.96084],[-79.3977282,43.96101],[-79.3972631,43.9615059],[-79.3958262,43.9630368],[-79.394909,43.964014],[-79.3946126,43.9643781],[-79.3944261,43.9646809],[-79.3942501,43.9650959],[-79.3941668,43.965443],[-79.3941563,43.9657735],[-79.3942507,43.9661813],[-79.3944309,43.9665952],[-79.3947314,43.9670894],[-79.3959673,43.9690229],[-79.3971604,43.9708082],[-79.3974179,43.9714506],[-79.397538,43.9720127],[-79.3975638,43.9725624],[-79.39751,43.9734048],[-79.397251,43.9762474],[-79.397176,43.9770811],[-79.397055,43.9785718],[-79.3969957,43.9792538],[-79.3969232,43.9800347],[-79.3968277,43.9808189],[-79.3968573,43.9815602],[-79.396943,43.9819754],[-79.3970484,43.9822719],[-79.3971868,43.9825256],[-79.3975031,43.9831549],[-79.3981357,43.9843081],[-79.3987222,43.9853526],[-79.3991901,43.9862191],[-79.3993746,43.9866606],[-79.3994932,43.9871582],[-79.3994701,43.9876063],[-79.3994009,43.9879292],[-79.3993054,43.9881763],[-79.3991736,43.98843],[-79.3988935,43.9888023],[-79.3986234,43.9890988],[-79.3983287,43.989434],[-79.3976151,43.9902652],[-79.3971467,43.9907861],[-79.3962045,43.9918338],[-79.3953417,43.9928517],[-79.3945312,43.9937643],[-79.393457,43.9949801],[-79.391803,43.9968582],[-79.3913187,43.9974117],[-79.3910452,43.9977149],[-79.3910087,43.9977575],[-79.3904415,43.9984197],[-79.3894442,43.9997535],[-79.3891609,44.0002413],[-79.3889549,44.0006797],[-79.3883284,44.0018651],[-79.3865658,44.0052513],[-79.3863024,44.0057595],[-79.3854641,44.0073453],[-79.3846956,44.0088723],[-79.3844179,44.0094001],[-79.3790547,44.0196553],[-79.3775106,44.0225765],[-79.3761245,44.0252435],[-79.3747668,44.0278419],[-79.3738626,44.0295358],[-79.3734824,44.0301356],[-79.3729091,44.0308362],[-79.3721619,44.0315398],[-79.3716223,44.0319988],[-79.3699803,44.0334186],[-79.3683382,44.0348337],[-79.3674714,44.0357372],[-79.3669175,44.0364347],[-79.3662599,44.0375761],[-79.3657011,44.038611],[-79.3646981,44.0404938],[-79.3636505,44.0424111],[-79.3600805,44.0489783],[-79.359999,44.0491096],[-79.3585234,44.0518318],[-79.354004,44.0601627],[-79.3537122,44.060704],[-79.3530906,44.0618483],[-79.3525783,44.0627914],[-79.3524772,44.0630413],[-79.3521351,44.0638214],[-79.3519127,44.0645618],[-79.3517578,44.0650525],[-79.3502283,44.0698869],[-79.3500114,44.0708474],[-79.3491561,44.0733884],[-79.3488526,44.0742803],[-79.3485353,44.0749644],[-79.3479991,44.0758517],[-79.3473386,44.076614],[-79.3459733,44.0778902],[-79.3415861,44.0820344],[-79.3414666,44.0821473],[-79.3407678,44.0828047],[-79.3405607,44.0830921],[-79.3403976,44.0833833],[-79.3402469,44.0837607],[-79.3401469,44.084138],[-79.3398584,44.0863948],[-79.3398875,44.0867296],[-79.3399492,44.0870071],[-79.3400719,44.0872905],[-79.3401825,44.0875388],[-79.3403853,44.0878208],[-79.3406987,44.0881808],[-79.3410194,44.0884655],[-79.3413838,44.0887398],[-79.3427939,44.0895835],[-79.3443067,44.090497],[-79.3455603,44.0912396],[-79.3457749,44.0913803],[-79.3459347,44.0915192],[-79.3462872,44.0918368],[-79.3465394,44.0921233],[-79.3467727,44.0925265],[-79.3469414,44.0929327],[-79.3470624,44.0933857],[-79.3471026,44.0936284],[-79.3470995,44.0938549],[-79.3470141,44.0943045],[-79.3469047,44.0946839],[-79.3466466,44.0951444],[-79.346416,44.0954257],[-79.3461842,44.0956755],[-79.34585,44.0959169],[-79.3455264,44.0961317],[-79.3452117,44.0963233],[-79.344863,44.0964769],[-79.344298,44.096666],[-79.3386271,44.0983532],[-79.3376297,44.0987124],[-79.3373179,44.0989238],[-79.3370394,44.0991011],[-79.3367976,44.099282],[-79.3365991,44.0994612],[-79.3364086,44.0996981],[-79.3362493,44.099905],[-79.3344802,44.1023714],[-79.3335223,44.1037554],[-79.3329626,44.1046387],[-79.3317115,44.1064555],[-79.3310143,44.107663],[-79.3307738,44.1081123],[-79.3296824,44.1107552],[-79.3291105,44.1115401],[-79.3283961,44.1121676],[-79.3272603,44.1129026],[-79.326559,44.1136353],[-79.3262758,44.1144305],[-79.3263037,44.1151432],[-79.3263939,44.116234],[-79.3265416,44.1181325],[-79.326607,44.11967],[-79.3264347,44.1204937],[-79.3260448,44.1212318],[-79.3253452,44.1222385],[-79.3244488,44.1232962],[-79.3217979,44.1265165],[-79.3212404,44.1272385],[-79.3211333,44.1273511],[-79.3203663,44.128341],[-79.3199595,44.1288767],[-79.3198672,44.1291219],[-79.3197831,44.1293729],[-79.3196875,44.1296574],[-79.3195919,44.1299404],[-79.3195314,44.1302037],[-79.3195118,44.1304787],[-79.3194644,44.1310286],[-79.3194628,44.1311623],[-79.3194717,44.1312959],[-79.3194965,44.1315632],[-79.3199011,44.1339239],[-79.3199698,44.1343342],[-79.3210109,44.1410116],[-79.321664,44.1449076],[-79.322217,44.1483038],[-79.3238665,44.158258],[-79.3247177,44.163497],[-79.3247724,44.1641589],[-79.324535,44.1653406],[-79.324096,44.1662562],[-79.3233119,44.1675712],[-79.321367,44.1706567],[-79.3202351,44.172456],[-79.3199149,44.172965],[-79.315269,44.1803492],[-79.3151909,44.1804749],[-79.3120058,44.1855346],[-79.3112266,44.1868137],[-79.3098315,44.1890686],[-79.3093552,44.1898551],[-79.3092382,44.1900484],[-79.3090634,44.1903301],[-79.3086378,44.191076],[-79.3063099,44.1947202],[-79.3049904,44.1968478],[-79.3040908,44.1983495],[-79.3038714,44.1987616],[-79.3036637,44.1992441],[-79.3035437,44.1996363],[-79.3034594,44.199991],[-79.3033307,44.2006678],[-79.3031567,44.2018869],[-79.303091,44.202195],[-79.3029652,44.2025275],[-79.3028535,44.2027939],[-79.3027664,44.2029906],[-79.3026712,44.2031716],[-79.3025021,44.2034319],[-79.3021739,44.2038976],[-79.3020069,44.2040954],[-79.3019553,44.2041566],[-79.3000235,44.2064456],[-79.2954616,44.211983],[-79.2938414,44.2138778],[-79.291954,44.2161384],[-79.2912007,44.217326],[-79.2907765,44.2185342],[-79.2905911,44.2199127],[-79.2892387,44.2322294],[-79.288911,44.2352252],[-79.2880346,44.2432107],[-79.2878941,44.2446391],[-79.2877818,44.245347],[-79.287626,44.2460096],[-79.2872866,44.2469644],[-79.286851,44.2478594],[-79.2855039,44.2497095],[-79.2846218,44.2505548],[-79.2835097,44.2514732],[-79.2736015,44.2590476],[-79.2732024,44.2593511],[-79.2658776,44.2650081],[-79.2446573,44.2812661],[-79.2402982,44.284589],[-79.2230026,44.2977739],[-79.2206249,44.2996318],[-79.2189978,44.3008977],[-79.2147737,44.3041202],[-79.2062911,44.3106387],[-79.2055671,44.3112974],[-79.2051046,44.3117601],[-79.2041475,44.3129671],[-79.2037869,44.3134627],[-79.2032012,44.3147628],[-79.2031814,44.3147992],[-79.2031559,44.3148462],[-79.2031422,44.3148877],[-79.202946,44.3154797],[-79.20266,44.3176041],[-79.2026362,44.3179597],[-79.2009656,44.3343886],[-79.2004816,44.3391125],[-79.2002604,44.3404213],[-79.1997937,44.342016],[-79.1963776,44.3488842],[-79.1952499,44.3509108],[-79.1951363,44.3511619],[-79.192445,44.3562864],[-79.1868053,44.3670806],[-79.1846471,44.3711942],[-79.1828132,44.3746524],[-79.1810994,44.377884],[-79.1751986,44.3893058],[-79.1737502,44.3919988],[-79.1731094,44.3932324],[-79.172441,44.3945286],[-79.1704607,44.3984972],[-79.169551,44.4018164],[-79.1656221,44.4138874],[-79.1648942,44.4160555],[-79.1603923,44.4297541],[-79.1602018,44.4304218],[-79.1600021,44.4308957],[-79.1598827,44.4312961],[-79.1592612,44.4332446],[-79.1587608,44.4349603],[-79.1582917,44.4374417],[-79.1576081,44.4433879],[-79.1575837,44.4435845],[-79.1572593,44.4459948],[-79.1572276,44.4462544],[-79.1567733,44.4496025],[-79.1557882,44.4558841],[-79.1558307,44.4573109],[-79.1562159,44.4615979],[-79.1563161,44.462446],[-79.1564096,44.4632377],[-79.1565143,44.4638362],[-79.1566504,44.4642806],[-79.1573705,44.4660756],[-79.1584617,44.4686763],[-79.1586035,44.4690685],[-79.1592928,44.4708525],[-79.1605567,44.4740001],[-79.1606822,44.4743622],[-79.16076,44.4745621],[-79.1618576,44.4773944],[-79.1619541,44.4776494],[-79.1646619,44.4846559],[-79.1650839,44.4861399],[-79.1651383,44.4864192],[-79.165164,44.4867487],[-79.1651648,44.4871352],[-79.1651397,44.4874743],[-79.1651007,44.4878144],[-79.1646403,44.489433],[-79.1639729,44.4906316],[-79.1635273,44.491206],[-79.1584062,44.4959184],[-79.157738,44.496689],[-79.1572682,44.4974357],[-79.1569023,44.4980716],[-79.1563329,44.4997837],[-79.156261,44.5],[-79.1559349,44.5010962],[-79.1543936,44.5062774],[-79.1543215,44.5068379],[-79.1544039,44.5081094],[-79.1557457,44.5131189],[-79.1580195,44.5212416],[-79.1582041,44.5219539],[-79.1584667,44.5227171],[-79.1586544,44.5232146],[-79.1588285,44.5235842],[-79.1590481,44.5239539],[-79.1594288,44.5245076],[-79.1597115,44.5248427],[-79.1600464,44.5251964],[-79.1703602,44.5354416],[-79.1722294,44.5373111],[-79.1726797,44.5377536],[-79.1745604,44.5396013],[-79.1808837,44.5458927],[-79.182308,44.5478288],[-79.1849647,44.5539386],[-79.1862717,44.5570866],[-79.1917584,44.5701074],[-79.1919237,44.5704996],[-79.1934618,44.5741799],[-79.1967436,44.5819373],[-79.201874,44.5941602],[-79.2064945,44.6050601],[-79.207815,44.6081567],[-79.2082616,44.6092052],[-79.2092491,44.6108776],[-79.2149021,44.6162119],[-79.2155884,44.616846],[-79.2201312,44.6210426],[-79.226459,44.6268878],[-79.2354783,44.6351574],[-79.2373737,44.6366838],[-79.2386274,44.6374294],[-79.2396058,44.638016],[-79.2421116,44.639188],[-79.2579242,44.6451111],[-79.2598745,44.6458363],[-79.2635236,44.6472047],[-79.2652815,44.6481136],[-79.2662653,44.6490468],[-79.2710335,44.6551519],[-79.2710472,44.6551694],[-79.2720883,44.6564985],[-79.2729152,44.6578405],[-79.2730925,44.6587103],[-79.2730782,44.6593999],[-79.2724952,44.6634296],[-79.2725571,44.664734],[-79.2728308,44.6654754],[-79.273912,44.6672702],[-79.2739324,44.6673041],[-79.2776617,44.673504],[-79.2812486,44.678485],[-79.2871956,44.6867594],[-79.2919666,44.693237],[-79.2956469,44.6982427],[-79.3036888,44.709179],[-79.307452,44.7144297],[-79.3081467,44.715399],[-79.313964,44.7242127],[-79.3141317,44.724425],[-79.3147449,44.7253508],[-79.3220609,44.7364556],[-79.3241139,44.7395222],[-79.3243612,44.7398319],[-79.3247504,44.7402585],[-79.3250726,44.7405273],[-79.3252464,44.7406531],[-79.3254829,44.7408009],[-79.325863,44.740983],[-79.3266094,44.7412863],[-79.3275845,44.7416813],[-79.3279038,44.7418003],[-79.3288902,44.7421717],[-79.3301524,44.7426338],[-79.3303904,44.7427223],[-79.3307281,44.742857],[-79.3317918,44.7432465],[-79.3318755,44.7432743],[-79.3323221,44.7434364],[-79.3325302,44.7435157],[-79.3327062,44.7436042],[-79.3330645,44.7437903],[-79.3334657,44.7440492],[-79.3338261,44.7443191],[-79.3340476,44.7445585],[-79.3342237,44.7448169],[-79.3343725,44.7451666],[-79.3344559,44.7454329],[-79.3345223,44.7457206],[-79.3345499,44.7465126],[-79.3345509,44.7468403],[-79.3345692,44.7471008],[-79.3345605,44.747377],[-79.3345686,44.7475291],[-79.3345996,44.747674],[-79.3347367,44.7481415],[-79.3348222,44.7483035],[-79.3349039,44.7484479],[-79.3349968,44.7485933],[-79.3351005,44.7487265],[-79.3351465,44.7487818],[-79.3351924,44.7488371],[-79.3354015,44.7490685],[-79.3356034,44.7492265],[-79.3358919,44.749425],[-79.3361015,44.7495294],[-79.3363318,44.7496266],[-79.3369916,44.7498829],[-79.3373268,44.7500358],[-79.3382031,44.7504179],[-79.3393013,44.7508967],[-79.3399915,44.7513411],[-79.3402765,44.7515548],[-79.3411992,44.7522077],[-79.342591,44.7531021],[-79.3427675,44.753211],[-79.3437905,44.7539546],[-79.3445835,44.75468],[-79.3450799,44.7551344],[-79.3460006,44.7559356],[-79.3460262,44.7559564],[-79.3467303,44.7565272],[-79.3498306,44.7585394],[-79.3507559,44.7591422],[-79.3563805,44.762808],[-79.3583429,44.7639514],[-79.3603267,44.7648891],[-79.3634292,44.7660631],[-79.3716786,44.7691337],[-79.3752996,44.7704064],[-79.3792482,44.7715395],[-79.3912701,44.7738945],[-79.3914024,44.7739181],[-79.3928583,44.7742143],[-79.3938057,44.7745381],[-79.3947019,44.7750076],[-79.3954747,44.7756828],[-79.396158,44.7772829],[-79.3962277,44.7774877],[-79.3974316,44.781024],[-79.3978969,44.7824514],[-79.3994399,44.7870103],[-79.3995568,44.7873444],[-79.3997564,44.7878695],[-79.3998454,44.7880655],[-79.4001629,44.7886302],[-79.4004066,44.7890079],[-79.4007613,44.7894591],[-79.4012439,44.7900152],[-79.4037992,44.792617],[-79.4038689,44.7926926],[-79.4050397,44.7939626],[-79.405949,44.7948628],[-79.4063724,44.7953106],[-79.406703,44.7955538],[-79.4076058,44.7960425],[-79.4081565,44.796259],[-79.408909,44.7964112],[-79.4089532,44.796418],[-79.4100015,44.7965785],[-79.4116387,44.7966515],[-79.4153799,44.7964524],[-79.4162182,44.7965747],[-79.4179282,44.7968243],[-79.4229375,44.797588],[-79.4252341,44.7983336],[-79.4289095,44.8001077],[-79.4313843,44.8019504],[-79.4321911,44.8024217],[-79.4330943,44.8028009],[-79.4455489,44.805406],[-79.4472622,44.8060291],[-79.4478615,44.8063632],[-79.4492079,44.8074493],[-79.4513412,44.809941],[-79.4522418,44.81062],[-79.4652321,44.8184989],[-79.466853,44.8192417],[-79.4701997,44.8203178],[-79.4707059,44.8206283],[-79.4714111,44.8210608],[-79.473223,44.8227207],[-79.4882051,44.8304475],[-79.4896281,44.8312823],[-79.4903489,44.8318561],[-79.4908921,44.8324987],[-79.4913754,44.8333492],[-79.4915812,44.833932],[-79.4919312,44.8361158],[-79.4921219,44.8367051],[-79.4924934,44.83729],[-79.49294,44.8377333],[-79.4936875,44.8382285],[-79.4960163,44.8397712],[-79.5,44.8431815],[-79.500497,44.8435782],[-79.500672,44.8437367],[-79.5016951,44.8446553],[-79.502142,44.8452079],[-79.5026014,44.8459812],[-79.5028166,44.8466476],[-79.5029293,44.8472777],[-79.5028712,44.8484331],[-79.5023217,44.84959],[-79.5019582,44.8501906],[-79.5,44.853223],[-79.4983255,44.8559076],[-79.4975212,44.8578419],[-79.497165,44.859227],[-79.4969906,44.8611542],[-79.4968145,44.8695587],[-79.4967457,44.8728419],[-79.4950112,44.8793391],[-79.4949174,44.8797702],[-79.4945894,44.8812775],[-79.4950891,44.8913855],[-79.4954048,44.8943289],[-79.4956595,44.8951027],[-79.4967545,44.8968812],[-79.4968443,44.8969773],[-79.5,44.900356],[-79.5014726,44.9020054],[-79.501872,44.9026226],[-79.5020858,44.9034665],[-79.502157,44.9054476],[-79.5022438,44.9078623],[-79.5024795,44.9161299],[-79.5030684,44.9179648],[-79.503365,44.9184363],[-79.5042965,44.9194753],[-79.50572,44.920501],[-79.5076735,44.9214224],[-79.5128193,44.9238495],[-79.5142882,44.9247828],[-79.5168686,44.9274518],[-79.5194544,44.9302915],[-79.520288,44.9312069],[-79.5338366,44.946063],[-79.5340681,44.9463168],[-79.5350943,44.9473084],[-79.5359899,44.9479763],[-79.5422207,44.9514795],[-79.5427166,44.9517844],[-79.5477492,44.9563688],[-79.5554094,44.9614787],[-79.5559398,44.9620547],[-79.5569355,44.963651],[-79.5587732,44.9678367],[-79.5592579,44.9692064],[-79.559548,44.9711705],[-79.5598219,44.9717834],[-79.5606765,44.9726078],[-79.5622631,44.9736083],[-79.567186,44.9766122],[-79.568186,44.977462],[-79.5686175,44.9780362],[-79.5690124,44.9788097],[-79.5706599,44.9834355],[-79.5710215,44.9840182],[-79.5720132,44.9850032],[-79.5735277,44.9861366],[-79.574701,44.9870147],[-79.5752489,44.9881312],[-79.5752579,44.9889892],[-79.5746388,44.9899919],[-79.5736552,44.9905961],[-79.5726216,44.9910917],[-79.5721717,44.9913437],[-79.5717698,44.9916292],[-79.5714271,44.9919463],[-79.5711431,44.9923195],[-79.5707742,44.9932163],[-79.5705103,44.9940856],[-79.5702746,44.9948693],[-79.5701219,44.9953664],[-79.5699478,44.9959027],[-79.5697429,44.9966768],[-79.5695278,44.9975072],[-79.5693567,44.9980423],[-79.5691954,44.9985942],[-79.569068,44.9989841],[-79.5690139,44.9992375],[-79.5689864,44.999405],[-79.5689614,44.9995832],[-79.5689506,44.999757],[-79.5689549,44.9999305],[-79.5690205,45.000272],[-79.5691021,45.0004989],[-79.5692007,45.0007139],[-79.5693526,45.0009406],[-79.5698839,45.0016688],[-79.570588,45.0026716],[-79.5709628,45.0031402],[-79.5715262,45.0039171],[-79.5718556,45.0043172],[-79.5722203,45.004695],[-79.5724642,45.0048926],[-79.5728428,45.0051552],[-79.5732635,45.0054004],[-79.5734345,45.0054853],[-79.573703,45.0056006],[-79.5746457,45.0059837],[-79.5762099,45.0066033],[-79.5777672,45.0072411],[-79.5781405,45.0074121],[-79.5798612,45.0082336],[-79.5816161,45.0090791],[-79.5824768,45.0094866],[-79.5832923,45.0098245],[-79.5838797,45.009993],[-79.5863453,45.0106754],[-79.5870164,45.0109597],[-79.5876086,45.0112456],[-79.5886004,45.0118821],[-79.5898498,45.0126888],[-79.590377,45.0129559],[-79.5908054,45.0131195],[-79.5925237,45.0135713],[-79.5930242,45.0137169],[-79.5934337,45.0138659],[-79.5943842,45.0143246],[-79.5952637,45.014784],[-79.5962328,45.0152788],[-79.5966601,45.015499],[-79.5970826,45.0157614],[-79.5978635,45.0162896],[-79.5986717,45.0168596],[-79.5991198,45.01718],[-79.5994942,45.0175025],[-79.5998109,45.0178791],[-79.6000764,45.018263],[-79.6005734,45.0189861],[-79.6008594,45.0193086],[-79.6012349,45.0196388],[-79.6017377,45.0199475],[-79.6023267,45.0202375],[-79.6037072,45.0208427],[-79.604623,45.021324],[-79.6068236,45.0226614],[-79.6072733,45.0229098],[-79.6075474,45.0230337],[-79.6078555,45.0231552],[-79.6084518,45.0233396],[-79.6089194,45.0234608],[-79.6093602,45.0235426],[-79.610962,45.0239426],[-79.6115271,45.0241418],[-79.6120543,45.0243866],[-79.6123629,45.0245436],[-79.6127238,45.0247963],[-79.6129995,45.0249924],[-79.6132498,45.0252282],[-79.6141738,45.026126],[-79.6147091,45.0266332],[-79.6152448,45.0271519],[-79.6154709,45.0273806],[-79.6161445,45.0281589],[-79.6165462,45.0285607],[-79.6170145,45.0289266],[-79.6177573,45.0293551],[-79.6183351,45.0296307],[-79.6197104,45.0302148],[-79.6233397,45.0325744],[-79.6237293,45.0328199],[-79.6241103,45.033016],[-79.6244339,45.0331746],[-79.6247494,45.0333232],[-79.625258,45.033502],[-79.626588,45.0339086],[-79.6271129,45.0341315],[-79.6274764,45.0343045],[-79.6282379,45.0347901],[-79.6288199,45.0353071],[-79.6296493,45.0361023],[-79.6317836,45.0376104],[-79.6326202,45.038244],[-79.6331212,45.0386748],[-79.6335545,45.0391012],[-79.6340548,45.0395689],[-79.6344915,45.0400189],[-79.6352703,45.0406814],[-79.6360662,45.0413254],[-79.6374308,45.042042],[-79.6387857,45.0427643],[-79.6392137,45.0429962],[-79.6396325,45.0432346],[-79.6400772,45.043556],[-79.6402815,45.043756],[-79.6404476,45.0440074],[-79.6405704,45.0442631],[-79.6406564,45.0445276],[-79.6407546,45.044792],[-79.6409557,45.0452546],[-79.6411691,45.0456474],[-79.6413223,45.0458187],[-79.6414816,45.0459965],[-79.6416348,45.0461699],[-79.6418249,45.0463303],[-79.6424996,45.0468708],[-79.6426965,45.0470281],[-79.6459906,45.04966],[-79.6467416,45.0502129],[-79.6475633,45.0507308],[-79.6480322,45.0510531],[-79.6486818,45.051611],[-79.649129,45.0520548],[-79.649312,45.0522638],[-79.6495011,45.0524727],[-79.6499347,45.052998],[-79.6510078,45.0542844],[-79.6515312,45.0548833],[-79.6519355,45.0553135],[-79.6523551,45.0557158],[-79.6538734,45.0571413],[-79.6543429,45.0575392],[-79.6549342,45.0578928],[-79.6554376,45.0581092],[-79.6559926,45.0582907],[-79.656603,45.058415],[-79.6572549,45.0584926],[-79.6580893,45.058501],[-79.6625907,45.058312],[-79.6631477,45.0583238],[-79.6637047,45.0583617],[-79.6652883,45.0584904],[-79.6682987,45.0587459],[-79.6692066,45.0588322],[-79.6694906,45.0588673],[-79.6697808,45.0589046],[-79.6700525,45.0589636],[-79.6703181,45.0590357],[-79.6709736,45.059249],[-79.672013,45.0596354],[-79.6738925,45.0603465],[-79.6744158,45.0605629],[-79.6748899,45.060788],[-79.6754148,45.061051],[-79.6771782,45.0621921],[-79.6787129,45.0632496],[-79.6803046,45.0643307],[-79.6839113,45.0667898],[-79.684283,45.0670328],[-79.6865114,45.0685635],[-79.6876301,45.0693418],[-79.6878964,45.0695098],[-79.6881948,45.0696779],[-79.6888722,45.0700215],[-79.6912709,45.0711114],[-79.6930222,45.071931],[-79.6938283,45.0722988],[-79.6945504,45.0727524],[-79.6948531,45.0730054],[-79.6950343,45.0732584],[-79.6954101,45.07368],[-79.6956645,45.0741346],[-79.6959274,45.0748681],[-79.6963056,45.0763903],[-79.6967398,45.0779916],[-79.6969741,45.0787797],[-79.6972364,45.0795118],[-79.6976762,45.0802307],[-79.6980693,45.0809496],[-79.6982065,45.0812715],[-79.6982969,45.0815933],[-79.6982806,45.0823535],[-79.6982596,45.0830972],[-79.6983616,45.0834855],[-79.6985476,45.0838145],[-79.6990209,45.0844083],[-79.6994156,45.084684],[-79.6998851,45.08492],[-79.703901,45.086344],[-79.7051617,45.0868318],[-79.705736,45.0871153],[-79.7062169,45.0874119],[-79.7069538,45.0880286],[-79.707672,45.0886584],[-79.708407,45.0894097],[-79.7086283,45.0898357],[-79.7087935,45.0902486],[-79.7092347,45.092574],[-79.709361,45.0931871],[-79.709621,45.0937918],[-79.7100842,45.0944152],[-79.7104482,45.0947624],[-79.7108617,45.0951212],[-79.7121273,45.0958228],[-79.7129731,45.0962921],[-79.713395,45.0966932],[-79.7136736,45.0970719],[-79.7138184,45.0974041],[-79.7138698,45.0976603],[-79.7138699,45.0980141],[-79.7137919,45.098596],[-79.7132748,45.1005021],[-79.713189,45.1008374],[-79.7132049,45.1011551],[-79.7133721,45.1016855],[-79.7135438,45.10194],[-79.7137123,45.1021716],[-79.7140787,45.1025245],[-79.7145175,45.10284],[-79.7155588,45.1034117],[-79.7166165,45.1039813],[-79.7173274,45.1042988],[-79.7180005,45.1045485],[-79.7215516,45.1058669],[-79.7222417,45.1061894],[-79.7227877,45.1065142],[-79.7230693,45.1067324],[-79.7232875,45.1069312],[-79.7235707,45.1072607],[-79.7237195,45.1075497],[-79.7241065,45.108189],[-79.7244902,45.1088088],[-79.7249135,45.1092191],[-79.7254386,45.1095924],[-79.7259094,45.1098202],[-79.7263564,45.1099858],[-79.7271045,45.1102225],[-79.7278531,45.1103776],[-79.7287117,45.1105812],[-79.7292492,45.1107416],[-79.7302433,45.1111241],[-79.7309937,45.111525],[-79.7316719,45.1119869],[-79.73218,45.1124188],[-79.7337216,45.1140778],[-79.7343031,45.1145914],[-79.7349108,45.1150139],[-79.7357285,45.1153507],[-79.7361306,45.1155835],[-79.7364549,45.11581],[-79.7368377,45.116155],[-79.7370913,45.1164445],[-79.7373674,45.117061],[-79.7374256,45.1172841],[-79.7374795,45.1176832],[-79.7377556,45.1201567],[-79.7379581,45.1214091],[-79.7379969,45.1220235],[-79.7381034,45.1226143],[-79.7382021,45.1230899],[-79.7383403,45.1235514],[-79.738607,45.1241896],[-79.7387678,45.1244948],[-79.738962,45.1247877],[-79.7392587,45.1251698],[-79.739536,45.1254946],[-79.740216,45.1261547],[-79.7419867,45.1278283],[-79.7424478,45.1283003],[-79.7429002,45.1289531],[-79.7430575,45.1291418],[-79.7439404,45.1303079],[-79.7444707,45.1309991],[-79.744962,45.1316872],[-79.7460082,45.1330591],[-79.7465201,45.1337794],[-79.7468888,45.1344921],[-79.7479514,45.1369101],[-79.7493273,45.1401836],[-79.7498296,45.1412322],[-79.7500467,45.1415303],[-79.7502998,45.1418081],[-79.7505567,45.1420197],[-79.7508658,45.1422605],[-79.7521392,45.1430486],[-79.752758,45.143489],[-79.7532476,45.1439113],[-79.7534877,45.144161],[-79.7535519,45.1442278],[-79.7538331,45.1445591],[-79.7541119,45.144969],[-79.7542835,45.145382],[-79.754551,45.1466595],[-79.7547656,45.1472017],[-79.7550284,45.1475359],[-79.7553305,45.1478472],[-79.7556612,45.1480795],[-79.7559584,45.1482662],[-79.7564992,45.1485826],[-79.7569325,45.1488883],[-79.7573122,45.1492696],[-79.7576252,45.1496133],[-79.758037,45.1501379],[-79.7583276,45.1505793],[-79.7585893,45.1510737],[-79.7587625,45.1515054],[-79.7588865,45.1518945],[-79.7589106,45.1522397],[-79.7590169,45.1536809],[-79.7591072,45.1550886],[-79.7593146,45.1573337],[-79.7596006,45.159047],[-79.7598414,45.1604418],[-79.7601713,45.1618324],[-79.7602422,45.16219],[-79.7603879,45.1625456],[-79.7605816,45.1628944],[-79.760807,45.1632209],[-79.7618606,45.1646656],[-79.7628897,45.1661058],[-79.7631204,45.1665664],[-79.7632991,45.1670251],[-79.7633491,45.1676625],[-79.763313,45.1679363],[-79.7632464,45.1681689],[-79.7630496,45.1688083],[-79.7630163,45.1691621],[-79.7630716,45.1695636],[-79.7632437,45.1700321],[-79.7635082,45.1704394],[-79.763851,45.170777],[-79.7642879,45.1710783],[-79.7647661,45.1713068],[-79.765501,45.1715864],[-79.7661361,45.1718718],[-79.7665981,45.1721687],[-79.7668931,45.1723743],[-79.767151,45.1725757],[-79.7676336,45.1729901],[-79.7687962,45.1737465],[-79.7692125,45.1739644],[-79.769918,45.174455],[-79.7701526,45.1746979],[-79.7703817,45.1749408],[-79.7706395,45.1753381],[-79.770819,45.1757587],[-79.7711192,45.1774683],[-79.7715525,45.1798185],[-79.771879,45.1806197],[-79.7724383,45.1811791],[-79.7729426,45.1816304],[-79.7742861,45.1827975],[-79.7749997,45.1834802],[-79.7754192,45.1838815],[-79.7758315,45.1843229],[-79.7767896,45.1853045],[-79.777108,45.1855699],[-79.7775435,45.1859551],[-79.7778754,45.1862465],[-79.7788267,45.187041],[-79.7813177,45.1891341],[-79.7815659,45.1894466],[-79.7818063,45.1898071],[-79.7822463,45.1905939],[-79.7824093,45.1908901],[-79.7826296,45.1912137],[-79.7828218,45.1914369],[-79.7831149,45.1917096],[-79.7832644,45.191835],[-79.7842294,45.1924945],[-79.7848353,45.192884],[-79.7855967,45.1933159],[-79.7862814,45.1936131],[-79.7871052,45.1939772],[-79.7875044,45.1941742],[-79.7877782,45.194371],[-79.7880898,45.1946059],[-79.7882938,45.1948068],[-79.7893162,45.1960067],[-79.7912321,45.1982377],[-79.7914733,45.1984151],[-79.791651,45.1986194],[-79.7923375,45.1994192],[-79.7928082,45.1999829],[-79.7932135,45.2006618],[-79.7935748,45.2016642],[-79.7939417,45.2026417],[-79.7941147,45.2030209],[-79.7943638,45.2033703],[-79.7947334,45.2037589],[-79.7951806,45.204136],[-79.7956371,45.2045082],[-79.7960347,45.2048782],[-79.796353,45.2053098],[-79.7966339,45.2057443],[-79.7983438,45.2083259],[-79.7988115,45.209063],[-79.7990826,45.2094123],[-79.7994117,45.2097333],[-79.8020307,45.2120872],[-79.8036658,45.2139241],[-79.8039802,45.2141933],[-79.8043792,45.2144637],[-79.8055198,45.2150035],[-79.8089589,45.216908],[-79.8098894,45.2173268],[-79.8109009,45.2177161],[-79.8125405,45.218344],[-79.814147,45.2189779],[-79.814613,45.2191511],[-79.8149511,45.2193164],[-79.8155276,45.2196613],[-79.8180008,45.2215287],[-79.8187254,45.2220685],[-79.8190278,45.2223513],[-79.8192614,45.2226256],[-79.8193869,45.2229016],[-79.8195657,45.2234335],[-79.8196083,45.2238915],[-79.8195384,45.2243415],[-79.8195116,45.22459],[-79.8195027,45.2248195],[-79.8194995,45.2250329],[-79.8195486,45.2252503],[-79.8197345,45.2257243],[-79.8198913,45.2259921],[-79.8200647,45.2262729],[-79.8212131,45.2278516],[-79.8216909,45.2286377],[-79.8221926,45.2294107],[-79.8241109,45.2325174],[-79.8244943,45.2329854],[-79.8250166,45.2334389],[-79.8255987,45.2338982],[-79.8269516,45.2347178],[-79.8277558,45.2351408],[-79.8284087,45.2355806],[-79.8294135,45.2365571],[-79.8295008,45.236657],[-79.8296894,45.2369027],[-79.83007,45.2375326],[-79.8309873,45.2399055],[-79.8315514,45.2416867],[-79.8319513,45.2424247],[-79.8326508,45.2433278],[-79.8332722,45.2440424],[-79.8343849,45.2454512],[-79.8347445,45.2458058],[-79.8349824,45.2461708],[-79.8351978,45.2465998],[-79.835373,45.2479779],[-79.8354381,45.2483129],[-79.8355422,45.2487023],[-79.8356024,45.2489105],[-79.8358105,45.2493963],[-79.8359912,45.249697],[-79.8361501,45.2499283],[-79.8363855,45.2502406],[-79.8366539,45.2505529],[-79.8369681,45.2508475],[-79.837364,45.2511775],[-79.8375687,45.2513221],[-79.8377955,45.2514738],[-79.8384272,45.251838],[-79.8390815,45.2522193],[-79.8399952,45.2527139],[-79.8408243,45.2531971],[-79.8411633,45.2534459],[-79.8414102,45.2536356],[-79.8415879,45.2538144],[-79.8417946,45.2540344],[-79.8420958,45.2544176],[-79.8422393,45.2546715],[-79.8423567,45.2548875],[-79.8424933,45.2552747],[-79.8425896,45.2556164],[-79.8427025,45.2563839],[-79.8428043,45.2571343],[-79.8432009,45.2601469],[-79.8433087,45.2608851],[-79.8433633,45.2616378],[-79.8428814,45.2662256],[-79.8425896,45.2689919],[-79.8421289,45.2731172],[-79.8421289,45.2734027],[-79.842158,45.2735571],[-79.8421973,45.273674],[-79.8422412,45.2738444],[-79.8423167,45.2740084],[-79.8425466,45.2743155],[-79.8427406,45.2745175],[-79.8429507,45.2747282],[-79.8433225,45.2750028],[-79.8437067,45.275185],[-79.8440803,45.2753128],[-79.8452097,45.2756648],[-79.846034,45.2759981],[-79.846594,45.2763413],[-79.8471552,45.2767959],[-79.8476587,45.2773643],[-79.850045,45.2801463],[-79.8503271,45.2804348],[-79.850626,45.2806871],[-79.8508828,45.2809139],[-79.851214,45.2811346],[-79.8515055,45.2813062],[-79.8518639,45.2815116],[-79.8522117,45.2816858],[-79.8525363,45.2818279],[-79.8529555,45.2819741],[-79.853629,45.2821863],[-79.8540969,45.2822946],[-79.8545329,45.2823833],[-79.8549143,45.2824328],[-79.8552153,45.282469],[-79.8556816,45.282509],[-79.8562981,45.2825144],[-79.8568389,45.2824907],[-79.8572115,45.282466],[-79.8576565,45.2824162],[-79.8580521,45.2823644],[-79.8583316,45.282327],[-79.858652,45.2822512],[-79.8606051,45.281628],[-79.864741,45.2803025],[-79.8654727,45.2801056],[-79.8660327,45.2800258],[-79.8663565,45.280007],[-79.8667014,45.2800247],[-79.8680097,45.2802079],[-79.8687768,45.2803195],[-79.8691029,45.2803639],[-79.8696909,45.280444],[-79.8705311,45.2805713],[-79.8713078,45.2807147],[-79.8718389,45.280863],[-79.8722188,45.2810277],[-79.8737739,45.2818826],[-79.8743621,45.2821538],[-79.8750572,45.2823642],[-79.8751907,45.2824144],[-79.8779461,45.2833531],[-79.8793048,45.2840291],[-79.8806796,45.2845624],[-79.8812789,45.2848359],[-79.8818349,45.285196],[-79.8822707,45.2855939],[-79.8825983,45.2860037],[-79.8828966,45.2864143],[-79.8832228,45.2868104],[-79.8835941,45.2871963],[-79.8838794,45.2873825],[-79.884175,45.2875438],[-79.8851678,45.2879525],[-79.8860878,45.2882519],[-79.8868122,45.2885287],[-79.8874098,45.2888312],[-79.887931,45.2891333],[-79.8884014,45.2895514],[-79.8887994,45.2899786],[-79.8890961,45.290461],[-79.8893198,45.2909167],[-79.8895012,45.2914054],[-79.8896591,45.2918921],[-79.8898507,45.2923962],[-79.890109,45.2928983],[-79.8903855,45.2933071],[-79.8906653,45.2936237],[-79.8908039,45.2937786],[-79.8909693,45.2939249],[-79.8912827,45.2941904],[-79.8916575,45.2944239],[-79.89208,45.294637],[-79.8922951,45.294728],[-79.8925061,45.2948007],[-79.8926436,45.2948466],[-79.892761,45.2948827],[-79.89355,45.2950829],[-79.8944421,45.2952393],[-79.8962457,45.2955778],[-79.8975404,45.2958205],[-79.9005346,45.2963442],[-79.9009048,45.2963638],[-79.9012527,45.2963594],[-79.9028651,45.2963047],[-79.9035089,45.2963265],[-79.904132,45.2964218],[-79.904733,45.2965656],[-79.9052966,45.296747],[-79.9057477,45.296971],[-79.906135,45.2972015],[-79.906563,45.2975549],[-79.9068574,45.2978743],[-79.9072965,45.2985097],[-79.9075898,45.2988822],[-79.9078375,45.2991724],[-79.9080747,45.2994503],[-79.9084,45.2997814],[-79.908804,45.3000778],[-79.9092559,45.3003375],[-79.9096734,45.300511],[-79.9101093,45.300648],[-79.9105038,45.3007513],[-79.9108905,45.3008154],[-79.9112821,45.3008553],[-79.9116761,45.3008607],[-79.9129827,45.3008386],[-79.9131179,45.3008327],[-79.9135908,45.3008053],[-79.9149102,45.3007496],[-79.9153757,45.3007323],[-79.9158461,45.3007496],[-79.916287,45.3008154],[-79.9167123,45.3009196],[-79.9170456,45.3010268],[-79.9173535,45.3011515],[-79.9176416,45.3013144],[-79.9178785,45.3014747],[-79.9188091,45.3023608],[-79.9190628,45.3025686],[-79.9193633,45.3027627],[-79.9202256,45.3032481],[-79.9217696,45.3040501],[-79.9227076,45.3044891],[-79.9234716,45.3048034],[-79.9237967,45.3049125],[-79.9241366,45.3050061],[-79.9246921,45.3051248],[-79.9253361,45.3051966],[-79.9259346,45.3052278],[-79.9265824,45.3052399],[-79.9272113,45.3052299],[-79.9284811,45.3052319],[-79.9303903,45.3052445],[-79.9309666,45.3052451],[-79.9315035,45.3052399],[-79.9320897,45.3052105],[-79.9326314,45.3051515],[-79.9333458,45.3050026],[-79.9339961,45.3047913],[-79.9345576,45.3045487],[-79.9350756,45.3042578],[-79.9358867,45.3036517],[-79.9370258,45.302767],[-79.9377817,45.3021148],[-79.938441,45.3015882],[-79.9391051,45.3011821],[-79.9403309,45.3007249],[-79.9410967,45.3005628],[-79.9415526,45.3005071],[-79.9419713,45.3004689],[-79.9423753,45.3004447],[-79.9428087,45.3004412],[-79.9442688,45.3006458],[-79.9453432,45.3008137],[-79.9464467,45.3009321],[-79.9474072,45.3010372],[-79.9483518,45.3012107],[-79.9486904,45.3012988],[-79.9489786,45.3013733],[-79.9492939,45.3014963],[-79.9497003,45.3016782],[-79.9500599,45.3018618],[-79.9511633,45.3025738],[-79.9523529,45.3033136],[-79.9528991,45.3035441],[-79.9547039,45.3042598],[-79.9558627,45.3046856],[-79.9580706,45.3054931],[-79.9582597,45.3055765],[-79.9592105,45.3060365],[-79.9602272,45.3066206],[-79.9612994,45.3073525],[-79.9614954,45.3074867],[-79.9616835,45.3076155],[-79.9623603,45.3079829],[-79.9629394,45.3082158],[-79.9635385,45.308367],[-79.9639337,45.3084277],[-79.9642385,45.3084689],[-79.9645389,45.3084859],[-79.96483,45.3084906],[-79.965151,45.3084767],[-79.9654954,45.3084536],[-79.9661933,45.3083604],[-79.9678992,45.3081146],[-79.9703128,45.3077743],[-79.9711704,45.3077448],[-79.971562,45.3077569],[-79.9720176,45.3077964],[-79.9727566,45.3079267],[-79.9734684,45.3080774],[-79.9749197,45.3083165],[-79.9754026,45.3083646],[-79.9758756,45.3083993],[-79.9764079,45.3083824],[-79.9767621,45.3083846],[-79.9770999,45.3083552],[-79.9776616,45.3083022],[-79.9778261,45.3082831],[-79.9779852,45.3082647],[-79.9792073,45.3080751],[-79.9802641,45.3080151],[-79.9812483,45.3081095],[-79.982124,45.3083379],[-79.9829602,45.3087237],[-79.983784,45.3091703],[-79.9878098,45.3115574],[-79.9885025,45.3120813],[-79.9890194,45.3125808],[-79.9893367,45.3129864],[-79.989562,45.3134086],[-79.9898449,45.3144236],[-79.9900376,45.3153518],[-79.9902692,45.3165549],[-79.9904017,45.3172276],[-79.9905011,45.317776],[-79.9905306,45.3179671],[-79.9905575,45.318179],[-79.990578,45.3185042],[-79.9905896,45.3189325],[-79.9905919,45.319209],[-79.9906157,45.3195116],[-79.9906551,45.3198235],[-79.9906861,45.3201329],[-79.9906874,45.3204056],[-79.9907109,45.3207178],[-79.9907402,45.3209377],[-79.9907846,45.3211361],[-79.9908394,45.3213191],[-79.9908998,45.3214849],[-79.9909706,45.3216543],[-79.9910521,45.3218209],[-79.9911451,45.3219757],[-79.9912426,45.3221276],[-79.9913732,45.3223065],[-79.9915065,45.3224711],[-79.9916806,45.3226551],[-79.9918467,45.3228182],[-79.9920187,45.3229683],[-79.9921887,45.3231023],[-79.9923789,45.3232391],[-79.992579,45.3233705],[-79.9928045,45.3235049],[-79.9930138,45.3236118],[-79.9932715,45.3237333],[-79.9940841,45.3240724],[-80,45.3265015],[-80.0069384,45.3293502],[-80.0086343,45.3300502],[-80.0131297,45.3318926],[-80.0153658,45.3328093],[-80.0159842,45.3330669],[-80.0166236,45.333341],[-80.0171351,45.3335662],[-80.0176485,45.3338052],[-80.0182032,45.334066],[-80.0239843,45.3368157],[-80.0245516,45.3370711],[-80.0299467,45.3395849],[-80.0354246,45.3421692],[-80.035815,45.3423788],[-80.0360919,45.3425483],[-80.0363184,45.342703],[-80.0365519,45.3428816],[-80.0367628,45.3430573],[-80.0369337,45.3432289],[-80.0371236,45.3434403],[-80.0372677,45.3436222],[-80.0373859,45.3437923],[-80.0375062,45.3439903],[-80.0376097,45.3441677],[-80.0376967,45.3443755],[-80.0377703,45.3445832],[-80.0378244,45.3447753],[-80.037866,45.3449771],[-80.037887,45.3451889],[-80.0379003,45.3455208],[-80.0379061,45.3459222],[-80.0379044,45.3463704],[-80.0378969,45.3466752],[-80.0378925,45.3472176],[-80.0378897,45.3476213],[-80.0379022,45.3479046],[-80.0379179,45.3481352],[-80.0379572,45.3484043],[-80.0380021,45.3486451],[-80.0380644,45.3488822],[-80.0381391,45.3491192],[-80.0382338,45.3493708],[-80.0383305,45.3495965],[-80.0384392,45.3498073],[-80.0385753,45.3500432],[-80.0386917,45.3502295],[-80.0388425,45.3504499],[-80.0389891,45.3506505],[-80.0391411,45.3508406],[-80.0392734,45.3509943],[-80.0394194,45.3511441],[-80.0395835,45.3513053],[-80.0397587,45.3514739],[-80.0399351,45.3516304],[-80.040088,45.3517575],[-80.0402682,45.351898],[-80.0404704,45.352043],[-80.0406903,45.3521966],[-80.0409023,45.3523364],[-80.041147,45.3524855],[-80.0413554,45.3526019],[-80.0414387,45.3526489],[-80.0414473,45.3526534],[-80.0417307,45.3528029],[-80.0420771,45.3529823],[-80.0435842,45.3537596],[-80.045731,45.3548689],[-80.0494071,45.3567638],[-80.0525367,45.3583883],[-80.0534227,45.3588494],[-80.0541758,45.3592393],[-80.0546479,45.3594953],[-80.0550619,45.3597473],[-80.0554217,45.3600089],[-80.0557483,45.3602779],[-80.0560412,45.360564],[-80.0562344,45.360778],[-80.0564541,45.361048],[-80.0566504,45.3613267],[-80.0568149,45.3616064],[-80.0569545,45.3618897],[-80.0570721,45.3621601],[-80.0571657,45.362444],[-80.0572353,45.3627303],[-80.0572881,45.363015],[-80.0573202,45.3633191],[-80.0573288,45.3636463],[-80.0573256,45.3637698],[-80.0572982,45.3641984],[-80.0572581,45.3646447],[-80.0572146,45.3649761],[-80.0571559,45.3653533],[-80.057098,45.3656488],[-80.0570277,45.3659718],[-80.0569465,45.3662881],[-80.0568609,45.3665823],[-80.0567514,45.3669313],[-80.0566392,45.3672635],[-80.0564963,45.3676559],[-80.0564412,45.3677863],[-80.0563013,45.3681098],[-80.0561368,45.3684514],[-80.0544998,45.3715677],[-80.0541677,45.372265],[-80.053871,45.3729872],[-80.053728,45.3734052],[-80.0536164,45.3737715],[-80.0535095,45.3741583],[-80.0534011,45.3746418],[-80.0533167,45.3750707],[-80.0532427,45.3755947],[-80.0532252,45.3757539],[-80.0532115,45.3759183],[-80.0532062,45.3760739],[-80.0532044,45.3762332],[-80.0532156,45.3765189],[-80.0532622,45.3768045],[-80.0533683,45.3771549],[-80.0534945,45.377459],[-80.0536297,45.377714],[-80.0538344,45.3780161],[-80.0541029,45.3783671],[-80.0555939,45.380187],[-80.0566674,45.3814995],[-80.0571152,45.3820772],[-80.0572919,45.3823624],[-80.0574095,45.3825999],[-80.0575162,45.3828769],[-80.0575851,45.383095],[-80.0576457,45.3834072],[-80.0576666,45.3835876],[-80.0576814,45.3838416],[-80.0576655,45.3840679],[-80.0576311,45.3842986],[-80.0575995,45.3844643],[-80.0575525,45.3846213],[-80.0574208,45.3849688],[-80.0572661,45.3852946],[-80.0569489,45.3859657],[-80.0567589,45.386455],[-80.0566878,45.3867694],[-80.0566598,45.3870228],[-80.0566496,45.3872567],[-80.0566613,45.3874725],[-80.0567842,45.3882142],[-80.056941,45.3890467],[-80.0569544,45.3891238],[-80.0571141,45.3899499],[-80.0576563,45.3928131],[-80.0577252,45.3931687],[-80.0577954,45.3934913],[-80.057885,45.3938147],[-80.0579768,45.3940927],[-80.0580795,45.3943695],[-80.0582066,45.3946815],[-80.0583272,45.3949593],[-80.0584693,45.3952508],[-80.0586295,45.395536],[-80.0587925,45.3958193],[-80.0589843,45.3961156],[-80.0591867,45.3964044],[-80.0593836,45.3966729],[-80.0596436,45.3969978],[-80.0598329,45.3972175],[-80.060085,45.3974915],[-80.0603279,45.3977399],[-80.0605406,45.3979403],[-80.0608171,45.3981918],[-80.0610986,45.3984306],[-80.0614037,45.3986763],[-80.0617688,45.3989479],[-80.0621613,45.3992273],[-80.0625833,45.3994951],[-80.0630002,45.39975],[-80.0634369,45.3999936],[-80.0639308,45.4002462],[-80.0644148,45.4004732],[-80.064902,45.4006844],[-80.0654827,45.4009135],[-80.066031,45.4011026],[-80.0665628,45.4012748],[-80.0670855,45.4014247],[-80.0676917,45.40158],[-80.0682193,45.4016954],[-80.068759,45.4018022],[-80.0693316,45.4018954],[-80.0700278,45.4019925],[-80.0723453,45.4023143],[-80.0730668,45.4024157],[-80.0735409,45.4024837],[-80.0739489,45.4025512],[-80.074337,45.4026282],[-80.0747418,45.4027256],[-80.0751922,45.4028545],[-80.0755676,45.4029765],[-80.0759741,45.403118],[-80.0768122,45.4034242],[-80.0775817,45.4037291],[-80.0782845,45.4040257],[-80.0789857,45.404338],[-80.0795753,45.4046188],[-80.0802498,45.4049541],[-80.0808125,45.405253],[-80.0813805,45.4055699],[-80.0819549,45.4059054],[-80.0824275,45.4061951],[-80.0829959,45.4065606],[-80.0836127,45.4069777],[-80.0845037,45.407596],[-80.0861283,45.4087253],[-80.0869317,45.4092829],[-80.0871846,45.4094594],[-80.0883048,45.410234],[-80.0897727,45.4112567],[-80.0919567,45.4127778],[-80.0926155,45.4132307],[-80.0937527,45.4140119],[-80.0969668,45.4162415],[-80.1004407,45.4186469],[-80.1005443,45.4187231],[-80.1016913,45.419529],[-80.1023199,45.4199783],[-80.1029518,45.420455],[-80.1036534,45.4210427],[-80.1043274,45.4216549],[-80.1056609,45.4228361],[-80.1066378,45.4237198],[-80.1093789,45.4261601],[-80.1107486,45.4273858],[-80.1110983,45.4276952],[-80.111418,45.427965],[-80.1116931,45.4282023],[-80.1119622,45.4284226],[-80.1122071,45.428615],[-80.1125455,45.4288639],[-80.1128545,45.4290758],[-80.1132348,45.4293218],[-80.1135782,45.4295346],[-80.1139728,45.4297515],[-80.1144232,45.4299861],[-80.1148712,45.4302073],[-80.1153422,45.430419],[-80.1157872,45.4306015],[-80.1162774,45.4307848],[-80.116792,45.4309642],[-80.11904,45.4316826],[-80.124922,45.4335556],[-80.1277399,45.4344589],[-80.1282791,45.4346252],[-80.1287456,45.4347673],[-80.1291236,45.4348693],[-80.1295071,45.4349598],[-80.1298661,45.4350315],[-80.130227,45.4350903],[-80.130601,45.4351386],[-80.1309639,45.4351794],[-80.1313365,45.4352043],[-80.1317179,45.4352219],[-80.1321169,45.4352273],[-80.1329228,45.4352345],[-80.1353426,45.4352372],[-80.1363663,45.4352356],[-80.136899,45.435246],[-80.1374649,45.4352808],[-80.1379505,45.4353283],[-80.1384499,45.4354005],[-80.1389568,45.4354957],[-80.1395614,45.4356372],[-80.1419483,45.436243],[-80.147108,45.4375629],[-80.1497051,45.4382245],[-80.1502688,45.4383732],[-80.1508609,45.4385439],[-80.1514493,45.4387249],[-80.1520288,45.4389201],[-80.1525626,45.4391095],[-80.1531074,45.4393201],[-80.1536889,45.4395603],[-80.1542588,45.4398063],[-80.1547711,45.4400451],[-80.1553342,45.4403267],[-80.15587,45.4406116],[-80.1563955,45.4409057],[-80.1569515,45.4412362],[-80.1574712,45.4415669],[-80.1588598,45.442515],[-80.1609234,45.4439844],[-80.1622447,45.4449355],[-80.1627493,45.445301],[-80.163204,45.4456255],[-80.1636146,45.4459014],[-80.1640041,45.4461468],[-80.1644278,45.4463903],[-80.1648681,45.4466278],[-80.1653705,45.4468773],[-80.1658736,45.4471062],[-80.1688196,45.4484324],[-80.170594,45.4492302],[-80.172591,45.4501397],[-80.176018,45.4516923],[-80.1764662,45.4519172],[-80.176794,45.452107],[-80.1771051,45.4523111],[-80.1774043,45.4525277],[-80.1776804,45.4527491],[-80.1779733,45.4529964],[-80.1783257,45.4533019],[-80.1801466,45.4549066],[-80.1816337,45.4561979],[-80.1825029,45.4569874],[-80.1833499,45.4578155],[-80.184895,45.4593955],[-80.1896688,45.4642884],[-80.1900779,45.4647005],[-80.196072,45.4708447],[-80.201025,45.4759283],[-80.2043942,45.4793823],[-80.2048088,45.4797959],[-80.2051908,45.4801452],[-80.2055038,45.480405],[-80.205868,45.4806835],[-80.2061878,45.4809191],[-80.2065799,45.4811905],[-80.2070382,45.4814807],[-80.2075554,45.4817815],[-80.2081089,45.4820736],[-80.2085784,45.4822985],[-80.2090512,45.4825021],[-80.2095897,45.4827234],[-80.210155,45.4829379],[-80.2155511,45.4849742],[-80.2268788,45.4892371],[-80.2324935,45.4913521],[-80.2332345,45.4916369],[-80.2338778,45.4918669],[-80.2344364,45.4920555],[-80.2350018,45.4922355],[-80.2355739,45.4924024],[-80.2361229,45.4925522],[-80.2366737,45.4926847],[-80.2372052,45.4928082],[-80.2378112,45.4929366],[-80.2386222,45.4930835],[-80.2394265,45.4932117],[-80.2435076,45.4938455],[-80.2442554,45.4939688],[-80.2449838,45.494104],[-80.2457141,45.4942633],[-80.2463095,45.4944119],[-80.246901,45.4945762],[-80.2475358,45.4947721],[-80.2483122,45.4950465],[-80.2489528,45.4952911],[-80.2495779,45.4955597],[-80.2501198,45.4958077],[-80.2506163,45.4960558],[-80.2510934,45.4963089],[-80.2515045,45.4965468],[-80.2518975,45.4967861],[-80.2523456,45.4970821],[-80.254361,45.4984911],[-80.2555661,45.4993547],[-80.2567369,45.500167],[-80.2569705,45.5003315],[-80.2586871,45.5015234],[-80.2629757,45.5045395],[-80.273788,45.5121027],[-80.2765988,45.5140762],[-80.2768481,45.5142525],[-80.276942,45.5143189],[-80.2770409,45.5143863],[-80.2771914,45.5144888],[-80.2802302,45.5166055],[-80.2839505,45.5192127],[-80.2920514,45.5248942],[-80.2948088,45.5268137],[-80.2977617,45.5288887],[-80.3027725,45.5323911],[-80.3063042,45.5348664],[-80.3102569,45.5376139],[-80.3117235,45.5386607],[-80.3122842,45.5390743],[-80.3128704,45.5395296],[-80.3133206,45.5398902],[-80.3138553,45.5403325],[-80.3143436,45.5407581],[-80.3197448,45.545467],[-80.3216331,45.5471334],[-80.3219169,45.5473937],[-80.3221746,45.5476508],[-80.3224023,45.5478975],[-80.3226255,45.5481575],[-80.322842,45.5484454],[-80.3230828,45.5487838],[-80.3232554,45.5490672],[-80.3234322,45.5493968],[-80.3235889,45.5497308],[-80.3237348,45.550087],[-80.3242743,45.5519277],[-80.3243238,45.5520968],[-80.3244009,45.5523785],[-80.3252994,45.5555914],[-80.3256012,45.556676],[-80.3256997,45.5569994],[-80.3257922,45.5572645],[-80.3258958,45.5575232],[-80.3260211,45.5577698],[-80.3261608,45.5580112],[-80.3263501,45.5582879],[-80.3265058,45.5584894],[-80.3267046,45.558712],[-80.3269321,45.5589382],[-80.3271533,45.5591278],[-80.3274133,45.5593433],[-80.3276854,45.5595379],[-80.3279929,45.5597326],[-80.3282761,45.5598901],[-80.3286057,45.5600545],[-80.3289634,45.5602092],[-80.3293158,45.5603467],[-80.329679,45.5604768],[-80.3306502,45.5608009],[-80.3310227,45.5609371],[-80.3313596,45.561068],[-80.3317035,45.5612159],[-80.3320036,45.5613585],[-80.3323173,45.5615123],[-80.3326415,45.5616818],[-80.3329455,45.5618573],[-80.333268,45.562053],[-80.3358865,45.563652],[-80.3364444,45.5639938],[-80.3369599,45.5643041],[-80.337475,45.5645921],[-80.338031,45.564888],[-80.3386915,45.5652179],[-80.342396,45.5670044],[-80.3430431,45.5673103],[-80.3435158,45.5675189],[-80.3439524,45.567695],[-80.3443933,45.5678503],[-80.3448723,45.5680029],[-80.3459114,45.5683128],[-80.3501814,45.5695791],[-80.3506004,45.5697101],[-80.3510082,45.5698514],[-80.3513864,45.5699898],[-80.3517736,45.5701448],[-80.3521034,45.5702944],[-80.3524413,45.5704528],[-80.3527626,45.5706174],[-80.3531384,45.5708193],[-80.3570818,45.5729442],[-80.3605169,45.5747889],[-80.361273,45.5751942],[-80.3615828,45.5753656],[-80.3618842,45.5755429],[-80.3621854,45.5757235],[-80.3625242,45.5759457],[-80.362834,45.5761577],[-80.3631532,45.5763943],[-80.3633981,45.5765872],[-80.3636723,45.5768093],[-80.3639397,45.5770473],[-80.3641942,45.5772766],[-80.3644487,45.5775249],[-80.3647099,45.5777936],[-80.3649519,45.5780679],[-80.3651997,45.5783607],[-80.3667133,45.5802318],[-80.3669668,45.5805511],[-80.3671669,45.5808006],[-80.3673616,45.5810712],[-80.367496,45.5812819],[-80.3676322,45.5815265],[-80.3677646,45.5818007],[-80.3678662,45.5820571],[-80.3679593,45.5823436],[-80.368037,45.5826307],[-80.3680961,45.582909],[-80.368144,45.5831921],[-80.368645,45.5857367],[-80.3687838,45.5864664],[-80.3688492,45.586748],[-80.3689189,45.5870336],[-80.3689918,45.5873011],[-80.3690743,45.5875896],[-80.3691857,45.5879328],[-80.3693018,45.5882697],[-80.3694075,45.5885554],[-80.3695882,45.5889867],[-80.3697528,45.5893509],[-80.3699025,45.5896573],[-80.3701785,45.5901861],[-80.3704135,45.5906006],[-80.3706194,45.5909257],[-80.3708007,45.5912083],[-80.3710215,45.5915277],[-80.3712573,45.5918504],[-80.3715405,45.5922186],[-80.371846,45.5925925],[-80.3721807,45.5929869],[-80.3724816,45.5933143],[-80.3727904,45.5936389],[-80.3730484,45.5939013],[-80.3733656,45.5941956],[-80.3736878,45.5944942],[-80.3740329,45.5947968],[-80.374416,45.5951212],[-80.3746705,45.595327],[-80.3749483,45.5955593],[-80.375477,45.5960171],[-80.3760671,45.5965611],[-80.376607,45.5970995],[-80.3770466,45.597591],[-80.3773815,45.5979788],[-80.37776,45.59846],[-80.3780721,45.5989051],[-80.3783808,45.5993706],[-80.3786663,45.5998365],[-80.3789095,45.6002832],[-80.3791353,45.6007144],[-80.3793731,45.6012148],[-80.3800367,45.6025828],[-80.3815458,45.6056674],[-80.381787,45.6061739],[-80.3819825,45.6066267],[-80.3821526,45.6070686],[-80.3823056,45.6074882],[-80.3824412,45.6079615],[-80.3828667,45.6095428],[-80.382985,45.6099153],[-80.3831057,45.6102479],[-80.3832439,45.6105202],[-80.3833993,45.6107873],[-80.3835888,45.6110819],[-80.3838388,45.6113837],[-80.3841456,45.6117115],[-80.3844412,45.6119861],[-80.3847501,45.6122357],[-80.385072,45.6124649],[-80.3853837,45.6126564],[-80.3857823,45.6128868],[-80.3862386,45.6131194],[-80.3898704,45.6149775],[-80.3904271,45.6152533],[-80.391081,45.6155902],[-80.3915809,45.6158547],[-80.392071,45.6161469],[-80.3925565,45.6164515],[-80.3929653,45.6167353],[-80.3933716,45.6170327],[-80.3937546,45.6173298],[-80.3940636,45.6175841],[-80.3985525,45.6213227],[-80.4002982,45.6227462],[-80.4006129,45.623024],[-80.4008514,45.6232563],[-80.4010716,45.6235118],[-80.4012609,45.6237712],[-80.4014587,45.6241055],[-80.4016715,45.62447],[-80.401833,45.6247276],[-80.4020104,45.6249753],[-80.4022041,45.6251956],[-80.402429,45.6254221],[-80.4026687,45.6256251],[-80.4031055,45.6259541],[-80.4036597,45.6263359],[-80.4061196,45.6280112],[-80.4069807,45.628631],[-80.4074879,45.6290145],[-80.4079628,45.6294255],[-80.4083588,45.6298268],[-80.4093161,45.6308893],[-80.4095531,45.631148],[-80.4098188,45.6314277],[-80.4101422,45.6317195],[-80.4104346,45.6319702],[-80.4107766,45.6322335],[-80.4111345,45.6324909],[-80.4115633,45.6327634],[-80.4119986,45.633021],[-80.4124817,45.6332781],[-80.4130602,45.6335459],[-80.4199373,45.6366083],[-80.4205598,45.6368845],[-80.4211028,45.6371383],[-80.4214234,45.637295],[-80.4217084,45.6374539],[-80.4219606,45.6376173],[-80.4221964,45.6377849],[-80.4223936,45.6379455],[-80.4225931,45.638121],[-80.4227695,45.6383027],[-80.422911,45.6384606],[-80.423056,45.6386418],[-80.4232161,45.6388664],[-80.4233415,45.6390844],[-80.4234465,45.6392977],[-80.4235319,45.6395144],[-80.4235992,45.6397171],[-80.4239435,45.6409776],[-80.4243208,45.6423824],[-80.4244106,45.6426898],[-80.4245033,45.642956],[-80.424606,45.6432082],[-80.4247192,45.6434428],[-80.4248695,45.6436984],[-80.4250239,45.6439295],[-80.4252055,45.6441762],[-80.4254149,45.6444143],[-80.425637,45.6446442],[-80.4258772,45.644872],[-80.4261316,45.645083],[-80.4264237,45.6453035],[-80.4265369,45.6453807],[-80.4267348,45.6455159],[-80.4277175,45.6461377],[-80.4333763,45.649765],[-80.433816,45.6500515],[-80.4342364,45.6503481],[-80.4345682,45.6506088],[-80.4348263,45.6508257],[-80.4350665,45.651049],[-80.435305,45.6512811],[-80.436597,45.6526053],[-80.4375505,45.6535575],[-80.4382825,45.6543075],[-80.438691,45.6547124],[-80.4390744,45.6550743],[-80.4394097,45.6553746],[-80.4397984,45.655703],[-80.4402629,45.6560756],[-80.4407313,45.6564214],[-80.4412481,45.6567883],[-80.4417964,45.657149],[-80.4423399,45.6574851],[-80.442839,45.6577817],[-80.445165,45.6591454],[-80.4456915,45.6594488],[-80.4461286,45.6596981],[-80.4466156,45.6599481],[-80.4471185,45.6601784],[-80.4477233,45.6604349],[-80.4488314,45.6608839],[-80.4492847,45.6610723],[-80.4496962,45.6612463],[-80.4500491,45.6614087],[-80.4503583,45.6615708],[-80.4506249,45.661726],[-80.4508758,45.6618942],[-80.4511465,45.6620953],[-80.4513805,45.6623003],[-80.4515777,45.6624933],[-80.4517755,45.662712],[-80.4519628,45.6629397],[-80.4525404,45.6636805],[-80.4527465,45.6639466],[-80.4529679,45.6642254],[-80.4550121,45.6668466],[-80.4554233,45.6673589],[-80.4555214,45.6674899],[-80.4556818,45.667693],[-80.4568388,45.6691721],[-80.4587908,45.6716629],[-80.4590999,45.6720484],[-80.4594364,45.6724487],[-80.4597025,45.6727589],[-80.460046,45.6731421],[-80.460403,45.673531],[-80.4608507,45.6740047],[-80.462699,45.6759212],[-80.4631856,45.6764313],[-80.4653841,45.6787008],[-80.4662467,45.6796106],[-80.4665215,45.6799176],[-80.4668406,45.6803012],[-80.4671047,45.6806406],[-80.4673569,45.6809794],[-80.4675466,45.6812469],[-80.4677319,45.6815242],[-80.4679023,45.6817957],[-80.4682289,45.6823223],[-80.4693964,45.6842062],[-80.4714569,45.6875306],[-80.4761998,45.6951878],[-80.4765635,45.6957869],[-80.4768442,45.6962895],[-80.4771158,45.6968128],[-80.4773223,45.6972878],[-80.4774934,45.6977092],[-80.4776709,45.6981797],[-80.477929,45.6988594],[-80.4781596,45.699479],[-80.4783364,45.6999413],[-80.4785059,45.700324],[-80.478692,45.700722],[-80.4789166,45.7011693],[-80.4791954,45.701654],[-80.485816,45.7131754],[-80.4924402,45.7246371],[-80.4979042,45.7341186],[-80.5000309,45.7378236],[-80.501476,45.7403462],[-80.5017267,45.7408158],[-80.5020119,45.7413909],[-80.5025786,45.742642],[-80.5058354,45.7500779],[-80.5060419,45.7505532],[-80.5107338,45.7612637],[-80.5109724,45.7618379],[-80.5118483,45.7638078],[-80.5128665,45.7661295],[-80.5143556,45.7695363],[-80.514885,45.7707457],[-80.5153218,45.7717446],[-80.515504,45.7721539],[-80.5156707,45.7725002],[-80.5158417,45.7727902],[-80.5160531,45.773082],[-80.5163157,45.7733625],[-80.5165964,45.7736216],[-80.5168762,45.7738457],[-80.5172183,45.7740767],[-80.5175521,45.774266],[-80.5178933,45.7744332],[-80.5183127,45.7746056],[-80.5187334,45.7747469],[-80.5191346,45.7748516],[-80.5196051,45.7749493],[-80.5200753,45.7750122],[-80.5205034,45.7750461],[-80.520977,45.7750646],[-80.5227205,45.7750944],[-80.5275502,45.7751551],[-80.5279963,45.7751626],[-80.5284503,45.7751789],[-80.5288431,45.775203],[-80.5291414,45.7752354],[-80.5294385,45.7752803],[-80.5297429,45.7753366],[-80.5300571,45.7754089],[-80.5303684,45.7754901],[-80.5307162,45.7755997],[-80.5310361,45.7757235],[-80.5313357,45.7758585],[-80.5316118,45.7759948],[-80.5318398,45.7761278],[-80.5321145,45.7763056],[-80.5323843,45.7765042],[-80.532597,45.7766848],[-80.5327607,45.7768443],[-80.5329244,45.7770188],[-80.5330845,45.7772112],[-80.5332319,45.7774104],[-80.5333736,45.7776199],[-80.5336826,45.7781091],[-80.5366744,45.7830248],[-80.5373239,45.7841039],[-80.5389008,45.7866982],[-80.5402138,45.788859],[-80.5404034,45.7891917],[-80.5405453,45.7894777],[-80.5406432,45.7897017],[-80.5407275,45.7899202],[-80.5407995,45.790147],[-80.5408547,45.7903222],[-80.5409197,45.7905801],[-80.5409698,45.7908601],[-80.5410105,45.7911649],[-80.5410239,45.791467],[-80.5410246,45.7917729],[-80.5410091,45.7920427],[-80.5409757,45.792306],[-80.5409313,45.7925743],[-80.5408629,45.7928591],[-80.5407906,45.7931184],[-80.5406886,45.7934189],[-80.5405783,45.7936886],[-80.5404672,45.7939208],[-80.5403364,45.7941732],[-80.5401988,45.7944053],[-80.5400681,45.794607],[-80.5399248,45.79482],[-80.5382956,45.7971503],[-80.5374844,45.7983082],[-80.537133,45.7988148],[-80.536351,45.7999314],[-80.5360209,45.8003852],[-80.5358416,45.8006735],[-80.5357008,45.8009464],[-80.5356167,45.8011348],[-80.5355011,45.8014195],[-80.5354294,45.801698],[-80.5353897,45.8019698],[-80.5353741,45.8022503],[-80.5353785,45.8024955],[-80.5354132,45.8027326],[-80.5354625,45.8029741],[-80.535535,45.8032043],[-80.535641,45.8034557],[-80.535755,45.8036793],[-80.5358932,45.8039065],[-80.5360196,45.8040833],[-80.5361665,45.8042797],[-80.5379644,45.8064718],[-80.5382927,45.806876],[-80.5384673,45.8071261],[-80.5386106,45.8073645],[-80.5387423,45.8076133],[-80.5388626,45.8078742],[-80.5389671,45.8081612],[-80.5390511,45.8084795],[-80.5391053,45.8087711],[-80.5391371,45.8090608],[-80.5391428,45.8093573],[-80.5391253,45.8096501],[-80.5391011,45.809893],[-80.5387261,45.8124916],[-80.5384503,45.8145463],[-80.5384254,45.8148339],[-80.5384116,45.8151075],[-80.5384105,45.8153346],[-80.5384277,45.8156],[-80.5384651,45.8158811],[-80.538506,45.8161231],[-80.5385668,45.8163628],[-80.5386384,45.8166032],[-80.5387198,45.8168273],[-80.5388075,45.817042],[-80.5389078,45.8172484],[-80.5390251,45.8174724],[-80.5391582,45.817704],[-80.5392986,45.8179224],[-80.5394313,45.8181011],[-80.5395959,45.8183145],[-80.5397723,45.8185184],[-80.5399757,45.8187373],[-80.54028,45.8190307],[-80.546353,45.8244702],[-80.5495032,45.8272774],[-80.5513029,45.8288887],[-80.5516187,45.8291811],[-80.5518781,45.8294308],[-80.5521399,45.8297196],[-80.5523788,45.8300108],[-80.5526015,45.8303125],[-80.5528176,45.8306278],[-80.5530033,45.8309409],[-80.5531539,45.8312365],[-80.5532824,45.8315121],[-80.5534084,45.8318193],[-80.5535272,45.8321428],[-80.5544125,45.8346214],[-80.5549981,45.8362758],[-80.5567133,45.8410803],[-80.55697,45.8418084],[-80.5582616,45.8454168],[-80.5589138,45.8472601],[-80.5591403,45.8478987],[-80.5592675,45.8482809],[-80.5593671,45.8486262],[-80.5594465,45.8489745],[-80.5594958,45.8492892],[-80.5595255,45.8496166],[-80.5595341,45.8499339],[-80.5595226,45.8502805],[-80.5594958,45.8505583],[-80.559207,45.8526399],[-80.5591294,45.8531264],[-80.5586628,45.8562181],[-80.5585026,45.8572603],[-80.5584669,45.8575984],[-80.558455,45.8578658],[-80.5584646,45.8581317],[-80.5584864,45.8583758],[-80.5585373,45.8586579],[-80.5586133,45.8589411],[-80.5586924,45.8592315],[-80.5589447,45.8601204],[-80.5607174,45.8663448],[-80.5621048,45.8712014],[-80.5622337,45.8716662],[-80.5623258,45.8720377],[-80.5623789,45.8723466],[-80.5624004,45.8726905],[-80.5623826,45.8729854],[-80.5623319,45.8733045],[-80.5622511,45.8735992],[-80.5621328,45.8738939],[-80.5619878,45.8741743],[-80.5617665,45.8745037],[-80.561582,45.8747338],[-80.5613799,45.8749514],[-80.56112,45.8751891],[-80.560855,45.8753974],[-80.5605406,45.875607],[-80.5601868,45.8758084],[-80.5597951,45.8760056],[-80.5522931,45.8793154],[-80.5518254,45.879527],[-80.551443,45.8797031],[-80.5510738,45.8798977],[-80.5507456,45.8800986],[-80.5504405,45.8803004],[-80.5501857,45.8805032],[-80.5499208,45.880738],[-80.5493694,45.8812861],[-80.5489708,45.8816976],[-80.5486923,45.8819653],[-80.5484293,45.8821902],[-80.5481161,45.8824101],[-80.5477831,45.8826146],[-80.5474569,45.8827957],[-80.5470887,45.8829553],[-80.5467105,45.8830955],[-80.5462646,45.8832462],[-80.545585,45.8834491],[-80.5378865,45.8856622],[-80.5373104,45.885827],[-80.5367876,45.8859829],[-80.5362441,45.8861558],[-80.5356381,45.8863743],[-80.5350956,45.8865887],[-80.5345545,45.8868143],[-80.5340112,45.8870667],[-80.5334641,45.887332],[-80.532897,45.887643],[-80.5325257,45.8878471],[-80.532172,45.8880666],[-80.5317222,45.8883547],[-80.5313803,45.8885793],[-80.5310608,45.8888144],[-80.5307182,45.8890786],[-80.5303361,45.8893893],[-80.5299597,45.8897088],[-80.5296112,45.8900251],[-80.5292871,45.8903485],[-80.5289963,45.8906645],[-80.52798,45.8917847],[-80.5268075,45.8930717],[-80.5247855,45.8953487],[-80.5244803,45.8956739],[-80.5241957,45.896017],[-80.523953,45.8963267],[-80.5236739,45.8967325],[-80.5234305,45.8971168],[-80.5232007,45.897525],[-80.5230141,45.8979084],[-80.5228446,45.8982857],[-80.5227002,45.8986699],[-80.5225895,45.8990227],[-80.5225005,45.8993856],[-80.5224082,45.899764],[-80.5223401,45.9001526],[-80.5223028,45.9005328],[-80.5222804,45.9009396],[-80.5222758,45.9013149],[-80.5222871,45.9016786],[-80.5223337,45.9020686],[-80.5224051,45.9024797],[-80.5224968,45.902909],[-80.5226446,45.903434],[-80.5230547,45.9047855],[-80.5234202,45.9060104],[-80.5236597,45.9068218],[-80.523747,45.9071573],[-80.5238109,45.9074481],[-80.5238518,45.9077279],[-80.523868,45.9080011],[-80.5238669,45.9083034],[-80.5238429,45.9085847],[-80.5237933,45.908872],[-80.5237232,45.9091548],[-80.5236211,45.9094755],[-80.5233986,45.9100552],[-80.5219951,45.9135606],[-80.5218363,45.9139267],[-80.5217688,45.9140919],[-80.5215029,45.9147566],[-80.5213108,45.9152527],[-80.5211884,45.9155865],[-80.5210993,45.9159276],[-80.5210384,45.9162281],[-80.521009,45.9165697],[-80.5210109,45.9169026],[-80.5210331,45.9172159],[-80.5210773,45.9175036],[-80.5211771,45.9178711],[-80.5212847,45.9182116],[-80.5218018,45.9197078],[-80.5222921,45.9211216],[-80.5229712,45.9230988],[-80.5236263,45.9250067],[-80.5237489,45.9253887],[-80.5238349,45.9257241],[-80.5238835,45.9260041],[-80.5239289,45.9262995],[-80.5239565,45.9266373],[-80.5239608,45.9269571],[-80.5239485,45.9272767],[-80.5239153,45.9275893],[-80.5238658,45.9279148],[-80.5237883,45.9282706],[-80.5236925,45.9286235],[-80.5222873,45.9327974],[-80.5207476,45.9374468],[-80.5194103,45.9414213],[-80.5180759,45.945414],[-80.5172317,45.9479639],[-80.5170942,45.9483202],[-80.5169657,45.9486107],[-80.5167947,45.9489037],[-80.5166311,45.9491392],[-80.5163674,45.949434],[-80.51486,45.9509483],[-80.5144948,45.9513249],[-80.5143031,45.9515352],[-80.514129,45.9517441],[-80.5139327,45.9520325],[-80.5137852,45.952296],[-80.5136829,45.9525224],[-80.5135928,45.9527956],[-80.5135301,45.9530377],[-80.5134849,45.9533359],[-80.5134721,45.9535647],[-80.5134814,45.9538072],[-80.5135048,45.9540448],[-80.5135549,45.954281],[-80.5136358,45.9545355],[-80.5137244,45.954769],[-80.5138461,45.955005],[-80.5139796,45.9552181],[-80.5141219,45.9554251],[-80.5142767,45.955621],[-80.5145136,45.9559209],[-80.5148054,45.9562853],[-80.5150028,45.9565492],[-80.5151713,45.9567902],[-80.5152896,45.9570187],[-80.5153836,45.9572457],[-80.5154618,45.9574546],[-80.5155179,45.9576834],[-80.5155734,45.9579631],[-80.5158988,45.9609804],[-80.516217,45.9638428],[-80.5163991,45.9655375],[-80.516439,45.9658537],[-80.5164753,45.9661315],[-80.5165268,45.9664047],[-80.5165782,45.9666341],[-80.516663,45.9668972],[-80.5167502,45.967141],[-80.516841,45.967341],[-80.5169571,45.9675636],[-80.5170601,45.9677493],[-80.5171516,45.967902],[-80.5172967,45.9681128],[-80.5174422,45.9683001],[-80.5175831,45.9684784],[-80.5177352,45.9686515],[-80.5179003,45.9688186],[-80.5180564,45.9689686],[-80.5182052,45.9691037],[-80.5183807,45.9692546],[-80.5185957,45.9694223],[-80.5187965,45.9695703],[-80.5190148,45.9697213],[-80.5192051,45.9698435],[-80.5194244,45.9699748],[-80.5196758,45.9701116],[-80.5200165,45.9702809],[-80.5202991,45.9704124],[-80.520588,45.9705301],[-80.5208861,45.9706446],[-80.521217,45.9707586],[-80.5259569,45.9723271],[-80.528468,45.9731561],[-80.5329714,45.9746434],[-80.5334667,45.9748072],[-80.536775,45.9759006],[-80.537427,45.9761159],[-80.5380113,45.9763156],[-80.5383252,45.9764273],[-80.5386481,45.9765508],[-80.5389758,45.9766812],[-80.539287,45.9768137],[-80.5395943,45.9769526],[-80.5398666,45.9770805],[-80.5401652,45.9772278],[-80.5404544,45.9773784],[-80.5407498,45.9775429],[-80.5409961,45.9776837],[-80.5413052,45.977875],[-80.5415474,45.9780326],[-80.5417501,45.9781674],[-80.5419533,45.9783098],[-80.5421983,45.9784848],[-80.542416,45.9786537],[-80.5426922,45.978869],[-80.5428973,45.9790434],[-80.5431042,45.9792295],[-80.5432866,45.9794049],[-80.5434825,45.9796032],[-80.5436289,45.9797584],[-80.5438079,45.979962],[-80.5439503,45.9801355],[-80.5441311,45.9803666],[-80.5442478,45.9805345],[-80.5445065,45.9809312],[-80.5452305,45.9821148],[-80.5453997,45.9823884],[-80.5455555,45.9826397],[-80.5457099,45.9828737],[-80.5458685,45.983072],[-80.5460189,45.9832537],[-80.5461771,45.9834269],[-80.5463538,45.9836017],[-80.5465673,45.9837966],[-80.5468041,45.9839907],[-80.547305,45.9843752],[-80.5480578,45.9849459],[-80.5490983,45.9857448],[-80.5494848,45.9860426],[-80.5498086,45.9862911],[-80.5500859,45.9865125],[-80.5503565,45.9867349],[-80.5505779,45.9869379],[-80.5508006,45.9871656],[-80.5510108,45.9874099],[-80.5511719,45.9876233],[-80.55132,45.9878376],[-80.5514424,45.9880458],[-80.5515646,45.9882697],[-80.5516542,45.9884754],[-80.5524454,45.9904492],[-80.552851,45.9914671],[-80.5532658,45.9925013],[-80.5536922,45.9935715],[-80.5540644,45.9944999],[-80.5543713,45.9952783],[-80.5549562,45.9967269],[-80.5551033,45.9970479],[-80.5552144,45.9973255],[-80.5553353,45.9976745],[-80.5554414,45.9980249],[-80.5555197,45.9982975],[-80.555595,45.9986265],[-80.5557196,45.9993343],[-80.5558434,46.0000579],[-80.5560117,46.0010731],[-80.5560723,46.001434],[-80.5561106,46.0016524],[-80.5561549,46.0018646],[-80.5562119,46.0020921],[-80.5562779,46.0022973],[-80.5563628,46.0025227],[-80.5564722,46.0027476],[-80.5565918,46.0029922],[-80.5566985,46.0032081],[-80.5568271,46.0034177],[-80.5569823,46.0036467],[-80.557189,46.0039139],[-80.5573671,46.0041301],[-80.5591688,46.0062091],[-80.5599426,46.0071161],[-80.5621212,46.0096343],[-80.5626267,46.0102253],[-80.5650718,46.0130375],[-80.5657769,46.0138678],[-80.5659802,46.0141226],[-80.5661819,46.0143932],[-80.5663493,46.0146468],[-80.5665185,46.0149274],[-80.5666488,46.0151749],[-80.5676937,46.0173859],[-80.5683723,46.0188564],[-80.5685123,46.0191511],[-80.5686201,46.0193566],[-80.5687209,46.019523],[-80.5688301,46.0196983],[-80.5689759,46.0198781],[-80.5691173,46.0200473],[-80.5692764,46.0202159],[-80.5694358,46.0203655],[-80.5696086,46.0205188],[-80.5697734,46.0206475],[-80.5699989,46.0208066],[-80.5702338,46.0209574],[-80.5705046,46.0211111],[-80.5714787,46.0216002],[-80.5725262,46.022117],[-80.5763733,46.024024],[-80.5769322,46.0243013],[-80.577329,46.0245108],[-80.5776977,46.0247143],[-80.5780186,46.0249],[-80.578409,46.0251307],[-80.5787616,46.0253527],[-80.5790903,46.0255664],[-80.5794202,46.0257915],[-80.5816994,46.0273431],[-80.5843516,46.0291592],[-80.5852496,46.0298018],[-80.5856823,46.0301216],[-80.5861029,46.0304475],[-80.586547,46.0308023],[-80.5869655,46.0311357],[-80.5873877,46.0314964],[-80.5877968,46.0318444],[-80.5888931,46.0328228],[-80.5892188,46.0330987],[-80.5895897,46.0333961],[-80.5899655,46.0336876],[-80.5903368,46.0339628],[-80.5906986,46.0342259],[-80.5914245,46.0347496],[-80.59371,46.0364144],[-80.5963553,46.0383421],[-80.5977947,46.0393929],[-80.5988855,46.0401826],[-80.5992732,46.0404597],[-80.5996662,46.0407126],[-80.6000283,46.04093],[-80.6004016,46.0411369],[-80.6008344,46.0413565],[-80.6012673,46.041579],[-80.6047483,46.0433408],[-80.6057002,46.0438274],[-80.6062221,46.0440933],[-80.60666,46.0443255],[-80.6070858,46.044579],[-80.6074415,46.044813],[-80.6077895,46.0450648],[-80.608072,46.0452788],[-80.6083413,46.0455107],[-80.6086105,46.0457522],[-80.6090479,46.0461826],[-80.6116185,46.0487479],[-80.6120768,46.0492049],[-80.6123664,46.0494891],[-80.6126487,46.0497277],[-80.612945,46.049949],[-80.6132816,46.050175],[-80.6136491,46.0503902],[-80.6139966,46.0505672],[-80.6143886,46.0507394],[-80.6154152,46.0511821],[-80.6158405,46.051368],[-80.6161753,46.0515137],[-80.6165464,46.0516994],[-80.6168656,46.0518674],[-80.6171993,46.0520716],[-80.6174892,46.0522663],[-80.6177203,46.0524513],[-80.6180438,46.0527299],[-80.6182969,46.052967],[-80.6185282,46.0531915],[-80.6190915,46.0537595],[-80.6199122,46.0545867],[-80.6250085,46.0597157],[-80.6266366,46.0613163],[-80.6277221,46.0624033],[-80.6282248,46.0629139],[-80.6352643,46.0700352],[-80.6372699,46.0720209],[-80.639283,46.0740655],[-80.6408482,46.0756539],[-80.641695,46.076489],[-80.6423537,46.0771516],[-80.6429657,46.0777758],[-80.6435941,46.0784383],[-80.6442467,46.0791564],[-80.644818,46.0797999],[-80.6453908,46.0804523],[-80.6462289,46.0813943],[-80.6469158,46.0821704],[-80.6477014,46.083086],[-80.64874,46.0842527],[-80.6492167,46.0848095],[-80.6497322,46.085375],[-80.6505562,46.0863154],[-80.6523857,46.0883836],[-80.6541971,46.090441],[-80.6551953,46.0915768],[-80.6554427,46.0918546],[-80.6559262,46.092412],[-80.6564425,46.0929979],[-80.6570305,46.0936674],[-80.6579411,46.0946973],[-80.6582994,46.0951115],[-80.6585574,46.0954256],[-80.6588187,46.0957598],[-80.6590238,46.0960447],[-80.6591942,46.0963194],[-80.6593515,46.0965962],[-80.6594814,46.0968508],[-80.6596196,46.0971102],[-80.6597392,46.0974094],[-80.659836,46.0976884],[-80.6599257,46.0980368],[-80.6599894,46.0983257],[-80.6600421,46.098627],[-80.6600741,46.0989255],[-80.6600932,46.0991979],[-80.660084,46.0994885],[-80.6600758,46.0997544],[-80.6600655,46.1000174],[-80.6600251,46.1006541],[-80.6599762,46.1013876],[-80.6599281,46.1023366],[-80.6597897,46.1046406],[-80.6597646,46.1049248],[-80.6597285,46.1057721],[-80.6597082,46.1063539],[-80.6597195,46.1066842],[-80.6597543,46.1070041],[-80.6598037,46.1072807],[-80.659871,46.107569],[-80.6599571,46.1078588],[-80.6600732,46.1081898],[-80.6601946,46.1084916],[-80.6603391,46.1088098],[-80.6605114,46.1091232],[-80.6607015,46.1094515],[-80.6609207,46.1097723],[-80.6611512,46.1100737],[-80.6614739,46.1104454],[-80.6622002,46.1112302],[-80.6641133,46.113284],[-80.6655426,46.1148141],[-80.6686307,46.1181418],[-80.6750749,46.1250287],[-80.6762973,46.1263441],[-80.6773323,46.1274995],[-80.6776215,46.1278618],[-80.6778724,46.1281819],[-80.6781156,46.1285366],[-80.6783457,46.1288839],[-80.6785141,46.129171],[-80.6786757,46.1294765],[-80.6805475,46.1326694],[-80.6858909,46.1418578],[-80.6861263,46.1422581],[-80.6863874,46.1426551],[-80.6866016,46.1429716],[-80.6868945,46.1433365],[-80.6871493,46.1436443],[-80.6874449,46.1439809],[-80.6877374,46.1442695],[-80.688041,46.1445514],[-80.6883872,46.1448347],[-80.6887036,46.1450827],[-80.6890298,46.1453241],[-80.6893542,46.1455463],[-80.6896901,46.1457526],[-80.6901013,46.1459904],[-80.6910831,46.1465227],[-80.6941288,46.1482051],[-80.6945552,46.1484504],[-80.6949473,46.1486759],[-80.6953106,46.1488943],[-80.6956705,46.1491212],[-80.6959464,46.1493088],[-80.6962153,46.1495032],[-80.6965446,46.1497394],[-80.6968558,46.1499731],[-80.6972321,46.1502751],[-80.6976072,46.150576],[-80.6979617,46.1508685],[-80.6982696,46.1511586],[-80.6986233,46.1515101],[-80.7008748,46.1536925],[-80.7027684,46.1555227],[-80.7035443,46.1562811],[-80.7039803,46.1566922],[-80.7043315,46.1570295],[-80.7061915,46.1588766],[-80.7063896,46.1591066],[-80.7065802,46.1593418],[-80.7067745,46.1595893],[-80.7069772,46.1598853],[-80.7071497,46.1601578],[-80.7072845,46.1604091],[-80.7074193,46.1606632],[-80.7075415,46.1609218],[-80.7076457,46.1611873],[-80.70774,46.1614532],[-80.7078178,46.1617158],[-80.7078856,46.1620001],[-80.7079416,46.1622795],[-80.7079872,46.1625406],[-80.7080203,46.1628467],[-80.7080336,46.1631222],[-80.7080357,46.1634198],[-80.7080237,46.1637164],[-80.7080098,46.1640328],[-80.707977,46.1647114],[-80.7079234,46.1659584],[-80.7079169,46.1664351],[-80.7079254,46.1667248],[-80.7079606,46.1669936],[-80.7079949,46.1672011],[-80.7080453,46.1674076],[-80.7081146,46.1676457],[-80.7081832,46.1678556],[-80.7082619,46.1680752],[-80.7083665,46.1682946],[-80.7084909,46.168519],[-80.7086237,46.1687447],[-80.7088702,46.1691176],[-80.7090789,46.1694038],[-80.7092997,46.169683],[-80.7101134,46.1706542],[-80.7111733,46.1719396],[-80.7117175,46.1726017],[-80.7119333,46.1728849],[-80.712113,46.173157],[-80.7122739,46.1734177],[-80.7124081,46.1736726],[-80.7125265,46.1739409],[-80.7126344,46.1742259],[-80.7127331,46.1745077],[-80.7128,46.1747855],[-80.7128501,46.17505],[-80.7128897,46.1753182],[-80.7131877,46.1775764],[-80.7132344,46.1779696],[-80.7132819,46.1782959],[-80.7133541,46.1785917],[-80.713477,46.1789597],[-80.7136115,46.1792892],[-80.7137637,46.1796295],[-80.7139514,46.1799884],[-80.7141636,46.1803523],[-80.7143879,46.1806956],[-80.7146269,46.1810123],[-80.7148813,46.1813053],[-80.7151504,46.1815971],[-80.7154778,46.1819305],[-80.7161282,46.1825499],[-80.7168936,46.1832891],[-80.7172136,46.1836095],[-80.717473,46.1838919],[-80.7176859,46.1841308],[-80.7178827,46.1843631],[-80.7180749,46.1846112],[-80.7182485,46.1848525],[-80.7184124,46.185099],[-80.7185825,46.1853803],[-80.7187507,46.1856879],[-80.719563,46.1874149],[-80.7196275,46.1875407],[-80.7202803,46.1888087],[-80.7204189,46.1890885],[-80.7205427,46.1893633],[-80.7206345,46.1896118],[-80.7206995,46.1898459],[-80.7207457,46.1900699],[-80.7207684,46.1902948],[-80.7207733,46.1905157],[-80.7207662,46.1907318],[-80.7207322,46.1909628],[-80.7206783,46.1911956],[-80.720611,46.191412],[-80.7205176,46.1916296],[-80.7204176,46.1918197],[-80.7202973,46.1920254],[-80.720168,46.192219],[-80.7200015,46.1924487],[-80.7198333,46.192649],[-80.7196377,46.1928633],[-80.7193167,46.1932216],[-80.7191239,46.193435],[-80.7189254,46.1936744],[-80.718746,46.1939219],[-80.7185895,46.1941823],[-80.718471,46.1944412],[-80.7183748,46.1947008],[-80.7183059,46.194973],[-80.7182691,46.1952639],[-80.7182636,46.195539],[-80.718288,46.1958089],[-80.7183322,46.1960709],[-80.7184044,46.1963349],[-80.7185007,46.1965889],[-80.718618,46.1968406],[-80.718763,46.1970741],[-80.7189219,46.1972993],[-80.7191133,46.1975379],[-80.7193115,46.1977482],[-80.7195247,46.1979725],[-80.7216536,46.2000856],[-80.7225843,46.2010221],[-80.7237778,46.2022165],[-80.7257209,46.2041611],[-80.72731,46.2057514],[-80.7280598,46.2064894],[-80.7287491,46.2071834],[-80.7290822,46.207505],[-80.7294318,46.2078315],[-80.7298507,46.2082105],[-80.7302065,46.2085192],[-80.7305512,46.2088059],[-80.7324803,46.2103806],[-80.7333228,46.2110673],[-80.7340404,46.2116497],[-80.7345252,46.2120471],[-80.7349774,46.2124245],[-80.7354179,46.2128185],[-80.735883,46.2132526],[-80.7363967,46.2137918],[-80.7367636,46.2141705],[-80.7370999,46.2145454],[-80.7381837,46.2157263],[-80.7385151,46.2160933],[-80.7388038,46.2164207],[-80.7390829,46.2167328],[-80.7398598,46.2175782],[-80.7402519,46.2180044],[-80.7405821,46.2183649],[-80.7409145,46.2187313],[-80.7417042,46.2196054],[-80.7419985,46.2199427],[-80.7422168,46.220211],[-80.7424321,46.2205035],[-80.7426285,46.2208046],[-80.7428002,46.2211048],[-80.7429743,46.2214334],[-80.7431388,46.2217567],[-80.7439013,46.2233158],[-80.7442731,46.2240659],[-80.7446834,46.2248734],[-80.7448019,46.2251269],[-80.7448993,46.2253584],[-80.7449796,46.2255875],[-80.7450364,46.2258308],[-80.7450696,46.2260564],[-80.7450919,46.2263025],[-80.7450865,46.2265398],[-80.7450662,46.2267575],[-80.7450286,46.2269978],[-80.7449676,46.227229],[-80.7448888,46.227443],[-80.7448013,46.2276405],[-80.7446695,46.2278884],[-80.7445062,46.228136],[-80.7443439,46.2283637],[-80.7441603,46.2285704],[-80.743955,46.2287864],[-80.7437317,46.22899],[-80.7431992,46.2294622],[-80.7429888,46.2296671],[-80.742782,46.2298871],[-80.7426051,46.2301021],[-80.7424308,46.2303664],[-80.7422871,46.2306411],[-80.7421755,46.2308866],[-80.7420815,46.2311557],[-80.7420176,46.2314205],[-80.7419801,46.2316943],[-80.7419752,46.2319617],[-80.7419999,46.2322324],[-80.7420394,46.2324968],[-80.7421098,46.2327704],[-80.7422192,46.2330278],[-80.7423567,46.2333171],[-80.7425137,46.2335897],[-80.7426793,46.2338415],[-80.7428892,46.2340741],[-80.7431282,46.2343073],[-80.7433904,46.2345166],[-80.7437092,46.2347463],[-80.7439851,46.2349264],[-80.7442567,46.2350837],[-80.7445624,46.2352286],[-80.7449247,46.2353714],[-80.7452539,46.235484],[-80.7455891,46.2355841],[-80.745963,46.2356773],[-80.7463818,46.2357552],[-80.746803,46.2358102],[-80.7488877,46.2360373],[-80.751689,46.2363607],[-80.7542641,46.236652],[-80.7558132,46.2368127],[-80.7565445,46.2368939],[-80.7572524,46.2369802],[-80.7578605,46.2370786],[-80.7583625,46.2371886],[-80.758791,46.2373088],[-80.7591846,46.2374526],[-80.7595733,46.2376199],[-80.7599504,46.2378032],[-80.7602527,46.237982],[-80.76054,46.2381855],[-80.760788,46.2383917],[-80.7610521,46.2386301],[-80.7612666,46.2388685],[-80.7614625,46.2391102],[-80.7616781,46.2393886],[-80.7632937,46.2416585],[-80.7637936,46.2423654],[-80.7651032,46.2441877],[-80.7659486,46.245329],[-80.7662649,46.2457611],[-80.7665106,46.2460735],[-80.7668361,46.2464234],[-80.7671269,46.246687],[-80.7674681,46.2469842],[-80.767813,46.2472698],[-80.7681684,46.2475355],[-80.7693054,46.2483917],[-80.7698723,46.2488467],[-80.7701787,46.2491195],[-80.7704496,46.2493798],[-80.7707115,46.2496656],[-80.7709574,46.2499832],[-80.7711754,46.2502841],[-80.7713577,46.2505693],[-80.77152,46.2508622],[-80.7718082,46.2513508],[-80.7720612,46.251805],[-80.772291,46.2521749],[-80.7725829,46.2526394],[-80.7728918,46.2531582],[-80.7730887,46.2534524],[-80.773284,46.2537425],[-80.7734886,46.2540054],[-80.7737056,46.2542627],[-80.7739333,46.2545105],[-80.7742906,46.2548528],[-80.7745782,46.255102],[-80.7749201,46.2553664],[-80.7753475,46.2556749],[-80.7758002,46.2559634],[-80.7768489,46.2565884],[-80.7784095,46.2575022],[-80.779735,46.258276],[-80.7812556,46.259193],[-80.7813335,46.2592449],[-80.7816446,46.259462],[-80.781874,46.2596504],[-80.7820636,46.259825],[-80.7822303,46.260001],[-80.7823827,46.260171],[-80.7825247,46.2603546],[-80.7826594,46.2605578],[-80.7827811,46.2607695],[-80.7828828,46.2609874],[-80.7829548,46.2612011],[-80.7830218,46.2614154],[-80.7830719,46.2616222],[-80.7830921,46.2618427],[-80.7831056,46.2620682],[-80.7830929,46.2623206],[-80.7830741,46.2625517],[-80.7830166,46.2628126],[-80.782949,46.2630384],[-80.7828513,46.2633918],[-80.7825325,46.2646269],[-80.7824603,46.264936],[-80.7824102,46.2652385],[-80.7823639,46.2655423],[-80.7823221,46.2658515],[-80.7822934,46.2661718],[-80.7822711,46.2665193],[-80.7822708,46.2668883],[-80.7822786,46.267262],[-80.7823139,46.2684091],[-80.7823402,46.2701533],[-80.7823727,46.2715907],[-80.7823728,46.272085],[-80.7823567,46.2725221],[-80.7823191,46.2729941],[-80.7822649,46.2734254],[-80.7821969,46.2739011],[-80.7821104,46.2743857],[-80.7819638,46.2751202],[-80.7818538,46.2758392],[-80.7817779,46.2764024],[-80.7817454,46.2768612],[-80.7817482,46.2772642],[-80.7817737,46.2776733],[-80.7818238,46.2781117],[-80.7818976,46.2785109],[-80.7819959,46.2788666],[-80.7821237,46.279246],[-80.7822638,46.2796072],[-80.7824094,46.2799479],[-80.7825752,46.2802941],[-80.7827713,46.2806771],[-80.7833663,46.2817056],[-80.7846943,46.284046],[-80.7861155,46.2865818],[-80.7871328,46.2883786],[-80.7883109,46.2904971],[-80.7886682,46.2911499],[-80.7889206,46.2916214],[-80.7891155,46.2920169],[-80.789289,46.2923957],[-80.7894383,46.2927723],[-80.7895986,46.2931847],[-80.7901521,46.2945843],[-80.7902228,46.2947614],[-80.7908999,46.2965332],[-80.7911021,46.2970545],[-80.7913357,46.2976657],[-80.7915711,46.2982672],[-80.792317,46.3002038],[-80.7930541,46.3021203],[-80.794305,46.3053652],[-80.7955969,46.3087157],[-80.7965474,46.3111744],[-80.7977824,46.3143714],[-80.797937,46.3147639],[-80.7980695,46.3151364],[-80.7981868,46.3154591],[-80.7983163,46.3158377],[-80.7984475,46.3162356],[-80.7985547,46.3166457],[-80.7986726,46.317161],[-80.7987664,46.3176731],[-80.7988198,46.3181083],[-80.7988473,46.3184875],[-80.7988666,46.3188362],[-80.7988778,46.3192009],[-80.7988748,46.3195264],[-80.7988557,46.319875],[-80.7988349,46.320176],[-80.7987943,46.3205891],[-80.7987499,46.320897],[-80.798703,46.3211914],[-80.7986355,46.3215356],[-80.7985542,46.3218747],[-80.7984636,46.3222085],[-80.7983595,46.322562],[-80.7982567,46.322892],[-80.79811,46.3233282],[-80.7974167,46.3254535],[-80.7972718,46.3258658],[-80.7971071,46.3263871],[-80.7969643,46.3267968],[-80.7968393,46.3272086],[-80.7967183,46.3276265],[-80.7965009,46.3284022],[-80.7961632,46.32969],[-80.795765,46.3314176],[-80.7956515,46.3319453],[-80.795566,46.3323758],[-80.7954942,46.3327946],[-80.7953787,46.3334675],[-80.7952937,46.3340519],[-80.7951146,46.3354174],[-80.7950593,46.3359281],[-80.7950039,46.3365129],[-80.7949588,46.3370936],[-80.7948809,46.3382859],[-80.7946953,46.3417799],[-80.794658,46.3422844],[-80.7946031,46.342791],[-80.7945503,46.3432578],[-80.7944706,46.3437608],[-80.7943783,46.3442913],[-80.7942901,46.3447739],[-80.7937614,46.347178],[-80.7935266,46.3482627],[-80.7934257,46.3487516],[-80.7933709,46.349092],[-80.7933376,46.3493959],[-80.7933344,46.3497168],[-80.7933722,46.3500339],[-80.7934269,46.3503297],[-80.7935279,46.3506387],[-80.793645,46.3508986],[-80.7938116,46.351207],[-80.7940004,46.3515041],[-80.7948948,46.3528136],[-80.7954428,46.3536196],[-80.7960019,46.3544415],[-80.7963077,46.3548726],[-80.7966375,46.355298],[-80.7970152,46.3557352],[-80.7978751,46.3566534],[-80.798163,46.3569596],[-80.7983915,46.3572216],[-80.7985674,46.3574653],[-80.7987176,46.3577374],[-80.7988419,46.3580145],[-80.7989609,46.3583391],[-80.7991254,46.3587746],[-80.7992419,46.3590549],[-80.7993887,46.3593007],[-80.7995773,46.359535],[-80.7998189,46.3597841],[-80.8001261,46.360021],[-80.8004398,46.3602308],[-80.8008174,46.3604509],[-80.8012242,46.3606366],[-80.8016534,46.3607901],[-80.8026106,46.3610848],[-80.803294,46.3612745],[-80.8038496,46.3614599],[-80.8043323,46.3616404],[-80.8047908,46.3618392],[-80.8051998,46.3620649],[-80.8055894,46.3623171],[-80.8059359,46.3625646],[-80.8062229,46.3628025],[-80.8064948,46.3630713],[-80.8067549,46.363351],[-80.8069794,46.3636549],[-80.8071587,46.3639336],[-80.8073066,46.364217],[-80.8074059,46.3644732],[-80.8074934,46.3647651],[-80.8075458,46.3650273],[-80.8075833,46.365309],[-80.8075919,46.3656089],[-80.8075656,46.365932],[-80.8075091,46.3662565],[-80.807422,46.3665827],[-80.8068428,46.368568],[-80.8067301,46.3689341],[-80.8066287,46.3692549],[-80.8065414,46.3695912],[-80.8064805,46.3699186],[-80.8064557,46.3702193],[-80.8064612,46.3705152],[-80.8064851,46.3707675],[-80.8065313,46.371039],[-80.8065929,46.3713066],[-80.8067033,46.3716496],[-80.8068307,46.3719309],[-80.8070104,46.3722511],[-80.8087769,46.374924],[-80.8091055,46.3753991],[-80.8100246,46.3767765],[-80.8102111,46.3770509],[-80.8104119,46.3773094],[-80.8106027,46.3775499],[-80.8108218,46.3778127],[-80.8118114,46.3789008],[-80.8120551,46.3791805],[-80.8122576,46.3794277],[-80.8124227,46.3796639],[-80.8126071,46.379953],[-80.8127784,46.380284],[-80.8129082,46.3805645],[-80.8130428,46.3808925],[-80.8131274,46.3811978],[-80.8131939,46.3814752],[-80.8132418,46.381781],[-80.8132639,46.3820744],[-80.8132764,46.3824012],[-80.8132613,46.3827192],[-80.8131984,46.3830772],[-80.8131899,46.3831258],[-80.8130732,46.3834948],[-80.812967,46.3837472],[-80.8128596,46.3839397],[-80.8127648,46.3840854],[-80.8126568,46.3842274],[-80.8125357,46.3843538],[-80.8124051,46.3844726],[-80.8120202,46.3847829],[-80.8119514,46.38483],[-80.8116543,46.3850335],[-80.8112454,46.385294],[-80.8108355,46.3855368],[-80.8103892,46.3857712],[-80.8099082,46.386003],[-80.8094838,46.3861827],[-80.8088507,46.3864304],[-80.8062678,46.387406],[-80.8053797,46.3877654],[-80.8048607,46.3880832],[-80.8042819,46.3885626],[-80.8027536,46.390055],[-80.8013052,46.3915967],[-80.7998712,46.3932247],[-80.7992189,46.3939753],[-80.7987649,46.3947389],[-80.7985942,46.3953975],[-80.7984638,46.3963797],[-80.7983115,46.3976259],[-80.7982156,46.3987072],[-80.7982335,46.3990099],[-80.7982814,46.3993939],[-80.7983712,46.39977],[-80.7984855,46.4001148],[-80.7985799,46.400326],[-80.7988754,46.4008756],[-80.7998389,46.4021701],[-80.8010092,46.403744],[-80.8016515,46.4045917],[-80.8018796,46.4048855],[-80.8021934,46.4052341],[-80.8025332,46.405551],[-80.8028641,46.4058247],[-80.803703,46.4063747],[-80.804466,46.4067498],[-80.8051917,46.4070219],[-80.8059132,46.4072387],[-80.8066347,46.407404],[-80.8075416,46.4076019],[-80.8087725,46.4078775],[-80.8094114,46.4079931],[-80.8099265,46.4080476],[-80.8104138,46.40805],[-80.8109104,46.4080201],[-80.8116241,46.4079031],[-80.8123098,46.4077281],[-80.8147756,46.4069696],[-80.8168319,46.4064309],[-80.8177839,46.4063036],[-80.8186025,46.4063715],[-80.8194145,46.4065908],[-80.8199838,46.4068172],[-80.8204789,46.407133],[-80.821945,46.4082182],[-80.8224684,46.4085931],[-80.8233412,46.4092491],[-80.8238596,46.4097264],[-80.8242461,46.4102349],[-80.8250112,46.4112918],[-80.8252157,46.4116356],[-80.8254184,46.4121006],[-80.825527,46.4124701],[-80.8255886,46.4129779],[-80.8256086,46.413293],[-80.8255179,46.4149549],[-80.8255089,46.4151558],[-80.8254567,46.4158934],[-80.8254499,46.416359],[-80.8254834,46.416785],[-80.8255276,46.4170464],[-80.8255944,46.417346],[-80.8257943,46.4178626],[-80.8262693,46.4189489],[-80.8272459,46.421084],[-80.8278082,46.4223318],[-80.8283306,46.4234693],[-80.8289274,46.4247933],[-80.8295455,46.4261337],[-80.8307407,46.4287804],[-80.8311479,46.4296131],[-80.831644,46.4304985],[-80.8328309,46.4322614],[-80.8336172,46.4334048],[-80.8339186,46.4338244],[-80.8342781,46.4343248],[-80.8344479,46.4345842],[-80.8369395,46.4381321],[-80.8408268,46.4439083],[-80.8411973,46.4446351],[-80.8413318,46.4455723],[-80.8410294,46.4468855],[-80.8410494,46.4476715],[-80.8411925,46.4484443],[-80.842191,46.4502679],[-80.843043,46.4514149],[-80.8444381,46.45279],[-80.8447134,46.4531297],[-80.8449008,46.4534247],[-80.8451008,46.4539807],[-80.8451294,46.4543611],[-80.8451144,46.4547273],[-80.8449751,46.4553645],[-80.8448655,46.4556356],[-80.8446902,46.4559296],[-80.8444361,46.4561965],[-80.8442368,46.4563888],[-80.8437919,46.45672],[-80.8431774,46.4570749],[-80.8422739,46.4574797],[-80.8396692,46.4584941],[-80.8387288,46.4588724],[-80.8381494,46.4591515],[-80.8377479,46.4593885],[-80.8371357,46.4598594],[-80.8365932,46.4603027],[-80.834241,46.4624246],[-80.8334856,46.463012],[-80.8324474,46.463585],[-80.8310241,46.4642653],[-80.830674,46.4644547],[-80.830371,46.4646542],[-80.8301121,46.4648759],[-80.829896,46.4651494],[-80.8298246,46.4652688],[-80.8297446,46.4654202],[-80.8296659,46.4656477],[-80.8296078,46.4658396],[-80.8295903,46.4660076],[-80.8296696,46.4667753],[-80.829726,46.4670314],[-80.8298409,46.4677789],[-80.8298416,46.4681224],[-80.829818,46.4684906],[-80.8296751,46.469132],[-80.8295567,46.4694693],[-80.829367,46.4698463],[-80.8290797,46.4702954],[-80.8287046,46.4707691],[-80.8283658,46.4711053],[-80.827949,46.4714663],[-80.8276076,46.4717319],[-80.8260279,46.4728913],[-80.8250938,46.4735259],[-80.8244957,46.4739859],[-80.8238587,46.4744375],[-80.8231576,46.4749988],[-80.8221934,46.475706],[-80.8217821,46.4760073],[-80.8214684,46.4763311],[-80.8211554,46.476724],[-80.8210186,46.4770207],[-80.8209354,46.4773065],[-80.8209046,46.4775864],[-80.8209181,46.477882],[-80.8209741,46.4782047],[-80.8211162,46.4785485],[-80.8212999,46.4788489],[-80.8214043,46.4789936],[-80.8215251,46.4791544],[-80.8218365,46.47958],[-80.8221985,46.4800882],[-80.8223319,46.4803037],[-80.8228363,46.4810896],[-80.8231454,46.4815689],[-80.8234171,46.4819567],[-80.8236652,46.4822953],[-80.8239302,46.4825905],[-80.8242746,46.4828764],[-80.824677,46.4831608],[-80.825028,46.4833433],[-80.8254114,46.4835125],[-80.8261402,46.4837152],[-80.8268244,46.4838433],[-80.8273708,46.4839308],[-80.8278839,46.4839955],[-80.8285167,46.4841244],[-80.8292119,46.4842916],[-80.8299449,46.4845189],[-80.83041,46.4846965],[-80.8308391,46.4848928],[-80.8311004,46.4850268],[-80.8312693,46.4851133],[-80.8317108,46.4854049],[-80.8318505,46.4855021],[-80.8323967,46.4859094],[-80.8333331,46.4866452],[-80.835069,46.4880092],[-80.838366,46.4905819],[-80.8391866,46.4911999],[-80.8415288,46.4930609],[-80.8416551,46.4931787],[-80.8418559,46.4933658],[-80.8419811,46.4934826],[-80.8422351,46.4937534],[-80.8428089,46.4945322],[-80.8432697,46.4954005],[-80.8434789,46.4959453],[-80.8436131,46.4967693],[-80.8435578,46.4976396],[-80.8434298,46.4983],[-80.8432809,46.4987407],[-80.8431839,46.4989456],[-80.8422306,46.5012884],[-80.8406827,46.5050623],[-80.8403002,46.5059377],[-80.8399697,46.5067385],[-80.8396387,46.5077054],[-80.8394758,46.508277],[-80.8391944,46.5096735],[-80.8389807,46.5109887],[-80.8389672,46.5113514],[-80.839012,46.5117001],[-80.83914,46.5121347],[-80.8392996,46.5124437],[-80.8394643,46.5126851],[-80.83984,46.5131196],[-80.8402801,46.5134726],[-80.8406831,46.513735],[-80.8411347,46.5139418],[-80.8416132,46.5141301],[-80.8421998,46.5142679],[-80.844462,46.514615],[-80.8483314,46.5151283],[-80.8544096,46.5159359],[-80.8600244,46.5166916],[-80.8625503,46.5170234],[-80.8631392,46.5171036],[-80.8636927,46.5171541],[-80.8642323,46.5171937],[-80.8647759,46.5172059],[-80.8653176,46.5172019],[-80.8658731,46.5171923],[-80.866976,46.517091],[-80.8692789,46.5168361],[-80.8731161,46.5162961],[-80.8733491,46.5162644],[-80.8753381,46.5159941],[-80.8791597,46.5154866],[-80.8805351,46.515306],[-80.8812082,46.5152211],[-80.8814871,46.5151934],[-80.8818438,46.51518],[-80.8822024,46.515189],[-80.8826298,46.5152209],[-80.883046,46.5152816],[-80.8834215,46.515348],[-80.8838077,46.5154311],[-80.8842074,46.5155474],[-80.8845507,46.5156729],[-80.8848887,46.5158224],[-80.8852213,46.515983],[-80.8862266,46.5164937],[-80.8877521,46.5172964],[-80.8884238,46.5176498],[-80.8941745,46.5205223],[-80.8944985,46.5206994],[-80.8970797,46.5219955],[-80.8981488,46.5225508],[-80.899094,46.5230318],[-80.9000862,46.5235328],[-80.9006364,46.5238242],[-80.9013059,46.5241821],[-80.9021617,46.5246576],[-80.9039707,46.5256866],[-80.9054005,46.5265094],[-80.9054694,46.5265485],[-80.9062617,46.526997],[-80.9068846,46.5273588],[-80.9074985,46.5277109],[-80.9079731,46.5279927],[-80.9084256,46.5282764],[-80.9091647,46.5287669],[-80.9096196,46.5291011],[-80.9101003,46.529466],[-80.9104193,46.5297216],[-80.9105863,46.5298554],[-80.9107868,46.530026],[-80.9113362,46.5305277],[-80.9115955,46.5307748],[-80.9120361,46.5312227],[-80.9123686,46.5315836],[-80.9126702,46.5319411],[-80.913133,46.5325167],[-80.9134483,46.5329492],[-80.9138759,46.5336041],[-80.9140245,46.533854],[-80.9141427,46.5340526],[-80.9143347,46.5343584],[-80.9145067,46.534633],[-80.9161186,46.5372058],[-80.9166818,46.5382354],[-80.9176467,46.5398538],[-80.918397,46.5410715],[-80.9190548,46.5421271],[-80.9193741,46.542666],[-80.9200931,46.5438975],[-80.9207585,46.5449802],[-80.9226181,46.5480423],[-80.9244671,46.5510524],[-80.9248169,46.5514872],[-80.9251816,46.5518681],[-80.9258822,46.5525338],[-80.9264337,46.5530507],[-80.9285598,46.555081],[-80.9303291,46.5567493],[-80.9307216,46.5571449],[-80.9309971,46.5574325],[-80.9312089,46.5576846],[-80.9313768,46.5579105],[-80.9315971,46.5582368],[-80.9317649,46.5585027],[-80.9319824,46.5589033],[-80.9321087,46.5591835],[-80.9322526,46.5595321],[-80.9323728,46.5598881],[-80.9324724,46.5603108],[-80.9325448,46.5607203],[-80.9325926,46.5611725],[-80.932646,46.5619656],[-80.9327023,46.5626581],[-80.9328515,46.5647345],[-80.9329224,46.5656842],[-80.9329875,46.5665053],[-80.9330243,46.5670271],[-80.9330786,46.5674685],[-80.9331604,46.5678616],[-80.9332612,46.5681917],[-80.9333933,46.5685446],[-80.9335381,46.5688492],[-80.9336899,46.5691333],[-80.9338681,46.5694033],[-80.9341116,46.5697522],[-80.9343432,46.5700332],[-80.9346268,46.5703381],[-80.9349718,46.570667],[-80.9355937,46.5712271],[-80.9359368,46.5715393],[-80.9361952,46.5717912],[-80.9364696,46.5720949],[-80.9366798,46.5723584],[-80.9368886,46.57265],[-80.937074,46.5729597],[-80.9372253,46.573252],[-80.9373561,46.5735322],[-80.9374743,46.5738619],[-80.9375844,46.5742173],[-80.9376525,46.5745762],[-80.9376945,46.5749317],[-80.9377073,46.5752992],[-80.9377317,46.5761284],[-80.9377575,46.5772854],[-80.9377805,46.5782646],[-80.9378145,46.5790008],[-80.9378395,46.5792502],[-80.937885,46.5795238],[-80.9379543,46.5797507],[-80.9380579,46.5799817],[-80.9381983,46.5802228],[-80.9383299,46.5804157],[-80.9385484,46.5806705],[-80.9390738,46.5811965],[-80.940204,46.5822561],[-80.9425017,46.584418],[-80.9429627,46.5848502],[-80.9432019,46.5851045],[-80.9434178,46.5853528],[-80.9435938,46.5856035],[-80.9437052,46.5858066],[-80.9437874,46.5860157],[-80.9438353,46.5862607],[-80.9438428,46.586503],[-80.9438385,46.5866468],[-80.9437997,46.586833],[-80.9437462,46.5870193],[-80.9436433,46.5872547],[-80.943482,46.5875102],[-80.9432365,46.5878262],[-80.9429004,46.5881602],[-80.9422581,46.5887933],[-80.941978,46.5890856],[-80.9417327,46.5893868],[-80.9414981,46.589704],[-80.9412766,46.5900252],[-80.9411224,46.5903244],[-80.9409507,46.5907628],[-80.9407693,46.5913687],[-80.9405732,46.5920088],[-80.9402544,46.5930686],[-80.9399357,46.5941664],[-80.9397978,46.5945654],[-80.9396804,46.5948358],[-80.9395553,46.5950892],[-80.9393953,46.5953606],[-80.9392061,46.5956169],[-80.9390472,46.5957975],[-80.9388912,46.5959661],[-80.9387165,46.596134],[-80.9385506,46.5962919],[-80.9383245,46.5964739],[-80.9380283,46.596672],[-80.9377222,46.5968429],[-80.937416,46.5970018],[-80.9368857,46.597229],[-80.9363728,46.597436],[-80.9357932,46.5976822],[-80.9352486,46.5979403],[-80.9347733,46.5982114],[-80.9343714,46.5984785],[-80.9340512,46.5987217],[-80.9338093,46.5989426],[-80.9334995,46.5992426],[-80.9332177,46.5995706],[-80.9329968,46.5998625],[-80.9328085,46.6001745],[-80.9325464,46.6007748],[-80.9320506,46.6026624],[-80.9315676,46.6045645],[-80.9312578,46.6058102],[-80.9310388,46.6067505],[-80.9309525,46.6072167],[-80.9308618,46.607802],[-80.9307677,46.6085053],[-80.9305794,46.6099029],[-80.9304314,46.6109535],[-80.9302224,46.6125586],[-80.9298647,46.6152344],[-80.9296689,46.616644],[-80.9295069,46.6179218],[-80.9292213,46.6201117],[-80.9289532,46.6220953],[-80.9286948,46.6235159],[-80.9283495,46.626565],[-80.9270303,46.635853],[-80.9250728,46.6502853],[-80.9248969,46.651762],[-80.9247503,46.6525304],[-80.9246171,46.6531853],[-80.9244385,46.6539187],[-80.9242643,46.6546214],[-80.9238694,46.6562225],[-80.9229274,46.6599505],[-80.9218779,46.6639582],[-80.9216047,46.6651845],[-80.9202065,46.6705976],[-80.9184333,46.6775972],[-80.9174967,46.6812254],[-80.9172411,46.6823095],[-80.9169631,46.6834886],[-80.916886,46.6838155],[-80.9166952,46.6841872],[-80.9166711,46.6845719],[-80.9167116,46.6849745],[-80.9167808,46.6854084],[-80.9175664,46.687154],[-80.9187179,46.689441],[-80.9193547,46.6908941],[-80.9205217,46.6932737],[-80.9213656,46.695053],[-80.9215626,46.6953577],[-80.9220892,46.6960051],[-80.9233396,46.6973723],[-80.92439,46.6985647],[-80.9246693,46.6990068],[-80.9248583,46.6993505],[-80.925012,46.6997137],[-80.9251565,46.7001472],[-80.9252341,46.7009184],[-80.9252704,46.7021108],[-80.9253045,46.7027224],[-80.9252959,46.7032594],[-80.9252107,46.7040162],[-80.9251379,46.7043273],[-80.9250798,46.7045356],[-80.9249968,46.7047328],[-80.9242258,46.706399],[-80.9238964,46.7072156],[-80.9236432,46.7076919],[-80.9233711,46.7082849],[-80.9232776,46.7086193],[-80.9232736,46.7088167],[-80.9233061,46.7090213],[-80.9234177,46.7093166],[-80.9235663,46.7095445],[-80.9237055,46.7097072],[-80.9239137,46.7098812],[-80.9242766,46.7101206],[-80.9247435,46.710294],[-80.9252693,46.7104077],[-80.9264628,46.710572],[-80.9296359,46.7110743],[-80.9309317,46.7112815],[-80.9363617,46.7121552],[-80.9485447,46.7141038],[-80.9490616,46.7142236],[-80.9494299,46.7143089],[-80.9500955,46.7145191],[-80.9506595,46.7147823],[-80.9511302,46.7150411],[-80.9513978,46.7152615],[-80.9517353,46.7156243],[-80.9519319,46.7159428],[-80.952029,46.7161672],[-80.9521079,46.7164147],[-80.9521552,46.7168015],[-80.952147,46.7171321],[-80.9520021,46.7177849],[-80.9517887,46.718741],[-80.9516836,46.7191245],[-80.9515075,46.7196628],[-80.9513903,46.7201953],[-80.9511068,46.7212986],[-80.9510546,46.7214782],[-80.9508692,46.7221925],[-80.950705,46.7228073],[-80.9503477,46.7244001],[-80.950277,46.7248666],[-80.9502734,46.7254229],[-80.9503108,46.7261999],[-80.9504475,46.7266771],[-80.9506762,46.7274269],[-80.9511015,46.7288171],[-80.9513424,46.7296338],[-80.951371,46.7300123],[-80.951391,46.7303698],[-80.9513788,46.7306479],[-80.9513344,46.7311992],[-80.9510259,46.7324544],[-80.950523,46.7343534],[-80.9502787,46.7353345],[-80.9501073,46.7363815],[-80.9500882,46.7374502],[-80.9501333,46.7384099],[-80.9502754,46.7394084],[-80.9504671,46.7402743],[-80.950615,46.7408197],[-80.9506969,46.7412148],[-80.9509016,46.7422021],[-80.9509987,46.7426609],[-80.9512712,46.7443372],[-80.9515575,46.7457231],[-80.9516568,46.7461215],[-80.9518346,46.7468342],[-80.9519059,46.7473423],[-80.9519186,46.7478332],[-80.9518911,46.74835],[-80.9518184,46.7488125],[-80.9516629,46.7493486],[-80.9515201,46.7497611],[-80.9510766,46.7509797],[-80.9508115,46.7516742],[-80.9506939,46.7520636],[-80.9506201,46.7524469],[-80.9505769,46.752875],[-80.950584,46.7533428],[-80.9506806,46.7540639],[-80.9507865,46.7549197],[-80.9508036,46.7556177],[-80.9507938,46.7560726],[-80.9507234,46.7573452],[-80.9507054,46.7579755],[-80.9506355,46.7594851],[-80.9506004,46.7604798],[-80.9505709,46.7614359],[-80.9504951,46.7629915],[-80.950451,46.7637228],[-80.9504003,46.7646114],[-80.9503977,46.7650847],[-80.9503433,46.7656716],[-80.9499399,46.7669762],[-80.9498541,46.7672742],[-80.9497096,46.7678596],[-80.9496348,46.768331],[-80.9495731,46.7689701],[-80.9495842,46.7693686],[-80.9495007,46.770102],[-80.9494248,46.7708973],[-80.9493314,46.7715558],[-80.9493053,46.7719994],[-80.949228,46.7727889],[-80.9490955,46.7736875],[-80.9490321,46.7743471],[-80.949023,46.7749001],[-80.9490814,46.7753047],[-80.9491918,46.775693],[-80.9493026,46.7759656],[-80.9494288,46.7762275],[-80.9496065,46.7765226],[-80.9498322,46.7768178],[-80.9500631,46.7770982],[-80.9504598,46.7775415],[-80.9508918,46.778021],[-80.9511312,46.7783394],[-80.9512674,46.7785745],[-80.9514396,46.7790495],[-80.9515121,46.7794078],[-80.9515535,46.7797416],[-80.9515334,46.7799844],[-80.951498,46.7803041],[-80.9514226,46.7805457],[-80.951343,46.7808011],[-80.9510644,46.7814127],[-80.9506686,46.7821185],[-80.9505738,46.7824035],[-80.9504708,46.7827733],[-80.9503976,46.783323],[-80.9503524,46.7840244],[-80.9501645,46.7853492],[-80.9500208,46.7865967],[-80.9498987,46.787565],[-80.9498248,46.7883022],[-80.9498148,46.788362],[-80.9497673,46.7889204],[-80.9497344,46.7893591],[-80.949717,46.7897833],[-80.9497607,46.7902044],[-80.9498321,46.7905821],[-80.9498913,46.7908244],[-80.9499867,46.7911495],[-80.9501785,46.7917922],[-80.9503729,46.7925156],[-80.9504849,46.7929672],[-80.9505678,46.7932796],[-80.9505923,46.7935896],[-80.9505875,46.7938357],[-80.9505844,46.7941718],[-80.9505548,46.794434],[-80.9504698,46.7948345],[-80.9501916,46.7957779],[-80.9498854,46.7968003],[-80.9494836,46.7981847],[-80.9493764,46.7987513],[-80.949345,46.7991058],[-80.9493266,46.7995583],[-80.9493395,46.7998694],[-80.9493679,46.8001679],[-80.9494885,46.800718],[-80.9495987,46.8011179],[-80.9497307,46.8014693],[-80.9498677,46.801785],[-80.95008,46.8022043],[-80.9503916,46.802648],[-80.9505603,46.8028723],[-80.9508628,46.8032204],[-80.9512716,46.8036542],[-80.9519094,46.8042808],[-80.9522801,46.8046379],[-80.9528152,46.8051757],[-80.9530758,46.8055012],[-80.9534851,46.8061869],[-80.9537278,46.8066777],[-80.9539,46.8071968],[-80.9540717,46.8077537],[-80.9543092,46.8085421],[-80.9544457,46.8089381],[-80.9545679,46.8092662],[-80.9546945,46.8095744],[-80.9548656,46.8099475],[-80.955028,46.8102506],[-80.9552403,46.8105913],[-80.9556349,46.8112082],[-80.9560793,46.8119241],[-80.9565452,46.8126617],[-80.9573439,46.8139206],[-80.9585686,46.8159149],[-80.9587684,46.8162802],[-80.9589341,46.816675],[-80.9592513,46.8177212],[-80.9592907,46.8180074],[-80.959361,46.818431],[-80.9593614,46.8186631],[-80.9592126,46.8199465],[-80.9590377,46.820975],[-80.9589274,46.8217091],[-80.9588844,46.8221498],[-80.9589009,46.8226272],[-80.9589834,46.8231138],[-80.9590951,46.8234402],[-80.9593543,46.8240397],[-80.9600627,46.8251212],[-80.960352,46.8255919],[-80.9605558,46.8259236],[-80.9614436,46.8275427],[-80.9618058,46.8284233],[-80.9619312,46.8288459],[-80.9622286,46.8298672],[-80.9624407,46.8307398],[-80.9625349,46.8312744],[-80.9625697,46.8314345],[-80.9627147,46.8319494],[-80.9628664,46.8324525],[-80.9630485,46.8332818],[-80.9631758,46.8338158],[-80.9632945,46.8343062],[-80.9634838,46.8348952],[-80.9637549,46.8355069],[-80.9641292,46.8361142],[-80.9644214,46.8365175],[-80.964657,46.8367983],[-80.9648244,46.8370017],[-80.9650863,46.8372509],[-80.9654419,46.8375684],[-80.9657726,46.837846],[-80.9661369,46.8381316],[-80.9664336,46.838344],[-80.9668617,46.8386107],[-80.9672195,46.838812],[-80.9677877,46.8391434],[-80.9695745,46.8401328],[-80.9707198,46.8407867],[-80.9717715,46.8413842],[-80.9724781,46.8417825],[-80.972927,46.8420872],[-80.9732983,46.8424326],[-80.9735452,46.8427407],[-80.9737678,46.8431213],[-80.9742521,46.8440772],[-80.9747055,46.8448801],[-80.9749621,46.8453673],[-80.9752121,46.8458187],[-80.9753906,46.846137],[-80.9757818,46.8466362],[-80.9761958,46.8470656],[-80.9766264,46.847437],[-80.9770971,46.8477846],[-80.9778268,46.8482578],[-80.9782507,46.8484998],[-80.9786735,46.8487046],[-80.9791332,46.8489031],[-80.979879,46.8491771],[-80.9806741,46.8494041],[-80.9813565,46.8495984],[-80.9825358,46.8499723],[-80.9832403,46.8502716],[-80.9839617,46.8506613],[-80.9843797,46.8509491],[-80.9846946,46.8511881],[-80.9852423,46.8517045],[-80.9855678,46.8520768],[-80.9859982,46.8527224],[-80.9863682,46.8532875],[-80.9869352,46.8540999],[-80.987273,46.8545895],[-80.9873853,46.8547355],[-80.9875737,46.8549291],[-80.9879951,46.8553113],[-80.9884057,46.8556546],[-80.9888318,46.8559718],[-80.9890722,46.8561717],[-80.989385,46.8564747],[-80.9897325,46.8568847],[-80.9901547,46.8574191],[-80.9906266,46.8579141],[-80.9908984,46.8581912],[-80.9913763,46.8586065],[-80.9917122,46.8588732],[-80.9920014,46.8590814],[-80.9924254,46.8593552],[-80.992808,46.8595859],[-80.9936945,46.8600975],[-80.9941573,46.8603768],[-80.9944627,46.8605964],[-80.9948649,46.8609305],[-80.9952698,46.8613358],[-80.9955082,46.8616678],[-80.9956603,46.8619489],[-80.995768,46.8622234],[-80.9958876,46.8626823],[-80.9959639,46.8630929],[-80.9960559,46.8637704],[-80.9961419,46.8645822],[-80.9962268,46.8654328],[-80.996318,46.8665428],[-80.9963955,46.8674005],[-80.9964538,46.8680567],[-80.9964699,46.8682656],[-80.9966402,46.8696033],[-80.9966986,46.8702757],[-80.9967788,46.871052],[-80.99676,46.8718768],[-80.9967148,46.8721683],[-80.9966634,46.8724034],[-80.9965323,46.8728067],[-80.9962885,46.873325],[-80.9961244,46.8736266],[-80.9957978,46.8740974],[-80.9954497,46.8746387],[-80.9950184,46.8752465],[-80.9946844,46.8756395],[-80.9943421,46.8759235],[-80.9939713,46.8761151],[-80.993571,46.8763027],[-80.9930809,46.8764978],[-80.9924127,46.8767847],[-80.9917052,46.8772438],[-80.9913131,46.8776254],[-80.9910863,46.8779286],[-80.990903,46.8783309],[-80.9908271,46.8787508],[-80.9908412,46.8791317],[-80.990916,46.8794844],[-80.9910146,46.8798318],[-80.9911841,46.880434],[-80.9912574,46.8809908],[-80.9912159,46.8812609],[-80.9911585,46.8814753],[-80.9908594,46.8822506],[-80.9906466,46.8829468],[-80.9906365,46.8833298],[-80.990667,46.8836037],[-80.9907083,46.884091],[-80.9906903,46.8845863],[-80.9906546,46.8849275],[-80.9906011,46.8853839],[-80.9905169,46.8860638],[-80.9904229,46.8867637],[-80.9903126,46.8873341],[-80.9901376,46.8878018],[-80.9897264,46.8885934],[-80.9894794,46.8891013],[-80.9894019,46.8893262],[-80.9893771,46.8896034],[-80.9893768,46.8898656],[-80.9894389,46.8901023],[-80.9895148,46.8902882],[-80.9896725,46.8905602],[-80.9899059,46.890873],[-80.9901481,46.8910832],[-80.9904886,46.891339],[-80.9907619,46.8914955],[-80.9909847,46.8916009],[-80.9913561,46.8917389],[-80.9919186,46.8918842],[-80.992323,46.891942],[-80.9927534,46.8919587],[-80.9930402,46.8919521],[-80.9933478,46.8919342],[-80.9936934,46.8918838],[-80.9941835,46.8917947],[-80.9945134,46.8916603],[-80.9950219,46.8914379],[-80.996076,46.890867],[-80.9982785,46.8897153],[-80.9987436,46.8895212],[-80.9991682,46.8894113],[-80.9995657,46.8893453],[-80.9998809,46.8893046],[-81.0001649,46.8893037],[-81.0005879,46.889315],[-81.000934,46.8893513],[-81.0013345,46.8894423],[-81.001671,46.8895316],[-81.0020772,46.8896893],[-81.0023757,46.8898466],[-81.0026661,46.8900413],[-81.0029074,46.8902417],[-81.0031742,46.8904977],[-81.0038414,46.8911765],[-81.0047189,46.8920809],[-81.0059083,46.8933259],[-81.0062682,46.8936877],[-81.0065501,46.8939397],[-81.0068869,46.8941576],[-81.0072333,46.8943497],[-81.0080335,46.8947546],[-81.0092547,46.8953836],[-81.0107816,46.8961757],[-81.0112838,46.8964027],[-81.0117274,46.8965577],[-81.0121976,46.8966754],[-81.0125777,46.8967471],[-81.0129345,46.8967934],[-81.0132585,46.8968171],[-81.0145153,46.8968225],[-81.0164427,46.8968153],[-81.018147,46.8968137],[-81.0185515,46.8968355],[-81.0188784,46.8968696],[-81.0193319,46.896944],[-81.0198566,46.8970933],[-81.0204558,46.8973484],[-81.0208629,46.8975993],[-81.0212547,46.8978977],[-81.0223233,46.8988476],[-81.0228637,46.8994094],[-81.0231625,46.8997723],[-81.0234116,46.9000358],[-81.0236884,46.900244],[-81.0239662,46.9004393],[-81.0242289,46.9005778],[-81.0246084,46.9007382],[-81.0250991,46.9008773],[-81.0258573,46.9010474],[-81.0265402,46.9011322],[-81.0268108,46.9011597],[-81.0288937,46.9014664],[-81.0305259,46.9016847],[-81.0317093,46.9017608],[-81.0334162,46.9017525],[-81.0341537,46.9018256],[-81.0348261,46.9019832],[-81.039397,46.90346],[-81.0403114,46.9039622],[-81.0411815,46.9046024],[-81.0420458,46.9050145],[-81.0428126,46.9053288],[-81.0435642,46.9057871],[-81.0440393,46.9062562],[-81.0443712,46.906712],[-81.0446531,46.9074088],[-81.0447237,46.9080901],[-81.0441568,46.9095806],[-81.0438181,46.9103302],[-81.0436455,46.9107117],[-81.0435737,46.9111577],[-81.0435826,46.9114477],[-81.0438192,46.9123598],[-81.0447546,46.9160308],[-81.0451997,46.9184968],[-81.0455073,46.9201731],[-81.0458961,46.9209962],[-81.0477449,46.9236513],[-81.0478818,46.9238506],[-81.0481893,46.9243084],[-81.0484802,46.9247477],[-81.0486855,46.9249961],[-81.0489685,46.9252581],[-81.0494012,46.925498],[-81.0499738,46.9257223],[-81.0508262,46.9259021],[-81.0525407,46.9261041],[-81.053221,46.9262266],[-81.0537702,46.9263995],[-81.054225,46.92659],[-81.0548545,46.9269809],[-81.05604,46.9280262],[-81.0565877,46.9285855],[-81.0572406,46.929177],[-81.0586203,46.9304246],[-81.0599185,46.9316355],[-81.0608175,46.9325839],[-81.061605,46.9336173],[-81.0623207,46.9346375],[-81.0628567,46.9353307],[-81.063369,46.9358335],[-81.064936,46.9374188],[-81.0657701,46.9382973],[-81.0661892,46.9387439],[-81.0665784,46.9391656],[-81.0668853,46.9394585],[-81.067556,46.940142],[-81.0690256,46.9408818],[-81.0695173,46.9411556],[-81.070024,46.941715],[-81.070299,46.9426115],[-81.0705281,46.9432],[-81.0709514,46.9437094],[-81.0713895,46.9440939],[-81.072052,46.9444712],[-81.0727396,46.9447505],[-81.0732827,46.9449133],[-81.0738295,46.9450493],[-81.0744914,46.9452793],[-81.0750749,46.9455657],[-81.075868,46.9462105],[-81.076188,46.9467503],[-81.0763324,46.947058],[-81.0764172,46.9477072],[-81.0765113,46.9483703],[-81.0766049,46.9487401],[-81.0767769,46.9490882],[-81.077038,46.949429],[-81.0773581,46.949778],[-81.0778417,46.9501455],[-81.0789324,46.9511254],[-81.0794659,46.9517688],[-81.0803787,46.953853],[-81.0807497,46.9547089],[-81.0811594,46.9554352],[-81.0817391,46.9559931],[-81.0822109,46.9563483],[-81.0826137,46.9565873],[-81.0832604,46.9568854],[-81.0839294,46.9571364],[-81.0846743,46.9573313],[-81.0853281,46.9574673],[-81.0862041,46.9576828],[-81.0868034,46.9579178],[-81.0872869,46.9581976],[-81.0876518,46.9584831],[-81.0881621,46.9591876],[-81.0883861,46.959846],[-81.0885152,46.9605529],[-81.0887366,46.961479],[-81.0888988,46.9618864],[-81.0891125,46.9622264],[-81.0894116,46.9625453],[-81.0898136,46.9628392],[-81.090453,46.9631791],[-81.0910538,46.9634181],[-81.0921553,46.9638981],[-81.0927082,46.9641674],[-81.0929953,46.9643709],[-81.0933018,46.9646169],[-81.0936364,46.9650299],[-81.0938852,46.9653786],[-81.0946772,46.966461],[-81.0950174,46.9669656],[-81.0953126,46.9673384],[-81.0956068,46.967796],[-81.0958214,46.9685166],[-81.0960309,46.9693851],[-81.0962043,46.9698911],[-81.09647,46.9702082],[-81.0974543,46.9712679],[-81.0984728,46.9723319],[-81.0989747,46.9727986],[-81.0995345,46.9731803],[-81.1009038,46.973875],[-81.1017151,46.9743588],[-81.1020881,46.9746948],[-81.1024664,46.9751637],[-81.1036265,46.9768853],[-81.1045473,46.9779152],[-81.1052287,46.9785048],[-81.1059595,46.9790432],[-81.1084052,46.9807954],[-81.1110014,46.9826174],[-81.1140876,46.984863],[-81.1160083,46.9858378],[-81.1185406,46.9867739],[-81.1209352,46.9876146],[-81.1234205,46.9885093],[-81.1252557,46.9890422],[-81.130919,46.990255],[-81.13508,46.99165],[-81.138753,46.992794],[-81.141621,46.993904],[-81.143638,46.995142],[-81.146054,46.996932],[-81.149499,46.998645],[-81.1531,46.999841],[-81.1614266,47.0025456],[-81.1624138,47.0029481],[-81.1628689,47.0032394],[-81.1639592,47.0043955],[-81.1647271,47.0064467],[-81.1656198,47.0080798],[-81.1661769,47.008527],[-81.1666917,47.0088545],[-81.17382,47.011941],[-81.176156,47.012864],[-81.180084,47.013999],[-81.182665,47.015169],[-81.1835227,47.0159886],[-81.1842033,47.0166084],[-81.184831,47.017016],[-81.185439,47.017273],[-81.1890771,47.0185273],[-81.1896872,47.018719],[-81.1902867,47.0187842],[-81.1908863,47.0188127],[-81.1914842,47.0187991],[-81.1922881,47.0186998],[-81.1934832,47.0185598],[-81.194293,47.0185389],[-81.1952755,47.0186758],[-81.1958109,47.018876],[-81.1965749,47.0192677],[-81.1976949,47.0199651],[-81.199511,47.021832],[-81.200603,47.0242017],[-81.2008008,47.0247054],[-81.2011418,47.025286],[-81.2018991,47.0259464],[-81.2027111,47.0264425],[-81.203871,47.0269936],[-81.2048619,47.0274737],[-81.2060454,47.0284978],[-81.207307,47.0301426],[-81.208295,47.0307897],[-81.2112795,47.0321498],[-81.2124449,47.0326909],[-81.2129285,47.0329345],[-81.2134195,47.0333666],[-81.213904,47.0340639],[-81.2143614,47.0347623],[-81.2151398,47.03586],[-81.2162626,47.0369302],[-81.2170153,47.0374244],[-81.2180705,47.0383055],[-81.2199793,47.0397522],[-81.2224625,47.0419395],[-81.224269,47.04432],[-81.2247618,47.0472284],[-81.2251108,47.0498516],[-81.226145,47.05566],[-81.226339,47.057733],[-81.225762,47.059831],[-81.225711,47.060851],[-81.225862,47.061382],[-81.227299,47.06327],[-81.227538,47.065004],[-81.228266,47.06705],[-81.2289513,47.0689219],[-81.2294505,47.0707099],[-81.2300172,47.0724158],[-81.2301336,47.0728575],[-81.2301709,47.0733635],[-81.2300497,47.0743662],[-81.2300617,47.07502],[-81.2301441,47.0752669],[-81.2303208,47.0756772],[-81.2317805,47.0773029],[-81.2325111,47.0780348],[-81.233079,47.0784319],[-81.2334641,47.0786343],[-81.2339233,47.0788201],[-81.2344767,47.0789973],[-81.2364838,47.0795659],[-81.2369869,47.0797319],[-81.237503,47.0799555],[-81.2381862,47.0803628],[-81.2385539,47.0806333],[-81.2389157,47.0809672],[-81.2393856,47.0814979],[-81.2395879,47.0819732],[-81.2399575,47.0835552],[-81.2404258,47.0863333],[-81.2407917,47.0887695],[-81.2409663,47.089322],[-81.2412254,47.0898159],[-81.2417098,47.0903888],[-81.242265,47.090897],[-81.2429801,47.0914171],[-81.2448804,47.092802],[-81.2459796,47.0938566],[-81.2470007,47.0949933],[-81.2488638,47.0970743],[-81.250866,47.098748],[-81.2535753,47.1004736],[-81.2540759,47.1008545],[-81.2557771,47.1028274],[-81.2576141,47.1049953],[-81.2583341,47.1058508],[-81.2588633,47.1063246],[-81.2590413,47.1064608],[-81.259271,47.1066176],[-81.2603938,47.1072941],[-81.2620946,47.1080994],[-81.262985,47.1087126],[-81.265492,47.111403],[-81.2697853,47.1165992],[-81.2701044,47.1171101],[-81.2701395,47.1179566],[-81.2699939,47.119402],[-81.269866,47.120029],[-81.2699155,47.1207633],[-81.2702507,47.1214664],[-81.270852,47.121995],[-81.272006,47.12282],[-81.27493,47.124408],[-81.2759516,47.1251259],[-81.277052,47.125817],[-81.2795778,47.1267454],[-81.2807252,47.1273852],[-81.2813698,47.1280988],[-81.2817153,47.1291245],[-81.2819815,47.1301964],[-81.2831008,47.131461],[-81.284356,47.132741],[-81.2851154,47.1340763],[-81.2855404,47.1347285],[-81.285988,47.135088],[-81.286758,47.135541],[-81.288608,47.136027],[-81.291342,47.136488],[-81.294039,47.137439],[-81.29721,47.139128],[-81.298963,47.13986],[-81.300479,47.140264],[-81.30298,47.141234],[-81.304636,47.143312],[-81.304957,47.144313],[-81.306896,47.149633],[-81.307782,47.151699],[-81.309627,47.153788],[-81.309949,47.154015],[-81.3110372,47.1546514],[-81.312514,47.154922],[-81.323364,47.15607],[-81.3242047,47.1562448],[-81.3249167,47.156513],[-81.326315,47.157096],[-81.328985,47.158483],[-81.329843,47.15871],[-81.3310003,47.1588522],[-81.3317564,47.1588448],[-81.3327442,47.1587815],[-81.334391,47.158533],[-81.338046,47.157557],[-81.3395525,47.1572288],[-81.3405998,47.1571048],[-81.3413531,47.1571074],[-81.3420892,47.1571742],[-81.3432738,47.157349],[-81.3444241,47.1576668],[-81.3459882,47.1581054],[-81.3466008,47.1582298],[-81.3473077,47.1582959],[-81.3502225,47.1582907],[-81.3516756,47.1582823],[-81.3530428,47.1582681],[-81.3541548,47.1582663],[-81.3551553,47.1583637],[-81.3557031,47.1585082],[-81.3561651,47.1587286],[-81.3567443,47.1591073],[-81.357684,47.1600141],[-81.3586498,47.1607713],[-81.3593452,47.1611142],[-81.3605671,47.1615428],[-81.3616045,47.1620385],[-81.362355,47.1626567],[-81.363775,47.164051],[-81.3653442,47.1654525],[-81.366648,47.166188],[-81.374141,47.170879],[-81.376558,47.172532],[-81.3774696,47.1737071],[-81.3780854,47.1742656],[-81.378553,47.174552],[-81.3791552,47.1747711],[-81.3802151,47.1750368],[-81.382951,47.1752482],[-81.3842598,47.1753337],[-81.385401,47.17556],[-81.386177,47.175825],[-81.3868604,47.176404],[-81.3872855,47.1769073],[-81.3874913,47.1772839],[-81.387632,47.177687],[-81.3878224,47.1786967],[-81.3883994,47.1816906],[-81.388986,47.184572],[-81.3892862,47.1858102],[-81.3899867,47.1872528],[-81.3911648,47.1885571],[-81.3935767,47.1907626],[-81.401679,47.19757],[-81.4047636,47.2005845],[-81.4080554,47.2046208],[-81.4100517,47.2070741],[-81.4124595,47.2101511],[-81.4133205,47.2118003],[-81.4140212,47.2134391],[-81.4142406,47.2137849],[-81.4144424,47.2140179],[-81.4146618,47.2142389],[-81.4152338,47.2148485],[-81.4158447,47.2154485],[-81.4160225,47.215687],[-81.4165188,47.2163822],[-81.4168453,47.2170919],[-81.4170655,47.2178352],[-81.419868,47.227774],[-81.4200633,47.2284116],[-81.4206537,47.230617],[-81.4207241,47.2309179],[-81.4208317,47.2312512],[-81.4211212,47.2319034],[-81.4217542,47.2328103],[-81.4222346,47.233292],[-81.4231402,47.2340038],[-81.4243043,47.2348307],[-81.4249427,47.2352605],[-81.425414,47.2357],[-81.4258196,47.2362081],[-81.4263267,47.2370076],[-81.4267347,47.2377687],[-81.4271159,47.2382394],[-81.427671,47.238703],[-81.428311,47.239157],[-81.4288891,47.239409],[-81.4297692,47.2397031],[-81.4305349,47.2398671],[-81.431973,47.240055],[-81.433934,47.2402865],[-81.434918,47.2404527],[-81.4357427,47.2406535],[-81.4361781,47.2407727],[-81.4368445,47.240982],[-81.4371483,47.2410872],[-81.4375251,47.2412201],[-81.4382022,47.2415279],[-81.4387944,47.2417781],[-81.4412407,47.2429516],[-81.446365,47.245353],[-81.449396,47.247382],[-81.455522,47.252321],[-81.459615,47.255523],[-81.4614815,47.2565682],[-81.4664805,47.2585983],[-81.4676598,47.2590793],[-81.4726142,47.2610761],[-81.4736491,47.2615497],[-81.4745662,47.2621293],[-81.4753953,47.2628748],[-81.4760467,47.26371],[-81.4782486,47.2679713],[-81.4803726,47.2719662],[-81.4809009,47.2730349],[-81.4826505,47.2763134],[-81.4834953,47.2777841],[-81.4845681,47.2792841],[-81.4871629,47.2828247],[-81.4878289,47.2836982],[-81.4888593,47.2851045],[-81.4894116,47.2858811],[-81.4900068,47.2867449],[-81.4901538,47.2870737],[-81.4903995,47.2878539],[-81.4904594,47.2887872],[-81.490345,47.289492],[-81.489845,47.293484],[-81.4894516,47.2956324],[-81.4894003,47.2968552],[-81.4896213,47.2984538],[-81.490014,47.3000961],[-81.4904198,47.3010693],[-81.4909008,47.3020353],[-81.4920559,47.3038945],[-81.4934008,47.3059074],[-81.4946116,47.3077494],[-81.4949558,47.3082562],[-81.4959223,47.3097867],[-81.4964925,47.3105309],[-81.4970134,47.311108],[-81.4977938,47.3118671],[-81.4995882,47.3132337],[-81.5038189,47.3165029],[-81.5088746,47.3204005],[-81.5110218,47.3220693],[-81.5132656,47.3236981],[-81.5153388,47.3249373],[-81.5175943,47.3260746],[-81.5293286,47.331261],[-81.5310538,47.3320337],[-81.5320552,47.3326546],[-81.5327939,47.3333138],[-81.5335696,47.3341652],[-81.5358526,47.3368772],[-81.5372776,47.3386049],[-81.5382219,47.3395809],[-81.5393055,47.3403529],[-81.5412086,47.3414549],[-81.5420053,47.3421546],[-81.5425146,47.3429763],[-81.5428699,47.3436853],[-81.5431689,47.344278],[-81.5479108,47.353851],[-81.5482404,47.3546241],[-81.5483515,47.3551646],[-81.5483822,47.3557087],[-81.5483324,47.3562837],[-81.5480888,47.3572637],[-81.5479078,47.3578348],[-81.547716,47.3585793],[-81.5475038,47.3593638],[-81.5473893,47.3601344],[-81.5473479,47.3609161],[-81.5473942,47.361719],[-81.5474913,47.3625274],[-81.5476978,47.3640534],[-81.5478604,47.3649528],[-81.5481023,47.3665364],[-81.547974,47.368614],[-81.5478466,47.3698035],[-81.5479231,47.3710148],[-81.5483923,47.3735221],[-81.5482264,47.3747178],[-81.546977,47.377352],[-81.5448356,47.3809732],[-81.5439612,47.3823595],[-81.5436635,47.3831508],[-81.5433876,47.3839227],[-81.543491,47.390368],[-81.5428668,47.3918135],[-81.5414074,47.3942222],[-81.5407242,47.3952742],[-81.5402605,47.3967095],[-81.5400857,47.3978782],[-81.5401682,47.3988698],[-81.5403003,47.3998758],[-81.5404558,47.4009941],[-81.5406538,47.4015915],[-81.5409156,47.4021938],[-81.5411472,47.4026718],[-81.5416096,47.4033065],[-81.5425887,47.4044278],[-81.5438582,47.4057706],[-81.5441712,47.4061324],[-81.5445409,47.4064941],[-81.5448249,47.4069996],[-81.5448984,47.4072271],[-81.5449924,47.4076472],[-81.5450221,47.4078861],[-81.545005,47.4081482],[-81.5449554,47.4084213],[-81.5447649,47.4087747],[-81.5446054,47.4090611],[-81.5443805,47.4093455],[-81.5441173,47.4095879],[-81.5438814,47.4097685],[-81.5435073,47.4099656],[-81.542442,47.4105371],[-81.5418849,47.4108118],[-81.5413685,47.4111086],[-81.5409708,47.4114131],[-81.5404931,47.4118429],[-81.5403537,47.412011],[-81.5402225,47.4121872],[-81.5399943,47.4126249],[-81.5398595,47.41302],[-81.5398263,47.4132683],[-81.5398012,47.4135469],[-81.539846,47.4138376],[-81.5399152,47.4140925],[-81.5400338,47.4144547],[-81.5401581,47.4146578],[-81.5403149,47.4148829],[-81.5406014,47.4152075],[-81.5407691,47.4154],[-81.540953,47.4155595],[-81.541357,47.4159065],[-81.5415956,47.4160828],[-81.5419074,47.4162976],[-81.542542,47.41666],[-81.5431016,47.4169443],[-81.5436318,47.4171775],[-81.5443926,47.417451],[-81.5453482,47.4177673],[-81.5463281,47.4180725],[-81.550568,47.419386],[-81.5532362,47.4205571],[-81.5541572,47.421113],[-81.555895,47.422342],[-81.558504,47.425448],[-81.5654647,47.435547],[-81.5663389,47.4366714],[-81.5669362,47.4371835],[-81.5678047,47.437729],[-81.584971,47.446191],[-81.5909997,47.4491601],[-81.5970147,47.4521208],[-81.5979019,47.4525753],[-81.5987596,47.453055],[-81.5995062,47.4535231],[-81.6001034,47.4539847],[-81.6002822,47.4541298],[-81.6011904,47.4549106],[-81.6023535,47.4558661],[-81.6025951,47.4560356],[-81.603841,47.4570709],[-81.6043827,47.4576019],[-81.60549,47.4585199],[-81.6078771,47.46057],[-81.609968,47.4623275],[-81.6122091,47.4642111],[-81.616611,47.467827],[-81.6194779,47.4703518],[-81.6199606,47.4707768],[-81.620982,47.4715871],[-81.6229642,47.473301],[-81.6233102,47.473623],[-81.6235937,47.473943],[-81.6238976,47.4743796],[-81.6241921,47.4749677],[-81.6244185,47.4754621],[-81.6244998,47.4757739],[-81.6245669,47.4761577],[-81.6246465,47.4774669],[-81.6246947,47.4779755],[-81.6248019,47.4783935],[-81.6251326,47.4791201],[-81.6254948,47.4796592],[-81.6259221,47.4801708],[-81.6264828,47.4806528],[-81.6269617,47.4809858],[-81.6275043,47.4812949],[-81.6281707,47.4816423],[-81.628908,47.481937],[-81.6299098,47.4822087],[-81.6310107,47.4823895],[-81.6321718,47.4825009],[-81.6336161,47.482653],[-81.6372939,47.4830026],[-81.638819,47.4831588],[-81.64043,47.4833513],[-81.6410013,47.4835669],[-81.6415517,47.4838301],[-81.641936,47.4841038],[-81.6423231,47.4844643],[-81.642495,47.4848297],[-81.6433686,47.4878452],[-81.6438071,47.4895897],[-81.643871,47.4899341],[-81.6438855,47.4902096],[-81.6438721,47.4905539],[-81.6437894,47.4908091],[-81.6431063,47.4921695],[-81.643006,47.492551],[-81.6429553,47.4929673],[-81.642962,47.4933779],[-81.6430116,47.493642],[-81.6431194,47.494005],[-81.6432578,47.4942993],[-81.6436352,47.4948015],[-81.644057,47.495213],[-81.644284,47.4954075],[-81.6445941,47.4956079],[-81.64818,47.497622],[-81.650252,47.498788],[-81.650794,47.4991665],[-81.6513814,47.4998056],[-81.65238,47.500778],[-81.6525965,47.5009804],[-81.6529288,47.5012518],[-81.6535508,47.5016177],[-81.6540325,47.5018507],[-81.6545443,47.5020496],[-81.6552258,47.5022345],[-81.6557652,47.5023349],[-81.656347,47.5023907],[-81.6572799,47.502439],[-81.6627634,47.5022406],[-81.6653144,47.5021473],[-81.6657895,47.5021404],[-81.666345,47.502186],[-81.6670662,47.50232],[-81.667807,47.5025641],[-81.6683762,47.5027898],[-81.6688437,47.5030127],[-81.6694048,47.5033423],[-81.6697454,47.5036317],[-81.6703763,47.5042291],[-81.6709039,47.5048303],[-81.6712846,47.5054123],[-81.6714604,47.5057535],[-81.6719816,47.5073017],[-81.672146,47.5079197],[-81.6727069,47.5107507],[-81.6728818,47.5113475],[-81.6731347,47.5119212],[-81.6735649,47.512443],[-81.6739372,47.5128325],[-81.674471,47.513294],[-81.674797,47.513478],[-81.6756128,47.5138885],[-81.676327,47.5141202],[-81.6771282,47.5143044],[-81.6780811,47.5144818],[-81.6788684,47.5146639],[-81.6796101,47.5149106],[-81.6798527,47.5150481],[-81.680091,47.5151872],[-81.6803627,47.5153768],[-81.6805774,47.515563],[-81.6808808,47.5158942],[-81.6810409,47.5161146],[-81.6811269,47.516233],[-81.6821732,47.518037],[-81.6834765,47.5203341],[-81.6842891,47.5218298],[-81.6846896,47.5226058],[-81.6850334,47.5231837],[-81.6852451,47.5236409],[-81.6853515,47.5239817],[-81.6854596,47.5243385],[-81.6855113,47.5246946],[-81.6855229,47.5250307],[-81.6854619,47.5255919],[-81.6854196,47.5258996],[-81.6853212,47.5268182],[-81.6852229,47.5277349],[-81.6851495,47.5282526],[-81.685087,47.5288494],[-81.6849571,47.5297408],[-81.6849156,47.5299854],[-81.6848554,47.5302282],[-81.6847372,47.5305965],[-81.6846109,47.5309538],[-81.6843692,47.5316722],[-81.6841806,47.5320726],[-81.684035,47.5324658],[-81.6838092,47.5330346],[-81.6836049,47.5336071],[-81.6831801,47.5347592],[-81.6828427,47.5356045],[-81.6825276,47.5363591],[-81.6823726,47.536783],[-81.6822069,47.5371996],[-81.6818119,47.5382852],[-81.6816597,47.5388259],[-81.6815504,47.5393648],[-81.6815203,47.539911],[-81.6815736,47.5414523],[-81.6816008,47.5421813],[-81.6816146,47.5428994],[-81.6816884,47.5440323],[-81.6816933,47.5443474],[-81.6817045,47.544891],[-81.6817464,47.5457216],[-81.6817987,47.5464022],[-81.6818348,47.5470863],[-81.6818612,47.5473509],[-81.6819286,47.5487129],[-81.6820092,47.5493846],[-81.6821817,47.5499946],[-81.6823753,47.5504751],[-81.6826439,47.5509837],[-81.6829859,47.5515709],[-81.6833791,47.5520559],[-81.6837337,47.5524394],[-81.684297,47.553077],[-81.6897955,47.5590207],[-81.6902402,47.5595376],[-81.6903773,47.5596884],[-81.6905091,47.5598644],[-81.6909425,47.5605862],[-81.6911063,47.5610235],[-81.6912737,47.5615851],[-81.6914787,47.5621576],[-81.6919305,47.5629056],[-81.692468,47.5635921],[-81.692815,47.5640102],[-81.69328,47.5645495],[-81.6940383,47.565487],[-81.6950725,47.5667141],[-81.6960412,47.5678334],[-81.6964363,47.5682273],[-81.6968529,47.5686139],[-81.6972451,47.5689102],[-81.6984213,47.5697896],[-81.6991156,47.570312],[-81.6996968,47.5708176],[-81.7001177,47.5712833],[-81.7004113,47.5716797],[-81.7007636,47.572322],[-81.700992,47.573005],[-81.7012178,47.5743061],[-81.7014661,47.576606],[-81.7016848,47.5779118],[-81.7018648,47.5785786],[-81.7021187,47.5792287],[-81.7023559,47.5797613],[-81.702499,47.5801244],[-81.703031,47.5811362],[-81.7043557,47.5836682],[-81.705348,47.5856032],[-81.7056716,47.5866371],[-81.7056933,47.5876794],[-81.705427,47.5886678],[-81.7049758,47.5896229],[-81.7046547,47.590546],[-81.7047429,47.5932267],[-81.7049225,47.5945379],[-81.7049507,47.5953266],[-81.7047755,47.5960778],[-81.7019459,47.6010519],[-81.7004628,47.6036431],[-81.6997477,47.6053042],[-81.6994954,47.6065067],[-81.6994386,47.6076604],[-81.6995888,47.6086542],[-81.6999235,47.6097143],[-81.7004256,47.6107157],[-81.7009991,47.6115265],[-81.701602,47.612146],[-81.7023252,47.6126715],[-81.7026769,47.6130088],[-81.7030472,47.613535],[-81.7032669,47.6139469],[-81.7033305,47.6141944],[-81.7033622,47.6143917],[-81.7033477,47.6146956],[-81.7033077,47.6149464],[-81.7032023,47.6152601],[-81.7030021,47.6155571],[-81.7027366,47.615829],[-81.7021693,47.616346],[-81.7015554,47.6168063],[-81.6928682,47.6241153],[-81.6921167,47.6250043],[-81.6916065,47.6258905],[-81.6912986,47.6268124],[-81.6912181,47.627533],[-81.6913195,47.6281132],[-81.6917599,47.6295716],[-81.6928409,47.6312863],[-81.6943456,47.6338136],[-81.7085001,47.6574496],[-81.7087804,47.6586014],[-81.7088123,47.6591318],[-81.7087413,47.6596162],[-81.7086364,47.65995],[-81.7084063,47.6605283],[-81.7076137,47.6617106],[-81.7054939,47.6646389],[-81.7051187,47.6653112],[-81.7049728,47.6660276],[-81.7049999,47.6663361],[-81.7051039,47.6666418],[-81.7053056,47.6670097],[-81.7056846,47.6674519],[-81.7062329,47.6678762],[-81.7067406,47.6681281],[-81.7078662,47.6685483],[-81.7089811,47.6689509],[-81.710081,47.6693599],[-81.7122109,47.6701013],[-81.712599,47.6702395],[-81.7168662,47.6717359],[-81.7174001,47.6719175],[-81.7176096,47.6719888],[-81.7182304,47.6722326],[-81.7191694,47.6726472],[-81.7202215,47.6732491],[-81.7209161,47.673731],[-81.7225984,47.6751848],[-81.7238434,47.676273],[-81.7267419,47.6788064],[-81.7295564,47.6812617],[-81.7389268,47.6894711],[-81.7395008,47.6901178],[-81.7415994,47.6930403],[-81.7449645,47.6978465],[-81.7467806,47.7007717],[-81.7470133,47.7011054],[-81.7481381,47.7027185],[-81.7501634,47.7057934],[-81.7507478,47.7066004],[-81.7510306,47.7070915],[-81.7523341,47.7089614],[-81.7528802,47.7095718],[-81.7535138,47.7100262],[-81.7543957,47.7104558],[-81.7551494,47.7107478],[-81.7593883,47.711757],[-81.760504,47.7121594],[-81.7615678,47.712646],[-81.7686951,47.7161658],[-81.7698221,47.7169638],[-81.7706863,47.717739],[-81.7716918,47.7188811],[-81.7748534,47.7222324],[-81.7758579,47.7233184],[-81.7762482,47.7238873],[-81.7764056,47.7241529],[-81.7764767,47.7243622],[-81.7765969,47.7250105],[-81.7764507,47.7269443],[-81.7770306,47.7293823],[-81.7774337,47.7311532],[-81.7774796,47.7316199],[-81.7774265,47.7322216],[-81.7772602,47.7327372],[-81.7764622,47.7342996],[-81.7761975,47.7349669],[-81.776139,47.7352595],[-81.7761334,47.7355934],[-81.7761792,47.7359517],[-81.7762621,47.7362257],[-81.7777204,47.7405266],[-81.7794143,47.745667],[-81.7795285,47.7461868],[-81.7795414,47.7465879],[-81.7794733,47.747138],[-81.7792104,47.7478695],[-81.7789561,47.7483795],[-81.7786096,47.7489772],[-81.7784771,47.7497642],[-81.778468,47.7504062],[-81.779889,47.7536837],[-81.7809265,47.7569699],[-81.7813353,47.757843],[-81.7818905,47.7585664],[-81.7828416,47.7592437],[-81.7836918,47.759689],[-81.7955188,47.7655637],[-81.7976865,47.7666121],[-81.7982208,47.7668605],[-81.8062809,47.7708919],[-81.8068677,47.7711828],[-81.8074066,47.77145],[-81.812635,47.7740418],[-81.8132616,47.7744236],[-81.813996,47.7749164],[-81.814747,47.7755012],[-81.8157979,47.7766606],[-81.8201248,47.7841916],[-81.8217572,47.7868044],[-81.8220946,47.7875581],[-81.822276,47.7881903],[-81.82266,47.7912992],[-81.8230833,47.7932662],[-81.8237077,47.7950793],[-81.8241074,47.7966036],[-81.824617,47.8003736],[-81.8246465,47.8007624],[-81.8248128,47.8011321],[-81.8267161,47.8034706],[-81.8286081,47.8059427],[-81.8313611,47.8097656],[-81.8343595,47.8142333],[-81.8353625,47.8157476],[-81.83543,47.8161354],[-81.8356307,47.8182648],[-81.8357664,47.8189366],[-81.8358581,47.8193887],[-81.8361242,47.8199924],[-81.8366091,47.8211839],[-81.8376616,47.8260479],[-81.8387774,47.8282376],[-81.8388815,47.8304135],[-81.8389904,47.830798],[-81.8392568,47.8313052],[-81.8401601,47.832001],[-81.8415264,47.8329225],[-81.8418714,47.8332136],[-81.8422348,47.833608],[-81.8426377,47.8345259],[-81.8429901,47.836048],[-81.8432017,47.8364664],[-81.8434354,47.8368045],[-81.844001,47.837477],[-81.8453105,47.8389281],[-81.8461251,47.8398767],[-81.8469898,47.8406899],[-81.8478522,47.8413326],[-81.8488513,47.8416411],[-81.8493472,47.841725],[-81.8500183,47.8417516],[-81.8528537,47.8414892],[-81.853491,47.8414714],[-81.8541258,47.8415027],[-81.858735,47.8420136],[-81.8599559,47.8421688],[-81.861301,47.8422606],[-81.8620419,47.8422795],[-81.8626384,47.8422381],[-81.8635302,47.8420503],[-81.864212,47.8417772],[-81.8647085,47.8414389],[-81.8649569,47.841215],[-81.865304,47.8407849],[-81.8656221,47.84018],[-81.8659801,47.8393735],[-81.8662205,47.8389758],[-81.8667735,47.8384283],[-81.8673355,47.8381314],[-81.8679709,47.8378284],[-81.8694375,47.8371894],[-81.8704787,47.8366023],[-81.8719939,47.8356704],[-81.8726347,47.8353154],[-81.87335,47.8349843],[-81.8739788,47.8347687],[-81.8746453,47.8345828],[-81.8757705,47.8343453],[-81.8764185,47.8343265],[-81.8769785,47.834324],[-81.8778599,47.8344376],[-81.878715,47.8346706],[-81.8793467,47.8349749],[-81.8797195,47.8352587],[-81.8800848,47.8356009],[-81.8803581,47.8360085],[-81.8806929,47.8367219],[-81.8809984,47.8375319],[-81.8811797,47.8379696],[-81.8813191,47.8381899],[-81.8815469,47.8384693],[-81.8824811,47.8393709],[-81.8828919,47.8397649],[-81.8833886,47.8402597],[-81.8861899,47.8429221],[-81.8867575,47.8434186],[-81.8872722,47.8438352],[-81.8901956,47.8459444],[-81.891324,47.8469793],[-81.8917453,47.8474986],[-81.8919731,47.8478892],[-81.8924577,47.8489321],[-81.8924862,47.8492836],[-81.8927091,47.8503633],[-81.8928263,47.8513028],[-81.8931181,47.8526412],[-81.8932924,47.8534729],[-81.8936065,47.854289],[-81.8945794,47.8563292],[-81.895358,47.8578091],[-81.8960102,47.8590246],[-81.89676,47.8604584],[-81.8969874,47.8611899],[-81.8971462,47.8621374],[-81.8971508,47.8626119],[-81.8967914,47.8654835],[-81.8968458,47.8659769],[-81.896973,47.8665414],[-81.8971521,47.8669579],[-81.897379,47.867311],[-81.8991164,47.8691338],[-81.9011991,47.8711534],[-81.9014724,47.8714367],[-81.901865,47.8719148],[-81.9029352,47.8734135],[-81.90323,47.8737996],[-81.9039229,47.8744306],[-81.9049187,47.8751174],[-81.9050616,47.8752051],[-81.9062427,47.8759303],[-81.9068325,47.8763295],[-81.9074786,47.8768237],[-81.9079821,47.8773689],[-81.9082876,47.8777732],[-81.9084743,47.8781091],[-81.9087452,47.8786595],[-81.9090725,47.8794409],[-81.9096249,47.8808159],[-81.9097326,47.8810434],[-81.9098752,47.8813424],[-81.9100108,47.8815982],[-81.9103219,47.8820357],[-81.9106313,47.8824481],[-81.9115384,47.8834428],[-81.9124906,47.8845131],[-81.9132062,47.8853412],[-81.9136472,47.8859525],[-81.9140073,47.8865169],[-81.9170343,47.8917557],[-81.917078,47.8918313],[-81.9186575,47.8944576],[-81.9192629,47.8955199],[-81.9196299,47.8963608],[-81.9196816,47.8973269],[-81.9192315,47.9034414],[-81.9190567,47.9057238],[-81.9190226,47.9064179],[-81.9186597,47.9121028],[-81.9186235,47.9129932],[-81.9184741,47.9139026],[-81.9185345,47.9142871],[-81.9186039,47.914729],[-81.9188898,47.9155189],[-81.9201556,47.9176975],[-81.9203701,47.9181467],[-81.9204632,47.9185594],[-81.9204654,47.9189384],[-81.9204024,47.919202],[-81.9196856,47.9206458],[-81.9190728,47.9216602],[-81.918756,47.9227172],[-81.9186409,47.9233681],[-81.9185926,47.9241039],[-81.9187284,47.9251353],[-81.9190888,47.9262029],[-81.9192871,47.9266305],[-81.9196159,47.927181],[-81.9203449,47.9280509],[-81.9210316,47.92876],[-81.9221425,47.9295997],[-81.9236875,47.9306406],[-81.9242196,47.9310177],[-81.9246086,47.9314023],[-81.9252512,47.9333791],[-81.9261755,47.9360771],[-81.9265585,47.9364954],[-81.9271191,47.9370097],[-81.9285262,47.9380746],[-81.9295186,47.9392893],[-81.9300733,47.940266],[-81.930591,47.9408231],[-81.9312883,47.941425],[-81.9324465,47.9419597],[-81.9335484,47.9423521],[-81.9359988,47.9428477],[-81.9379113,47.9433971],[-81.9394685,47.9441359],[-81.9407072,47.9447726],[-81.9417806,47.9451977],[-81.9450711,47.946316],[-81.945864,47.9468104],[-81.9464155,47.947215],[-81.9470694,47.9480396],[-81.9474391,47.9487597],[-81.9474851,47.9499044],[-81.9473355,47.9504523],[-81.9460721,47.9529012],[-81.9454402,47.9543814],[-81.945135,47.9554861],[-81.9438475,47.9669901],[-81.9436759,47.9682469],[-81.943649,47.9691164],[-81.9438094,47.9700283],[-81.9450062,47.9723345],[-81.9455508,47.9744509],[-81.9458941,47.9771515],[-81.9463233,47.9796221],[-81.9483832,47.9831841],[-81.9506148,47.9849651],[-81.9531897,47.9865162],[-81.957138,47.9876651],[-81.9613232,47.9889908],[-81.9646191,47.9901088],[-81.9673625,47.9914055],[-81.970653,47.9929597],[-81.9716744,47.993365],[-81.9727838,47.9935843],[-81.974539,47.9936579],[-81.9759187,47.9937699],[-81.9770507,47.9939837],[-81.9787673,47.9947879],[-81.9812436,47.9977878],[-81.9839914,48.0013703],[-81.9850822,48.0026562],[-81.9857196,48.0040345],[-81.9873451,48.012975],[-81.9871117,48.0143356],[-81.9864621,48.0156614],[-81.9856193,48.0165887],[-81.9852904,48.0175856],[-81.9850992,48.0180019],[-81.984999,48.0184268],[-81.9850329,48.0192506],[-81.9860629,48.022121],[-81.9862929,48.0228755],[-81.9860629,48.0238432],[-81.9852904,48.0247617],[-81.982973,48.0268856],[-81.9815997,48.0283206],[-81.9814156,48.0289724],[-81.981428,48.029526],[-81.9819027,48.0303535],[-81.9823722,48.0307888],[-81.9830389,48.0312992],[-81.9841246,48.031706],[-81.9879512,48.0327403],[-81.9929294,48.0343473],[-81.9953326,48.0357247],[-81.9969634,48.0385943],[-81.9980792,48.0421523],[-81.9988339,48.0446997],[-81.9996975,48.0455511],[-82.0003252,48.045919],[-82.0008842,48.046066],[-82.0018841,48.046302],[-82.0044912,48.0465488],[-82.0070554,48.0468091],[-82.0093503,48.047474],[-82.0107,48.048065],[-82.0119467,48.0486883],[-82.0141295,48.0511035],[-82.0152453,48.0537427],[-82.0161895,48.0551196],[-82.0179919,48.0563244],[-82.0190219,48.0583897],[-82.0200518,48.0609137],[-82.0205847,48.0619654],[-82.0212195,48.0624267],[-82.022147,48.0628701],[-82.0237426,48.0634951],[-82.0272069,48.0641828],[-82.0286279,48.0641025],[-82.0309984,48.0638261],[-82.0316472,48.0638609],[-82.0328406,48.0640687],[-82.036188,48.0651011],[-82.0456294,48.0681985],[-82.0476035,48.0693456],[-82.0484618,48.0709515],[-82.0525126,48.0817616],[-82.0530206,48.0832861],[-82.0539957,48.0848579],[-82.0554238,48.085864],[-82.0565723,48.0864252],[-82.0580748,48.0867784],[-82.0592906,48.0869631],[-82.0605914,48.0869966],[-82.0620815,48.0867898],[-82.0635717,48.0863656],[-82.0639068,48.0862578],[-82.0640874,48.0861997],[-82.0643048,48.0861297],[-82.0662427,48.085455],[-82.0673386,48.0852263],[-82.0684604,48.0850584],[-82.0726661,48.085001],[-82.0753593,48.0850397],[-82.077141,48.0847913],[-82.0789226,48.0844778],[-82.0804306,48.0838763],[-82.0818277,48.0832598],[-82.0854539,48.0812788],[-82.0874425,48.0802659],[-82.0881097,48.0800129],[-82.0897464,48.0798392],[-82.0909792,48.0799526],[-82.0921794,48.0805007],[-82.0928164,48.0809338],[-82.0932257,48.0814321],[-82.0934777,48.0821706],[-82.0943648,48.0851804],[-82.0948085,48.0863453],[-82.0959297,48.0874842],[-82.0972747,48.0883176],[-82.0988179,48.0887727],[-82.1008907,48.0889873],[-82.1028785,48.089164],[-82.1051667,48.0892015],[-82.1063675,48.0891021],[-82.1074833,48.0889269],[-82.1111051,48.0883948],[-82.1183863,48.0872814],[-82.1217116,48.086784],[-82.122808,48.0866772],[-82.1236495,48.0867784],[-82.124408,48.0868834],[-82.1251827,48.0870645],[-82.1270493,48.0880133],[-82.1278446,48.0883657],[-82.1286724,48.0886204],[-82.1295084,48.0887012],[-82.1303443,48.0887278],[-82.1315642,48.0885802],[-82.1327102,48.0882186],[-82.1375541,48.0867211],[-82.1396047,48.086323],[-82.141532,48.0861554],[-82.1458796,48.0858943],[-82.1479993,48.085767],[-82.149626,48.0855904],[-82.1513883,48.0852902],[-82.1524912,48.0851731],[-82.1537298,48.08527],[-82.1559696,48.085687],[-82.1572109,48.0858971],[-82.1583122,48.0859324],[-82.1639574,48.0857844],[-82.1662179,48.0858336],[-82.1672994,48.0859451],[-82.1683971,48.0861653],[-82.1706603,48.0867769],[-82.1730048,48.0878339],[-82.1760872,48.0892595],[-82.178873,48.0905907],[-82.1791212,48.0907146],[-82.1793925,48.0908838],[-82.1796913,48.0911457],[-82.1800599,48.0914872],[-82.1803072,48.0918107],[-82.1805161,48.0922837],[-82.1806183,48.0925476],[-82.1806384,48.0928163],[-82.1806408,48.0937275],[-82.1806207,48.095798],[-82.1806156,48.0965107],[-82.1806092,48.0969839],[-82.1804802,48.0977743],[-82.1803297,48.0983205],[-82.1801441,48.0988056],[-82.1798437,48.099409],[-82.1794915,48.0999201],[-82.1790318,48.1004333],[-82.1785683,48.1009282],[-82.1777829,48.1015225],[-82.177062,48.1019816],[-82.1764687,48.1022886],[-82.1754022,48.102778],[-82.17389,48.1034529],[-82.1732881,48.1037513],[-82.1728766,48.1040628],[-82.1724853,48.1044249],[-82.1722611,48.1046893],[-82.1721237,48.1049175],[-82.1719947,48.1052206],[-82.1719257,48.105636],[-82.1719194,48.1066861],[-82.1720977,48.1097482],[-82.172275,48.1118321],[-82.1724054,48.112843],[-82.1725255,48.1134702],[-82.172933,48.1144519],[-82.1733189,48.1151094],[-82.1736395,48.1155602],[-82.1740069,48.1159951],[-82.1746925,48.1166813],[-82.175561,48.1173492],[-82.1764391,48.1179183],[-82.1769606,48.1181837],[-82.1776601,48.1184953],[-82.1832039,48.120789],[-82.1871543,48.1223686],[-82.187243,48.1224018],[-82.1880177,48.1226919],[-82.1889447,48.1230806],[-82.1894012,48.1232597],[-82.1899961,48.1235505],[-82.1912079,48.1241696],[-82.1931225,48.1251275],[-82.1953509,48.1262509],[-82.1973336,48.127258],[-82.1990778,48.1281598],[-82.2011069,48.1291688],[-82.2029745,48.1301348],[-82.2057307,48.1314869],[-82.2091362,48.1332758],[-82.2100778,48.1337704],[-82.2145783,48.1360137],[-82.2175834,48.1375907],[-82.218028,48.1378235],[-82.2187341,48.138131],[-82.2200006,48.1386941],[-82.2203853,48.1388243],[-82.2206556,48.1388964],[-82.2216228,48.1391278],[-82.223359,48.1394482],[-82.2251255,48.1397992],[-82.2289163,48.1404837],[-82.2307136,48.1408519],[-82.2325915,48.1412259],[-82.2333997,48.1414119],[-82.2343942,48.1417027],[-82.2456734,48.145368],[-82.2526627,48.1478341],[-82.2562837,48.1490224],[-82.259806,48.1502464],[-82.261389,48.1508906],[-82.261816,48.1512231],[-82.2620832,48.1514819],[-82.2624662,48.1519468],[-82.2626711,48.1523079],[-82.2627966,48.1529353],[-82.262743,48.1533461],[-82.2625524,48.154653],[-82.2623991,48.1563089],[-82.2620236,48.1594723],[-82.2619136,48.1602145],[-82.2619383,48.1609462],[-82.2620499,48.1615438],[-82.2624839,48.1622587],[-82.262807,48.1626443],[-82.2632805,48.1630928],[-82.2644076,48.163841],[-82.2707537,48.1677517],[-82.2833863,48.1754674],[-82.287393,48.1779285],[-82.290367,48.1797399],[-82.2941293,48.182216],[-82.2953227,48.1829526],[-82.2958119,48.1834745],[-82.296247,48.1840678],[-82.2965522,48.1847342],[-82.2967303,48.1855986],[-82.296762,48.1862735],[-82.2964675,48.1877606],[-82.2958178,48.1904767],[-82.2952953,48.1930441],[-82.2952846,48.1934296],[-82.295356,48.1937972],[-82.2955013,48.1941924],[-82.2957873,48.1945968],[-82.2962931,48.1950939],[-82.2965715,48.1953471],[-82.296924,48.1955423],[-82.2981599,48.1961573],[-82.3069956,48.2004608],[-82.3076895,48.2007958],[-82.3082597,48.2010845],[-82.312469,48.2031779],[-82.3139822,48.2038942],[-82.3147493,48.2042224],[-82.3151651,48.2043785],[-82.3155629,48.2044942],[-82.316033,48.2045803],[-82.3164206,48.2046475],[-82.3168162,48.2046933],[-82.317232,48.2047067],[-82.3178901,48.2046637],[-82.3185205,48.2045776],[-82.3190446,48.2044727],[-82.3194282,48.2043597],[-82.3198278,48.2042009],[-82.3202796,48.2039788],[-82.3216529,48.2030063],[-82.3245314,48.2010375],[-82.3250275,48.2006734],[-82.3255927,48.2003936],[-82.3262426,48.2001407],[-82.3269572,48.1999792],[-82.3272761,48.1999093],[-82.3276317,48.1998619],[-82.3289959,48.1998528],[-82.3303258,48.1999803],[-82.3317007,48.2002241],[-82.3319493,48.200282],[-82.3330401,48.2005361],[-82.3341067,48.2008941],[-82.3351039,48.2013111],[-82.3356933,48.2015721],[-82.3362019,48.2018627],[-82.3369689,48.2024831],[-82.3374655,48.2029874],[-82.3379839,48.2034697],[-82.338315,48.2037092],[-82.3386944,48.2039352],[-82.3396552,48.2043119],[-82.341705,48.2050555],[-82.3434742,48.2057056],[-82.3443624,48.2062221],[-82.3447499,48.2064804],[-82.3449887,48.206736],[-82.3454362,48.207149],[-82.3459126,48.2076441],[-82.346833,48.2086072],[-82.3486658,48.2104339],[-82.3523177,48.2141487],[-82.3537074,48.2154231],[-82.3545089,48.2159929],[-82.3554418,48.2165238],[-82.3572726,48.2173057],[-82.3582245,48.2175784],[-82.3587435,48.2176967],[-82.3590923,48.2177762],[-82.3600971,48.2179359],[-82.3610321,48.218045],[-82.369747,48.2190132],[-82.3861739,48.2208345],[-82.3866426,48.220882],[-82.4061417,48.2230739],[-82.4071075,48.2231444],[-82.4080817,48.2232731],[-82.4089858,48.2234678],[-82.4098677,48.2236774],[-82.4111838,48.2241334],[-82.4123021,48.2246555],[-82.4135303,48.2253695],[-82.4146121,48.2262228],[-82.4245709,48.234219],[-82.4250153,48.2345595],[-82.4267788,48.2360561],[-82.4273106,48.2365074],[-82.4290762,48.2379384],[-82.4293914,48.2381381],[-82.4305129,48.2390136],[-82.4321646,48.2403594],[-82.4386298,48.2455633],[-82.4394613,48.2462315],[-82.4395754,48.2463232],[-82.4406749,48.2472034],[-82.4412736,48.2476883],[-82.4422289,48.2484628],[-82.4423486,48.2485912],[-82.4423855,48.248619],[-82.4430147,48.2490917],[-82.4432592,48.2492754],[-82.4433714,48.2493728],[-82.4435872,48.2495442],[-82.4440156,48.2498848],[-82.4469504,48.2522737],[-82.4487276,48.253697],[-82.4493401,48.2541951],[-82.4518326,48.2562444],[-82.4544125,48.2582583],[-82.4554415,48.2589958],[-82.4559456,48.2593314],[-82.4565811,48.2596966],[-82.457753,48.2603382],[-82.4582931,48.2606066],[-82.4589811,48.2609205],[-82.4651609,48.2637151],[-82.4708992,48.2661968],[-82.4801986,48.2704444],[-82.4838662,48.272076],[-82.4847884,48.2725129],[-82.4857485,48.2729281],[-82.4866219,48.2733505],[-82.4874199,48.2738029],[-82.4940941,48.2778563],[-82.4958514,48.278886],[-82.49757,48.2799628],[-82.498358,48.280533],[-82.4990226,48.2811798],[-82.4993477,48.2816459],[-82.499503,48.2821066],[-82.4996622,48.2825393],[-82.4996784,48.2829651],[-82.4996085,48.283545],[-82.4994627,48.2840249],[-82.4992786,48.2844131],[-82.4985073,48.2857652],[-82.49138,48.2983578],[-82.4901399,48.3007294],[-82.4899572,48.3013952],[-82.4898526,48.3020652],[-82.4898561,48.3027709],[-82.4898752,48.3029702],[-82.4899266,48.3035056],[-82.4914222,48.3097523],[-82.4938091,48.3197417],[-82.4939548,48.3202365],[-82.4941203,48.320698],[-82.4959801,48.3236339],[-82.4979001,48.3265508],[-82.4987649,48.3279849],[-82.4991024,48.328398],[-82.499486,48.3288366],[-82.5001251,48.3293145],[-82.5006214,48.3295966],[-82.5012581,48.3298771],[-82.5021654,48.3301449],[-82.5072193,48.3314191],[-82.5081012,48.3316265],[-82.5090807,48.33191],[-82.5096384,48.3321078],[-82.5100612,48.3323087],[-82.5104985,48.3325611],[-82.5107979,48.3328373],[-82.511001,48.3330584],[-82.5112427,48.3333287],[-82.5114344,48.3336041],[-82.5115688,48.333884],[-82.5116953,48.3343716],[-82.5117605,48.3352845],[-82.5118027,48.3359806],[-82.5119928,48.3366966],[-82.5121978,48.337174],[-82.5125873,48.3377287],[-82.5132871,48.3383443],[-82.513663,48.3385789],[-82.5140886,48.3387997],[-82.5143795,48.338933],[-82.5148138,48.3391067],[-82.5150976,48.3392087],[-82.515416,48.3392852],[-82.515719,48.3393464],[-82.5159717,48.3393948],[-82.5166204,48.3394636],[-82.5174672,48.3394716],[-82.5189592,48.3393293],[-82.5208244,48.3391147],[-82.5213165,48.3390721],[-82.5245711,48.3387787],[-82.5276875,48.3384712],[-82.5321987,48.338027],[-82.5326925,48.3379763],[-82.5333442,48.337963],[-82.5340486,48.337975],[-82.5345812,48.3380158],[-82.5350506,48.3380691],[-82.5354426,48.3381379],[-82.5357046,48.3381793],[-82.536485,48.3383533],[-82.5372896,48.3385567],[-82.5383613,48.3388251],[-82.5387114,48.3389172],[-82.5404224,48.3393673],[-82.5444786,48.3403482],[-82.5481366,48.3412512],[-82.5499115,48.3416694],[-82.5510411,48.3419092],[-82.5517124,48.3420174],[-82.5526812,48.3420577],[-82.5531958,48.3420114],[-82.5537768,48.3419153],[-82.5545031,48.3417213],[-82.5568011,48.3407766],[-82.557595,48.3404459],[-82.5579675,48.3402951],[-82.5584536,48.3401404],[-82.5589781,48.3400273],[-82.5596837,48.3399678],[-82.5603069,48.3399381],[-82.5610192,48.339974],[-82.5622776,48.3401255],[-82.5636402,48.340293],[-82.5640202,48.3403177],[-82.5647211,48.3403633],[-82.5659227,48.3403444],[-82.5671428,48.3403062],[-82.5675361,48.3402734],[-82.5726701,48.3400331],[-82.5768731,48.3399322],[-82.5776016,48.3399871],[-82.5782282,48.3400926],[-82.5791557,48.3403554],[-82.5798573,48.3406293],[-82.58036,48.3408689],[-82.5809833,48.3413506],[-82.5815777,48.3418908],[-82.5820643,48.3425505],[-82.583179,48.3451931],[-82.5838656,48.3470186],[-82.584291,48.347587],[-82.5848259,48.3481457],[-82.5859604,48.3488726],[-82.586867,48.349228],[-82.5875204,48.3494131],[-82.5884511,48.3495967],[-82.5893363,48.3496519],[-82.5902761,48.3495803],[-82.5914595,48.3493738],[-82.5924439,48.349084],[-82.5965079,48.3474191],[-82.6018193,48.3451946],[-82.6033299,48.3446285],[-82.6056741,48.3439432],[-82.6059465,48.3438702],[-82.6069784,48.3435936],[-82.6114151,48.3424043],[-82.6173305,48.3407844],[-82.6186938,48.3405061],[-82.6198891,48.3403995],[-82.6208334,48.3404069],[-82.6219263,48.340478],[-82.622602,48.3405756],[-82.6292806,48.341317],[-82.6324207,48.3416875],[-82.6332764,48.3417687],[-82.6341774,48.3418709],[-82.6349563,48.3420287],[-82.6357711,48.3422143],[-82.6364336,48.3424442],[-82.6371264,48.3427326],[-82.6375843,48.3429714],[-82.6380021,48.3432089],[-82.6388092,48.3437911],[-82.6393401,48.3442845],[-82.639799,48.3448479],[-82.6406881,48.3459813],[-82.6428243,48.348729],[-82.6428985,48.3488207],[-82.6437614,48.3499245],[-82.6442741,48.350571],[-82.6452404,48.3515656],[-82.6462138,48.3524781],[-82.6471736,48.3531999],[-82.6476518,48.3535631],[-82.648032,48.3538092],[-82.6494635,48.354666],[-82.6508904,48.3554692],[-82.6510349,48.3555505],[-82.6555162,48.3579755],[-82.657061,48.358845],[-82.6575003,48.359115],[-82.6579727,48.3594383],[-82.6583365,48.3597553],[-82.6586199,48.3600472],[-82.6590933,48.3605984],[-82.6608181,48.363132],[-82.6612512,48.363663],[-82.6617416,48.3641165],[-82.6620873,48.364388],[-82.6625534,48.3646714],[-82.6697288,48.3688768],[-82.6728573,48.3707804],[-82.6795545,48.3746662],[-82.6805759,48.3752753],[-82.6815654,48.3759154],[-82.6825097,48.3766086],[-82.6833449,48.3773003],[-82.6838301,48.3777513],[-82.6839595,48.3778715],[-82.6845104,48.3784427],[-82.6850441,48.3790426],[-82.6855346,48.3796363],[-82.6880757,48.3833608],[-82.6919303,48.3890287],[-82.6927773,48.3901464],[-82.6929804,48.3903638],[-82.6932245,48.3905647],[-82.6935389,48.3907899],[-82.6938047,48.3909607],[-82.6942001,48.3911802],[-82.6944896,48.3913265],[-82.6947856,48.3914585],[-82.696605,48.3922907],[-82.69827,48.3930419],[-82.6987418,48.3932563],[-82.7028901,48.395191],[-82.7042188,48.3957823],[-82.7050813,48.3961055],[-82.7060319,48.3964048],[-82.7078286,48.3969254],[-82.7125295,48.398281],[-82.7165575,48.3994327],[-82.7171422,48.3996149],[-82.7175114,48.3997385],[-82.7178577,48.3998904],[-82.7182235,48.4000704],[-82.718596,48.4003068],[-82.718903,48.4005454],[-82.7191121,48.4007427],[-82.7193114,48.4009618],[-82.7195727,48.4013522],[-82.7196871,48.4015929],[-82.7198079,48.4019117],[-82.7199321,48.4024908],[-82.7200007,48.4030113],[-82.720097,48.4039421],[-82.7202783,48.4050608],[-82.7207716,48.4085045],[-82.7212094,48.4115382],[-82.7212224,48.4119155],[-82.7211963,48.4122538],[-82.7211146,48.4126658],[-82.720984,48.41308],[-82.7208076,48.4135396],[-82.7198929,48.4158294],[-82.7197851,48.4161806],[-82.7197622,48.4164733],[-82.7197622,48.4166988],[-82.7198243,48.4169438],[-82.7199484,48.4172842],[-82.7201019,48.4175769],[-82.7202973,48.4178483],[-82.7204846,48.4180647],[-82.7215204,48.4189818],[-82.7217842,48.4192458],[-82.7219977,48.4195361],[-82.7221414,48.4198236],[-82.7222374,48.4201043],[-82.7222907,48.4215923],[-82.722209,48.4228442],[-82.7221949,48.4241041],[-82.7221091,48.4257101],[-82.72219,48.4263288],[-82.7223844,48.4267284],[-82.7224963,48.4269247],[-82.7226464,48.4271168],[-82.7228133,48.4272781],[-82.7230183,48.4274561],[-82.7234987,48.4277788],[-82.7244932,48.4282217],[-82.7263459,48.428981],[-82.7268451,48.4291569],[-82.7273311,48.4292971],[-82.7277664,48.4294177],[-82.7281425,48.4295019],[-82.7291842,48.4297402],[-82.7306845,48.4300781],[-82.732214,48.4304188],[-82.7345856,48.4309492],[-82.7353502,48.4311325],[-82.7360707,48.4312923],[-82.7368272,48.4314381],[-82.7375144,48.4315439],[-82.7381289,48.4315615],[-82.7386783,48.4315363],[-82.7392615,48.431476],[-82.7397876,48.4313961],[-82.7411104,48.4312236],[-82.7417782,48.4311984],[-82.7424547,48.4312471],[-82.7428453,48.4313232],[-82.7432911,48.4314381],[-82.7436482,48.4315671],[-82.7440222,48.4317242],[-82.7445738,48.4320564],[-82.7450021,48.432392],[-82.7456964,48.4329768],[-82.7473898,48.4345489],[-82.7477814,48.434974],[-82.7481216,48.4353834],[-82.7488213,48.4362193],[-82.7490578,48.4364786],[-82.7492669,48.4366689],[-82.7495035,48.4368441],[-82.7498703,48.437071],[-82.7501947,48.43723],[-82.7506973,48.4374471],[-82.7512701,48.4376856],[-82.7518634,48.437926],[-82.756215,48.4396904],[-82.7568726,48.4399773],[-82.7573373,48.4402352],[-82.7577874,48.4405512],[-82.7581761,48.440906],[-82.7584332,48.4412434],[-82.7586524,48.4415865],[-82.7590002,48.4421875],[-82.7592662,48.4425985],[-82.7595542,48.4429283],[-82.7599429,48.4432792],[-82.7605069,48.4436669],[-82.7608518,48.4438608],[-82.7611411,48.4439887],[-82.7613635,48.4440729],[-82.7616198,48.4441722],[-82.7619315,48.4442767],[-82.7622873,48.4443696],[-82.7625926,48.4444408],[-82.7631648,48.4445383],[-82.7638526,48.4445853],[-82.7646416,48.4445742],[-82.7651983,48.4445177],[-82.7658168,48.4444049],[-82.7664275,48.4442437],[-82.7670575,48.4440172],[-82.7675446,48.4438043],[-82.7680124,48.4435248],[-82.7683719,48.4432145],[-82.7692379,48.4424887],[-82.769783,48.4421194],[-82.7708036,48.4415988],[-82.7716425,48.4413116],[-82.7723422,48.4411551],[-82.7729724,48.4410551],[-82.7736257,48.4410192],[-82.7742017,48.4410269],[-82.7748087,48.4410602],[-82.7753035,48.4411115],[-82.7758448,48.4412244],[-82.7763319,48.4413372],[-82.776788,48.4414911],[-82.777194,48.4416732],[-82.7776154,48.4418732],[-82.778029,48.4421092],[-82.7784195,48.4423913],[-82.7786939,48.4426323],[-82.778922,48.4428401],[-82.7791192,48.4430991],[-82.7794091,48.4435222],[-82.7795676,48.4438453],[-82.7796798,48.444148],[-82.7797648,48.4444147],[-82.7798073,48.4447173],[-82.7797996,48.4451071],[-82.7797378,48.4455327],[-82.7795561,48.4460456],[-82.7793821,48.4463662],[-82.7791037,48.4467662],[-82.7788215,48.4470867],[-82.7784465,48.4474022],[-82.7780947,48.4476714],[-82.7775496,48.447974],[-82.7769852,48.4482176],[-82.776471,48.4484202],[-82.7748396,48.4490253],[-82.7744298,48.44921],[-82.7740278,48.4494356],[-82.7736412,48.4496971],[-82.7733203,48.449969],[-82.7730304,48.4502356],[-82.7725626,48.450651],[-82.771167,48.4519408],[-82.7685863,48.4543716],[-82.76832,48.4546083],[-82.7681552,48.4548213],[-82.7679197,48.4551923],[-82.7677989,48.4555435],[-82.7677527,48.4559583],[-82.7677811,48.4563212],[-82.7678806,48.4566771],[-82.7680192,48.456967],[-82.7682715,48.4573041],[-82.7686447,48.4576576],[-82.7690107,48.4579098],[-82.7694621,48.4581502],[-82.7699241,48.4583269],[-82.7702901,48.4584259],[-82.7706775,48.4585084],[-82.7712035,48.458572],[-82.7716726,48.4586003],[-82.7722909,48.4586003],[-82.7776502,48.4584118],[-82.7788158,48.4583858],[-82.7795408,48.4584047],[-82.780209,48.458466],[-82.7807527,48.4585626],[-82.7813035,48.4587134],[-82.7819361,48.4589161],[-82.7824372,48.4591188],[-82.7829134,48.4593639],[-82.7832795,48.4595949],[-82.7842254,48.4602926],[-82.7870305,48.4623325],[-82.7946259,48.4679881],[-82.7951302,48.4683168],[-82.795462,48.4685173],[-82.7958406,48.4687226],[-82.7961601,48.4688693],[-82.7966198,48.4690453],[-82.7972146,48.4692311],[-82.7976497,48.4693582],[-82.7980184,48.4694348],[-82.7985248,48.4695277],[-82.7989796,48.4695913],[-82.7996798,48.4696791],[-82.8018305,48.4699435],[-82.8058764,48.4704425],[-82.8085565,48.4707496],[-82.8098844,48.4709094],[-82.8100523,48.4709296],[-82.8107653,48.4710337],[-82.8113762,48.4711643],[-82.8119196,48.4713049],[-82.8124034,48.4715101],[-82.8127741,48.4717038],[-82.8129736,48.4718324],[-82.8130979,48.4719378],[-82.8133368,48.4721434],[-82.8136168,48.472447],[-82.8138244,48.4727662],[-82.8140095,48.4733405],[-82.8140236,48.4737791],[-82.8139448,48.4741699],[-82.8137829,48.4745497],[-82.8135317,48.4749663],[-82.8122048,48.4771247],[-82.8117626,48.4778015],[-82.8113418,48.4785209],[-82.8109295,48.4792473],[-82.810798,48.4796767],[-82.8107783,48.4800313],[-82.8107689,48.4803262],[-82.8108201,48.4806664],[-82.8109724,48.4810912],[-82.8112904,48.481566],[-82.8114581,48.4817351],[-82.8116814,48.4819473],[-82.8121474,48.4823022],[-82.8124482,48.4824816],[-82.8128302,48.4826697],[-82.8132487,48.4828316],[-82.8136456,48.4829685],[-82.8161804,48.4836589],[-82.8167877,48.483863],[-82.8174393,48.4841013],[-82.8186572,48.4846013],[-82.8193885,48.4849149],[-82.8199559,48.4851364],[-82.8206272,48.485371],[-82.8213659,48.4856056],[-82.8227393,48.4860784],[-82.8241691,48.4865628],[-82.8253879,48.486972],[-82.8265732,48.4873592],[-82.827781,48.4877054],[-82.8290365,48.487981],[-82.831541,48.4885531],[-82.8327441,48.4888747],[-82.8333517,48.4890714],[-82.8346023,48.489532],[-82.8376989,48.4908507],[-82.8414174,48.492453],[-82.8488631,48.495667],[-82.8516595,48.4968775],[-82.8525406,48.497257],[-82.8531388,48.4975138],[-82.8535194,48.4976599],[-82.8539856,48.4978069],[-82.8544786,48.4979428],[-82.8548943,48.4980331],[-82.8553217,48.4981128],[-82.8562666,48.4982797],[-82.8626892,48.4994021],[-82.8731241,48.5012594],[-82.876344,48.5018747],[-82.8799266,48.50247],[-82.8826187,48.5029267],[-82.8836164,48.5031435],[-82.8839543,48.5032454],[-82.884317,48.5033802],[-82.8847318,48.5035422],[-82.8851577,48.5037442],[-82.8854942,48.50392],[-82.8857232,48.5040647],[-82.8861647,48.5043787],[-82.8864257,48.5045898],[-82.8867059,48.5048929],[-82.8868804,48.5050986],[-82.8902183,48.5091257],[-82.8936549,48.5132672],[-82.8961396,48.5162721],[-82.896783,48.5170502],[-82.8972112,48.5175491],[-82.8975146,48.5179384],[-82.8981775,48.518722],[-82.8984864,48.5190656],[-82.8987691,48.5193406],[-82.8988983,48.5194593],[-82.8990712,48.519597],[-82.8994675,48.5198518],[-82.8997744,48.5200229],[-82.900128,48.5201825],[-82.9004524,48.5203292],[-82.9010218,48.5205133],[-82.9017424,48.5207194],[-82.9031934,48.5211141],[-82.9044033,48.5214422],[-82.9051567,48.5216466],[-82.9072907,48.5221884],[-82.9132571,48.5238624],[-82.9139669,48.5240482],[-82.9145527,48.5242084],[-82.915281,48.5243792],[-82.9158937,48.524486],[-82.9162995,48.5245287],[-82.9167322,48.5245448],[-82.9172159,48.524543],[-82.9177292,48.5245163],[-82.9182989,48.5244522],[-82.9187477,48.5243775],[-82.9192153,48.5242707],[-82.9197018,48.5241229],[-82.9201506,48.5239574],[-82.9204247,48.5238399],[-82.9206639,48.5237153],[-82.9209245,48.5235623],[-82.9211583,48.5234163],[-82.9213457,48.5232882],[-82.9216342,48.5230858],[-82.9219241,48.522842],[-82.9238235,48.52113],[-82.9271303,48.5181325],[-82.9281945,48.517129],[-82.9285077,48.5168562],[-82.9288784,48.516609],[-82.929483,48.5162398],[-82.930127,48.5159473],[-82.9308213,48.5157138],[-82.9312784,48.5156007],[-82.9318067,48.5154928],[-82.9323378,48.5154301],[-82.9325559,48.5154109],[-82.9328277,48.5154034],[-82.933426,48.5154012],[-82.9341314,48.515447],[-82.9347024,48.5155349],[-82.9353168,48.5156581],[-82.9371473,48.5160814],[-82.9387997,48.5164879],[-82.9468954,48.5185154],[-82.9470378,48.5185508],[-82.9538175,48.5201699],[-82.9619751,48.5221471],[-82.9684321,48.5236781],[-82.9800159,48.5264849],[-82.9843155,48.5275307],[-82.9996144,48.5312157],[-83.0010015,48.531587],[-83.0016346,48.531792],[-83.0023816,48.532077],[-83.0029792,48.532329],[-83.003623,48.5326611],[-83.0045814,48.5332307],[-83.0171639,48.5428282],[-83.0202503,48.5451756],[-83.0229809,48.5471807],[-83.0236675,48.5477285],[-83.0246062,48.5483999],[-83.0251695,48.548908],[-83.0266447,48.5514505],[-83.0272777,48.5522921],[-83.0278892,48.552759],[-83.030153,48.5543196],[-83.0341768,48.5569672],[-83.0404796,48.5610941],[-83.0422096,48.5621528],[-83.0431309,48.5626343],[-83.043613,48.5628289],[-83.0441273,48.5630377],[-83.0448766,48.5632665],[-83.0452751,48.5633986],[-83.045695,48.5635165],[-83.0474439,48.5638684],[-83.0558417,48.5653823],[-83.0562827,48.5654715],[-83.0637096,48.5668049],[-83.0724139,48.5686662],[-83.0729712,48.5688641],[-83.0735531,48.5690783],[-83.0748279,48.5696699],[-83.0831205,48.5734381],[-83.0937162,48.5784383],[-83.0946217,48.578853],[-83.0956319,48.5792473],[-83.0959808,48.5793357],[-83.0967673,48.5795424],[-83.0976747,48.5797561],[-83.0994144,48.5800309],[-83.1001364,48.5800726],[-83.1008461,48.5800897],[-83.1016307,48.5800711],[-83.1024954,48.5800443],[-83.1029696,48.5800242],[-83.1218843,48.577296],[-83.150662,48.573145],[-83.1752653,48.5696827],[-83.1766999,48.5694948],[-83.1784148,48.5694614],[-83.1949858,48.5698462],[-83.1971137,48.569911],[-83.1980049,48.5699743],[-83.1988774,48.5700932],[-83.1996459,48.5702988],[-83.2003863,48.5705353],[-83.2018672,48.5710763],[-83.2160464,48.5761911],[-83.2178785,48.5768466],[-83.2188508,48.5771428],[-83.2199569,48.5774688],[-83.2213295,48.5777701],[-83.2221863,48.5779325],[-83.222913,48.5780726],[-83.2237168,48.5781905],[-83.2295166,48.5791139],[-83.2392286,48.5806732],[-83.2403606,48.5808366],[-83.2416457,48.5809066],[-83.2454013,48.580972],[-83.2467572,48.5809958],[-83.2482686,48.5810531],[-83.2499407,48.5812272],[-83.2510457,48.5813938],[-83.2524848,48.5816326],[-83.2538566,48.5819478],[-83.2550023,48.5822488],[-83.2559118,48.5825337],[-83.2562728,48.5826452],[-83.2568263,48.5828903],[-83.2576926,48.5833425],[-83.2591943,48.5841767],[-83.2600029,48.5845874],[-83.2606742,48.5848737],[-83.2613345,48.5850943],[-83.2620356,48.5852969],[-83.2629272,48.5855266],[-83.265916,48.586134],[-83.2807381,48.5890833],[-83.2951204,48.5919518],[-83.2954323,48.5920132],[-83.306175,48.5941286],[-83.3141307,48.5956971],[-83.3155129,48.5958984],[-83.316919,48.5960837],[-83.320162,48.596472],[-83.3314771,48.5978607],[-83.3356222,48.5983703],[-83.337133,48.5985788],[-83.3392805,48.59885],[-83.3414364,48.5993289],[-83.3424001,48.5995707],[-83.3432897,48.5998239],[-83.3454666,48.600596],[-83.3628313,48.6070909],[-83.3648965,48.6078702],[-83.3666317,48.6085763],[-83.3680547,48.6092102],[-83.3692561,48.6098274],[-83.3704898,48.6105789],[-83.3714788,48.611267],[-83.3753297,48.6143772],[-83.3836729,48.6211081],[-83.4080591,48.6408052],[-83.4089342,48.6414426],[-83.409379,48.641729],[-83.4097788,48.6419783],[-83.410294,48.6422515],[-83.4131791,48.6434903],[-83.4146163,48.6441374],[-83.415321,48.6445005],[-83.4158488,48.6448361],[-83.4166468,48.6454211],[-83.417222,48.6459233],[-83.417869,48.6465891],[-83.4183222,48.6472001],[-83.4211377,48.651886],[-83.4239141,48.6565516],[-83.4299788,48.6667493],[-83.4343741,48.6741523],[-83.4352229,48.6755536],[-83.4361644,48.676917],[-83.4373533,48.6785813],[-83.4387337,48.6801632],[-83.4393105,48.6807858],[-83.440939,48.6823188],[-83.4430594,48.6841036],[-83.4451642,48.685855],[-83.4484184,48.6885275],[-83.4494681,48.6893895],[-83.4499242,48.6897808],[-83.4506114,48.6903463],[-83.451181,48.690863],[-83.4514594,48.6911472],[-83.4517551,48.6916008],[-83.4519073,48.6919625],[-83.4520334,48.69235],[-83.4520918,48.6926789],[-83.4521048,48.6930291],[-83.45207,48.6933649],[-83.451983,48.6937726],[-83.4518178,48.694206],[-83.4516178,48.6946567],[-83.45102,48.6960054],[-83.4508698,48.6963445],[-83.4506202,48.6969653],[-83.4505385,48.6974591],[-83.4505699,48.6979903],[-83.4506957,48.6984219],[-83.4509786,48.6989157],[-83.4513559,48.6993473],[-83.4519029,48.6997664],[-83.452519,48.7001523],[-83.4530094,48.7004013],[-83.4533634,48.7005849],[-83.4548181,48.7013608],[-83.4557295,48.7018244],[-83.4564101,48.70211],[-83.4571033,48.7023349],[-83.4576186,48.7024795],[-83.4592369,48.7027975],[-83.4632945,48.7034982],[-83.464557,48.7036943],[-83.4655755,48.7039393],[-83.4665038,48.7041599],[-83.4672694,48.7044245],[-83.4692792,48.705266],[-83.4700331,48.7055815],[-83.4748998,48.7076596],[-83.4786384,48.7092518],[-83.4822494,48.7108293],[-83.4833692,48.7113725],[-83.4844362,48.7119409],[-83.4867,48.7131327],[-83.5110833,48.7260422],[-83.5284324,48.7352012],[-83.530149,48.7361635],[-83.5316137,48.7368144],[-83.532349,48.7370486],[-83.5331743,48.7372299],[-83.5338734,48.737368],[-83.534494,48.7374172],[-83.5351448,48.7374547],[-83.5358478,48.737461],[-83.5366506,48.7373952],[-83.5374012,48.7373169],[-83.538242,48.7371258],[-83.5390496,48.736894],[-83.5397099,48.7366746],[-83.544484,48.7349609],[-83.5457001,48.7345317],[-83.5462131,48.7343813],[-83.5469589,48.7342089],[-83.5476715,48.7341275],[-83.5483033,48.734115],[-83.5489066,48.734162],[-83.5494434,48.7342277],[-83.5500799,48.7343875],[-83.5508305,48.7346695],[-83.551277,48.7349076],[-83.551771,48.7352366],[-83.5524456,48.735788],[-83.5545692,48.7374071],[-83.5658843,48.746144],[-83.5680498,48.747807],[-83.5707316,48.7498477],[-83.5715062,48.7503612],[-83.5724461,48.7509209],[-83.5734633,48.7513325],[-83.5744497,48.7516374],[-83.5758904,48.752024],[-83.5772022,48.7522645],[-83.5782229,48.7524749],[-83.5786708,48.7525622],[-83.5829653,48.753389],[-83.5871198,48.7541365],[-83.5897838,48.7546553],[-83.5912838,48.7550799],[-83.5924655,48.7554948],[-83.5934266,48.7558949],[-83.594498,48.7564111],[-83.5954442,48.7569972],[-83.5962208,48.7575662],[-83.597309,48.7585531],[-83.598208,48.7596203],[-83.5986882,48.7604163],[-83.5991059,48.7613767],[-83.5993973,48.7622475],[-83.5994099,48.7623621],[-83.5994982,48.7631674],[-83.5994655,48.7681275],[-83.5993996,48.7709253],[-83.5994137,48.7715523],[-83.5994277,48.7722213],[-83.5995064,48.7726032],[-83.5996012,48.7729308],[-83.5997179,48.7732524],[-83.5998638,48.7735671],[-83.6000574,48.7738887],[-83.6002935,48.7742523],[-83.6006489,48.7747015],[-83.6016701,48.7759985],[-83.6026169,48.7772237],[-83.6036649,48.7785869],[-83.6039127,48.7789069],[-83.6081478,48.7843915],[-83.6122553,48.7896638],[-83.612893,48.7903477],[-83.6135492,48.7909908],[-83.6150079,48.7922595],[-83.6264275,48.802023],[-83.6296069,48.8047512],[-83.6326905,48.8074172],[-83.6330234,48.8076871],[-83.6333922,48.8079514],[-83.6337354,48.8081924],[-83.6341551,48.8084224],[-83.6346541,48.8086744],[-83.6351032,48.8088606],[-83.6356908,48.8090833],[-83.6386015,48.8101239],[-83.639228,48.8103612],[-83.6398268,48.8106533],[-83.6403424,48.8109527],[-83.6410576,48.8114638],[-83.6416231,48.811902],[-83.6441295,48.8138779],[-83.6584655,48.8250647],[-83.6590224,48.8255211],[-83.6594702,48.8259502],[-83.6598669,48.8263905],[-83.6601986,48.8268467],[-83.6604281,48.8272786],[-83.6605641,48.8276368],[-83.6606944,48.8280696],[-83.6607597,48.8285663],[-83.6607011,48.8331021],[-83.6607535,48.8336307],[-83.6607985,48.8338896],[-83.6608262,48.8340711],[-83.6609199,48.8344431],[-83.6611878,48.8352057],[-83.6615303,48.8358697],[-83.6619499,48.8364463],[-83.6624088,48.8370099],[-83.6629988,48.8375925],[-83.6637506,48.8381863],[-83.6645164,48.8387206],[-83.665262,48.8391452],[-83.6662757,48.8396029],[-83.6671513,48.8399368],[-83.6724239,48.8420181],[-83.6735671,48.842441],[-83.674645,48.8428356],[-83.6754565,48.8430628],[-83.6772673,48.8435291],[-83.6788479,48.8439556],[-83.6797987,48.8443382],[-83.680901,48.8448444],[-83.6835838,48.846044],[-83.6847344,48.8464425],[-83.6855581,48.8466298],[-83.6860547,48.8467056],[-83.6864846,48.8467574],[-83.6873749,48.846845],[-83.6897186,48.8470005],[-83.69311,48.8472077],[-83.6942304,48.8472675],[-83.695163,48.8472396],[-83.6960835,48.8471878],[-83.6970101,48.8470921],[-83.6983121,48.8469526],[-83.6988875,48.8469128],[-83.6995779,48.8469088],[-83.7004863,48.8469606],[-83.7012372,48.8470802],[-83.7020306,48.8472476],[-83.7025211,48.8473791],[-83.7029572,48.8475225],[-83.7033508,48.847662],[-83.7038656,48.8479011],[-83.7042471,48.8480845],[-83.7046952,48.8483555],[-83.7050647,48.8486025],[-83.7058298,48.8491243],[-83.7063808,48.8494421],[-83.7069195,48.8496947],[-83.7076253,48.8499269],[-83.708523,48.850151],[-83.7088945,48.8502365],[-83.7110277,48.8507285],[-83.7119096,48.850925],[-83.7128631,48.851198],[-83.7134111,48.851408],[-83.7139081,48.851616],[-83.7144991,48.85193],[-83.715077,48.852267],[-83.7155804,48.8526645],[-83.7161496,48.853209],[-83.716456,48.8535748],[-83.7167318,48.8539752],[-83.7168748,48.8542316],[-83.716977,48.8544706],[-83.7171798,48.8550041],[-83.7183389,48.858877],[-83.7193937,48.8623716],[-83.7196305,48.8630112],[-83.719805,48.8633432],[-83.7201072,48.8637142],[-83.720372,48.863995],[-83.7207241,48.864323],[-83.7211977,48.8647452],[-83.7222926,48.8656766],[-83.7224689,48.8658266],[-83.7226406,48.8659611],[-83.7231824,48.8664443],[-83.723764,48.8669616],[-83.7249553,48.8679794],[-83.7255815,48.8685144],[-83.7262537,48.8690318],[-83.7271612,48.8696662],[-83.7281302,48.8702666],[-83.7290556,48.8707769],[-83.7300132,48.8712678],[-83.7314889,48.871943],[-83.733034,48.8725159],[-83.7342059,48.8728919],[-83.7354335,48.8732403],[-83.7361189,48.8734042],[-83.736767,48.8735477],[-83.7374356,48.8736816],[-83.738332,48.8738416],[-83.7400354,48.8740808],[-83.745193,48.8747323],[-83.7589376,48.8765177],[-83.7650503,48.8773109],[-83.7729372,48.8783062],[-83.7870034,48.8801444],[-83.7966111,48.8813443],[-83.7973782,48.881463],[-83.7989941,48.881713],[-83.8008209,48.8820589],[-83.8014574,48.8822164],[-83.8019675,48.8823478],[-83.8035633,48.8828039],[-83.8058335,48.8835628],[-83.8125678,48.885901],[-83.8154955,48.8869248],[-83.8184566,48.8879357],[-83.8191334,48.8880539],[-83.8193808,48.8881017],[-83.8196379,48.8881336],[-83.8201181,48.8881783],[-83.8207244,48.8882133],[-83.8233679,48.888309],[-83.8244758,48.888364],[-83.8256708,48.8884497],[-83.8268215,48.888663],[-83.8278499,48.8889647],[-83.8280935,48.8890411],[-83.8337241,48.8908439],[-83.835286,48.8913111],[-83.8355281,48.8913835],[-83.8366971,48.8917853],[-83.8370997,48.8919511],[-83.8373888,48.8921016],[-83.8378612,48.8924135],[-83.838162,48.8926878],[-83.8385452,48.8931151],[-83.8387537,48.8934277],[-83.8388459,48.8936286],[-83.8390285,48.8942296],[-83.8395977,48.8966421],[-83.8399074,48.8978816],[-83.8404254,48.8999546],[-83.8415088,48.9044923],[-83.8419454,48.906111],[-83.8425057,48.9084672],[-83.8427656,48.9094834],[-83.8430949,48.9106167],[-83.8433519,48.9111069],[-83.8436884,48.9115921],[-83.8438724,48.9118576],[-83.8442542,48.9124625],[-83.8446851,48.9138501],[-83.8448848,48.9142221],[-83.8450933,48.9146844],[-83.845286,48.9150795],[-83.8456131,48.9154413],[-83.8471014,48.9167372],[-83.848337,48.918185],[-83.8494206,48.9196093],[-83.8506752,48.921529],[-83.8508412,48.9218497],[-83.851011,48.922229],[-83.8511565,48.9225541],[-83.851302,48.9229557],[-83.851399,48.9235612],[-83.85153,48.9243489],[-83.8516561,48.9248711],[-83.851821,48.9253683],[-83.8522284,48.9263562],[-83.853044,48.9283177],[-83.8535049,48.9293136],[-83.8536505,48.9298362],[-83.8536254,48.9303276],[-83.853374,48.9313021],[-83.8532236,48.9322198],[-83.8534696,48.9339054],[-83.8536699,48.9352533],[-83.8539429,48.9365768],[-83.8541071,48.9369868],[-83.8542981,48.937414],[-83.8545867,48.9378973],[-83.8548496,48.9382548],[-83.8554971,48.9389839],[-83.8562503,48.9397456],[-83.8627384,48.9466826],[-83.8633183,48.9473025],[-83.8641664,48.9481819],[-83.8647684,48.9490066],[-83.8651857,48.9497262],[-83.8654567,48.9503884],[-83.8657722,48.9515844],[-83.8662284,48.9528863],[-83.8665165,48.9535259],[-83.8668606,48.9541383],[-83.8674247,48.9550515],[-83.8680918,48.9559372],[-83.8685005,48.9564488],[-83.8689671,48.9569766],[-83.8698914,48.9580055],[-83.871546,48.95994],[-83.8716917,48.9601133],[-83.871852,48.960319],[-83.8729972,48.9617888],[-83.8740284,48.9634765],[-83.8744038,48.9640657],[-83.8747239,48.9645848],[-83.8751556,48.9650688],[-83.8757082,48.9655942],[-83.8765283,48.9661293],[-83.8774596,48.9666165],[-83.8795366,48.9674132],[-83.8880629,48.9705931],[-83.8923681,48.9721814],[-83.8926483,48.9722652],[-83.893054,48.9723511],[-83.8933794,48.9724132],[-83.8937735,48.972451],[-83.894105,48.9724673],[-83.8944655,48.9724626],[-83.8950787,48.9723916],[-83.8958624,48.9722206],[-83.8967549,48.9719595],[-83.897468,48.9717589],[-83.8982768,48.9716318],[-83.8992141,48.9716252],[-83.9001843,48.9717462],[-83.9011592,48.9718927],[-83.9016245,48.97194],[-83.9020451,48.9719526],[-83.902359,48.971952],[-83.9027841,48.9719086],[-83.9034147,48.9717939],[-83.9039288,48.9716538],[-83.9045648,48.9714656],[-83.9054439,48.9711293],[-83.9063732,48.9708457],[-83.9072708,48.9706397],[-83.9082208,48.9704964],[-83.9094439,48.9703516],[-83.9107438,48.9703038],[-83.9132799,48.9703893],[-83.9142047,48.9704076],[-83.9153595,48.9704121],[-83.9165887,48.9704566],[-83.9173243,48.9705206],[-83.9181311,48.9706318],[-83.9195758,48.9709139],[-83.9205418,48.9711922],[-83.9215944,48.9715965],[-83.9224529,48.9719754],[-83.9232961,48.9724329],[-83.9238014,48.972781],[-83.9242622,48.9731153],[-83.9246405,48.9734369],[-83.9250237,48.9738826],[-83.9252808,48.9743156],[-83.9254263,48.9746786],[-83.925572,48.9754729],[-83.9256583,48.9778204],[-83.9257217,48.9805807],[-83.9258531,48.9813387],[-83.9260908,48.9820868],[-83.9264061,48.9827967],[-83.9265927,48.9831334],[-83.9268882,48.9835531],[-83.9271206,48.9838474],[-83.9273639,48.9841246],[-83.9279292,48.984713],[-83.9285574,48.9852513],[-83.9292549,48.9857907],[-83.9300494,48.9863057],[-83.9308007,48.9867598],[-83.9324621,48.9875578],[-83.9333181,48.9878802],[-83.9341427,48.988173],[-83.9355577,48.9885506],[-83.940458,48.9896499],[-83.9427717,48.9901464],[-83.9432616,48.9902292],[-83.9437855,48.9903597],[-83.9447661,48.9906676],[-83.9510515,48.9930364],[-83.9529519,48.993769],[-83.9531377,48.9938383],[-83.9573344,48.9954022],[-83.9650614,48.9983875],[-83.9680357,48.9995142],[-83.9761937,49.0025611],[-83.9792021,49.003694],[-83.9799629,49.0039952],[-83.9803191,49.0041304],[-83.9807124,49.0042604],[-83.9812508,49.0044258],[-83.9815879,49.0045064],[-83.9818827,49.0045635],[-83.9822374,49.0046158],[-83.9824683,49.0046454],[-83.9829105,49.0046858],[-83.9833696,49.0047048],[-83.9935634,49.0047731],[-84.0041957,49.0048605],[-84.0252613,49.0049953],[-84.0260569,49.0050386],[-84.0265905,49.0050991],[-84.0277934,49.0053395],[-84.0304709,49.0058977],[-84.0314701,49.0060568],[-84.0323383,49.0062318],[-84.0331872,49.0064355],[-84.0348887,49.0069292],[-84.0366262,49.0075491],[-84.0380959,49.0081409],[-84.0416891,49.0098235],[-84.0439311,49.0108707],[-84.0451146,49.0113448],[-84.046343,49.0117071],[-84.0513793,49.0127537],[-84.0586997,49.014217],[-84.0610693,49.0147324],[-84.0709601,49.0166523],[-84.072555,49.0169858],[-84.074101,49.017364],[-84.0748139,49.0175847],[-84.0755588,49.0178263],[-84.0767645,49.0183643],[-84.0776895,49.0189137],[-84.0778341,49.0190161],[-84.0783944,49.0194128],[-84.0797343,49.0206128],[-84.0815825,49.0232739],[-84.0828401,49.0251489],[-84.0840657,49.0270293],[-84.0865893,49.0307876],[-84.0952112,49.0435926],[-84.0957822,49.0444511],[-84.096496,49.0455241],[-84.0978349,49.0474855],[-84.1004623,49.0514914],[-84.1016157,49.0532588],[-84.1024826,49.0545608],[-84.102907,49.0551833],[-84.1037249,49.0564443],[-84.1043002,49.0573048],[-84.1045381,49.057663],[-84.1070447,49.0614003],[-84.1112469,49.067677],[-84.1152617,49.0737282],[-84.1161305,49.0750043],[-84.116318,49.0753608],[-84.1164371,49.0755825],[-84.1178569,49.0776639],[-84.1198461,49.0806856],[-84.1250323,49.0885629],[-84.1265154,49.0905205],[-84.1270019,49.0909877],[-84.1275399,49.091418],[-84.1286891,49.0921933],[-84.1299585,49.092794],[-84.1313929,49.0933263],[-84.1339115,49.0942987],[-84.1353332,49.0948758],[-84.1376294,49.0957881],[-84.1389078,49.0964288],[-84.1400912,49.0971073],[-84.1692443,49.1143984],[-84.1708797,49.1153184],[-84.1717528,49.1157378],[-84.1726775,49.1160838],[-84.173499,49.1164036],[-84.1746525,49.1166868],[-84.1766497,49.1169864],[-84.1791623,49.117059],[-84.1816897,49.1168703],[-84.2004866,49.1153535],[-84.2127604,49.1143423],[-84.2144388,49.1139295],[-84.2152318,49.1136488],[-84.2159912,49.1133243],[-84.2176069,49.1121194],[-84.2188778,49.1113053],[-84.2202102,49.1105498],[-84.220992,49.1103119],[-84.2218029,49.1101981],[-84.2223184,49.110164],[-84.222915,49.1101981],[-84.2234363,49.1102967],[-84.2238823,49.1104104],[-84.2245041,49.1106552],[-84.2249675,49.1109054],[-84.2257118,49.1113926],[-84.2273563,49.112488],[-84.2284391,49.1132536],[-84.2295722,49.1140852],[-84.2326774,49.116201],[-84.235533,49.1181597],[-84.2382316,49.1200409],[-84.2389412,49.1204668],[-84.2396594,49.1207625],[-84.2406557,49.1210771],[-84.241718,49.1213419],[-84.2434782,49.121795],[-84.2444161,49.1221139],[-84.2452448,49.1224399],[-84.2458086,49.1227412],[-84.2462755,49.1230226],[-84.2470947,49.1236257],[-84.2487235,49.1249031],[-84.2492594,49.1252349],[-84.2497691,49.1256746],[-84.2501688,49.1260802],[-84.2504096,49.1264713],[-84.250551,49.1270732],[-84.250719,49.1289305],[-84.2508751,49.1295139],[-84.2510723,49.1299386],[-84.2513677,49.1303366],[-84.2521207,49.1309885],[-84.2544741,49.1323168],[-84.2602248,49.1377079],[-84.2612694,49.1410803],[-84.2614605,49.1416972],[-84.2617324,49.1426371],[-84.2619087,49.1431179],[-84.2648595,49.153266],[-84.2662741,49.1578516],[-84.267843,49.1631534],[-84.2687201,49.1657403],[-84.2691196,49.1669387],[-84.2698097,49.1683088],[-84.2731645,49.1740471],[-84.2745722,49.1764924],[-84.2756871,49.1783648],[-84.278409,49.1830155],[-84.2796972,49.185261],[-84.2804229,49.1863922],[-84.2807526,49.1868386],[-84.2812693,49.1873997],[-84.2818752,49.1879389],[-84.282189,49.1881961],[-84.2825461,49.188497],[-84.2833015,49.1889723],[-84.2836455,49.189173],[-84.284136,49.1894195],[-84.2853167,49.1899217],[-84.2898663,49.1918568],[-84.2920417,49.1926974],[-84.2925761,49.192894],[-84.2931931,49.1931022],[-84.2964454,49.1938863],[-84.2995565,49.1943333],[-84.302711,49.1945594],[-84.3186652,49.195453],[-84.3241939,49.1957444],[-84.3267107,49.1958129],[-84.3281568,49.1957089],[-84.3294614,49.1954458],[-84.3311836,49.194739],[-84.3364805,49.1920699],[-84.3370592,49.1917794],[-84.3377028,49.1915676],[-84.3390048,49.1912533],[-84.3403467,49.1910927],[-84.3421915,49.1911601],[-84.3440311,49.1914035],[-84.3450595,49.1917082],[-84.3461246,49.1922124],[-84.3473997,49.19309],[-84.3479863,49.193577],[-84.3483187,49.1939965],[-84.3512344,49.1994213],[-84.3520116,49.2002626],[-84.3529676,49.2010626],[-84.3539237,49.2016928],[-84.3550372,49.2022824],[-84.3597856,49.2038845],[-84.3653881,49.2056382],[-84.366637,49.2059392],[-84.3678362,49.2061364],[-84.3701616,49.2063111],[-84.384657,49.2064723],[-84.4208677,49.2068958],[-84.4301669,49.2069789],[-84.4399676,49.2070761],[-84.4494893,49.2071765],[-84.4646558,49.2073619],[-84.4667977,49.2074046],[-84.4768783,49.2074876],[-84.4962938,49.2065987],[-84.4978109,49.2064734],[-84.4988695,49.2063043],[-84.4999831,49.2060276],[-84.501426,49.2055665],[-84.5098169,49.2022054],[-84.5204818,49.1978802],[-84.5211172,49.1976756],[-84.5216505,49.1975475],[-84.5223563,49.1974348],[-84.5248099,49.1971759],[-84.5395551,49.1967447],[-84.5405823,49.1967264],[-84.543404,49.1966316],[-84.5463387,49.1965331],[-84.547118,49.1964982],[-84.5479,49.1964465],[-84.5483215,49.1963902],[-84.5488552,49.1963308],[-84.5496765,49.1961658],[-84.5503686,49.1959884],[-84.5510192,49.1957934],[-84.5514222,49.1956709],[-84.5518862,49.195504],[-84.5523178,49.1953348],[-84.5528113,49.1951239],[-84.5597634,49.1920628],[-84.5622525,49.1909773],[-84.5683851,49.1882414],[-84.5684442,49.188215],[-84.5732436,49.186146],[-84.5749458,49.1855374],[-84.5766826,49.1850793],[-84.5779536,49.1849354],[-84.5791952,49.184876],[-84.5806792,49.1848906],[-84.5819691,49.1850135],[-84.6090043,49.1883202],[-84.6102003,49.1884488],[-84.6106472,49.1884715],[-84.6111052,49.1884897],[-84.6118335,49.1884704],[-84.6125021,49.1884262],[-84.6153278,49.1881122],[-84.6161485,49.1880345],[-84.6166189,49.1880113],[-84.6172001,49.1880064],[-84.6182246,49.1880526],[-84.6192783,49.1882396],[-84.620182,49.188428],[-84.6210917,49.1887565],[-84.6218847,49.1890896],[-84.622912,49.1896959],[-84.6233877,49.1900504],[-84.6237787,49.1904427],[-84.6240497,49.1907163],[-84.6243256,49.1910528],[-84.6249747,49.191901],[-84.6256956,49.1926026],[-84.626569,49.1932285],[-84.6272829,49.1935949],[-84.6280881,49.1939357],[-84.6297899,49.1945838],[-84.630822,49.1949769],[-84.6337086,49.1960348],[-84.6360785,49.1968321],[-84.6385098,49.197456],[-84.6400277,49.1977291],[-84.6416151,49.1979646],[-84.6524452,49.1990948],[-84.6665574,49.2005965],[-84.6682592,49.2008837],[-84.6692502,49.2010875],[-84.6700058,49.2012429],[-84.6712602,49.2015727],[-84.6713595,49.2015988],[-84.6717678,49.2017061],[-84.673407,49.2021371],[-84.6755246,49.2027353],[-84.6758725,49.2028421],[-84.6854733,49.2054625],[-84.686302,49.2056887],[-84.6878192,49.2061321],[-84.6885323,49.2063763],[-84.6892066,49.2066733],[-84.6897974,49.2069878],[-84.6903219,49.2073305],[-84.6935568,49.2096698],[-84.6940245,49.2099196],[-84.6945937,49.2101279],[-84.6951353,49.2103161],[-84.6957164,49.2104525],[-84.6965753,49.2105938],[-84.6998631,49.2109902],[-84.7040553,49.2115028],[-84.7045736,49.2115456],[-84.7050502,49.2115591],[-84.706041,49.2115233],[-84.7079414,49.211259],[-84.7084921,49.211179],[-84.7088294,49.2111561],[-84.7090657,49.2111592],[-84.7095666,49.2111659],[-84.7100883,49.2112164],[-84.7118444,49.2114675],[-84.7131977,49.2117416],[-84.7144623,49.2119722],[-84.7164364,49.2122946],[-84.7175951,49.2123787],[-84.7182144,49.2123606],[-84.7188279,49.2123013],[-84.7207064,49.2119722],[-84.7258992,49.2109769],[-84.7329914,49.2096159],[-84.7346595,49.2093831],[-84.736138,49.2092465],[-84.7376705,49.2093337],[-84.7420312,49.2097335],[-84.7512835,49.2104831],[-84.752271,49.2105591],[-84.7532252,49.210541],[-84.7541407,49.2104644],[-84.7550561,49.2102865],[-84.7568993,49.2098664],[-84.7615211,49.2087798],[-84.7627535,49.2084878],[-84.7647842,49.2080515],[-84.765208,49.2079569],[-84.7656342,49.2078736],[-84.7660824,49.2078237],[-84.7668334,49.2078097],[-84.7674074,49.2078377],[-84.7679492,49.2079148],[-84.7684291,49.2079963],[-84.7688636,49.208126],[-84.7692176,49.2082592],[-84.7695824,49.2084169],[-84.7699823,49.2086333],[-84.7703847,49.2088891],[-84.7706574,49.2091188],[-84.7708675,49.2093412],[-84.7711059,49.2096224],[-84.7712537,49.2098459],[-84.7713824,49.2101367],[-84.7715541,49.2106168],[-84.7720426,49.2122443],[-84.7720576,49.2122944],[-84.772171,49.2126599],[-84.7730293,49.215656],[-84.7731903,49.2161676],[-84.7732999,49.2165466],[-84.7733887,49.2167773],[-84.7735389,49.2171873],[-84.7737321,49.2176218],[-84.7738715,49.2180282],[-84.7739788,49.2182805],[-84.7741229,49.2186054],[-84.7745301,49.2192426],[-84.7751671,49.2199245],[-84.7754545,49.220207],[-84.7757611,49.2204886],[-84.7768683,49.221318],[-84.7791607,49.2229755],[-84.783066,49.2259044],[-84.7895955,49.2307396],[-84.7922672,49.2327091],[-84.7970107,49.2362268],[-84.7972932,49.2365458],[-84.7975994,49.2368915],[-84.7990484,49.2385275],[-84.7997209,49.2393972],[-84.7998831,49.2396071],[-84.8001132,49.239889],[-84.8008452,49.2411387],[-84.8016268,49.2427212],[-84.8020702,49.2436011],[-84.8047446,49.2489083],[-84.8051866,49.2495267],[-84.8058277,49.2502328],[-84.8102828,49.2544024],[-84.8110985,49.2551337],[-84.8120149,49.2557852],[-84.8130799,49.256492],[-84.8139913,49.2571176],[-84.8140956,49.2571891],[-84.8153275,49.2580023],[-84.8184032,49.259961],[-84.820259,49.2609875],[-84.8215301,49.26151],[-84.8236703,49.262584],[-84.825518,49.2638333],[-84.8290135,49.2661986],[-84.8303291,49.2670295],[-84.8317276,49.2680894],[-84.835722,49.2710515],[-84.838707,49.2732386],[-84.8404762,49.2745976],[-84.8411519,49.2753614],[-84.8423536,49.2770973],[-84.8429592,49.2776105],[-84.8435827,49.2780371],[-84.8444769,49.2785956],[-84.8466835,49.2800758],[-84.8477272,49.2807499],[-84.8488205,49.2814851],[-84.8496413,49.2821704],[-84.8501588,49.2827118],[-84.8505417,49.2831553],[-84.851001,49.2836267],[-84.8514757,49.2841601],[-84.8521495,49.2849233],[-84.8529305,49.2857743],[-84.85335,49.2862377],[-84.8539411,49.2867591],[-84.8542719,49.2870348],[-84.8545536,49.2872326],[-84.8550896,49.2875761],[-84.8556959,49.2879337],[-84.8559716,49.2880875],[-84.8574202,49.2888766],[-84.8583634,49.2893939],[-84.859322,49.2899272],[-84.8604551,49.2905325],[-84.862014,49.2913754],[-84.8654521,49.2932447],[-84.865493,49.2932669],[-84.8665068,49.2938022],[-84.8671407,49.2940998],[-84.8678206,49.2943615],[-84.8682493,49.2945013],[-84.8685175,49.294603],[-84.8690636,49.2947758],[-84.8809971,49.2984625],[-84.883362,49.2991675],[-84.8840115,49.2993287],[-84.8848695,49.2995121],[-84.8860668,49.2997491],[-84.8892419,49.3003086],[-84.8947146,49.3013518],[-84.8958053,49.301554],[-84.8968523,49.30175],[-84.8976327,49.3019397],[-84.8984713,49.3021736],[-84.899436,49.3025213],[-84.9028825,49.303814],[-84.9085249,49.3059064],[-84.9090482,49.306085],[-84.9095961,49.3062635],[-84.910236,49.3064184],[-84.910808,49.3065069],[-84.9114818,49.3065922],[-84.9121459,49.306627],[-84.913697,49.3066302],[-84.9149768,49.3066776],[-84.9157281,49.3067313],[-84.9164455,49.3068261],[-84.9171532,49.3069905],[-84.9178513,49.3071738],[-84.9186414,49.3074772],[-84.9215208,49.3087129],[-84.922529,49.3091617],[-84.9233725,49.3094746],[-84.9240947,49.3096547],[-84.9249866,49.3098191],[-84.9255635,49.3098981],[-84.9263003,49.3099708],[-84.9271147,49.3099613],[-84.9279678,49.3099297],[-84.9287046,49.3098633],[-84.9370421,49.3090479],[-84.9420883,49.3085328],[-84.9439545,49.3083558],[-84.9450694,49.3082041],[-84.9459614,49.3080113],[-84.9466255,49.3078122],[-84.9474156,49.3074962],[-84.9481136,49.3071517],[-84.9488795,49.3066586],[-84.9496115,49.3061466],[-84.9518316,49.3044399],[-84.9525878,49.3039183],[-84.9534603,49.3034695],[-84.9542747,49.3031756],[-84.9548466,49.3029954],[-84.9555398,49.3028563],[-84.9560391,49.302771],[-84.9568535,49.3026951],[-84.9573818,49.3026761],[-84.958109,49.302692],[-84.9586713,49.3027425],[-84.9592917,49.3028184],[-84.9596553,49.3028942],[-84.9599334,49.3029607],[-84.9725463,49.306351],[-84.9754611,49.3071401],[-84.9766617,49.3074651],[-84.9773821,49.3076891],[-84.9779618,49.3078916],[-84.9785248,49.308148],[-84.9791293,49.3084747],[-84.9816591,49.3099674],[-84.9824126,49.3103616],[-84.9830792,49.3106396],[-84.9839239,49.3108771],[-84.9843834,49.310977],[-84.9847768,49.3110472],[-84.9852571,49.3110904],[-84.9857042,49.3111228],[-84.9862839,49.3111255],[-84.987513,49.3110922],[-84.9904088,49.3109957],[-84.9945267,49.3108419],[-84.9955518,49.3108057],[-84.9961851,49.3108006],[-84.9967036,49.3108161],[-84.9977169,49.3108935],[-84.9987941,49.3110553],[-85.0026481,49.3117277],[-85.0053307,49.3121958],[-85.0076479,49.3125963],[-85.0090479,49.3128455],[-85.0096419,49.3129787],[-85.0103254,49.3131835],[-85.0112039,49.3135386],[-85.0117305,49.3138025],[-85.0121687,49.3140467],[-85.0137371,49.315137],[-85.0186219,49.3186168],[-85.0192093,49.3189041],[-85.0198449,49.3191704],[-85.0206168,49.3194072],[-85.0213018,49.3195544],[-85.021854,49.3196415],[-85.0222816,49.3196859],[-85.0227961,49.3197179],[-85.0232275,49.3197166],[-85.0237458,49.3197007],[-85.0241885,49.3196661],[-85.0248166,49.3195774],[-85.0253236,49.3194812],[-85.0260122,49.3193283],[-85.026584,49.3191521],[-85.0323498,49.3176684],[-85.0381421,49.3161588],[-85.0426716,49.3149883],[-85.0436175,49.3147851],[-85.044045,49.3147111],[-85.0446126,49.3146371],[-85.0448963,49.3146198],[-85.0453087,49.3146124],[-85.0462942,49.3146507],[-85.046553,49.3146612],[-85.0514326,49.3149135],[-85.0520921,49.3149531],[-85.0526581,49.3149989],[-85.0532981,49.315093],[-85.0537797,49.3151821],[-85.0541675,49.3152739],[-85.0546262,49.3154403],[-85.0553106,49.3157152],[-85.0556953,49.3159105],[-85.0560816,49.3161468],[-85.0690253,49.3241271],[-85.0746155,49.3271637],[-85.0761101,49.32797],[-85.0774457,49.3287221],[-85.080045,49.3304161],[-85.085187,49.3338163],[-85.087775,49.3355398],[-85.0903355,49.3372267],[-85.0913929,49.3379338],[-85.092494,49.3386636],[-85.0943609,49.3397897],[-85.0982032,49.3423359],[-85.1274831,49.3616348],[-85.1334479,49.3656168],[-85.1349606,49.3666393],[-85.1362819,49.367615],[-85.1369281,49.3681481],[-85.1375696,49.3687622],[-85.1380674,49.3693202],[-85.1386345,49.3699288],[-85.1463039,49.3785478],[-85.1465959,49.3788532],[-85.1471202,49.3793611],[-85.1474143,49.3796042],[-85.1477954,49.3798806],[-85.1481381,49.3801137],[-85.148491,49.3803018],[-85.1489207,49.3805183],[-85.1493555,49.3807148],[-85.1496291,49.3808213],[-85.1501585,49.3810061],[-85.1510792,49.3812892],[-85.1570552,49.3831755],[-85.157822,49.3833945],[-85.1584116,49.3835476],[-85.1589831,49.38367],[-85.1594822,49.3837501],[-85.1601115,49.3838395],[-85.1608096,49.3839055],[-85.1617211,49.3839549],[-85.1623829,49.3839714],[-85.1630412,49.3839573],[-85.1637863,49.3839102],[-85.164412,49.3838513],[-85.1651824,49.3837524],[-85.1706486,49.3830377],[-85.1712288,49.3829466],[-85.1719434,49.3827931],[-85.1726041,49.3826047],[-85.1733743,49.3823247],[-85.1759413,49.3812159],[-85.1775302,49.3805275],[-85.1783204,49.3802117],[-85.1792804,49.3799198],[-85.1853063,49.3782552],[-85.1864257,49.3779549],[-85.187067,49.3778447],[-85.1878689,49.3777396],[-85.1886268,49.3776982],[-85.1894217,49.377698],[-85.201142,49.3778349],[-85.2013356,49.3778368],[-85.2148166,49.3779774],[-85.2160237,49.3779817],[-85.2173545,49.3779693],[-85.2178843,49.3779308],[-85.2182412,49.3778942],[-85.218696,49.3778242],[-85.219141,49.3777366],[-85.2195529,49.3776499],[-85.2199747,49.3775408],[-85.2203536,49.3774135],[-85.2208154,49.3772491],[-85.2246798,49.3757176],[-85.2284876,49.3741953],[-85.2371943,49.3707177],[-85.2389121,49.3700599],[-85.2393908,49.3698979],[-85.2403651,49.3696461],[-85.2409447,49.3695183],[-85.2420292,49.3693448],[-85.2433707,49.3692139],[-85.244142,49.3692078],[-85.2450488,49.3692048],[-85.2458201,49.3692626],[-85.2466465,49.369344],[-85.2513332,49.3699062],[-85.2548452,49.3703276],[-85.255295,49.3703815],[-85.2608383,49.3710666],[-85.2673902,49.3718515],[-85.2839829,49.373868],[-85.2939528,49.3750753],[-85.303967,49.3762893],[-85.3049234,49.3764153],[-85.3059795,49.3765718],[-85.3081369,49.3769234],[-85.3083456,49.3769574],[-85.3111617,49.37743],[-85.3120961,49.3775877],[-85.3125125,49.3776737],[-85.312895,49.3777707],[-85.3133993,49.3779205],[-85.3138631,49.3780814],[-85.3141237,49.3781762],[-85.3144791,49.3783304],[-85.3147465,49.3784605],[-85.3150478,49.3786257],[-85.3156123,49.3789752],[-85.3179414,49.3805254],[-85.3212032,49.3828016],[-85.3216721,49.383053],[-85.3220242,49.3832249],[-85.3223965,49.3833835],[-85.3230532,49.3835642],[-85.3235,49.3836479],[-85.3237843,49.3836832],[-85.3243801,49.3837273],[-85.3260395,49.3836808],[-85.3338508,49.3830943],[-85.3344063,49.383075],[-85.3350765,49.383075],[-85.3355911,49.3831059],[-85.3362545,49.3831676],[-85.3367419,49.3832469],[-85.3374257,49.3833923],[-85.3384615,49.3837008],[-85.3396641,49.3841067],[-85.3458141,49.3861922],[-85.3468494,49.3865345],[-85.3479123,49.3868959],[-85.348745,49.3872529],[-85.3493136,49.3875525],[-85.3499839,49.3879932],[-85.3504171,49.3883545],[-85.3507827,49.3886983],[-85.351193,49.3891523],[-85.3535114,49.3917763],[-85.3591222,49.3982024],[-85.3596851,49.3987445],[-85.3602064,49.3991542],[-85.3608496,49.3995816],[-85.3615748,49.3999658],[-85.3619937,49.4001411],[-85.3626233,49.4003834],[-85.3630904,49.4005244],[-85.3638029,49.4006771],[-85.3647422,49.4008284],[-85.3660714,49.4009949],[-85.3775412,49.4024281],[-85.3795843,49.4026512],[-85.3814894,49.4029063],[-85.3827952,49.4031465],[-85.3840615,49.403463],[-85.3849869,49.403787],[-85.3857262,49.4040888],[-85.3866312,49.4045217],[-85.387986,49.405283],[-85.3959559,49.4098552],[-85.4078226,49.4166297],[-85.4161395,49.4213758],[-85.4173768,49.4220998],[-85.4331259,49.4310844],[-85.43497,49.4321317],[-85.4356876,49.4324777],[-85.4367146,49.4328881],[-85.4371305,49.4330367],[-85.4375622,49.4331778],[-85.4385335,49.4334232],[-85.4408942,49.4339278],[-85.4422222,49.434216],[-85.4427033,49.4343285],[-85.4435466,49.4344895],[-85.4442088,49.4345913],[-85.445032,49.4346874],[-85.4457334,49.4347406],[-85.446732,49.4348365],[-85.4530328,49.4352706],[-85.4538023,49.4353501],[-85.4546901,49.4354751],[-85.4554223,49.4356298],[-85.4562834,49.4358915],[-85.4567769,49.4360941],[-85.4573535,49.4363797],[-85.4585524,49.4370285],[-85.4642086,49.440147],[-85.4649316,49.4405398],[-85.4654716,49.4407957],[-85.4660391,49.44101],[-85.4662643,49.4410906],[-85.4666903,49.4412245],[-85.467163,49.4413371],[-85.4677527,49.441474],[-85.4687012,49.4416284],[-85.4719042,49.4420492],[-85.477482,49.4427793],[-85.4839969,49.443642],[-85.4907296,49.4445273],[-85.4923195,49.4447318],[-85.4938321,49.4448562],[-85.5013017,49.4453871],[-85.5243254,49.4470463],[-85.5255905,49.447126],[-85.5270272,49.4472606],[-85.5290658,49.4475888],[-85.5336593,49.4484259],[-85.5363933,49.4489231],[-85.5431289,49.4501291],[-85.5442892,49.4503741],[-85.5468504,49.45085],[-85.5485261,49.451126],[-85.5502061,49.4514027],[-85.5534535,49.4518759],[-85.5593143,49.4526044],[-85.5629536,49.4530403],[-85.5651554,49.4532926],[-85.566154,49.4534107],[-85.5698203,49.4538675],[-85.5721946,49.4541549],[-85.5797845,49.4550735],[-85.5818581,49.4553078],[-85.5943162,49.4567404],[-85.5952564,49.4568829],[-85.5962889,49.457083],[-85.5972788,49.4572985],[-85.5981212,49.4575369],[-85.5986949,49.4577541],[-85.5993153,49.4580127],[-85.6004777,49.4585688],[-85.6048988,49.4611813],[-85.6111414,49.4649585],[-85.6144286,49.4669132],[-85.6146401,49.4670411],[-85.6152178,49.4673888],[-85.6176143,49.4688422],[-85.6200482,49.4702956],[-85.624103,49.4727781],[-85.6245634,49.4731336],[-85.6248713,49.4734691],[-85.6250512,49.4737922],[-85.6251952,49.4741879],[-85.6252549,49.4744416],[-85.6252596,49.4746232],[-85.6252502,49.4748663],[-85.6252164,49.4750648],[-85.624473,49.4772145],[-85.6243976,49.4776606],[-85.6243929,49.4779683],[-85.6244355,49.4782391],[-85.6244734,49.4784206],[-85.6245535,49.4785871],[-85.6246345,49.4787684],[-85.6247387,49.4789376],[-85.6249944,49.4792546],[-85.6253354,49.4795254],[-85.6257604,49.4797947],[-85.62624,49.4800208],[-85.6266284,49.48015],[-85.6270499,49.4802639],[-85.6276144,49.4803678],[-85.6287725,49.4805284],[-85.639549,49.4818961],[-85.6423979,49.4822843],[-85.6431313,49.4823801],[-85.643982,49.4825171],[-85.6446451,49.4826346],[-85.6453621,49.4827878],[-85.64642,49.4830328],[-85.6475185,49.4833265],[-85.6486672,49.483679],[-85.6496288,49.4840101],[-85.6503115,49.4842816],[-85.6510349,49.4845862],[-85.6516947,49.48488],[-85.6523711,49.485202],[-85.6535935,49.4858525],[-85.6546661,49.4864859],[-85.657552,49.4885828],[-85.6580376,49.4889744],[-85.6583769,49.4892802],[-85.6585734,49.4894878],[-85.6587576,49.4897227],[-85.6590456,49.4901796],[-85.6592332,49.4906516],[-85.6593156,49.4910917],[-85.6593169,49.4913456],[-85.6593035,49.4915718],[-85.6592834,49.4918133],[-85.6592365,49.4920265],[-85.6590791,49.4925159],[-85.6589367,49.4929512],[-85.6583877,49.4945522],[-85.6582017,49.4948978],[-85.6580142,49.4952067],[-85.6577998,49.4954938],[-85.6575018,49.4958201],[-85.655992,49.4974177],[-85.6548632,49.4986155],[-85.6545647,49.498974],[-85.6543336,49.4992937],[-85.6541595,49.4996374],[-85.6540088,49.5000463],[-85.6539385,49.5003899],[-85.653915,49.5007401],[-85.6539402,49.5015374],[-85.654229,49.505027],[-85.6542867,49.5054025],[-85.654398,49.5057854],[-85.6545685,49.5061268],[-85.6547972,49.5064749],[-85.6550042,49.5067419],[-85.6552884,49.5070218],[-85.6558911,49.5075639],[-85.6573154,49.5088055],[-85.664518,49.5149706],[-85.6665209,49.5166885],[-85.6668082,49.5169349],[-85.6679999,49.5179042],[-85.6693395,49.5188062],[-85.6751348,49.5225595],[-85.6792705,49.5252813],[-85.6834749,49.5280061],[-85.6885439,49.5313133],[-85.6907778,49.5327619],[-85.6913575,49.5331004],[-85.6920133,49.5334273],[-85.6924031,49.5335851],[-85.6927221,49.5337001],[-85.6935669,49.5339657],[-85.6966211,49.5348248],[-85.7033683,49.5367237],[-85.7037349,49.5368651],[-85.7041356,49.5370277],[-85.7044414,49.5371788],[-85.7046948,49.5373133],[-85.7050126,49.537509],[-85.7052436,49.5376728],[-85.7054702,49.5378559],[-85.7056825,49.5380483],[-85.7059315,49.5382883],[-85.7063379,49.5387824],[-85.7079795,49.5413639],[-85.7088312,49.542659],[-85.7097191,49.5439356],[-85.7125721,49.5473863],[-85.7129976,49.5479062],[-85.7133121,49.548324],[-85.7135816,49.5487223],[-85.7138736,49.5492663],[-85.7140907,49.549893],[-85.7141843,49.5501553],[-85.7142517,49.5504564],[-85.7143228,49.5508936],[-85.7143714,49.5514608],[-85.714565,49.5557823],[-85.7145938,49.5562972],[-85.7146703,49.556774],[-85.7148158,49.5572259],[-85.7151002,49.5577867],[-85.715264,49.5580443],[-85.7154752,49.5583077],[-85.7156836,49.5585605],[-85.7159299,49.5588309],[-85.7162168,49.5590784],[-85.7164577,49.5592628],[-85.7167175,49.5594436],[-85.7170815,49.5596701],[-85.7177082,49.5600212],[-85.7180979,49.5601986],[-85.718439,49.5603355],[-85.7188206,49.5604812],[-85.7193133,49.560634],[-85.7199987,49.5608076],[-85.7204257,49.5608956],[-85.7207965,49.5609535],[-85.7212052,49.5610079],[-85.7215684,49.5610489],[-85.7223478,49.561091],[-85.7237305,49.5611618],[-85.7251893,49.5612383],[-85.7276198,49.5613758],[-85.7287249,49.5614274],[-85.7293996,49.5614623],[-85.7296501,49.5614855],[-85.7299338,49.561522],[-85.7305199,49.5616225],[-85.7309051,49.5617143],[-85.7312687,49.5618163],[-85.7321123,49.562124],[-85.7360386,49.563959],[-85.7367587,49.5642746],[-85.7373805,49.5645093],[-85.7379749,49.5646807],[-85.7384,49.5647809],[-85.7388747,49.5648567],[-85.7396564,49.5649292],[-85.7400817,49.5649334],[-85.7404011,49.5649282],[-85.7407362,49.5649107],[-85.7412111,49.5648681],[-85.742074,49.5647428],[-85.7433947,49.56454],[-85.7455374,49.5642116],[-85.7472241,49.5639324],[-85.7489983,49.5636487],[-85.7500825,49.5634594],[-85.750965,49.5632939],[-85.7514002,49.5631924],[-85.7519072,49.563051],[-85.752309,49.5629156],[-85.7528039,49.5627202],[-85.7533754,49.5624607],[-85.7543242,49.5619078],[-85.7554959,49.5611946],[-85.7562699,49.5607125],[-85.7573004,49.5600719],[-85.7582715,49.5594808],[-85.7593081,49.5588349],[-85.7606691,49.5579914],[-85.7616867,49.557356],[-85.7627656,49.5566849],[-85.7635424,49.5561985],[-85.7638801,49.5559963],[-85.7642359,49.5557553],[-85.7645372,49.5555439],[-85.7648018,49.5553409],[-85.7651029,49.5550739],[-85.7655714,49.5545601],[-85.7658225,49.5542173],[-85.7660449,49.5538858],[-85.7665215,49.5528832],[-85.7669401,49.5520079],[-85.7672719,49.5513068],[-85.7676751,49.5504533],[-85.7680319,49.5497314],[-85.768393,49.5489721],[-85.7689338,49.5478145],[-85.7693522,49.5469406],[-85.7699497,49.5456951],[-85.7708082,49.5439073],[-85.7710542,49.5433901],[-85.7713637,49.5428866],[-85.771791,49.5423862],[-85.7720296,49.5421636],[-85.7723277,49.5419245],[-85.772627,49.5417329],[-85.7729025,49.5415586],[-85.7733489,49.5413483],[-85.7776398,49.5398346],[-85.7794714,49.5392251],[-85.7815414,49.5385386],[-85.7834991,49.5378659],[-85.7846318,49.5374883],[-85.7854342,49.5372445],[-85.785896,49.5371556],[-85.7864557,49.5370819],[-85.7869411,49.5370388],[-85.7874828,49.5370275],[-85.7912976,49.5379617],[-85.7939369,49.5389434],[-85.8026273,49.5423061],[-85.8047076,49.5425794],[-85.808378,49.5430301],[-85.8152444,49.54342],[-85.8208234,49.544311],[-85.8249433,49.5457033],[-85.8302833,49.5462703],[-85.8369596,49.5457033],[-85.8573916,49.5418889],[-85.8718068,49.5392985],[-85.8728247,49.5392582],[-85.873864,49.539378],[-85.8748174,49.5395396],[-85.8758353,49.5398196],[-85.8797033,49.5404681],[-85.8809188,49.540542],[-85.8833278,49.5404146],[-85.8866059,49.5395647],[-85.890163,49.5388679],[-85.8929212,49.5386301],[-85.8950992,49.5387067],[-85.8970411,49.5391871],[-85.9027917,49.5419719],[-85.9077699,49.5438655],[-85.9135205,49.5475968],[-85.9159238,49.5498799],[-85.9168679,49.5521073],[-85.9184129,49.5533323],[-85.9229475,49.5572622],[-85.9253449,49.5592061],[-85.9281976,49.5609601],[-85.9296936,49.5614096],[-85.9320026,49.5616059],[-85.9346661,49.5616735],[-85.9355784,49.5616673],[-85.9365232,49.5618509],[-85.9385181,49.563187],[-85.9385242,49.5635493],[-85.9387254,49.5638905],[-85.9389592,49.5642],[-85.9393556,49.5644674],[-85.9427888,49.5654694],[-85.9439531,49.5655385],[-85.9451921,49.5654138],[-85.947039,49.564639],[-85.9481492,49.5643001],[-85.9494836,49.5643004],[-85.9532282,49.5645415],[-85.9592323,49.5654166],[-85.9774644,49.5681971],[-85.9781322,49.5683087],[-85.9787945,49.5684041],[-85.9793605,49.5684776],[-85.9799066,49.56854],[-85.9805519,49.5685858],[-85.9811405,49.5686079],[-85.9817801,49.568606],[-85.9823596,49.5685904],[-85.9827791,49.5685748],[-85.9833366,49.5685271],[-85.9843384,49.5684005],[-85.9852836,49.5682316],[-85.986226,49.5679985],[-85.9877849,49.5676386],[-85.988722,49.5674828],[-85.9891465,49.5674296],[-85.9896546,49.5673758],[-85.992022,49.5672247],[-85.9927495,49.5671814],[-85.9941311,49.5670888],[-85.9948178,49.5670203],[-85.9954129,49.566945],[-85.9966991,49.5667556],[-85.9981974,49.5664736],[-85.9988555,49.5663245],[-85.999571,49.5661512],[-86.0019896,49.565497],[-86.0024822,49.5653673],[-86.0035251,49.5650926],[-86.0039734,49.5649826],[-86.0044389,49.5648913],[-86.0048384,49.5648223],[-86.0052378,49.5647906],[-86.0056861,49.5647776],[-86.0062005,49.5647869],[-86.006689,49.5648093],[-86.0071947,49.5648726],[-86.0076344,49.5649397],[-86.0080769,49.565046],[-86.008508,49.5651541],[-86.0089557,49.5653061],[-86.0094563,49.5655324],[-86.0099074,49.5657822],[-86.0105166,49.5662164],[-86.0118213,49.5671874],[-86.013077,49.5681677],[-86.0135196,49.5684976],[-86.0140023,49.568807],[-86.0145367,49.5690714],[-86.0152294,49.5693698],[-86.0157869,49.5695599],[-86.0164622,49.5697406],[-86.0171806,49.5698972],[-86.0179536,49.5700351],[-86.0188897,49.570205],[-86.0203761,49.5704749],[-86.0246651,49.5712535],[-86.0254295,49.5714209],[-86.0260044,49.5716077],[-86.0265445,49.5718718],[-86.0270857,49.5721643],[-86.0275445,49.5725203],[-86.0279447,49.5729875],[-86.0282859,49.5736198],[-86.0283779,49.5741714],[-86.0283797,49.5746426],[-86.028079,49.5761876],[-86.0280445,49.5768696],[-86.0280962,49.5773466],[-86.0281903,49.5777149],[-86.0284468,49.578785],[-86.0290618,49.5806557],[-86.0295974,49.581807],[-86.0318549,49.5858425],[-86.0340548,49.5898459],[-86.0344987,49.590552],[-86.0350274,49.5913157],[-86.0356998,49.5920981],[-86.0364412,49.5928653],[-86.037401,49.5937633],[-86.038493,49.5946463],[-86.0388504,49.5949293],[-86.0400621,49.5957905],[-86.0411648,49.596526],[-86.0484464,49.6009727],[-86.0493004,49.6013581],[-86.0501692,49.601716],[-86.0511466,49.6021033],[-86.0520776,49.6023725],[-86.0527905,49.6025427],[-86.0535211,49.6027171],[-86.054447,49.6028953],[-86.0553802,49.6030456],[-86.0563766,49.6031557],[-86.0571644,49.6032215],[-86.058017,49.6032388],[-86.0587906,49.6032356],[-86.0597489,49.6031922],[-86.0604466,49.603156],[-86.0611772,49.6031033],[-86.0618719,49.6030164],[-86.0644479,49.6025664],[-86.0682585,49.6018432],[-86.0717084,49.6011813],[-86.0731332,49.6009264],[-86.0738351,49.6007695],[-86.0747162,49.6005805],[-86.0759964,49.6002203],[-86.0788881,49.5992837],[-86.0799052,49.598965],[-86.0809885,49.5986928],[-86.0813726,49.5986278],[-86.0819419,49.5985637],[-86.0825866,49.5985153],[-86.0832802,49.5985323],[-86.0841957,49.5986356],[-86.0848434,49.5987503],[-86.0855,49.5989214],[-86.0861671,49.599155],[-86.0869101,49.5994426],[-86.0890682,49.6002713],[-86.0906618,49.6008232],[-86.0914842,49.6010725],[-86.0922888,49.6012911],[-86.0930048,49.6014706],[-86.0937124,49.6016306],[-86.0947248,49.601847],[-86.0994983,49.6025873],[-86.1029469,49.6031461],[-86.1039955,49.6033743],[-86.1046408,49.6035322],[-86.1064403,49.6041216],[-86.1075739,49.604558],[-86.1081397,49.6048364],[-86.1087178,49.6051421],[-86.1100205,49.6059021],[-86.1112661,49.606856],[-86.1129629,49.6082607],[-86.1167156,49.6113291],[-86.1193905,49.6135172],[-86.1199602,49.6139552],[-86.120558,49.6143627],[-86.1208994,49.6145449],[-86.1213026,49.6147226],[-86.121714,49.6148869],[-86.1221711,49.6150323],[-86.122753,49.6151642],[-86.1232683,49.6152477],[-86.123862,49.6153044],[-86.1243322,49.6153392],[-86.1248281,49.6153302],[-86.1268527,49.6152262],[-86.1269819,49.6152136],[-86.1279221,49.615122],[-86.1290034,49.6150167],[-86.1298137,49.6150069],[-86.1306742,49.61504],[-86.1310171,49.6150746],[-86.1316045,49.6151373],[-86.1320762,49.6152178],[-86.132577,49.6153279],[-86.1330653,49.6154561],[-86.1335178,49.615599],[-86.1341915,49.6158368],[-86.1350132,49.6162373],[-86.1385427,49.6180235],[-86.1409158,49.6192298],[-86.1421278,49.6198424],[-86.143235,49.6203276],[-86.1439572,49.6206127],[-86.1448327,49.6208632],[-86.1455349,49.6210405],[-86.1462262,49.6211792],[-86.1497982,49.6219688],[-86.1504178,49.6221169],[-86.1535958,49.6233062],[-86.1543245,49.6235969],[-86.161098,49.6262529],[-86.1629732,49.6269666],[-86.1647936,49.6277049],[-86.1667919,49.6286444],[-86.1677455,49.6291915],[-86.1684849,49.6296551],[-86.1714097,49.6315889],[-86.1717998,49.6318359],[-86.1723751,49.6321576],[-86.1731029,49.6325183],[-86.1735893,49.6327299],[-86.174334,49.6330139],[-86.1749931,49.6332457],[-86.1756782,49.6335046],[-86.1766657,49.6339499],[-86.1771217,49.6341834],[-86.177518,49.6344234],[-86.1784975,49.6350714],[-86.1794804,49.635772],[-86.1869771,49.6410636],[-86.1874816,49.6413743],[-86.187995,49.6416451],[-86.1885843,49.6419067],[-86.1892087,49.6421196],[-86.1898981,49.6422735],[-86.1906126,49.64239],[-86.1914145,49.6424466],[-86.1921853,49.6424469],[-86.192999,49.6423963],[-86.1947974,49.6422515],[-86.1960271,49.6422295],[-86.1968339,49.6422578],[-86.1976347,49.6423305],[-86.1988218,49.6425096],[-86.2004112,49.6427677],[-86.2014173,49.6428904],[-86.2025355,49.6429744],[-86.2102266,49.6434359],[-86.2178713,49.6439192],[-86.2284618,49.6445797],[-86.2296466,49.6447253],[-86.2308083,49.6449519],[-86.2322081,49.6453422],[-86.2336273,49.6458646],[-86.2360235,49.6469283],[-86.23719,49.6474193],[-86.2383331,49.6478],[-86.239655,49.6481061],[-86.2405639,49.6482635],[-86.2415165,49.6483705],[-86.24286,49.6484685],[-86.2510068,49.6489556],[-86.2539291,49.6491243],[-86.2552962,49.6492882],[-86.2559429,49.6493997],[-86.2566786,49.6495477],[-86.2577811,49.6498525],[-86.2588671,49.6502325],[-86.2598652,49.6506854],[-86.2608191,49.6511933],[-86.2737282,49.6598051],[-86.2776938,49.6624599],[-86.279326,49.6636779],[-86.2806585,49.6648011],[-86.2830034,49.6673399],[-86.2837539,49.6681378],[-86.286026,49.6706115],[-86.2865122,49.6711352],[-86.2870413,49.6717145],[-86.2876459,49.6723714],[-86.2881148,49.6727767],[-86.2884475,49.6730357],[-86.2891804,49.6734797],[-86.2900155,49.6738223],[-86.2908957,49.6740616],[-86.2915974,49.6741894],[-86.2923694,49.6742715],[-86.2928501,49.6742836],[-86.2933387,49.6742702],[-86.2941184,49.6741827],[-86.2950176,49.6740448],[-86.2975634,49.6736252],[-86.3050276,49.6724232],[-86.3059734,49.6722977],[-86.3070109,49.6722259],[-86.3076484,49.6722497],[-86.3083413,49.67232],[-86.3091081,49.6724371],[-86.30971,49.6726039],[-86.3101019,49.6727317],[-86.3106278,49.6729507],[-86.3112783,49.673309],[-86.3135976,49.6748118],[-86.3178113,49.6775483],[-86.3215122,49.680022],[-86.3226634,49.681063],[-86.3233621,49.6817324],[-86.324085,49.6826469],[-86.3245096,49.6834124],[-86.3250787,49.6845646],[-86.326709,49.6949457],[-86.3277847,49.7020521],[-86.3280338,49.7030225],[-86.3289264,49.7048955],[-86.3299059,49.7061276],[-86.3305532,49.7067721],[-86.3309545,49.7071236],[-86.3314104,49.7074959],[-86.3323166,49.7081449],[-86.3374333,49.7113887],[-86.3436174,49.7152771],[-86.3484427,49.718356],[-86.351674,49.7205181],[-86.3529311,49.7212375],[-86.3535016,49.7215683],[-86.3543119,49.721921],[-86.3549197,49.7221119],[-86.3557981,49.7223488],[-86.3565605,49.7224608],[-86.3575121,49.7226044],[-86.361449,49.7230535],[-86.3625071,49.723194],[-86.3656412,49.723553],[-86.3730286,49.724429],[-86.3770219,49.7248964],[-86.3809351,49.7253838],[-86.38322,49.725679],[-86.3917655,49.7266846],[-86.3947866,49.7270602],[-86.3966305,49.7272855],[-86.405964,49.7283856],[-86.4390271,49.7323379],[-86.4404513,49.7325112],[-86.4422639,49.7327883],[-86.4432065,49.7329975],[-86.4444414,49.7333534],[-86.4451452,49.7336586],[-86.4461279,49.7341159],[-86.4473567,49.734759],[-86.4533031,49.7379311],[-86.4579476,49.7403783],[-86.46439,49.7437678],[-86.4694334,49.7464413],[-86.470969,49.7472555],[-86.4720909,49.7478495],[-86.4768199,49.7503532],[-86.4869321,49.7556959],[-86.4919275,49.7583431],[-86.4965207,49.7607683],[-86.5013112,49.7633042],[-86.5051465,49.7652988],[-86.5055523,49.765526],[-86.5062743,49.7658723],[-86.5080792,49.7665984],[-86.5083412,49.7666945],[-86.5101131,49.7672617],[-86.511451,49.7676276],[-86.513196,49.7680039],[-86.5145355,49.7682384],[-86.5157541,49.7683846],[-86.5163626,49.7684547],[-86.5172477,49.7685387],[-86.5194553,49.7687615],[-86.5228036,49.7691037],[-86.5278243,49.7696034],[-86.5283405,49.7696737],[-86.5289339,49.7697709],[-86.5295943,49.7698903],[-86.5300353,49.7699914],[-86.5305219,49.7701173],[-86.5308217,49.7701969],[-86.5311594,49.7703101],[-86.5314303,49.770395],[-86.5330855,49.7710842],[-86.535033,49.7719899],[-86.5377319,49.7732979],[-86.5380454,49.773447],[-86.5383886,49.7736177],[-86.5387239,49.7738021],[-86.5392725,49.7741777],[-86.5394147,49.7743009],[-86.5396748,49.7745377],[-86.5401042,49.7750469],[-86.5403665,49.7754833],[-86.5405538,49.7760022],[-86.5406184,49.776367],[-86.5406466,49.7767404],[-86.5406157,49.7770938],[-86.5405664,49.7773652],[-86.5404293,49.7777291],[-86.5402507,49.7780923],[-86.5394951,49.7794982],[-86.5393706,49.7799918],[-86.5393041,49.7803538],[-86.5393189,49.7806049],[-86.5393645,49.7809632],[-86.5394503,49.7813917],[-86.5395964,49.7817318],[-86.5397977,49.7820598],[-86.5400903,49.7824324],[-86.5403887,49.7827532],[-86.5405365,49.7828885],[-86.540943,49.7831882],[-86.5412919,49.7834227],[-86.5416485,49.7836124],[-86.5417117,49.7836461],[-86.5427465,49.7840603],[-86.5436557,49.7843],[-86.544511,49.7844604],[-86.5446677,49.7844898],[-86.5464814,49.7848135],[-86.547284,49.7849922],[-86.5482042,49.7852598],[-86.549559,49.7858025],[-86.5504047,49.786249],[-86.5511391,49.7866966],[-86.551748,49.7871287],[-86.5521492,49.787474],[-86.553313,49.7887009],[-86.5540183,49.7894464],[-86.5558869,49.7914214],[-86.5604091,49.7962309],[-86.5617078,49.7976302],[-86.5621008,49.7981822],[-86.5624425,49.7988174],[-86.5626281,49.7992237],[-86.5627882,49.7997881],[-86.5631026,49.80109],[-86.563161,49.801372],[-86.5636039,49.8034309],[-86.5641612,49.8060195],[-86.5645512,49.8079304],[-86.5649037,49.8095566],[-86.5651126,49.8101396],[-86.5652534,49.8105074],[-86.5655332,49.8109882],[-86.5656987,49.8113242],[-86.5659559,49.8117076],[-86.5662461,49.8120629],[-86.566807,49.8126632],[-86.5674046,49.8131741],[-86.5783901,49.8204781],[-86.5853408,49.8250942],[-86.586735,49.8263927],[-86.5871944,49.8268216],[-86.5878135,49.8275186],[-86.5884812,49.8284101],[-86.5888376,49.828886],[-86.596856,49.8423937],[-86.6023057,49.8516083],[-86.6048077,49.8558135],[-86.606792,49.8591749],[-86.6069507,49.8594723],[-86.6084029,49.861897],[-86.6092049,49.8633321],[-86.6098266,49.8648432],[-86.6101319,49.8660261],[-86.6104233,49.8677213],[-86.6104385,49.8677397],[-86.6122481,49.8798223],[-86.6129369,49.8843307],[-86.61318,49.8859538],[-86.6134929,49.8880432],[-86.6136904,49.8898246],[-86.6138741,49.8909807],[-86.6141032,49.8923701],[-86.6146039,49.8951555],[-86.6149084,49.8964144],[-86.6151213,49.8972374],[-86.6153614,49.8980312],[-86.6162465,49.9006188],[-86.6171324,49.9033022],[-86.618458,49.9071527],[-86.6190929,49.9090021],[-86.6196266,49.9106273],[-86.6204531,49.9131111],[-86.6212974,49.9154084],[-86.6219946,49.9164544],[-86.6229826,49.9175779],[-86.6240224,49.9183488],[-86.6258898,49.9193719],[-86.6266945,49.9197049],[-86.6278204,49.9200728],[-86.6379369,49.9230139],[-86.6403862,49.9237535],[-86.6410415,49.923983],[-86.6417772,49.9243012],[-86.642473,49.9247674],[-86.6449502,49.9272855],[-86.6475022,49.9299479],[-86.6506955,49.9333137],[-86.6515325,49.9341959],[-86.6526653,49.9353899],[-86.6538899,49.9366353],[-86.6545578,49.9374069],[-86.654818,49.9377833],[-86.6550688,49.9382275],[-86.6552659,49.9386171],[-86.6554456,49.9390587],[-86.6564058,49.9419176],[-86.6574385,49.9451507],[-86.6576485,49.9456711],[-86.6578355,49.9461138],[-86.6581332,49.9466627],[-86.6594839,49.948822],[-86.6633592,49.9551084],[-86.6648772,49.9574832],[-86.6650838,49.9578137],[-86.665759,49.958858],[-86.6726315,49.9698199],[-86.6739536,49.9718877],[-86.6742932,49.9724134],[-86.674547,49.9729667],[-86.6747428,49.973479],[-86.6748098,49.9737895],[-86.6748635,49.9742087],[-86.6748769,49.9746072],[-86.6748232,49.9748763],[-86.6747615,49.975204],[-86.6746006,49.9756887],[-86.6743834,49.9760803],[-86.6741151,49.976546],[-86.6736806,49.9770721],[-86.6729806,49.9778138],[-86.6726264,49.9781444],[-86.6724624,49.9782976],[-86.6696835,49.9811954],[-86.6693556,49.9816429],[-86.6691249,49.9820845],[-86.6687547,49.9829123],[-86.6686153,49.9834125],[-86.6684926,49.9840618],[-86.6683606,49.9866352],[-86.668293,49.9892362],[-86.6678012,50.0003666],[-86.6671998,50.0152095],[-86.6672004,50.016584],[-86.6674042,50.0179559],[-86.6678119,50.0194518],[-86.6684336,50.0209451],[-86.6696037,50.0226503],[-86.671191,50.0245089],[-86.6759331,50.0294508],[-86.6773606,50.0309834],[-86.6785622,50.0324375],[-86.6795707,50.0339675],[-86.6802997,50.0354328],[-86.6810406,50.0371995],[-86.6815443,50.0392779],[-86.6817058,50.0413063],[-86.6816194,50.0432468],[-86.6811157,50.0454198],[-86.6804612,50.0472455],[-86.6799956,50.0481069],[-86.6795487,50.0489654],[-86.6691951,50.0649852],[-86.6684014,50.0662131],[-86.6677798,50.0674553],[-86.6674042,50.068626],[-86.6674042,50.0699895],[-86.6675866,50.0716285],[-86.6683049,50.0775407],[-86.6687234,50.0811622],[-86.6690136,50.0824522],[-86.6695178,50.0837396],[-86.6703654,50.084903],[-86.6714061,50.0862936],[-86.6739375,50.0896158],[-86.6744316,50.0904031],[-86.6746248,50.0910846],[-86.6747213,50.0919312],[-86.6746865,50.0925774],[-86.6746811,50.093393],[-86.6746134,50.0948126],[-86.6744102,50.0959999],[-86.674142,50.0972387],[-86.671663,50.1025207],[-86.6714395,50.1031138],[-86.6712827,50.1037069],[-86.6712199,50.1049546],[-86.6712279,50.1061833],[-86.6711111,50.1066589],[-86.6709819,50.1069847],[-86.6708428,50.1072507],[-86.6706068,50.1075328],[-86.6702591,50.1078637],[-86.6678972,50.1095021],[-86.6666651,50.1106542],[-86.6662041,50.1111589],[-86.6660054,50.1116075],[-86.6658758,50.1120093],[-86.6658146,50.1126372],[-86.6658678,50.1131998],[-86.666499,50.1166307],[-86.6666174,50.1200841],[-86.6670282,50.1225751],[-86.679189,50.1633766],[-86.6792411,50.1635514],[-86.6797059,50.1649988],[-86.6798571,50.1652934],[-86.6800503,50.1655978],[-86.6802809,50.1658896],[-86.6806024,50.166184],[-86.6809675,50.16657],[-86.6814317,50.1669342],[-86.6818527,50.1672194],[-86.6823174,50.1674791],[-86.682888,50.1677589],[-86.6835753,50.1680336],[-86.6876275,50.1693911],[-86.6882863,50.1696111],[-86.6907738,50.1704415],[-86.6939667,50.1714756],[-86.6977544,50.1727222],[-86.7043692,50.1748597],[-86.7139437,50.1779547],[-86.7157677,50.1785618],[-86.7162458,50.1787373],[-86.7166489,50.178941],[-86.7170453,50.1791789],[-86.7171392,50.1792332],[-86.7189366,50.180273],[-86.7200119,50.1809238],[-86.7209506,50.1814383],[-86.7218073,50.1817924],[-86.7223942,50.1820025],[-86.7233973,50.1822697],[-86.7240405,50.1823766],[-86.724659,50.1824523],[-86.7253977,50.1825107],[-86.7259768,50.1825265],[-86.7265947,50.1825011],[-86.7312235,50.1824008],[-86.7322317,50.1823848],[-86.7331815,50.1824446],[-86.7343032,50.1826081],[-86.7355376,50.1829411],[-86.7376393,50.1836887],[-86.7379735,50.1838003],[-86.7395705,50.1843896],[-86.744104,50.1860051],[-86.7449188,50.1862034],[-86.7454438,50.1862946],[-86.7460397,50.1863822],[-86.7464904,50.1864049],[-86.7472846,50.1864604],[-86.7480138,50.1864521],[-86.7486739,50.1864009],[-86.7553795,50.1853439],[-86.7564408,50.1852269],[-86.7573375,50.1852171],[-86.7580515,50.1852884],[-86.758883,50.1854478],[-86.7597979,50.185721],[-86.760841,50.1860875],[-86.7624181,50.1866465],[-86.7631042,50.1868425],[-86.7636935,50.1869653],[-86.7642737,50.1870451],[-86.7650468,50.1871176],[-86.7668813,50.1869998],[-86.7703575,50.1867458],[-86.77151,50.1867063],[-86.7725617,50.1867312],[-86.7732508,50.186832],[-86.7742842,50.187003],[-86.7752659,50.1872698],[-86.7801191,50.1889059],[-86.781698,50.1893158],[-86.7827157,50.1894468],[-86.7838377,50.1895857],[-86.7844385,50.1896204],[-86.7850447,50.1896335],[-86.7859084,50.1896093],[-86.7862685,50.1895902],[-86.7868042,50.1895612],[-86.7877054,50.1894547],[-86.7909769,50.1889455],[-86.7923848,50.1887063],[-86.8025252,50.1870395],[-86.8085481,50.1860241],[-86.809566,50.1858955],[-86.8115927,50.1857674],[-86.8127573,50.1858141],[-86.8134686,50.1858587],[-86.8141955,50.1859439],[-86.8148073,50.186038],[-86.8152866,50.1861313],[-86.8159437,50.1862926],[-86.8202607,50.1874226],[-86.8203442,50.1874445],[-86.8294299,50.1898698],[-86.8489411,50.1950824],[-86.8490691,50.1951177],[-86.858559,50.1976704],[-86.8606578,50.1982526],[-86.8615205,50.1985471],[-86.8622371,50.1989665],[-86.8630777,50.1994848],[-86.8636326,50.1999398],[-86.8640256,50.200349],[-86.8645899,50.2011071],[-86.8713052,50.2118414],[-86.8723721,50.2135257],[-86.8730104,50.2145212],[-86.8734288,50.2150157],[-86.8740518,50.2155763],[-86.8744427,50.2158814],[-86.8750226,50.2162434],[-86.8755609,50.2165302],[-86.8761288,50.2167797],[-86.8769002,50.2170556],[-86.8776673,50.2172433],[-86.8783783,50.2173822],[-86.8790529,50.2174627],[-86.8797642,50.2175354],[-86.8848556,50.2178758],[-86.8879216,50.218109],[-86.8908369,50.2182838],[-86.8914689,50.2183359],[-86.893175,50.2184488],[-86.8939751,50.2184784],[-86.8947342,50.2184671],[-86.895268,50.2184665],[-86.8958733,50.2184621],[-86.8969792,50.2184354],[-86.9269389,50.217433],[-86.9314075,50.2174052],[-86.9329712,50.2175444],[-86.9631737,50.2216071],[-86.9642538,50.2217612],[-86.980906,50.2240064],[-86.9904483,50.2253203],[-87.0078451,50.2276395],[-87.0095488,50.2278671],[-87.0129466,50.2283795],[-87.0157415,50.2288257],[-87.016407,50.2289237],[-87.0176075,50.2291278],[-87.0191055,50.2293629],[-87.0197884,50.2294877],[-87.0229561,50.2300328],[-87.0362226,50.2322358],[-87.036416,50.2322679],[-87.0484102,50.2342216],[-87.0491758,50.2343594],[-87.0526642,50.234932],[-87.0587834,50.2359419],[-87.0640921,50.236848],[-87.0699067,50.237776],[-87.0702751,50.2378496],[-87.0730496,50.2383126],[-87.0910831,50.241308],[-87.1045773,50.2435452],[-87.1189663,50.2458979],[-87.1211657,50.2462519],[-87.1226356,50.2464242],[-87.1237922,50.2465085],[-87.1252979,50.2465977],[-87.1833581,50.2465621],[-87.1836993,50.2465619],[-87.1936879,50.2465499],[-87.194809,50.2465419],[-87.1960181,50.24649],[-87.1969387,50.2464047],[-87.1981419,50.2463041],[-87.201264,50.2459037],[-87.2058721,50.2452411],[-87.2127202,50.2442564],[-87.2152058,50.2438946],[-87.2163098,50.2437289],[-87.2199251,50.2432471],[-87.2203463,50.2431894],[-87.230551,50.2417523],[-87.2320756,50.2414506],[-87.2334518,50.2411104],[-87.2347506,50.24074],[-87.2361534,50.2402952],[-87.2370684,50.2400024],[-87.2378727,50.2397451],[-87.2426266,50.2382162],[-87.2474283,50.2366492],[-87.2521718,50.2351494],[-87.2534914,50.2347845],[-87.2546874,50.2345198],[-87.255863,50.2342907],[-87.2572353,50.2341042],[-87.2625554,50.2335135],[-87.2696904,50.2327106],[-87.2757057,50.2320437],[-87.2799249,50.2315517],[-87.2814164,50.23142],[-87.2855975,50.2309173],[-87.2918315,50.2302347],[-87.2997665,50.2299756],[-87.3075511,50.229716],[-87.3114113,50.2295758],[-87.3126652,50.2295441],[-87.3141115,50.2296091],[-87.3154757,50.2296815],[-87.3227568,50.2305194],[-87.3364892,50.2321969],[-87.3374156,50.2323067],[-87.338253,50.2324846],[-87.3388248,50.2326663],[-87.3397137,50.2329592],[-87.3837094,50.2499015],[-87.3842826,50.2501008],[-87.3849992,50.2503283],[-87.3856559,50.2505004],[-87.3867556,50.2507594],[-87.3887646,50.2512482],[-87.3933305,50.2523245],[-87.400367,50.2540063],[-87.4013831,50.2542296],[-87.4021309,50.2543527],[-87.4033293,50.2544765],[-87.4043405,50.25453],[-87.4058259,50.2545506],[-87.4205367,50.2546007],[-87.427518,50.2546257],[-87.4293896,50.2547296],[-87.4307366,50.2548773],[-87.4321967,50.2550615],[-87.4322924,50.2550735],[-87.434235,50.2553026],[-87.4426419,50.2563382],[-87.4441734,50.2565179],[-87.4533079,50.2583943],[-87.4538507,50.2585146],[-87.4546448,50.258667],[-87.4554573,50.2587554],[-87.456104,50.2587991],[-87.4564881,50.2588168],[-87.457033,50.2588031],[-87.4577503,50.2587489],[-87.458261,50.2586854],[-87.4670718,50.2574044],[-87.4692183,50.2570578],[-87.4699922,50.2568331],[-87.4704517,50.2566969],[-87.4710195,50.2565113],[-87.4718892,50.2562103],[-87.4732942,50.2556001],[-87.4739054,50.2553202],[-87.4846285,50.2505977],[-87.4944375,50.2462629],[-87.4951235,50.2459521],[-87.4963729,50.2454364],[-87.4971756,50.245113],[-87.4981268,50.2447856],[-87.4989956,50.2445202],[-87.49964,50.2443904],[-87.5003453,50.2442571],[-87.5009539,50.2441801],[-87.5016334,50.2441163],[-87.5040329,50.2439921],[-87.5040979,50.2439893],[-87.5110699,50.2436915],[-87.5164504,50.2434404],[-87.5173095,50.2434003],[-87.5188692,50.2433136],[-87.5199587,50.2431836],[-87.5212178,50.2429436],[-87.5308399,50.2410413],[-87.5336519,50.2404735],[-87.5346604,50.2402039],[-87.5353605,50.2399743],[-87.5355371,50.2399021],[-87.5361438,50.2396597],[-87.5365676,50.2394753],[-87.5378654,50.2388112],[-87.5409851,50.2371557],[-87.5424206,50.2364028],[-87.5431191,50.236057],[-87.5433535,50.235941],[-87.5446629,50.2352378],[-87.5459957,50.2345117],[-87.5471906,50.2339018],[-87.5477279,50.2336717],[-87.548201,50.2334785],[-87.5489609,50.2332152],[-87.5494992,50.2330583],[-87.5613437,50.23043],[-87.5624768,50.2302244],[-87.5635025,50.2301242],[-87.5645349,50.2300561],[-87.5663531,50.2300048],[-87.5688428,50.2299288],[-87.5698345,50.2299034],[-87.5711943,50.229878],[-87.5719976,50.2297913],[-87.5727928,50.2296479],[-87.5732901,50.2294948],[-87.5737939,50.2293045],[-87.5745521,50.2289372],[-87.5749933,50.2286915],[-87.5766928,50.2275698],[-87.5820588,50.2240561],[-87.5826891,50.2236793],[-87.5834699,50.2233064],[-87.5841807,50.2230171],[-87.5849266,50.2227607],[-87.5858378,50.2225125],[-87.5866902,50.2223971],[-87.5874798,50.2223274],[-87.5914094,50.2220225],[-87.5986869,50.2213871],[-87.6003341,50.2212636],[-87.6019812,50.22114],[-87.6031131,50.2210549],[-87.6041377,50.2210442],[-87.6056778,50.2211493],[-87.6157828,50.2221542],[-87.6183904,50.2223729],[-87.6203447,50.2226907],[-87.6401871,50.2268946],[-87.6454951,50.2280466],[-87.6500182,50.2290283],[-87.6697135,50.2333025],[-87.6736561,50.2341073],[-87.6756557,50.2345278],[-87.6776129,50.2347898],[-87.7214789,50.2395808],[-87.7237073,50.2397975],[-87.7263447,50.2400708],[-87.7289681,50.2404166],[-87.7304164,50.2407805],[-87.7317515,50.2412168],[-87.7422924,50.2450948],[-87.7439259,50.2452787],[-87.7471762,50.2452052],[-87.7502284,50.2451316],[-87.7507792,50.2451224],[-87.7541179,50.2450505],[-87.7555927,50.2449936],[-87.7566317,50.2448922],[-87.7574874,50.2447638],[-87.7581671,50.24463],[-87.7587035,50.2445053],[-87.766968,50.2421218],[-87.7699059,50.2412886],[-87.7851486,50.2368725],[-87.7874485,50.2361801],[-87.7921142,50.2348352],[-87.7963682,50.2335946],[-87.7976519,50.2332065],[-87.799681,50.2326288],[-87.8002232,50.2324744],[-87.8018149,50.2320328],[-87.8032185,50.2317043],[-87.8048449,50.2314785],[-87.8056131,50.2314298],[-87.8063669,50.2314117],[-87.8072464,50.2314368],[-87.8083699,50.2314943],[-87.8124146,50.2317706],[-87.8185833,50.2322184],[-87.8231338,50.2325399],[-87.8269549,50.2328111],[-87.8326864,50.2332175],[-87.8380323,50.2335907],[-87.8468105,50.2342169],[-87.8475038,50.2342677],[-87.8476593,50.2342783],[-87.8497205,50.2344301],[-87.8503636,50.2344719],[-87.8513152,50.2345049],[-87.8522495,50.2344473],[-87.8532656,50.2343385],[-87.8570536,50.2338008],[-87.8632177,50.2329549],[-87.8720041,50.2316867],[-87.8803236,50.2305035],[-87.8866411,50.2296057],[-87.8900284,50.2291239],[-87.892318,50.2288003],[-87.8961879,50.2282522],[-87.8980201,50.2279948],[-87.8983228,50.2279518],[-87.9000028,50.2277012],[-87.902409,50.227369],[-87.9037917,50.2273316],[-87.9044161,50.2273841],[-87.9052058,50.2275003],[-87.9059056,50.2276523],[-87.9069383,50.2279873],[-87.9097918,50.2291781],[-87.91502,50.2313126],[-87.9159496,50.2316425],[-87.9171912,50.2320505],[-87.9197535,50.2327142],[-87.9250359,50.2340315],[-87.9258537,50.2342526],[-87.927489,50.2347375],[-87.9301136,50.235719],[-87.9423828,50.2408841],[-87.943534,50.2413532],[-87.9447038,50.2418223],[-87.9457568,50.2423501],[-87.9461907,50.2426733],[-87.946754,50.2430938],[-87.9477885,50.2438202],[-87.9491578,50.2447787],[-87.9502208,50.2454181],[-87.9513964,50.2458301],[-87.9535553,50.2464915],[-87.955579,50.2470766],[-87.9574592,50.2476639],[-87.9584919,50.2480646],[-87.9592821,50.2484343],[-87.960473,50.2490437],[-87.9664307,50.252819],[-87.9669116,50.2530975],[-87.9673464,50.2533155],[-87.9684839,50.2537327],[-87.9691027,50.2538564],[-87.9696585,50.2539363],[-87.9701346,50.2539917],[-87.9708402,50.2540176],[-87.9735503,50.2539654],[-87.9771756,50.253932],[-87.9777987,50.2538936],[-87.9786927,50.2537875],[-87.9793005,50.2536852],[-87.9798766,50.2535147],[-87.9821824,50.2525945],[-87.9879543,50.2501461],[-87.9901645,50.2492765],[-87.9923398,50.2487565],[-87.9957381,50.2482405],[-88.0004196,50.2475593],[-88.0039822,50.2467722],[-88.0097092,50.2454732],[-88.0165829,50.2438224],[-88.0221933,50.2425743],[-88.0352283,50.239585],[-88.0519556,50.2357233],[-88.0536098,50.2353671],[-88.0548653,50.2350967],[-88.0584205,50.234289],[-88.0638989,50.23304],[-88.065213,50.232716],[-88.0661812,50.2325771],[-88.067271,50.2324861],[-88.0683568,50.2325079],[-88.0688669,50.2325569],[-88.0694386,50.2326321],[-88.0701461,50.2327664],[-88.0707686,50.2329103],[-88.0712825,50.2330678],[-88.071842,50.2332657],[-88.0725362,50.2335512],[-88.0730559,50.2338522],[-88.0739802,50.2344474],[-88.0767985,50.2363855],[-88.0779796,50.2371991],[-88.0786991,50.2376698],[-88.0788643,50.2377653],[-88.0798977,50.2384823],[-88.0815196,50.2395686],[-88.0825799,50.2403251],[-88.0838542,50.2411515],[-88.0859932,50.242213],[-88.0867339,50.2426016],[-88.0873801,50.2430015],[-88.0881913,50.2438103],[-88.0886068,50.2443134],[-88.0902089,50.2463722],[-88.0908651,50.2472361],[-88.0914269,50.2476875],[-88.0918784,50.2480156],[-88.0923984,50.248339],[-88.0927452,50.248486],[-88.0934054,50.2487407],[-88.0997759,50.2509312],[-88.1064004,50.2532438],[-88.1141751,50.2559345],[-88.115223,50.2561916],[-88.1162079,50.2563401],[-88.1185616,50.256497],[-88.1303078,50.2570127],[-88.1462621,50.2576971],[-88.1555291,50.2581306],[-88.1610212,50.2582091],[-88.1669821,50.2582684],[-88.1720075,50.2583689],[-88.1746865,50.2586296],[-88.1807687,50.2590295],[-88.1841043,50.2593381],[-88.1847772,50.2594994],[-88.1852807,50.2596739],[-88.1859384,50.2599592],[-88.1901543,50.2622528],[-88.1927136,50.263665],[-88.1948251,50.2645213],[-88.1965412,50.265002],[-88.1984552,50.2654187],[-88.2010103,50.265683],[-88.2130099,50.26665],[-88.214085,50.2667663],[-88.21533,50.2669607],[-88.2176469,50.2675752],[-88.2359986,50.272442],[-88.2434707,50.2746914],[-88.2500003,50.2767439],[-88.2620993,50.2804812],[-88.2697562,50.2828608],[-88.270387,50.2830568],[-88.2847391,50.2875167],[-88.2906363,50.2893492],[-88.2969738,50.2917839],[-88.3072526,50.2961353],[-88.3082587,50.2965316],[-88.3092647,50.2969279],[-88.3110994,50.2973501],[-88.3183081,50.2983267],[-88.3224526,50.298912],[-88.324151,50.2994],[-88.3251767,50.2998653],[-88.3330999,50.3029159],[-88.3334169,50.3030379],[-88.3338821,50.303217],[-88.3347474,50.3035502],[-88.3361519,50.3041132],[-88.3388752,50.3052047],[-88.339549,50.3055018],[-88.3402148,50.3058197],[-88.3408794,50.306223],[-88.3414937,50.3066291],[-88.3420596,50.3070829],[-88.3425934,50.3075522],[-88.3431217,50.3080542],[-88.3436528,50.3085544],[-88.3445621,50.3094212],[-88.3455277,50.3103068],[-88.3473719,50.3120681],[-88.3479074,50.3125],[-88.3482515,50.3127777],[-88.349175,50.3135101],[-88.3511743,50.3150326],[-88.3516321,50.3153657],[-88.3518993,50.3155602],[-88.3535617,50.3167698],[-88.3545412,50.3175348],[-88.3550776,50.3179167],[-88.3556471,50.3182932],[-88.3565448,50.3187799],[-88.3574675,50.3192492],[-88.3593743,50.3202048],[-88.3614418,50.3211981],[-88.3621827,50.3215102],[-88.3629374,50.3217622],[-88.3633912,50.3218908],[-88.3638738,50.3220047],[-88.3642485,50.3220915],[-88.3648455,50.3221689],[-88.3651222,50.3221958],[-88.3654919,50.3222324],[-88.3659713,50.3222505],[-88.366364,50.3222607],[-88.3668368,50.3222414],[-88.3672226,50.3222179],[-88.367586,50.3221866],[-88.3679985,50.3221422],[-88.3706573,50.3217273],[-88.375,50.3209751],[-88.402361,50.3162928],[-88.4109061,50.3148354],[-88.4121516,50.3145876],[-88.4127686,50.3144882],[-88.4134594,50.3144036],[-88.4142787,50.3143512],[-88.4152297,50.3143003],[-88.4157858,50.3143087],[-88.416539,50.3143172],[-88.4232076,50.3144034],[-88.423509,50.3144074],[-88.4325332,50.3145273],[-88.4385796,50.3146077],[-88.4396008,50.3146099],[-88.440266,50.3145872],[-88.4408855,50.3145242],[-88.4415159,50.3144382],[-88.4421623,50.3143085],[-88.4426504,50.3141847],[-88.4430985,50.3140514],[-88.4435946,50.3138696],[-88.4440602,50.3136831],[-88.4446782,50.3133831],[-88.4452324,50.3130857],[-88.4461664,50.3125441],[-88.4468449,50.3121568],[-88.4480953,50.3114887],[-88.4485567,50.3112832],[-88.4490234,50.3110982],[-88.4497649,50.3109192],[-88.4500212,50.3108892],[-88.4503484,50.3108515],[-88.45074,50.3108378],[-88.4510511,50.3108515],[-88.4514162,50.3108653],[-88.4519094,50.3109303],[-88.4521884,50.3109783],[-88.4525371,50.3110605],[-88.4529662,50.3112044],[-88.4534375,50.311394],[-88.4538567,50.3116395],[-88.4541947,50.3118587],[-88.4546238,50.3122218],[-88.4555036,50.3131434],[-88.4649627,50.3232082],[-88.4670979,50.3255438],[-88.4698427,50.3284579],[-88.4708701,50.3295444],[-88.4714386,50.3299801],[-88.4719911,50.3303396],[-88.4724256,50.3305708],[-88.4729245,50.3308019],[-88.4737186,50.3311025],[-88.4745097,50.3313344],[-88.4752634,50.3315057],[-88.4759876,50.3316032],[-88.4768192,50.3316897],[-88.4773072,50.3317094],[-88.4778491,50.3316974],[-88.4783265,50.331682],[-88.4788415,50.3316341],[-88.4795254,50.3315348],[-88.4800941,50.3314337],[-88.4806896,50.3312908],[-88.4819394,50.3309064],[-88.4831409,50.3304675],[-88.4898251,50.3281],[-88.4988813,50.3248663],[-88.4989727,50.3248346],[-88.511991,50.3202101],[-88.5191728,50.3176356],[-88.5205576,50.3171478],[-88.5214258,50.3168471],[-88.5656888,50.3010698],[-88.5670379,50.3006286],[-88.5683763,50.3002859],[-88.5690495,50.3001591],[-88.5698756,50.3000323],[-88.5706106,50.2999672],[-88.5714689,50.299909],[-88.5726759,50.2998987],[-88.5739715,50.2999802],[-88.6023926,50.3027127],[-88.6232559,50.3047809],[-88.6286676,50.3053579],[-88.6334483,50.3055648],[-88.6598749,50.3036953],[-88.690758,50.3015117],[-88.6974647,50.3010443],[-88.7154025,50.2997716],[-88.725531,50.299053],[-88.7257565,50.299037],[-88.742205,50.29787],[-88.7431724,50.2977909],[-88.7439673,50.297691],[-88.7446694,50.2975916],[-88.7452935,50.297463],[-88.7459672,50.2972945],[-88.7513031,50.2956966],[-88.7609377,50.2927773],[-88.7764234,50.2880372],[-88.7883237,50.2844552],[-88.7891584,50.284237],[-88.7899808,50.2840219],[-88.7928704,50.2834214],[-88.7953708,50.2829178],[-88.7980964,50.2823544],[-88.8003161,50.2819201],[-88.8014521,50.2817339],[-88.8023004,50.2816292],[-88.8028649,50.2815851],[-88.8034935,50.2815511],[-88.8053769,50.2815154],[-88.8115041,50.2814395],[-88.8176971,50.2813474],[-88.8234208,50.281275],[-88.8465541,50.2809408],[-88.8469927,50.280938],[-88.8481077,50.2809227],[-88.850785,50.2809633],[-88.8516712,50.2810151],[-88.852622,50.2810819],[-88.8568098,50.2813936],[-88.8593181,50.2815815],[-88.8611192,50.2817836],[-88.8631269,50.2821067],[-88.8714216,50.2834202],[-88.8729703,50.2837129],[-88.874014,50.2839489],[-88.8750171,50.2841968],[-88.8761825,50.284558],[-88.8765702,50.2846778],[-88.8787493,50.2854027],[-88.8812774,50.2863187],[-88.8960523,50.2915341],[-88.9184415,50.2994529],[-88.9210499,50.3003754],[-88.9231303,50.3012271],[-88.9240337,50.3017843],[-88.9262701,50.3033396],[-88.9340201,50.3087142],[-88.9353987,50.3096869],[-88.9368056,50.3106596],[-88.9382274,50.31165],[-88.939016,50.3121454],[-88.9396905,50.3125037],[-88.9402232,50.3127341],[-88.9406897,50.3129054],[-88.941214,50.3130553],[-88.9418111,50.3131702],[-88.9422842,50.3132488],[-88.9430864,50.3133489],[-88.9438764,50.3133596],[-88.9448982,50.3133056],[-88.9496225,50.3129503],[-88.9537185,50.3126899],[-88.9540173,50.3126644],[-88.9544006,50.3126152],[-88.9575594,50.3119371],[-88.9625747,50.3108116],[-88.9641255,50.3105019],[-88.9644685,50.3103763],[-88.9649527,50.3102024],[-88.9651764,50.3100772],[-88.9654389,50.3099356],[-88.9656052,50.309823],[-88.965826,50.309654],[-88.9659998,50.309525],[-88.9661422,50.3093674],[-88.9705212,50.3038852],[-88.9714602,50.302793],[-88.9716477,50.3026635],[-88.971935,50.302428],[-88.9722539,50.30221],[-88.972565,50.3020182],[-88.9729996,50.3018086],[-88.9737237,50.3015458],[-88.9740995,50.3014398],[-88.974525,50.3013285],[-88.9746962,50.3012997],[-88.9753223,50.3012042],[-88.97595,50.3011339],[-88.9766205,50.3011382],[-88.9771296,50.3011848],[-88.9780046,50.3012755],[-88.9786633,50.3013935],[-88.9794047,50.3015832],[-88.9800578,50.3018449],[-88.9807112,50.302204],[-88.9813114,50.3025513],[-88.9851111,50.3049059],[-88.9859533,50.3052545],[-88.9866029,50.3054969],[-88.9872033,50.3056749],[-88.9880374,50.3058594],[-88.9886637,50.3059488],[-88.9960183,50.306816],[-89.0042473,50.3078197],[-89.0137101,50.3089384],[-89.0163829,50.3092602],[-89.0178273,50.3094406],[-89.0185837,50.3094978],[-89.0193481,50.309509],[-89.0201085,50.30947],[-89.020877,50.3093751],[-89.0215604,50.3092659],[-89.0218866,50.3091949],[-89.0221081,50.3091365],[-89.0225252,50.3090076],[-89.0229879,50.3088624],[-89.0232514,50.3087686],[-89.0238157,50.3085464],[-89.0239696,50.3084821],[-89.024333,50.3083013],[-89.0244274,50.3082532],[-89.0251352,50.3078928],[-89.025287,50.3078155],[-89.0267457,50.3070727],[-89.0304833,50.305142],[-89.0316407,50.3045435],[-89.037836,50.3014167],[-89.0418009,50.2994155],[-89.0430454,50.2987841],[-89.0435913,50.2984919],[-89.0441384,50.2981377],[-89.0445166,50.2978243],[-89.0448734,50.2974649],[-89.0451309,50.297105],[-89.0453602,50.2967012],[-89.0455828,50.296261],[-89.0458309,50.2957132],[-89.0462319,50.2948984],[-89.0464553,50.2945094],[-89.0466061,50.294247],[-89.04689,50.2938296],[-89.0470232,50.293634],[-89.0476629,50.2927987],[-89.0485171,50.2918545],[-89.0498878,50.2905619],[-89.0512812,50.2894311],[-89.0513265,50.2893933],[-89.051875,50.2889552],[-89.0519933,50.2888494],[-89.0540224,50.2872064],[-89.0551623,50.2863605],[-89.0558718,50.2859036],[-89.0567918,50.2854664],[-89.0575133,50.285173],[-89.058047,50.2849609],[-89.0590006,50.2846674],[-89.0629541,50.2837725],[-89.0665577,50.2829986],[-89.069323,50.2824002],[-89.0722547,50.2817852],[-89.0730859,50.2816146],[-89.0739941,50.2814669],[-89.0744984,50.2813819],[-89.0752656,50.2813288],[-89.0760326,50.2813489],[-89.0764572,50.2813695],[-89.0769338,50.2814055],[-89.0789146,50.2816939],[-89.0834006,50.2823981],[-89.0875098,50.2830615],[-89.0929841,50.2839579],[-89.0963745,50.2844853],[-89.0977386,50.2846829],[-89.100033,50.2851329],[-89.1143412,50.2878515],[-89.1151446,50.2880503],[-89.1155753,50.2881776],[-89.1162059,50.2883833],[-89.1172689,50.2887857],[-89.1191419,50.2895001],[-89.1198252,50.2896862],[-89.1202301,50.289778],[-89.1206546,50.2898528],[-89.1215558,50.2899954],[-89.1228546,50.2900598],[-89.134419,50.2906725],[-89.1460396,50.2912319],[-89.1472224,50.2912655],[-89.1480732,50.2913118],[-89.1489745,50.2912652],[-89.1497083,50.2912199],[-89.1505205,50.2910757],[-89.1513074,50.2910006],[-89.1528712,50.2907124],[-89.1538255,50.2905215],[-89.1549107,50.290274],[-89.1571761,50.289496],[-89.1683985,50.2848315],[-89.1717935,50.2836798],[-89.1728506,50.2833357],[-89.1814966,50.2804579],[-89.1825194,50.2801124],[-89.1835298,50.2797827],[-89.1840538,50.2796205],[-89.1846763,50.2794817],[-89.1853783,50.2793636],[-89.1867613,50.2792558],[-89.1879251,50.2792099],[-89.1903109,50.2791597],[-89.1908523,50.2791612],[-89.1913425,50.2791673],[-89.1916766,50.2791947],[-89.1919689,50.2792281],[-89.1924398,50.2792962],[-89.1927452,50.2793619],[-89.1931258,50.2794449],[-89.1939206,50.2796878],[-89.1954575,50.2804862],[-89.1969701,50.281456],[-89.1979873,50.2821549],[-89.1988355,50.282652],[-89.1995725,50.2829879],[-89.2003579,50.283295],[-89.2012055,50.2835089],[-89.2024913,50.2836179],[-89.2083916,50.2834452],[-89.2278726,50.2828645],[-89.2301197,50.2829114],[-89.2340218,50.2833379],[-89.251882,50.2864694],[-89.2563367,50.2870569],[-89.2578687,50.2870165],[-89.2588097,50.2868972],[-89.2596701,50.286671],[-89.2606357,50.2863213],[-89.2641022,50.2842894],[-89.2652394,50.2836971],[-89.2665816,50.2831884],[-89.268213,50.2828645],[-89.2737871,50.2822656],[-89.2748607,50.2820875],[-89.2762547,50.2818296],[-89.2793554,50.2808876],[-89.2863538,50.2789778],[-89.2891234,50.2781777],[-89.2907639,50.2776312],[-89.2925978,50.2767456],[-89.2932831,50.2764503],[-89.2940362,50.2761725],[-89.2948773,50.2759176],[-89.2956833,50.2757465],[-89.2987228,50.2752071],[-89.3025297,50.274554],[-89.3037482,50.2743196],[-89.3046953,50.2740275],[-89.3051569,50.27383],[-89.3056142,50.2735751],[-89.3059438,50.2733936],[-89.3062821,50.27314],[-89.3068542,50.2726393],[-89.3072847,50.2719759],[-89.3075886,50.2711876],[-89.3076291,50.270573],[-89.3075964,50.2699721],[-89.3072471,50.2661281],[-89.3072536,50.2645175],[-89.307436,50.2623776],[-89.307628,50.2612782],[-89.3079697,50.2603989],[-89.3083994,50.2598934],[-89.3087706,50.2595322],[-89.309255,50.2591598],[-89.3101589,50.2587259],[-89.3104658,50.2585942],[-89.3108171,50.2584502],[-89.3111792,50.2583353],[-89.3116261,50.2582139],[-89.3130033,50.2580032],[-89.3147967,50.2577662],[-89.3168816,50.2575038],[-89.3173674,50.257463],[-89.3179075,50.2574367],[-89.3184681,50.2574588],[-89.3187726,50.257477],[-89.3191105,50.2575088],[-89.3194042,50.2575535],[-89.319647,50.2576031],[-89.3201646,50.257718],[-89.320567,50.257838],[-89.3212121,50.2580503],[-89.3233976,50.2588445],[-89.3256964,50.2596296],[-89.3280538,50.2604493],[-89.3292378,50.2608341],[-89.3305174,50.2611645],[-89.3340472,50.2618435],[-89.3397724,50.2629641],[-89.3403896,50.2630611],[-89.3448866,50.2639458],[-89.35271,50.2654596],[-89.3535472,50.2656172],[-89.3545693,50.2658718],[-89.3553893,50.2661119],[-89.3567827,50.2665381],[-89.3582096,50.2670512],[-89.3650565,50.269794],[-89.3689781,50.2713911],[-89.3698089,50.2717203],[-89.3745548,50.2736248],[-89.3788715,50.2754001],[-89.3816076,50.2764997],[-89.3840039,50.2773715],[-89.3978221,50.2822763],[-89.4304769,50.2937775],[-89.4333362,50.2948042],[-89.4370347,50.2961195],[-89.4384238,50.2966003],[-89.4390356,50.2967656],[-89.4399588,50.2969517],[-89.4411283,50.2970583],[-89.4422392,50.2970398],[-89.4436171,50.2969132],[-89.4453686,50.2965582],[-89.4504337,50.295545],[-89.4526819,50.2950799],[-89.4577272,50.2940517],[-89.46516,50.2925592],[-89.467735,50.2920177],[-89.4708678,50.2914769],[-89.4765144,50.2908435],[-89.4798773,50.290521],[-89.4849805,50.2899051],[-89.4883259,50.2895337],[-89.489106,50.2894547],[-89.4898436,50.2893576],[-89.4918431,50.2891262],[-89.4931047,50.2890015],[-89.4936152,50.2889572],[-89.4943238,50.2890034],[-89.5052474,50.2897124],[-89.5071648,50.2897232],[-89.5093937,50.2895168],[-89.5109508,50.2893318],[-89.5124796,50.2889839],[-89.5138424,50.2885092],[-89.5151408,50.2880893],[-89.5179789,50.2870861],[-89.5199252,50.2865351],[-89.5219568,50.2863691],[-89.5240451,50.2863479],[-89.5250609,50.2863328],[-89.5262183,50.2862634],[-89.5268036,50.2861395],[-89.5273002,50.2860247],[-89.5278373,50.2858415],[-89.5283417,50.2856493],[-89.5292991,50.2851963],[-89.5310045,50.2843696],[-89.5313107,50.2842307],[-89.532134,50.283942],[-89.5328359,50.2837189],[-89.5333523,50.2836324],[-89.5339434,50.2835519],[-89.535065,50.2834774],[-89.5373595,50.2833195],[-89.5419018,50.2830276],[-89.5432273,50.2828096],[-89.5443163,50.2825429],[-89.5453704,50.2821244],[-89.5464347,50.2815619],[-89.5474919,50.2808527],[-89.5485491,50.2801616],[-89.5522943,50.277296],[-89.5534597,50.276693],[-89.5544655,50.2762253],[-89.5570997,50.2753233],[-89.580028,50.2668586],[-89.5825957,50.2658813],[-89.5888598,50.263585],[-89.5947851,50.2614128],[-89.5959492,50.2610544],[-89.596634,50.2608772],[-89.5973884,50.2607048],[-89.5981835,50.2605537],[-89.5991291,50.2604003],[-89.6092995,50.2591836],[-89.6198384,50.2579996],[-89.6471449,50.2565547],[-89.6483358,50.2563633],[-89.6500101,50.2559212],[-89.6552211,50.2544474],[-89.6590228,50.2532829],[-89.6604744,50.2529447],[-89.6615693,50.2527149],[-89.6626937,50.2525667],[-89.6686605,50.2518643],[-89.6701561,50.2517562],[-89.6717826,50.2518248],[-89.685648,50.252894],[-89.6954295,50.2536534],[-89.697557,50.2537295],[-89.7002586,50.2536554],[-89.7052829,50.2535872],[-89.7061694,50.253599],[-89.7069212,50.2536794],[-89.7074702,50.2537563],[-89.7105159,50.254275],[-89.7176066,50.2554619],[-89.719409,50.2557092],[-89.7447983,50.2583625],[-89.7568746,50.2596321],[-89.7685852,50.260842],[-89.7697793,50.2609408],[-89.770518,50.2610094],[-89.7718675,50.261031],[-89.7730543,50.2609802],[-89.7741153,50.2608955],[-89.7763673,50.2605646],[-89.7792802,50.2600467],[-89.7849493,50.2590388],[-89.7887613,50.2583649],[-89.7898953,50.2581388],[-89.79109,50.2577993],[-89.79201,50.2574042],[-89.7927491,50.256944],[-89.8001306,50.2524693],[-89.801469,50.2518845],[-89.802513,50.2514448],[-89.8048441,50.2507247],[-89.8058067,50.2504586],[-89.8067272,50.2503118],[-89.8085281,50.2501331],[-89.8097222,50.2500405],[-89.8147089,50.2499019],[-89.833154,50.2495941],[-89.8441773,50.2493851],[-89.8472022,50.2493084],[-89.9091017,50.2481671],[-89.9101043,50.2481229],[-89.9117367,50.2479315],[-89.9131019,50.2476399],[-89.9149913,50.2470873],[-89.9312747,50.2416673],[-89.9327502,50.2411907],[-89.9340387,50.2408153],[-89.9351003,50.240593],[-89.9362623,50.24051],[-89.9448875,50.240205],[-89.9451331,50.2401973],[-89.9625876,50.2395421],[-89.9641798,50.2394268],[-89.9651357,50.2393448],[-89.9702045,50.2388789],[-89.9818866,50.2377508],[-89.9824778,50.2376979],[-89.9854298,50.2374341],[-89.9864705,50.2374372],[-89.9878535,50.2374873],[-89.9891737,50.2376437],[-89.9968453,50.2387276],[-90.0093755,50.2404582],[-90.0103567,50.2405625],[-90.0113193,50.240611],[-90.0123292,50.240604],[-90.0141154,50.2404937],[-90.0147275,50.2404524],[-90.0243739,50.2397141],[-90.0267691,50.2395486],[-90.0277867,50.2395329],[-90.0288172,50.239656],[-90.0297426,50.2398451],[-90.0307313,50.2400914],[-90.0316826,50.2403714],[-90.0368526,50.2417379],[-90.038043,50.2419993],[-90.0387452,50.2421228],[-90.0397397,50.2422525],[-90.040723,50.2423397],[-90.0419322,50.2423537],[-90.051314,50.2422433],[-90.0686159,50.2419904],[-90.0955404,50.2415852],[-90.0968767,50.2416243],[-90.0982908,50.2417194],[-90.1201116,50.2431812],[-90.1212054,50.2432238],[-90.1220557,50.2432413],[-90.1230754,50.2431709],[-90.1242642,50.2430615],[-90.1291415,50.2424995],[-90.1341031,50.2419568],[-90.1347414,50.2419077],[-90.1357811,50.241895],[-90.1381098,50.2419726],[-90.1418461,50.2420854],[-90.1435085,50.2421516],[-90.1524145,50.2424189],[-90.1547325,50.2425084],[-90.1557159,50.2425085],[-90.1562823,50.24248],[-90.1568782,50.2424515],[-90.1575279,50.2423798],[-90.1613114,50.2417104],[-90.1619862,50.2415839],[-90.167679,50.2405759],[-90.176137,50.2390731],[-90.1773365,50.2388758],[-90.1790864,50.2386586],[-90.1800745,50.2386576],[-90.1811222,50.2387074],[-90.1851561,50.2391029],[-90.1911692,50.2396924],[-90.1920774,50.2397315],[-90.1928703,50.2397432],[-90.1936744,50.2397144],[-90.1951099,50.2395991],[-90.2108502,50.2382462],[-90.2128667,50.2380659],[-90.216108,50.2377761],[-90.216248,50.2377653],[-90.2211056,50.2373914],[-90.2230961,50.2372653],[-90.2242328,50.2372351],[-90.2373177,50.2371493],[-90.249614,50.2370928],[-90.2608396,50.2370162],[-90.3258191,50.236568],[-90.3277145,50.2365682],[-90.3294885,50.236743],[-90.3331579,50.23751],[-90.3368292,50.2383761],[-90.3377813,50.2385732],[-90.3388381,50.2388065],[-90.3405891,50.2390744],[-90.3448854,50.2395902],[-90.3561223,50.2412013],[-90.3673397,50.2427506],[-90.368911,50.2428824],[-90.370451,50.2428809],[-90.3725427,50.2426594],[-90.3744417,50.2422683],[-90.3786264,50.2410008],[-90.3796828,50.2407896],[-90.3807769,50.240638],[-90.3813458,50.2405683],[-90.3819627,50.2405254],[-90.3831969,50.2404896],[-90.3852081,50.2406215],[-90.3870535,50.2407896],[-90.3968757,50.241812],[-90.4033613,50.2424158],[-90.4087772,50.2424247],[-90.4101017,50.2424261],[-90.4111639,50.2424398],[-90.4124647,50.2424741],[-90.4128483,50.2424947],[-90.4135671,50.2425599],[-90.4150746,50.2427174],[-90.4170272,50.2429064],[-90.421705,50.2433901],[-90.4286009,50.244102],[-90.4356766,50.2448447],[-90.4372573,50.244993],[-90.4388952,50.2451466],[-90.440011,50.2452427],[-90.4407191,50.245289],[-90.4413714,50.2453115],[-90.4417947,50.2453044],[-90.4423553,50.2452873],[-90.4434443,50.2452015],[-90.4445031,50.2450381],[-90.4448583,50.2449702],[-90.4521775,50.2435823],[-90.4598218,50.242083],[-90.4608786,50.241884],[-90.4613882,50.2417983],[-90.4619895,50.2417419],[-90.4634804,50.2417262],[-90.4651223,50.2417831],[-90.4712641,50.2421722],[-90.4831142,50.2430059],[-90.496611,50.243915],[-90.4978234,50.2440042],[-90.4989338,50.2440694],[-90.4999423,50.24409],[-90.500468,50.2440694],[-90.5008815,50.2440542],[-90.5017179,50.2439768],[-90.5025011,50.243867],[-90.5032092,50.2437538],[-90.503794,50.2436371],[-90.5054677,50.2432872],[-90.5066196,50.243065],[-90.5346286,50.2370618],[-90.5479324,50.2342156],[-90.5582643,50.2319199],[-90.560512,50.2314704],[-90.5609304,50.2314224],[-90.561558,50.2313675],[-90.5622286,50.2313366],[-90.5629849,50.2313434],[-90.563795,50.2314327],[-90.5648522,50.2315719],[-90.5789338,50.2336685],[-90.5798882,50.2337729],[-90.5808055,50.2338313],[-90.5818516,50.2338244],[-90.5828279,50.2337764],[-90.5837131,50.23367],[-90.5842066,50.2335911],[-90.5846465,50.233519],[-90.5853979,50.23337],[-90.5863416,50.233121],[-90.5873179,50.2328327],[-90.5917547,50.2314758],[-90.5925053,50.2312851],[-90.5933529,50.2310964],[-90.5944365,50.2309968],[-90.5951339,50.23099],[-90.5958366,50.2310689],[-90.5964218,50.2311601],[-90.5971509,50.2313366],[-90.5979717,50.2315562],[-90.6002247,50.2322356],[-90.6020325,50.232795],[-90.6027192,50.23297],[-90.6033093,50.2330558],[-90.6041895,50.2331229],[-90.6147735,50.2339533],[-90.6163234,50.2340612],[-90.6176323,50.2341126],[-90.6200677,50.2341161],[-90.6253755,50.2339977],[-90.6357322,50.2338057],[-90.636794,50.2338038],[-90.6375128,50.2338484],[-90.6380546,50.2339136],[-90.6386501,50.2340234],[-90.6411499,50.2345827],[-90.6517322,50.2370103],[-90.655224,50.2378063],[-90.6561195,50.2379678],[-90.658664,50.2380899],[-90.683776,50.2373365],[-90.7007008,50.238264],[-90.7050398,50.2384579],[-90.7072918,50.2385261],[-90.7082299,50.2385248],[-90.7093403,50.2384541],[-90.7113695,50.2381414],[-90.7130872,50.2377757],[-90.7257901,50.2359092],[-90.7411538,50.2338778],[-90.75729,50.2324504],[-90.7706795,50.2295953],[-90.7764302,50.2291011],[-90.7835617,50.2292648],[-90.7855501,50.2293177],[-90.7879494,50.2293706],[-90.7892092,50.2292562],[-90.7905064,50.2290462],[-90.7929581,50.2284028],[-90.7954846,50.2277833],[-90.7973729,50.2278608],[-90.7992612,50.2280579],[-90.8309176,50.237226],[-90.831805,50.2374702],[-90.832749,50.237651],[-90.8345222,50.2378536],[-90.8461467,50.2389429],[-90.8467636,50.2390023],[-90.8473558,50.2390382],[-90.8479542,50.2390425],[-90.848523,50.2390392],[-90.8490704,50.2389947],[-90.8589135,50.237062],[-90.8711015,50.2345367],[-90.8755752,50.2328084],[-90.8775579,50.2319286],[-90.8784538,50.2317001],[-90.8794163,50.2314964],[-90.8809622,50.2315079],[-90.8851777,50.2321209],[-90.9152184,50.2367876],[-90.917349,50.236939],[-90.9189573,50.2369047],[-90.9333071,50.236296],[-90.9344722,50.2363993],[-90.9363176,50.2366683],[-90.9388389,50.2370601],[-90.9525272,50.2390673],[-90.9546644,50.2394155],[-90.9571444,50.2397285],[-90.9583557,50.2398358],[-90.9594747,50.2398348],[-90.9599527,50.2398225],[-90.9606795,50.2397528],[-90.9617009,50.2396372],[-90.9691414,50.2386024],[-90.9776987,50.2374379],[-90.9790983,50.2371287],[-90.9800118,50.2368875],[-90.9807038,50.2366552],[-90.9812526,50.2364267],[-90.983267,50.2355326],[-90.9870435,50.2337932],[-90.9902514,50.2322999],[-90.9920072,50.2314782],[-90.9924128,50.231258],[-90.9927671,50.2310094],[-90.9930973,50.2307872],[-90.9933518,50.230563],[-90.9936793,50.2301622],[-90.9939135,50.2298041],[-90.9941235,50.2294175],[-90.9944378,50.2285786],[-90.9949051,50.2271994],[-90.9961094,50.223339],[-90.9961786,50.2228095],[-90.9962167,50.2223217],[-90.9958948,50.2196603],[-90.9956834,50.2177728],[-90.9956239,50.2167832],[-90.9956738,50.2165065],[-90.9957596,50.2162268],[-90.9960128,50.2156635],[-90.9963454,50.215245],[-91.001043,50.2101434],[-91.001558,50.2097606],[-91.0021256,50.2094338],[-91.0058233,50.2076513],[-91.0065035,50.2070971],[-91.0069133,50.206634],[-91.007291,50.2061966],[-91.0075356,50.2057368],[-91.0077759,50.2051075],[-91.0086155,50.2026858],[-91.0088767,50.201951],[-91.0092415,50.2014493],[-91.0096599,50.2010493],[-91.010748,50.2001561],[-91.0146962,50.197299],[-91.0156332,50.1967851],[-91.0170199,50.196192],[-91.0180713,50.1959283],[-91.0193738,50.1957253],[-91.0209155,50.1956786],[-91.0231552,50.1956319],[-91.0310317,50.1954307],[-91.0321652,50.195363],[-91.0334178,50.1951378],[-91.0346034,50.1946793],[-91.0371086,50.1933369],[-91.0377351,50.1930618],[-91.0385907,50.1928021],[-91.0395821,50.1926593],[-91.0402886,50.1926143],[-91.0410246,50.1926098],[-91.0526825,50.193001],[-91.0549613,50.193058],[-91.0559656,50.1930309],[-91.0566887,50.1929605],[-91.0574113,50.1928492],[-91.0582336,50.1926163],[-91.0590029,50.1922959],[-91.0596885,50.1919611],[-91.0604931,50.1914102],[-91.0621282,50.1902538],[-91.0629688,50.1897857],[-91.063963,50.1893315],[-91.064797,50.1890599],[-91.0657792,50.1888422],[-91.0689673,50.1883055],[-91.0721554,50.1877688],[-91.0728871,50.1875683],[-91.0737958,50.1872423],[-91.0773846,50.1857901],[-91.078089,50.1855208],[-91.0789628,50.1852786],[-91.0800877,50.1850444],[-91.0810324,50.184943],[-91.0820694,50.1849303],[-91.0950722,50.1850715],[-91.0958774,50.1851268],[-91.0965635,50.1851979],[-91.09719,50.1853415],[-91.1091377,50.1893172],[-91.1101102,50.1896205],[-91.1113306,50.189923],[-91.1123451,50.190103],[-91.1132479,50.1902304],[-91.1141808,50.1902967],[-91.1151716,50.190307],[-91.1204703,50.1899947],[-91.1259246,50.1896544],[-91.1269516,50.1895476],[-91.1282178,50.1893553],[-91.1312541,50.1888387],[-91.1378008,50.1876627],[-91.1393533,50.1873103],[-91.1407331,50.1868604],[-91.1417842,50.1863928],[-91.1428402,50.185924],[-91.1445232,50.1850741],[-91.1464397,50.1841063],[-91.1482335,50.1832311],[-91.1502656,50.1827543],[-91.1522075,50.1828031],[-91.1539136,50.1831763],[-91.1549251,50.1835622],[-91.1558018,50.1841656],[-91.1565098,50.1847768],[-91.1570945,50.185608],[-91.1595203,50.1890702],[-91.1603067,50.1897489],[-91.1617648,50.1905553],[-91.1634213,50.1914874],[-91.1642991,50.1922439],[-91.1650649,50.1931936],[-91.1656722,50.1940625],[-91.1671528,50.1958167],[-91.168363,50.1964458],[-91.1698564,50.1969726],[-91.1826946,50.2001277],[-91.1873017,50.2014746],[-91.189705,50.2025185],[-91.1911189,50.2036864],[-91.1932239,50.205092],[-91.1945918,50.2055068],[-91.1959973,50.2057224],[-91.1972794,50.2056668],[-91.1994058,50.2053111],[-91.2032746,50.2046505],[-91.204546,50.2043573],[-91.2060126,50.2039356],[-91.2127074,50.201815],[-91.2141354,50.2014806],[-91.2178787,50.2013254],[-91.219988,50.201311],[-91.2214267,50.2011214],[-91.2373929,50.1988816],[-91.2400286,50.1987057],[-91.2411554,50.1987874],[-91.2423069,50.1989006],[-91.2480575,50.1998413],[-91.2501751,50.1997644],[-91.2511589,50.1995454],[-91.2519787,50.1992975],[-91.2527985,50.1988997],[-91.2532239,50.1987069],[-91.2608713,50.1953979],[-91.2651868,50.193459],[-91.2673446,50.1925368],[-91.2694777,50.1917725],[-91.2711298,50.1913526],[-91.2740389,50.1909168],[-91.2787972,50.1901558],[-91.2805939,50.1897107],[-91.2830722,50.1888109],[-91.2837003,50.1885896],[-91.2846279,50.1882407],[-91.2876106,50.1872996],[-91.2922883,50.1862692],[-91.2934417,50.1860253],[-91.2996054,50.1845621],[-91.3008311,50.1843817],[-91.3014963,50.1843062],[-91.3022715,50.1842478],[-91.3029903,50.1842426],[-91.3037712,50.1842463],[-91.308926,50.1843165],[-91.3114956,50.1843285],[-91.3140656,50.1843906],[-91.3150844,50.1843852],[-91.3157013,50.184356],[-91.3161626,50.184301],[-91.3170022,50.1841722],[-91.3177398,50.183997],[-91.3184644,50.1837894],[-91.3190299,50.1835797],[-91.3204976,50.1829581],[-91.3213217,50.1825982],[-91.3224685,50.1820974],[-91.3235039,50.1817076],[-91.3245875,50.1813606],[-91.3290082,50.1802083],[-91.332559,50.1792514],[-91.3344529,50.1787955],[-91.3359605,50.1784495],[-91.3370544,50.1779562],[-91.3379932,50.1774993],[-91.339404,50.1767916],[-91.3406275,50.1761546],[-91.3413084,50.1758743],[-91.3422793,50.1755858],[-91.3431752,50.1754174],[-91.3478959,50.1747784],[-91.3488829,50.1745654],[-91.34987,50.1742115],[-91.3507448,50.1737806],[-91.3513237,50.1733595],[-91.3518012,50.1729746],[-91.3525039,50.172315],[-91.3532447,50.1716332],[-91.353727,50.1712877],[-91.3544029,50.1709406],[-91.3550466,50.170652],[-91.3559049,50.1704115],[-91.3570641,50.1702038],[-91.3754426,50.1684996],[-91.3789451,50.1684117],[-91.3828669,50.1684309],[-91.3878501,50.1685835],[-91.393075,50.1685836],[-91.4029942,50.1686645],[-91.4045066,50.1688035],[-91.4060144,50.1690563],[-91.4078406,50.1696118],[-91.4097047,50.1701538],[-91.413294,50.1711419],[-91.4150798,50.1718786],[-91.4168662,50.1727548],[-91.4185828,50.1736721],[-91.419366,50.1739848],[-91.4202515,50.1742856],[-91.4215922,50.1744795],[-91.4228265,50.1745158],[-91.4271498,50.1738233],[-91.4299768,50.1733079],[-91.4306635,50.1731774],[-91.4315436,50.17309],[-91.4323425,50.1730743],[-91.4332706,50.1731499],[-91.4350247,50.1733801],[-91.4387373,50.1738081],[-91.4392618,50.1738798],[-91.4401048,50.1739951],[-91.4412528,50.174081],[-91.442197,50.1740535],[-91.4431143,50.1739263],[-91.445201,50.1735003],[-91.4491765,50.1726605],[-91.4499271,50.1725108],[-91.4507639,50.1722806],[-91.4521748,50.1717103],[-91.4597766,50.1682729],[-91.460554,50.167965],[-91.4614177,50.1676524],[-91.4621472,50.1674565],[-91.46285,50.1673672],[-91.4636872,50.167321],[-91.4664004,50.1673855],[-91.471927,50.1675169],[-91.4728976,50.1673328],[-91.4735256,50.1672008],[-91.4765883,50.166405],[-91.4781869,50.1659721],[-91.4789164,50.1658071],[-91.4796733,50.1657438],[-91.4803755,50.1657453],[-91.4810836,50.1658071],[-91.4825535,50.1659996],[-91.4846563,50.1662951],[-91.4851499,50.1663294],[-91.485735,50.1663349],[-91.4863086,50.1663157],[-91.4870596,50.1662538],[-91.4917324,50.165675],[-91.4934808,50.1653707],[-91.5012324,50.1636697],[-91.5055025,50.1627075],[-91.5098534,50.161407],[-91.5139139,50.1600819],[-91.5162206,50.1593534],[-91.5171003,50.1591403],[-91.5183507,50.1588776],[-91.519053,50.158831],[-91.5199649,50.158831],[-91.5216122,50.1590426],[-91.5291381,50.1607555],[-91.5368687,50.1625617],[-91.5387189,50.1631061],[-91.5395665,50.1634841],[-91.5400658,50.1638126],[-91.5408111,50.1645357],[-91.5415249,50.165627],[-91.5432776,50.168192],[-91.543901,50.1686798],[-91.5447042,50.1691603],[-91.5454245,50.1694494],[-91.5463793,50.1697106],[-91.5472756,50.1698809],[-91.559182,50.1719167],[-91.5609357,50.1722119],[-91.5618128,50.1722926],[-91.5627251,50.1723101],[-91.5640926,50.1721775],[-91.5655786,50.171968],[-91.5684758,50.1715782],[-91.5712439,50.1709735],[-91.5731107,50.1701489],[-91.5773915,50.1673932],[-91.5797567,50.1667005],[-91.5816186,50.1661562],[-91.5937471,50.1613191],[-91.5997392,50.1586557],[-91.6057978,50.1560428],[-91.6076984,50.1552097],[-91.6168369,50.1499991],[-91.6178454,50.1494652],[-91.6184489,50.1492463],[-91.6190685,50.1490435],[-91.6211231,50.1484391],[-91.6221262,50.1480703],[-91.62291,50.1476564],[-91.6236326,50.1472301],[-91.6244898,50.1467063],[-91.6252918,50.1462157],[-91.6259237,50.1458386],[-91.6344633,50.1418716],[-91.6459603,50.1365978],[-91.6494354,50.1349556],[-91.650364,50.1344142],[-91.6528646,50.1326645],[-91.6549396,50.1312075],[-91.656002,50.1304814],[-91.6566452,50.1300996],[-91.657765,50.129567],[-91.668393,50.1248654],[-91.6698985,50.1241763],[-91.6763817,50.1207378],[-91.6773701,50.1201926],[-91.6785975,50.1195853],[-91.6793308,50.1193152],[-91.680399,50.1189944],[-91.6821846,50.1187573],[-91.6835747,50.1187193],[-91.6847802,50.1188493],[-91.6871041,50.1192878],[-91.6881963,50.1195055],[-91.6887612,50.1195919],[-91.6892761,50.1196378],[-91.6899805,50.1196409],[-91.6908375,50.1195855],[-91.6916687,50.1194417],[-91.6926479,50.1192032],[-91.6931903,50.1189643],[-91.6937957,50.1186625],[-91.6945622,50.1181594],[-91.696701,50.116297],[-91.6986124,50.1146015],[-91.6999854,50.1134809],[-91.7010596,50.112878],[-91.701518,50.1126663],[-91.7022347,50.112399],[-91.7036362,50.1121016],[-91.7156457,50.1101198],[-91.7173062,50.1098028],[-91.7231425,50.1081857],[-91.7253661,50.1076096],[-91.7262989,50.1074415],[-91.7307358,50.1067667],[-91.7388519,50.1055084],[-91.7400895,50.1052843],[-91.7411983,50.1050362],[-91.744849,50.104056],[-91.7457475,50.1038065],[-91.7466917,50.1035691],[-91.7476224,50.1034298],[-91.7485272,50.1033243],[-91.750047,50.1032261],[-91.7524316,50.1030719],[-91.7563968,50.1027853],[-91.7575295,50.1026865],[-91.758074,50.1025934],[-91.7586236,50.102488],[-91.7590324,50.1023818],[-91.7597434,50.1021606],[-91.7602935,50.1019084],[-91.7606988,50.1016987],[-91.7613637,50.101226],[-91.7618028,50.1008539],[-91.7624229,50.1002855],[-91.7636165,50.0993429],[-91.7639275,50.0991544],[-91.7642699,50.0989664],[-91.7647107,50.0987725],[-91.7652049,50.0985813],[-91.7655395,50.0984834],[-91.7659259,50.0983832],[-91.7662503,50.0983268],[-91.766661,50.0982508],[-91.7669692,50.0982133],[-91.7673527,50.0981789],[-91.768042,50.0981255],[-91.7693621,50.0980507],[-91.7765028,50.0976141],[-91.7768148,50.0975911],[-91.7793404,50.0974354],[-91.7802433,50.097391],[-91.7814819,50.0973991],[-91.7838567,50.0974321],[-91.7909489,50.0975263],[-91.7918157,50.0976599],[-91.7927276,50.0977993],[-91.7932824,50.0979004],[-91.7937356,50.0980302],[-91.7939752,50.0980996],[-91.7942392,50.0981847],[-91.7946395,50.0983616],[-91.7963996,50.099163],[-91.7985298,50.1001382],[-91.7996992,50.1005835],[-91.800403,50.1008229],[-91.8010687,50.1009461],[-91.8099857,50.102325],[-91.8134015,50.1028496],[-91.8142275,50.1029345],[-91.8153303,50.1030258],[-91.8210458,50.1034403],[-91.822499,50.1035283],[-91.823229,50.1035252],[-91.8237219,50.1034681],[-91.8245147,50.1033087],[-91.8251638,50.1031262],[-91.8257566,50.1028336],[-91.8261737,50.1025986],[-91.8266347,50.1022599],[-91.8284529,50.1005421],[-91.8290571,50.10005],[-91.8297799,50.0996346],[-91.8306236,50.0992873],[-91.8312536,50.0991019],[-91.8321727,50.0989166],[-91.8333806,50.0988075],[-91.8362875,50.0985948],[-91.839145,50.0983914],[-91.8414949,50.0982048],[-91.8443173,50.097974],[-91.8455447,50.0978235],[-91.8469377,50.0975908],[-91.8531533,50.0963003],[-91.8553397,50.0958772],[-91.8565575,50.0957118],[-91.8580309,50.0956253],[-91.8589257,50.0956243],[-91.8601231,50.0956982],[-91.8630309,50.0959064],[-91.8661383,50.0961369],[-91.8662733,50.096147],[-91.8679399,50.0962488],[-91.8728071,50.0965946],[-91.8829697,50.0973215],[-91.8852773,50.0974864],[-91.8874739,50.0976355],[-91.8890469,50.0977452],[-91.8916712,50.0979329],[-91.8934184,50.0980142],[-91.8975345,50.0979237],[-91.9134984,50.0975206],[-91.9165157,50.097436],[-91.9214312,50.0973104],[-91.9218496,50.09731],[-91.9222492,50.0972998],[-91.9232282,50.0972675],[-91.9263827,50.0971737],[-91.9273272,50.097179],[-91.9283607,50.0972049],[-91.9300408,50.097335],[-91.9335042,50.0975762],[-91.9375277,50.0978617],[-91.9380655,50.0978826],[-91.9384395,50.097879],[-91.9388367,50.0978807],[-91.9389998,50.0978598],[-91.9395091,50.0977938],[-91.9399304,50.0976897],[-91.9401783,50.0976229],[-91.9404994,50.0974936],[-91.9407718,50.0973803],[-91.941024,50.0972496],[-91.9415768,50.0968565],[-91.941782,50.0966847],[-91.941904,50.096553],[-91.9421056,50.0963322],[-91.943029,50.0950462],[-91.9435139,50.0943479],[-91.9436555,50.094143],[-91.9438779,50.0939059],[-91.9441094,50.0937283],[-91.9445519,50.0934463],[-91.9447756,50.093347],[-91.9450748,50.0932405],[-91.9458034,50.0930376],[-91.9468313,50.092853],[-91.947563,50.0927392],[-91.9493486,50.0924782],[-91.9514458,50.092217],[-91.9521029,50.0921488],[-91.9524459,50.0921249],[-91.9530464,50.0921424],[-91.9536291,50.0922166],[-91.9540713,50.0923112],[-91.9543441,50.0923815],[-91.9547108,50.0924961],[-91.9551473,50.0926885],[-91.9555345,50.092895],[-91.9559405,50.0931765],[-91.9563016,50.0934793],[-91.9567643,50.0939213],[-91.9595264,50.0967698],[-91.9614659,50.098751],[-91.9637595,50.1010723],[-91.9646136,50.1018337],[-91.9650969,50.1021665],[-91.9653804,50.1023379],[-91.965739,50.1025169],[-91.9662865,50.1027746],[-91.9668347,50.1029997],[-91.9674894,50.1031831],[-91.9681666,50.1033428],[-91.9692647,50.1035676],[-91.9698819,50.1037011],[-91.9733538,50.1043303],[-91.9788965,50.1053396],[-91.9848821,50.1064443],[-91.9856587,50.1066011],[-91.986227,50.1067712],[-91.9870016,50.1070987],[-91.9891107,50.1083834],[-91.9921402,50.1103088],[-91.9924621,50.1105037],[-91.9927722,50.1106585],[-91.9938402,50.1112065],[-91.9948487,50.111604],[-91.9965262,50.1121913],[-91.9976776,50.1125423],[-91.9980737,50.1126755],[-91.9998309,50.1132665],[-92.0004218,50.1134369],[-92.0021427,50.1138853],[-92.0033119,50.1141204],[-92.0046189,50.1143633],[-92.0057291,50.1145064],[-92.0073478,50.1146823],[-92.0083075,50.1147355],[-92.0093281,50.1147622],[-92.0104385,50.1147876],[-92.0120487,50.1147262],[-92.0128906,50.1146747],[-92.0136772,50.1146266],[-92.0159644,50.1143633],[-92.0180128,50.1141246],[-92.0193418,50.1139663],[-92.0365238,50.1118906],[-92.0408711,50.1113563],[-92.043831,50.1109679],[-92.0519975,50.1100057],[-92.0527048,50.1099175],[-92.0536081,50.1097866],[-92.0609263,50.1085639],[-92.0638365,50.1080834],[-92.0683407,50.1073313],[-92.0694364,50.1071834],[-92.0702266,50.1071036],[-92.0712662,50.1070593],[-92.0724499,50.107028],[-92.0870845,50.1068945],[-92.0877288,50.1069148],[-92.0889779,50.1070115],[-92.0918668,50.1072726],[-92.0926552,50.1073059],[-92.093755,50.1072809],[-92.0984627,50.1070212],[-92.0988997,50.106997],[-92.1025196,50.1067974],[-92.1049006,50.1066788],[-92.1079264,50.1065006],[-92.1092026,50.1064031],[-92.1099418,50.1063229],[-92.1105372,50.1062341],[-92.1117442,50.106004],[-92.1130073,50.1056919],[-92.1139122,50.105418],[-92.1145629,50.1052047],[-92.1148258,50.1051082],[-92.1250246,50.100961],[-92.1258003,50.1007042],[-92.1263255,50.1005636],[-92.126804,50.1004464],[-92.1274719,50.1003126],[-92.1280966,50.1001755],[-92.137707,50.098251],[-92.1387063,50.0980352],[-92.1468031,50.0964129],[-92.1473252,50.0963089],[-92.1515919,50.0954587],[-92.153165,50.0951448],[-92.1537913,50.0950405],[-92.1545056,50.0949748],[-92.1605856,50.0945823],[-92.1612103,50.0945653],[-92.1618785,50.0945133],[-92.1630877,50.0944288],[-92.1638424,50.0943154],[-92.1644394,50.0941945],[-92.1648922,50.0940797],[-92.1654597,50.093925],[-92.1677576,50.0929813],[-92.168116,50.0928145],[-92.1682179,50.0927671],[-92.1692631,50.0923392],[-92.1697743,50.0921552],[-92.1703698,50.0920053],[-92.1713871,50.0917641],[-92.1733237,50.0913786],[-92.1742257,50.0912167],[-92.1745121,50.0911556],[-92.1752157,50.0910023],[-92.1755627,50.0909111],[-92.1760677,50.0907644],[-92.1764913,50.0906177],[-92.1782441,50.0900306],[-92.1790327,50.0897669],[-92.1798,50.0895454],[-92.1801529,50.0894542],[-92.1809653,50.0892682],[-92.1815478,50.089165],[-92.1824101,50.0890496],[-92.1829759,50.0889947],[-92.1836242,50.0889571],[-92.184072,50.0889398],[-92.1847046,50.0889327],[-92.1856749,50.0889552],[-92.1869507,50.0890128],[-92.1884059,50.0891069],[-92.1911267,50.0892495],[-92.1917921,50.0893132],[-92.1920886,50.0893567],[-92.1924153,50.0894046],[-92.1933349,50.0896092],[-92.1949353,50.0900538],[-92.1961662,50.0904182],[-92.1981831,50.0910152],[-92.1988259,50.0911962],[-92.1992592,50.0913041],[-92.1996438,50.0913802],[-92.2002118,50.0914572],[-92.2006495,50.0914955],[-92.2022236,50.0915868],[-92.2024494,50.0915986],[-92.2083069,50.0918492],[-92.2140228,50.0920998],[-92.216874,50.0922541],[-92.2175816,50.092315],[-92.2182384,50.0924097],[-92.2187513,50.0925038],[-92.2191233,50.0926089],[-92.2195728,50.092755],[-92.2206291,50.0932019],[-92.2217039,50.0937028],[-92.2233885,50.0945368],[-92.2264959,50.0959807],[-92.2272051,50.0962279],[-92.2277253,50.0963701],[-92.2282407,50.0964585],[-92.2287216,50.0965504],[-92.2293028,50.0966057],[-92.2297033,50.0966292],[-92.2300941,50.0966271],[-92.2304192,50.0965994],[-92.2306976,50.0965579],[-92.2316759,50.0964186],[-92.2327108,50.0962248],[-92.2389872,50.0951428],[-92.2427627,50.0945323],[-92.2535708,50.0926853],[-92.2557811,50.0923122],[-92.2575433,50.0920591],[-92.2590979,50.0918865],[-92.2600616,50.091797],[-92.2612187,50.091694],[-92.2693718,50.091287],[-92.2722013,50.091165],[-92.2734284,50.0910975],[-92.2743251,50.0910193],[-92.2751976,50.090917],[-92.2761566,50.0907841],[-92.276985,50.0906537],[-92.278071,50.0904225],[-92.279585,50.0900576],[-92.2825531,50.0892624],[-92.2846687,50.0887346],[-92.2852829,50.0886079],[-92.2860567,50.0884806],[-92.2869298,50.0883615],[-92.2878555,50.088271],[-92.2886924,50.088215],[-92.2896363,50.0881997],[-92.2903633,50.0882049],[-92.2915605,50.0882542],[-92.2935307,50.0883975],[-92.2955453,50.0885508],[-92.3005971,50.0889025],[-92.3044905,50.0891738],[-92.3053166,50.0892233],[-92.3062361,50.0892715],[-92.3068893,50.0892781],[-92.3074844,50.0892698],[-92.3083978,50.0892474],[-92.3137853,50.0891179],[-92.3189245,50.0889711],[-92.3234111,50.0888585],[-92.3247431,50.0888207],[-92.3259423,50.088841],[-92.3277922,50.0889705],[-92.3283675,50.0890285],[-92.3289792,50.0890996],[-92.331745,50.0894202],[-92.3363723,50.0899774],[-92.3370772,50.0900649],[-92.3379167,50.0902063],[-92.3387261,50.0903899],[-92.3396041,50.0906344],[-92.3403063,50.0908785],[-92.3412425,50.0912678],[-92.3420574,50.0916685],[-92.342674,50.0920196],[-92.3433808,50.0924892],[-92.3434334,50.0925273],[-92.3447751,50.0934992],[-92.3462524,50.094485],[-92.3467459,50.0947609],[-92.3472818,50.0950321],[-92.3478685,50.095298],[-92.3485255,50.095523],[-92.3490537,50.09568],[-92.3494651,50.095783],[-92.3500359,50.0959082],[-92.3507146,50.0960427],[-92.3513451,50.0961201],[-92.3522281,50.0961894],[-92.3528238,50.0962053],[-92.3537627,50.096201],[-92.3575827,50.0960854],[-92.3592978,50.0960422],[-92.3601769,50.0960513],[-92.3607443,50.0960756],[-92.3614134,50.0961322],[-92.3624725,50.0962771],[-92.3629629,50.0963753],[-92.3636005,50.0965404],[-92.3645255,50.0968304],[-92.3649373,50.0969827],[-92.3654142,50.0971798],[-92.3659713,50.0974638],[-92.366451,50.0977373],[-92.3668613,50.0979896],[-92.367388,50.0983606],[-92.3676859,50.0986007],[-92.3681554,50.098992],[-92.368442,50.0992497],[-92.3705781,50.1011975],[-92.3711675,50.1016691],[-92.372067,50.1023],[-92.3726668,50.1026892],[-92.3732436,50.1029934],[-92.3738023,50.1032801],[-92.3744719,50.1035836],[-92.375158,50.1038667],[-92.3758965,50.104128],[-92.3764087,50.1043145],[-92.3770094,50.1044991],[-92.3776136,50.1046516],[-92.3783068,50.1048109],[-92.3792637,50.1049952],[-92.3802904,50.1051606],[-92.3814251,50.105302],[-92.3840483,50.1054448],[-92.3848314,50.1055001],[-92.3854408,50.1055337],[-92.3886981,50.1057172],[-92.391818,50.1059078],[-92.3930498,50.1059699],[-92.3943076,50.1060078],[-92.3953051,50.1060241],[-92.3965469,50.1059922],[-92.398106,50.1059022],[-92.4001551,50.1057473],[-92.4019262,50.1056194],[-92.403193,50.1055204],[-92.4055499,50.1053614],[-92.4082306,50.1051638],[-92.4123258,50.104861],[-92.4169704,50.1045143],[-92.4200468,50.104295],[-92.4214409,50.104192],[-92.4223548,50.1041191],[-92.4237261,50.104012],[-92.4245042,50.1039481],[-92.4251506,50.1038656],[-92.4257266,50.1037647],[-92.4266596,50.1035839],[-92.42783,50.1033036],[-92.4284752,50.1031235],[-92.4292625,50.1028775],[-92.4321382,50.101835],[-92.4335919,50.101312],[-92.4371156,50.1000462],[-92.4391107,50.0993257],[-92.4400401,50.0990089],[-92.4409746,50.098758],[-92.4420597,50.0985381],[-92.4449489,50.097965],[-92.446654,50.097644],[-92.4501559,50.0969411],[-92.4510767,50.0967808],[-92.4524872,50.0965761],[-92.4541495,50.0963903],[-92.4554417,50.0962269],[-92.4572902,50.0960086],[-92.4591128,50.0958203],[-92.4607669,50.0956442],[-92.4620921,50.0955521],[-92.4631306,50.0955087],[-92.4642857,50.0954873],[-92.4653336,50.0955127],[-92.4666528,50.0955865],[-92.4676888,50.0956772],[-92.4688265,50.0957953],[-92.4697898,50.0959379],[-92.4749293,50.0967055],[-92.4757144,50.0968053],[-92.476492,50.0968763],[-92.4769291,50.0968893],[-92.4776618,50.0968707],[-92.4780485,50.0968413],[-92.4783398,50.0968031],[-92.4788456,50.0967226],[-92.4793717,50.0966118],[-92.4799684,50.0964353],[-92.4805089,50.096262],[-92.4808352,50.0961249],[-92.481221,50.0959574],[-92.481602,50.0957368],[-92.4819243,50.095534],[-92.4823246,50.0952398],[-92.4827322,50.0948961],[-92.4838374,50.0938791],[-92.48736,50.0905811],[-92.4880118,50.0899567],[-92.4887768,50.0893062],[-92.4892971,50.0889067],[-92.4899769,50.0884673],[-92.4906805,50.0880849],[-92.492433,50.0871289],[-92.4939874,50.0862092],[-92.4951445,50.0855643],[-92.4960053,50.0850678],[-92.4964867,50.0847085],[-92.4969245,50.0843145],[-92.4973126,50.0838355],[-92.4975539,50.0834274],[-92.4977063,50.0830109],[-92.4977854,50.0826491],[-92.4978638,50.0817144],[-92.4978734,50.0813993],[-92.4979124,50.0810325],[-92.49798,50.080588],[-92.4980407,50.0803568],[-92.4981467,50.0801105],[-92.4983295,50.0797915],[-92.4986123,50.0794601],[-92.4989858,50.0791526],[-92.4995265,50.078816],[-92.4999161,50.0785887],[-92.5003988,50.0783325],[-92.501167,50.0779277],[-92.5018744,50.0775389],[-92.5025204,50.0771516],[-92.5032185,50.0766733],[-92.5038551,50.0761185],[-92.5071394,50.0732357],[-92.5079876,50.0725082],[-92.5086827,50.0719911],[-92.5093755,50.0715775],[-92.5103812,50.0710075],[-92.5116545,50.0703875],[-92.5128428,50.0698044],[-92.513685,50.0693905],[-92.5145571,50.0688778],[-92.5152786,50.068357],[-92.5155836,50.068118],[-92.5159733,50.0677446],[-92.516289,50.0674383],[-92.5165824,50.0671275],[-92.5172828,50.0661252],[-92.5182942,50.0645368],[-92.5193093,50.0629867],[-92.5196379,50.0624969],[-92.5199571,50.0620753],[-92.5203787,50.0616273],[-92.5208559,50.0612122],[-92.5213598,50.06087],[-92.5217221,50.060641],[-92.5222383,50.0603539],[-92.5312766,50.0560092],[-92.5331676,50.055211],[-92.5345605,50.0546521],[-92.536441,50.0538959],[-92.537501,50.053487],[-92.5382748,50.0531597],[-92.5394192,50.0526673],[-92.5394518,50.0526542],[-92.541235,50.0519365],[-92.5414765,50.0518383],[-92.5426019,50.0513804],[-92.5451181,50.0503493],[-92.5473667,50.0494549],[-92.5486529,50.0489354],[-92.5493114,50.0486695],[-92.550824,50.0480487],[-92.5524444,50.0474016],[-92.5551417,50.0463136],[-92.5574732,50.0453393],[-92.5590771,50.0446947],[-92.5597177,50.0444373],[-92.5657945,50.0419951],[-92.5658245,50.0419846],[-92.5675774,50.0413679],[-92.5693155,50.0408861],[-92.5706061,50.0405996],[-92.5713947,50.0404694],[-92.5720693,50.0403657],[-92.5729539,50.0402675],[-92.5736427,50.0402089],[-92.5747516,50.040165],[-92.5758725,50.0401812],[-92.5774142,50.0402648],[-92.5785939,50.0403871],[-92.579428,50.0405089],[-92.5804543,50.0406873],[-92.5839238,50.0414385],[-92.5896725,50.0426831],[-92.5902269,50.0427711],[-92.5911327,50.0428585],[-92.5919532,50.0429139],[-92.5925642,50.0429183],[-92.5932623,50.0429009],[-92.5944044,50.042814],[-92.5960695,50.0426652],[-92.597376,50.0425043],[-92.5985007,50.0424006],[-92.5998954,50.0422118],[-92.6007916,50.0420477],[-92.6019361,50.0417355],[-92.6031618,50.0412935],[-92.6040821,50.0408543],[-92.604633,50.040508],[-92.6050099,50.0402556],[-92.6055461,50.0398389],[-92.6059505,50.0394146],[-92.6065288,50.0387753],[-92.6068233,50.0382894],[-92.6070591,50.0378885],[-92.6079295,50.0362496],[-92.6093773,50.0337868],[-92.609877,50.0332286],[-92.6103799,50.0328253],[-92.6107372,50.0325667],[-92.611021,50.0323923],[-92.6116207,50.032086],[-92.6121894,50.0318465],[-92.6124254,50.0317471],[-92.6127572,50.031652],[-92.6132244,50.0314852],[-92.6139945,50.0312924],[-92.6156805,50.0309592],[-92.6190422,50.0303139],[-92.6191744,50.0302886],[-92.6245026,50.0292275],[-92.6251377,50.0290861],[-92.6256865,50.0289372],[-92.6260113,50.0288421],[-92.6266658,50.0286217],[-92.6271641,50.0284082],[-92.6278418,50.02803],[-92.6279817,50.0279519],[-92.6315308,50.0258671],[-92.6337055,50.0245598],[-92.6343964,50.0242308],[-92.6349471,50.0239851],[-92.6355289,50.0237524],[-92.6361426,50.0235441],[-92.6369013,50.0233206],[-92.6398338,50.0223645],[-92.6497939,50.0191034],[-92.6504323,50.0188628],[-92.6511356,50.0185649],[-92.6521696,50.0180282],[-92.6544435,50.0167111],[-92.6567618,50.0153502],[-92.6585183,50.0143307],[-92.6633479,50.0115167],[-92.6651549,50.0105022],[-92.6655744,50.0103055],[-92.6659738,50.0101435],[-92.6665341,50.0099551],[-92.6673459,50.0097278],[-92.6769017,50.0076374],[-92.6873668,50.0053285],[-92.6892925,50.0048992],[-92.6915253,50.0044014],[-92.6952952,50.0035717],[-92.7012931,50.0022516],[-92.7052808,50.0013561],[-92.7072388,50.0009215],[-92.7082618,50.0007013],[-92.7089635,50.0005955],[-92.7095366,50.000517],[-92.7099709,50.0004938],[-92.7105789,50.0004908],[-92.7113455,50.0005574],[-92.7120255,50.0006739],[-92.7123017,50.0007234],[-92.7127987,50.0008675],[-92.715908,50.001972],[-92.7168094,50.0023093],[-92.7228833,50.00456],[-92.7233379,50.0047072],[-92.7240613,50.0049608],[-92.7247576,50.0051196],[-92.7252834,50.0052178],[-92.7256564,50.0052671],[-92.7259625,50.0052882],[-92.7265759,50.0053118],[-92.7273755,50.005293],[-92.727931,50.0052413],[-92.7292147,50.0050987],[-92.7339289,50.0044048],[-92.7346056,50.0043274],[-92.7357314,50.004259],[-92.7368834,50.0042459],[-92.7392217,50.0043521],[-92.7405998,50.0044121],[-92.7425428,50.0045017],[-92.7451424,50.0046757],[-92.746111,50.0047077],[-92.7465307,50.004695],[-92.7473303,50.004645],[-92.7479478,50.0045667],[-92.7511946,50.0041414],[-92.7635829,50.0024512],[-92.768159,50.0018277],[-92.7746352,50.0009455],[-92.775666,50.0008382],[-92.7772377,50.0007143],[-92.7792993,50.0005791],[-92.7866155,50.0002705],[-92.7895311,50.0001203],[-92.7900515,50.0000681],[-92.7908427,49.9999896],[-92.7914658,49.9998872],[-92.7919325,49.9998022],[-92.7924424,49.9997031],[-92.7931422,49.999525],[-92.7939841,49.9992769],[-92.7969005,49.9982469],[-92.8049977,49.9954712],[-92.8080623,49.9943997],[-92.8123617,49.9928996],[-92.8133069,49.9926056],[-92.8140134,49.9924912],[-92.8147912,49.99243],[-92.8153134,49.9924109],[-92.8159872,49.9924238],[-92.8168597,49.9925364],[-92.8173911,49.9926578],[-92.8182153,49.9929178],[-92.8183631,49.9929692],[-92.8213017,49.9939897],[-92.8219055,49.9941374],[-92.8221484,49.9941896],[-92.822549,49.9942552],[-92.8231879,49.9943273],[-92.8240659,49.9944151],[-92.8270793,49.994709],[-92.8304907,49.9950582],[-92.8378255,49.9957736],[-92.8378876,49.9957796],[-92.8400013,49.9959838],[-92.8411015,49.996123],[-92.8415964,49.9962383],[-92.8435627,49.9967866],[-92.8444744,49.997127],[-92.8451093,49.9974187],[-92.8458048,49.9978078],[-92.8468841,49.9985144],[-92.8480562,49.9994366],[-92.8481219,49.9994884],[-92.850548,50.0013881],[-92.8524435,50.0028285],[-92.8541062,50.0041713],[-92.8557729,50.0055172],[-92.8567637,50.0062519],[-92.8577283,50.0069063],[-92.8588014,50.0076015],[-92.8600095,50.0082765],[-92.8627134,50.0095594],[-92.8681647,50.0120986],[-92.8715344,50.0136821],[-92.8724305,50.0140471],[-92.8729581,50.0142408],[-92.8736064,50.0144415],[-92.8838393,50.0169764],[-92.885345,50.01735],[-92.8908383,50.0187132],[-92.8969247,50.0201791],[-92.8981132,50.0203426],[-92.8988299,50.0204038],[-92.8994744,50.0204457],[-92.9002394,50.0204712],[-92.901139,50.0204293],[-92.9019378,50.0203731],[-92.9027945,50.0202692],[-92.9036573,50.0201186],[-92.904469,50.0199533],[-92.9075329,50.0191392],[-92.9118274,50.0180322],[-92.9138422,50.0175028],[-92.9146691,50.0172862],[-92.9156452,50.0170688],[-92.9165151,50.0169244],[-92.9173216,50.0168823],[-92.9188413,50.0169302],[-92.9206255,50.0170378],[-92.9225447,50.0171626],[-92.9239024,50.0172265],[-92.9256855,50.0171662],[-92.9285882,50.0169408],[-92.9294456,50.0169],[-92.9300546,50.016871],[-92.9315059,50.0167725],[-92.9325941,50.0167489],[-92.9336538,50.0168089],[-92.9351038,50.0169735],[-92.9358972,50.0170867],[-92.9369184,50.0172375],[-92.940601,50.017783],[-92.9493718,50.0190499],[-92.9564403,50.0200612],[-92.9608557,50.0206987],[-92.9648825,50.0212867],[-92.9657061,50.0214274],[-92.9664862,50.0215976],[-92.9673998,50.0218017],[-92.9684818,50.0220715],[-92.9693645,50.0223315],[-92.9701387,50.0225749],[-92.9709894,50.0228859],[-92.9757292,50.0247901],[-92.9775336,50.025476],[-92.9778966,50.025592],[-92.9782289,50.0256903],[-92.9785292,50.0257752],[-92.9789073,50.0258537],[-92.9791881,50.0259047],[-92.9794998,50.0259442],[-92.9798794,50.0259816],[-92.9802085,50.0259923],[-92.9808513,50.0259996],[-92.9816458,50.0259632],[-92.9821425,50.0258997],[-92.9826201,50.0258134],[-92.9835054,50.0255557],[-92.9846006,50.0251556],[-92.9878733,50.0240061],[-92.9884412,50.0238136],[-92.9889462,50.0236689],[-92.9899765,50.0233899],[-92.9911353,50.0231651],[-92.9918115,50.0230614],[-92.9925326,50.022985],[-92.9935681,50.0229041],[-92.99423,50.0228859],[-92.9949084,50.0228825],[-92.9989389,50.0231723],[-93.0000062,50.0232307],[-93.0024428,50.0233826],[-93.003325,50.0234274],[-93.0040691,50.0234559],[-93.0048744,50.0234516],[-93.0056627,50.0234155],[-93.0064557,50.0233608],[-93.0070155,50.0232979],[-93.008183,50.0231271],[-93.0104869,50.0226719],[-93.0148061,50.0217925],[-93.0196371,50.0208489],[-93.021063,50.020565],[-93.0227438,50.0202074],[-93.0232077,50.020154],[-93.0235668,50.020125],[-93.0240184,50.0201046],[-93.0244817,50.0200972],[-93.027411,50.0202335],[-93.0300959,50.0203676],[-93.0320552,50.0204673],[-93.0330806,50.0204892],[-93.0342333,50.0204992],[-93.0369145,50.0204398],[-93.0527568,50.0202191],[-93.0537202,50.0202065],[-93.0542977,50.020178],[-93.0548861,50.020131],[-93.0555547,50.0200553],[-93.0561482,50.0199611],[-93.0575282,50.0196837],[-93.0582638,50.0195222],[-93.0589432,50.0194049],[-93.0597922,50.0192924],[-93.0604101,50.0192515],[-93.0609128,50.0192314],[-93.0623158,50.0192523],[-93.0636372,50.0193139],[-93.0643384,50.0193598],[-93.0654168,50.0193717],[-93.0658429,50.019341],[-93.0666082,50.0192271],[-93.0668613,50.0191818],[-93.0671977,50.0191027],[-93.0675162,50.0190191],[-93.0690495,50.0185235],[-93.0694533,50.0183922],[-93.0698583,50.0182666],[-93.0711612,50.0178397],[-93.0726042,50.0173484],[-93.0729993,50.0171886],[-93.073288,50.017059],[-93.0735314,50.0169452],[-93.0738918,50.0167232],[-93.0742166,50.0164979],[-93.0744851,50.016277],[-93.0749625,50.0158895],[-93.0755588,50.0153434],[-93.0766384,50.0143711],[-93.0779194,50.0132626],[-93.080834,50.0106792],[-93.0832118,50.0085331],[-93.0833497,50.0084086],[-93.0837469,50.0080634],[-93.0841319,50.0077616],[-93.0848756,50.0071055],[-93.0858219,50.0062352],[-93.0862033,50.0058859],[-93.0866666,50.0053992],[-93.0872437,50.0047218],[-93.088014,50.0038536],[-93.0892409,50.0024019],[-93.0902344,50.0012878],[-93.0906427,50.0008823],[-93.0917007,49.9999602],[-93.0919507,49.9997543],[-93.0925702,49.9992556],[-93.0932282,49.998765],[-93.0936664,49.9984153],[-93.0961964,49.9964766],[-93.0974484,49.9955155],[-93.0979211,49.9952238],[-93.0984123,49.9949894],[-93.0988661,49.994793],[-93.0992081,49.9946754],[-93.0995519,49.994576],[-93.1006618,49.9942882],[-93.1020676,49.9939552],[-93.1034549,49.99363],[-93.104621,49.9933399],[-93.1051745,49.993182],[-93.1054776,49.9930744],[-93.1059125,49.9929207],[-93.1064798,49.9926854],[-93.106933,49.9924809],[-93.1099699,49.9909022],[-93.1104497,49.9906717],[-93.1110726,49.9904167],[-93.1117573,49.9901596],[-93.112711,49.9898557],[-93.1135903,49.9895976],[-93.114145,49.9894609],[-93.1148354,49.9893022],[-93.1154396,49.9891979],[-93.1161649,49.9890805],[-93.1167898,49.9889948],[-93.1174821,49.9889353],[-93.1187983,49.9888563],[-93.1232142,49.9887622],[-93.1284636,49.9886514],[-93.1293593,49.9886369],[-93.1302667,49.9885903],[-93.1307537,49.9885494],[-93.1312943,49.9884872],[-93.1318585,49.9884088],[-93.1324144,49.9883074],[-93.1350913,49.9877779],[-93.1377238,49.9872578],[-93.1438341,49.9860565],[-93.1451316,49.9858296],[-93.1459484,49.9857083],[-93.146668,49.9856205],[-93.1475334,49.9855391],[-93.1485912,49.9854522],[-93.1544569,49.985245],[-93.1550231,49.9852308],[-93.1555097,49.9852],[-93.1561402,49.9851295],[-93.1564129,49.9850879],[-93.1567121,49.9850283],[-93.1634849,49.9829547],[-93.1684144,49.9813814],[-93.1697248,49.9810197],[-93.1704852,49.9808432],[-93.1711775,49.9806947],[-93.171886,49.9805585],[-93.1725614,49.9804446],[-93.1730217,49.9803801],[-93.1737087,49.9802848],[-93.1747743,49.9801703],[-93.1752601,49.9801189],[-93.1917167,49.9790309],[-93.1932351,49.97894],[-93.1948269,49.9788299],[-93.1961498,49.9787288],[-93.1968248,49.9786785],[-93.1981165,49.9786108],[-93.2029071,49.9782996],[-93.2033375,49.9782854],[-93.2038503,49.9782947],[-93.2045062,49.9783517],[-93.2052626,49.9784299],[-93.2060627,49.9785842],[-93.2067868,49.9787671],[-93.2073035,49.9789459],[-93.208115,49.9792716],[-93.2128663,49.9813503],[-93.2135409,49.9815821],[-93.2141334,49.9817537],[-93.2144486,49.9818338],[-93.2149662,49.9819325],[-93.2155905,49.9820295],[-93.2159831,49.9820649],[-93.2164085,49.9820948],[-93.2173238,49.9821324],[-93.217889,49.9821316],[-93.2183859,49.9820817],[-93.2189996,49.9819771],[-93.2198403,49.9818237],[-93.2204127,49.9817118],[-93.2210886,49.9815111],[-93.2246273,49.9803845],[-93.224666,49.9803722],[-93.2305426,49.9784685],[-93.2314514,49.9781426],[-93.2321917,49.9779205],[-93.2329572,49.9777401],[-93.233837,49.977587],[-93.2345664,49.9775111],[-93.2351918,49.9774571],[-93.2361702,49.9774157],[-93.2429577,49.9773461],[-93.2466431,49.9773441],[-93.2471438,49.9773744],[-93.2477019,49.977426],[-93.2480502,49.9774779],[-93.2485303,49.9775865],[-93.2489931,49.9777073],[-93.2494118,49.9778648],[-93.2509589,49.978634],[-93.2517184,49.9790517],[-93.2523111,49.9793776],[-93.2537428,49.980194],[-93.2544751,49.9805446],[-93.2547997,49.9806847],[-93.2551843,49.9808318],[-93.2557079,49.9809839],[-93.2563626,49.9811485],[-93.2567913,49.9812282],[-93.2574521,49.9813334],[-93.2581508,49.9814196],[-93.2586722,49.981461],[-93.2593248,49.9814727],[-93.2692817,49.9815057],[-93.2778726,49.9814777],[-93.2895855,49.9815983],[-93.2906557,49.981615],[-93.2914749,49.9816623],[-93.292404,49.9817583],[-93.2933714,49.9818855],[-93.2940259,49.9819824],[-93.2944647,49.9820602],[-93.2951004,49.9822128],[-93.3063128,49.9850668],[-93.3070861,49.9852077],[-93.3079458,49.9853131],[-93.308523,49.9853848],[-93.3089307,49.9854012],[-93.3093309,49.9853828],[-93.3099797,49.9853317],[-93.3105258,49.9852198],[-93.3109818,49.9851116],[-93.3155372,49.9834448],[-93.3159406,49.9832575],[-93.3162864,49.9831392],[-93.3170967,49.9829055],[-93.3202059,49.9821683],[-93.3213364,49.9819025],[-93.3222371,49.9817371],[-93.3232236,49.9815655],[-93.3245612,49.9814298],[-93.325871,49.9813504],[-93.3290213,49.9812693],[-93.330066,49.9811837],[-93.3315066,49.9809998],[-93.3361757,49.9798568],[-93.3386208,49.9793123],[-93.3402272,49.9789512],[-93.3413567,49.9786932],[-93.348243,49.9772019],[-93.3494387,49.9768976],[-93.3505835,49.976557],[-93.3513635,49.9762832],[-93.3525155,49.9757686],[-93.356279,49.9739034],[-93.3566938,49.9737258],[-93.3574349,49.9733913],[-93.3582679,49.9729769],[-93.3662769,49.9689928],[-93.3664706,49.9688964],[-93.3665221,49.9688708],[-93.3760285,49.9641586],[-93.3806543,49.961992],[-93.3811269,49.9617889],[-93.3820694,49.9615056],[-93.3828569,49.9613669],[-93.3845537,49.9612298],[-93.39388,49.9610868],[-93.3944502,49.9610652],[-93.3951309,49.961027],[-93.3957892,49.9609388],[-93.396213,49.9608803],[-93.3967081,49.9607716],[-93.3972408,49.9606344],[-93.3979449,49.9604253],[-93.3984363,49.9602426],[-93.4003108,49.9594818],[-93.4015106,49.9589948],[-93.4024443,49.9586012],[-93.4051696,49.957635],[-93.4070403,49.9573764],[-93.4176913,49.957581],[-93.4201868,49.9576155],[-93.4253352,49.9576773],[-93.431819,49.9577816],[-93.4388944,49.9578559],[-93.4488563,49.9579775],[-93.4530285,49.9580548],[-93.4536337,49.9580469],[-93.4544127,49.9580084],[-93.4550254,49.9579672],[-93.4557817,49.957877],[-93.4567264,49.9577622],[-93.4610626,49.957176],[-93.476666,49.9551679],[-93.4779457,49.954996],[-93.4789561,49.9548603],[-93.479866,49.9547654],[-93.4804931,49.9547243],[-93.4808841,49.9547193],[-93.4816018,49.9547684],[-93.4820174,49.9548274],[-93.4825388,49.9549195],[-93.4919037,49.956311],[-93.4926505,49.9564312],[-93.4934712,49.9565815],[-93.4942578,49.9567906],[-93.4952664,49.9571168],[-93.4960003,49.9574036],[-93.5000716,49.9590714],[-93.5033884,49.9604389],[-93.5043087,49.9607926],[-93.5051603,49.961106],[-93.5059877,49.9613525],[-93.5066551,49.9614989],[-93.5078892,49.9616597],[-93.5156249,49.9623134],[-93.532478,49.963745],[-93.5338709,49.9638753],[-93.5351758,49.9640563],[-93.5361921,49.9642316],[-93.5371242,49.9644424],[-93.537917,49.9646591],[-93.5386742,49.9648903],[-93.5395604,49.9652123],[-93.5555635,49.9712773],[-93.557222,49.9719508],[-93.5586387,49.9725839],[-93.5662583,49.9763993],[-93.568153,49.9773214],[-93.5718266,49.9786659],[-93.5774044,49.9800409],[-93.5793205,49.9806435],[-93.5810172,49.9812234],[-93.581509,49.9813965],[-93.5828205,49.9818582],[-93.5846663,49.982502],[-93.5855258,49.9826396],[-93.586373,49.9827638],[-93.5868093,49.9827743],[-93.5873567,49.9827623],[-93.5880652,49.9827021],[-93.6007937,49.9796588],[-93.6027785,49.9793259],[-93.6136248,49.9789465],[-93.6150041,49.9787221],[-93.6169879,49.9780008],[-93.6236651,49.973798],[-93.625,49.9731909],[-93.6260526,49.9727121],[-93.630785,49.9697093],[-93.6326666,49.9690946],[-93.6339615,49.9688688],[-93.6410717,49.9688765],[-93.6422367,49.9688973],[-93.6431253,49.9690226],[-93.643909,49.9692368],[-93.6445463,49.9695294],[-93.6450145,49.9698142],[-93.645434,49.9701408],[-93.6459151,49.9707835],[-93.6461619,49.9713997],[-93.6468721,49.9741419],[-93.6469957,49.9744638],[-93.6477658,49.9754402],[-93.6490433,49.9761707],[-93.6508715,49.9767553],[-93.6574559,49.9779778],[-93.6593052,49.9786992],[-93.6633661,49.9805501],[-93.6654661,49.9814536],[-93.6659211,49.9815491],[-93.6665362,49.9816525],[-93.6675416,49.981667],[-93.6688206,49.9815149],[-93.6700009,49.9811489],[-93.6719665,49.9805529],[-93.6731176,49.9803538],[-93.674355,49.9803846],[-93.6784246,49.981226],[-93.6792426,49.9813034],[-93.6801591,49.9813016],[-93.6906315,49.9801171],[-93.6935326,49.9801818],[-93.699502,49.9812896],[-93.7023659,49.981905],[-93.7045628,49.9823671],[-93.7067795,49.9826489],[-93.7115349,49.982323],[-93.7123998,49.9821697],[-93.7130967,49.9819924],[-93.7149513,49.981089],[-93.7158597,49.9805737],[-93.7163353,49.9803746],[-93.7168861,49.9801963],[-93.717773,49.9800091],[-93.718381,49.9799323],[-93.7189854,49.9799028],[-93.7237601,49.9798916],[-93.7275244,49.9794429],[-93.7307276,49.9792765],[-93.7331095,49.9792411],[-93.7349778,49.9792019],[-93.7357403,49.9791787],[-93.7367796,49.9792012],[-93.7372709,49.9792362],[-93.7379145,49.9792986],[-93.7406555,49.9796411],[-93.7446725,49.9801169],[-93.7450749,49.9801712],[-93.7455764,49.9802028],[-93.7465629,49.9801847],[-93.7472204,49.9801657],[-93.7479204,49.9801284],[-93.7493275,49.9800176],[-93.7499072,49.9799647],[-93.7501894,49.9799461],[-93.7504362,49.9799548],[-93.7510467,49.9799734],[-93.7520518,49.9801153],[-93.754055,49.9805432],[-93.7549244,49.9807132],[-93.7553257,49.9807681],[-93.7557578,49.9808112],[-93.7563717,49.9808047],[-93.7568931,49.9807784],[-93.7587562,49.9806585],[-93.7605592,49.9805112],[-93.7612897,49.9804889],[-93.7618363,49.9804976],[-93.7623146,49.9805773],[-93.7628105,49.9806717],[-93.7639789,49.9809654],[-93.7645027,49.9810922],[-93.7650328,49.9811849],[-93.767108,49.9813782],[-93.7679329,49.9814146],[-93.7696021,49.9814926],[-93.7703175,49.9814795],[-93.7716713,49.9813527],[-93.7733909,49.9811004],[-93.7748588,49.9809928],[-93.7759343,49.980986],[-93.7764842,49.9810192],[-93.7770179,49.9810891],[-93.7805107,49.981722],[-93.781431,49.9818876],[-93.7824326,49.9820166],[-93.7835724,49.9821246],[-93.7849886,49.9821752],[-93.7867739,49.9821641],[-93.7887177,49.9820746],[-93.7897504,49.9821223],[-93.7914417,49.9823866],[-93.7923016,49.9825226],[-93.7931452,49.9826326],[-93.7935457,49.9826795],[-93.7940357,49.9827002],[-93.7944809,49.9827079],[-93.7949505,49.9826842],[-93.8056046,49.9815694],[-93.8087076,49.981644],[-93.8103201,49.9816787],[-93.8111447,49.9817144],[-93.8120221,49.9817213],[-93.8131285,49.9816735],[-93.8146374,49.9815498],[-93.8172975,49.9811926],[-93.820047,49.9807597],[-93.8207283,49.9806567],[-93.8214502,49.9805746],[-93.8228778,49.9804836],[-93.8245396,49.9806118],[-93.8267473,49.9810268],[-93.8290444,49.9813947],[-93.8307251,49.9814345],[-93.8314347,49.9814045],[-93.8321198,49.9813065],[-93.8363109,49.9804149],[-93.8384431,49.9799534],[-93.8395295,49.979754],[-93.8405671,49.9796121],[-93.8416654,49.97957],[-93.8427718,49.9795907],[-93.8449603,49.9797],[-93.8490893,49.9799055],[-93.8517964,49.9800836],[-93.8542149,49.9802173],[-93.8550758,49.9803645],[-93.8555291,49.980455],[-93.8574856,49.9811433],[-93.8607091,49.9828108],[-93.8616051,49.9830703],[-93.8623001,49.9832132],[-93.8633528,49.9833404],[-93.8650029,49.9833772],[-93.8666693,49.9833983],[-93.867603,49.9834866],[-93.8686994,49.9837108],[-93.8714109,49.9842278],[-93.8723761,49.984386],[-93.8737043,49.9844181],[-93.8752277,49.9844397],[-93.8827425,49.9846272],[-93.8843899,49.9848619],[-93.8886683,49.9856561],[-93.8890226,49.9857604],[-93.8893556,49.9858647],[-93.8897969,49.9860345],[-93.8900754,49.986136],[-93.8911085,49.9867205],[-93.8924491,49.9878417],[-93.8946237,49.9892199],[-93.8956353,49.9896013],[-93.897264,49.9899444],[-93.899043,49.9899011],[-93.9023981,49.9890807],[-93.9048281,49.98872],[-93.918232,49.9895087],[-93.9220443,49.9893338],[-93.9239841,49.9890301],[-93.9279514,49.9888116],[-93.9332082,49.9890671],[-93.9348831,49.9892567],[-93.9623676,49.9923745],[-93.9635042,49.9922691],[-93.9665764,49.991462],[-93.9686833,49.9911862],[-93.9707158,49.9910811],[-93.9728844,49.9911308],[-93.9740068,49.9910342],[-93.9755551,49.9906983],[-93.9770961,49.9900915],[-93.97921,49.9895268],[-93.9808541,49.989273],[-93.9842874,49.9891279],[-93.9916361,49.9897178],[-93.9953619,49.9896294],[-94,49.989117],[-94.0156492,49.9863892],[-94.0335628,49.9834577],[-94.0355261,49.9832145],[-94.0376719,49.983268],[-94.0386662,49.9833644],[-94.0403675,49.983694],[-94.0431275,49.9842407],[-94.043731,49.9842252],[-94.0440934,49.9842034],[-94.0444476,49.9841711],[-94.0493449,49.9832921],[-94.063151,49.9805096],[-94.0662455,49.9791869],[-94.0677637,49.9787245],[-94.0689421,49.9784788],[-94.0702099,49.9784265],[-94.0740586,49.9789895],[-94.0752973,49.9791077],[-94.0764194,49.9790997],[-94.0775134,49.9789566],[-94.0785514,49.9786873],[-94.0830007,49.9767594],[-94.0838955,49.9762497],[-94.0847436,49.9755597],[-94.0855438,49.9741216],[-94.0865318,49.9714042],[-94.0869868,49.9703956],[-94.0875966,49.9690135],[-94.0885213,49.966891],[-94.0890738,49.9655729],[-94.0892088,49.9652097],[-94.0894177,49.9648941],[-94.0899546,49.9642292],[-94.0908489,49.9636101],[-94.0919256,49.963129],[-94.0954125,49.9624595],[-94.1006101,49.9616091],[-94.103533,49.9613973],[-94.1119381,49.9613691],[-94.1175263,49.9631022],[-94.1193338,49.9633673],[-94.1208848,49.963254],[-94.1251763,49.9629227],[-94.1332873,49.9641098],[-94.1369089,49.9647043],[-94.139983,49.9654452],[-94.1407593,49.965791],[-94.1413877,49.9661844],[-94.1424967,49.9670664],[-94.1447886,49.9688302],[-94.146953,49.9699953],[-94.1522117,49.9714841],[-94.1560333,49.9739724],[-94.1581661,49.9746975],[-94.1600934,49.9748459],[-94.1627384,49.9747881],[-94.1642666,49.9747472],[-94.1653759,49.9747494],[-94.1664499,49.9748337],[-94.1674318,49.9750431],[-94.168435,49.9752889],[-94.1721922,49.976111],[-94.1740331,49.9765774],[-94.1744295,49.9766772],[-94.1747763,49.9768135],[-94.1753596,49.9771375],[-94.1758085,49.9774798],[-94.1764011,49.978247],[-94.17647,49.9783361],[-94.1764971,49.9783713],[-94.1766748,49.9789871],[-94.1767144,49.9794188],[-94.176693,49.9799293],[-94.1766393,49.9806365],[-94.176546,49.9819676],[-94.1766393,49.9827717],[-94.1767895,49.9836306],[-94.1770931,49.9853272],[-94.1771811,49.9857243],[-94.1773313,49.9861796],[-94.1775674,49.9865763],[-94.1777283,49.986797],[-94.1779353,49.9870415],[-94.1783238,49.9873972],[-94.1788226,49.9877697],[-94.1803585,49.9887468],[-94.1812019,49.9892951],[-94.1819843,49.9898264],[-94.1827312,49.9903439],[-94.1830927,49.9906082],[-94.1834212,49.9908676],[-94.1870574,49.9939829],[-94.1908439,49.9972224],[-94.1937784,49.9997904],[-94.1941493,50.0000728],[-94.1953693,50.0011505],[-94.1955984,50.0013549],[-94.1958459,50.0016036],[-94.1960814,50.0018631],[-94.1962521,50.0021118],[-94.1964323,50.0024439],[-94.1965584,50.0027723],[-94.1966609,50.0031796],[-94.1967995,50.0037599],[-94.1969265,50.004166],[-94.1970448,50.004464],[-94.1971746,50.0047062],[-94.1973046,50.0049184],[-94.1975644,50.0052272],[-94.1977925,50.0054574],[-94.198058,50.005717],[-94.1984317,50.0059934],[-94.1985154,50.0060478],[-94.1988966,50.0062646],[-94.1990793,50.0063725],[-94.2005477,50.0069995],[-94.2016568,50.0074406],[-94.2028442,50.0078985],[-94.2048726,50.0086094],[-94.2094523,50.0103093],[-94.2128599,50.0116002],[-94.214657,50.0122621],[-94.2154455,50.0125672],[-94.2163822,50.0128805],[-94.217079,50.0130377],[-94.2179244,50.01312],[-94.2185327,50.013117],[-94.2190343,50.0131015],[-94.219332,50.0130756],[-94.2196003,50.013036],[-94.2202043,50.0128925],[-94.2208529,50.0126827],[-94.22162,50.0123517],[-94.2231542,50.0116588],[-94.2246133,50.0111141],[-94.2253268,50.0108556],[-94.2258096,50.0107384],[-94.2265391,50.0106143],[-94.2274172,50.010498],[-94.2376665,50.0096483],[-94.2382361,50.0096131],[-94.2386978,50.0096002],[-94.2391224,50.0095918],[-94.2396583,50.0096304],[-94.240565,50.0097669],[-94.2416897,50.0100566],[-94.244996,50.0112654],[-94.2460656,50.0116058],[-94.2467059,50.0118016],[-94.2474787,50.0119593],[-94.2478164,50.0120187],[-94.2482312,50.0120629],[-94.2487867,50.0120744],[-94.2495276,50.0120595],[-94.2503535,50.0120093],[-94.2509811,50.0119603],[-94.2525475,50.0118443],[-94.2537219,50.0117756],[-94.2540856,50.0117697],[-94.2545962,50.0117741],[-94.2550536,50.0118045],[-94.2555189,50.0118641],[-94.2559492,50.0119395],[-94.2569809,50.0122199],[-94.2604111,50.0135453],[-94.2609688,50.0137323],[-94.2615029,50.01388],[-94.2619879,50.0139861],[-94.2625802,50.0140679],[-94.2631147,50.0140744],[-94.2636338,50.0140578],[-94.2640335,50.0140148],[-94.2644808,50.0139445],[-94.2655061,50.0137555],[-94.2671287,50.0134175],[-94.2688685,50.0131552],[-94.2697621,50.013093],[-94.2711056,50.0129884],[-94.2721423,50.0129295],[-94.2727452,50.0128754],[-94.2733605,50.0127606],[-94.2740608,50.012593],[-94.2745479,50.0124279],[-94.2750146,50.0122585],[-94.2766999,50.0114368],[-94.2785833,50.0105882],[-94.280206,50.0100218],[-94.2872682,50.0075773],[-94.2873899,50.0075392],[-94.2887267,50.0071008],[-94.2955073,50.0054734],[-94.2966414,50.0053084],[-94.2971027,50.0052463],[-94.2976767,50.0052015],[-94.3000671,50.0051459],[-94.3009919,50.0050808],[-94.301582,50.0050153],[-94.3018985,50.0049705],[-94.3022525,50.0048946],[-94.3029553,50.004705],[-94.3035915,50.0044667],[-94.307102,50.0027983],[-94.307507,50.0025966],[-94.3076652,50.002519],[-94.3090117,50.0018001],[-94.3109461,50.000979],[-94.3137157,50.0001517],[-94.3142796,50.0000399],[-94.3150306,49.9999192],[-94.3157811,49.9998404],[-94.3163663,49.9998209],[-94.3170476,49.9998243],[-94.3174043,49.9998381],[-94.3177798,49.9998899],[-94.3183647,49.9999906],[-94.3184997,50.0000252],[-94.3194739,50.0002672],[-94.320277,50.0004778],[-94.3207786,50.000626],[-94.3212158,50.0007398],[-94.3216905,50.0008226],[-94.3221009,50.0008743],[-94.3226346,50.0009226],[-94.3231153,50.0009308],[-94.3235332,50.0009209],[-94.3239549,50.0008911],[-94.3246356,50.0007536],[-94.325223,50.0006071],[-94.3257916,50.0003864],[-94.3264407,50.000164],[-94.3268994,49.9998381],[-94.3272775,49.9995002],[-94.3275672,49.9992433],[-94.3303051,49.9966682],[-94.3334287,49.9948483],[-94.334159,49.9946998],[-94.3355927,49.9943485],[-94.3468371,49.9916334],[-94.3477445,49.9913734],[-94.3483999,49.9910634],[-94.3515194,49.9893105],[-94.353234,49.9886223],[-94.353987,49.9884422],[-94.354773,49.9883466],[-94.3552784,49.9883397],[-94.3567554,49.9883611],[-94.3623954,49.9889583],[-94.3634241,49.9889859],[-94.3644456,49.9888892],[-94.3655124,49.9886371],[-94.3662763,49.9883425],[-94.3668844,49.9880292],[-94.3674812,49.9876369],[-94.3678916,49.987242],[-94.3684089,49.9865325],[-94.3697782,49.9841448],[-94.3710486,49.9828023],[-94.3718685,49.9822136],[-94.3723413,49.9818783],[-94.3729475,49.9816075],[-94.3742362,49.9811277],[-94.375,49.9808629],[-94.3801171,49.9791169],[-94.3816497,49.9787224],[-94.3831577,49.9784765],[-94.3841722,49.9783914],[-94.385291,49.9783459],[-94.3857769,49.97835],[-94.3862861,49.9783571],[-94.3876176,49.9783963],[-94.3889349,49.9784811],[-94.3940861,49.9787707],[-94.3961319,49.978889],[-94.4027193,49.979226],[-94.4035382,49.9792323],[-94.4042749,49.9791916],[-94.4055359,49.979047],[-94.4065004,49.9788092],[-94.4066208,49.9787798],[-94.4071861,49.9786242],[-94.408064,49.9783461],[-94.409074,49.9779827],[-94.409983,49.9776708],[-94.4134713,49.9764822],[-94.4171737,49.9750739],[-94.4193819,49.9742658],[-94.4206301,49.9737397],[-94.4219447,49.9731168],[-94.4232648,49.9720647],[-94.4253747,49.9703173],[-94.4261946,49.9698027],[-94.4266415,49.9695779],[-94.4272302,49.9693922],[-94.4275411,49.9693043],[-94.4281518,49.9691883],[-94.4291434,49.9691309],[-94.429645,49.969155],[-94.4302261,49.9692125],[-94.4307045,49.9692884],[-94.4312696,49.9694268],[-94.43172,49.9695684],[-94.4321325,49.9697708],[-94.4326491,49.9700544],[-94.4330431,49.9703226],[-94.4333902,49.9706392],[-94.4336158,49.9709031],[-94.4338853,49.9713153],[-94.4340677,49.9717486],[-94.435261,49.9744777],[-94.435526,49.9748875],[-94.4358822,49.9753424],[-94.436258,49.9756781],[-94.4368477,49.9760455],[-94.4392548,49.9773295],[-94.4423774,49.9789466],[-94.4429284,49.9792152],[-94.4435281,49.9794313],[-94.4442504,49.9796371],[-94.4451364,49.9798194],[-94.4513747,49.9800438],[-94.4528603,49.9798811],[-94.4534421,49.9798168],[-94.4540199,49.9797235],[-94.4551517,49.9794482],[-94.4563268,49.9791237],[-94.4575279,49.9786316],[-94.4604089,49.9772516],[-94.4611854,49.9769487],[-94.4619694,49.9767003],[-94.462839,49.9765236],[-94.4633617,49.9764281],[-94.4646151,49.9763853],[-94.4654686,49.9764324],[-94.466771,49.9765999],[-94.4678566,49.976893],[-94.471138,49.9780448],[-94.4713874,49.9781257],[-94.4836318,49.9824722],[-94.4849815,49.9828106],[-94.4860635,49.9829096],[-94.487087,49.9829686],[-94.4884759,49.9829082],[-94.4920022,49.9826764],[-94.4950237,49.9825281],[-94.4962409,49.9823408],[-94.4968138,49.9822107],[-94.4977381,49.9819622],[-94.4994405,49.9813908],[-94.5008234,49.9809889],[-94.5010353,49.9809208],[-94.5036084,49.9801403],[-94.5129521,49.9772036],[-94.5139974,49.9768526],[-94.514978,49.9764607],[-94.515917,49.9759701],[-94.5177106,49.9749229],[-94.5190131,49.9741939],[-94.5210988,49.9729581],[-94.5218597,49.9725685],[-94.522925,49.9720935],[-94.5232184,49.9719862],[-94.5234933,49.9718989],[-94.524194,49.9717407],[-94.5247946,49.9716025],[-94.5253901,49.9714941],[-94.5266507,49.9713738],[-94.5276415,49.9713189],[-94.5284164,49.9713294],[-94.5292047,49.9714026],[-94.5298406,49.9714626],[-94.5304755,49.9715513],[-94.5309862,49.9716717],[-94.5319238,49.9718795],[-94.533265,49.9722177],[-94.5343798,49.9725043],[-94.5350519,49.9726294],[-94.535693,49.9727168],[-94.5379047,49.9729377],[-94.5385592,49.9729446],[-94.5390843,49.9729363],[-94.5399539,49.9729036],[-94.5406427,49.9728277],[-94.5416389,49.9726762],[-94.5429623,49.9723847],[-94.5440566,49.9721035],[-94.545431,49.9715756],[-94.5505509,49.9691115],[-94.5542408,49.9673884],[-94.5557993,49.9666878],[-94.5567418,49.9663413],[-94.5572435,49.9662136],[-94.557827,49.9660832],[-94.5584971,49.9659773],[-94.5587747,49.9659384],[-94.5589536,49.9659198],[-94.5591899,49.9658993],[-94.5594403,49.9658845],[-94.5599577,49.9658816],[-94.5719757,49.9660832],[-94.5736778,49.9661222],[-94.574637,49.966166],[-94.5754309,49.966253],[-94.5764008,49.9664776],[-94.5770804,49.9667032],[-94.5779549,49.9670794],[-94.5788057,49.9675276],[-94.586391,49.9716774],[-94.5870106,49.9719034],[-94.5875663,49.9720355],[-94.5883951,49.972169],[-94.5895474,49.9723436],[-94.591036,49.9725164],[-94.5918921,49.9726309],[-94.5931518,49.9728853],[-94.5941785,49.9732482],[-94.5951087,49.9737609],[-94.5956172,49.9741066],[-94.595893,49.9743919],[-94.5962899,49.9748152],[-94.60064,49.9797543],[-94.6062511,49.9860454],[-94.6068841,49.986562],[-94.6075016,49.9869232],[-94.6082435,49.9872957],[-94.6088014,49.9874974],[-94.609444,49.9876609],[-94.6135467,49.9883845],[-94.6140918,49.9885566],[-94.6148637,49.9888122],[-94.6155326,49.9891695],[-94.617481,49.9904749],[-94.6184793,49.9911088],[-94.6191906,49.9914113],[-94.6201943,49.991641],[-94.6211197,49.9917876],[-94.6219683,49.9918534],[-94.6247026,49.9919265],[-94.6337129,49.9920378],[-94.6368892,49.9920888],[-94.6393716,49.9921793],[-94.6484409,49.9923273],[-94.6502091,49.9923695],[-94.6511792,49.9923999],[-94.6518728,49.9923809],[-94.6523444,49.9923619],[-94.6530122,49.9922954],[-94.6542058,49.9921235],[-94.6546387,49.9920564],[-94.6550901,49.9919743],[-94.6556322,49.9918652],[-94.6560935,49.9917513],[-94.6567107,49.9915613],[-94.6582208,49.9910993],[-94.6600807,49.9905343],[-94.6620515,49.9900009],[-94.662796,49.9897792],[-94.6632007,49.9896463],[-94.6635463,49.9895163],[-94.6638534,49.9893874],[-94.6642395,49.9892001],[-94.6645599,49.9890279],[-94.6647909,49.9888872],[-94.6650463,49.9887387],[-94.6668249,49.9874346],[-94.6685902,49.9861349],[-94.6691093,49.9857485],[-94.6713563,49.9840755],[-94.6726894,49.9831692],[-94.6733199,49.9828279],[-94.6739845,49.9824926],[-94.6744498,49.9822975],[-94.6753092,49.9819729],[-94.6760776,49.9817333],[-94.6772792,49.9814686],[-94.677768,49.98139],[-94.6787166,49.9812487],[-94.6818395,49.9806631],[-94.6828455,49.9804417],[-94.6888546,49.9793509],[-94.6951838,49.9781718],[-94.6961227,49.9779979],[-94.6999686,49.9772767],[-94.7009728,49.9770411],[-94.7014969,49.9768912],[-94.7021868,49.9766499],[-94.7027382,49.9764391],[-94.7032125,49.976224],[-94.7036792,49.9759685],[-94.7040933,49.9757157],[-94.7067736,49.9737338],[-94.7069659,49.9735953],[-94.7090822,49.9720433],[-94.7152041,49.9675169],[-94.7166796,49.9665271],[-94.7180574,49.9657718],[-94.7198864,49.9649119],[-94.7211975,49.9643282],[-94.7217749,49.9640998],[-94.722184,49.9639155],[-94.7236479,49.9632707],[-94.7240615,49.9630352],[-94.7259224,49.9621899],[-94.729246,49.9606908],[-94.7339291,49.9585291],[-94.7355089,49.9578309],[-94.7365,49.9574585],[-94.7375227,49.9571292],[-94.7388464,49.9568126],[-94.7423145,49.9559489],[-94.7434142,49.9556516],[-94.7442325,49.9553824],[-94.7449621,49.9551166],[-94.7459277,49.9546955],[-94.7466197,49.9543331],[-94.7475209,49.9537705],[-94.7484329,49.9531251],[-94.7488191,49.9528076],[-94.7491893,49.9524244],[-94.7497364,49.9518204],[-94.7509998,49.9500759],[-94.7525045,49.9479751],[-94.7532126,49.9471743],[-94.7537276,49.946729],[-94.7542721,49.9463617],[-94.7549855,49.9459509],[-94.7556775,49.9456022],[-94.7565251,49.9452536],[-94.7572547,49.9450257],[-94.7582069,49.9447855],[-94.7592315,49.9446094],[-94.7602319,49.9445079],[-94.7711861,49.9436725],[-94.7761482,49.9433065],[-94.7769367,49.9432686],[-94.777736,49.9432548],[-94.7787231,49.9432858],[-94.7796618,49.9433618],[-94.7806167,49.9434964],[-94.7821992,49.9437312],[-94.784168,49.943997],[-94.7850048,49.944066],[-94.78567,49.9440936],[-94.7873115,49.9440522],[-94.7881966,49.9439832],[-94.7890867,49.9439037],[-94.7897657,49.943843],[-94.7918713,49.943669],[-94.8008459,49.942806],[-94.8046659,49.9424592],[-94.8060762,49.9423157],[-94.8077982,49.9421189],[-94.8142033,49.9415424],[-94.8218128,49.940836],[-94.8260246,49.9403848],[-94.8287141,49.9399646],[-94.8297601,49.9397506],[-94.8311568,49.9394148],[-94.8321205,49.9391844],[-94.8331934,49.9388667],[-94.8356594,49.9381393],[-94.835804,49.9380944],[-94.8365783,49.9378517],[-94.8384773,49.9371542],[-94.8436701,49.9351482],[-94.8453331,49.9344818],[-94.846524,49.9340743],[-94.8474091,49.9338188],[-94.8486268,49.933546],[-94.8497265,49.9333665],[-94.8506438,49.9332905],[-94.8514539,49.9332491],[-94.8523873,49.9332284],[-94.8530149,49.9332318],[-94.8536908,49.9332905],[-94.8547261,49.933401],[-94.8563677,49.9337152],[-94.8602354,49.9344369],[-94.8637598,49.9350722],[-94.8646932,49.935162],[-94.8656052,49.9351827],[-94.8666834,49.9351378],[-94.867531,49.9350204],[-94.8682498,49.9348685],[-94.8751243,49.9330778],[-94.8764333,49.9327153],[-94.8780855,49.93218],[-94.8792281,49.9317415],[-94.8798987,49.9314066],[-94.8809555,49.9308437],[-94.8819854,49.930191],[-94.8825219,49.9297836],[-94.8845067,49.9280293],[-94.8869636,49.9258157],[-94.8885676,49.9244101],[-94.8889645,49.9240716],[-94.8895493,49.9236814],[-94.8911049,49.9227661],[-94.8923173,49.9222377],[-94.8930844,49.9219649],[-94.8945865,49.9215608],[-94.8955789,49.9213432],[-94.8965391,49.9212154],[-94.8974886,49.9211394],[-94.8987814,49.9210841],[-94.8997363,49.9210807],[-94.900836,49.9211705],[-94.9019143,49.921281],[-94.902853,49.9214399],[-94.9035987,49.9215849],[-94.907721,49.9226313],[-94.9090945,49.9229927],[-94.9096723,49.9231241],[-94.9106568,49.9233392],[-94.9111786,49.9234845],[-94.9125696,49.9237839],[-94.9128161,49.9238166],[-94.9136591,49.9239431],[-94.9151654,49.9241286],[-94.9166889,49.9242723],[-94.9182972,49.9243217],[-94.9221059,49.9243265],[-94.9227741,49.9242844],[-94.9237346,49.9241977],[-94.9249373,49.9240314],[-94.9276549,49.9237066],[-94.9283641,49.923622],[-94.9296156,49.9235967],[-94.9344497,49.9241392],[-94.9448118,49.925275],[-94.9463075,49.9253681],[-94.9488652,49.9253494],[-94.9535098,49.9253536],[-94.9552038,49.9253501],[-94.9567204,49.925395],[-94.9608278,49.9258093],[-94.9648405,49.9262004],[-94.9667465,49.9266428],[-94.9683129,49.9271794],[-94.9767364,49.9298886],[-94.9795244,49.9308407],[-94.9802169,49.9310444],[-94.9807339,49.9311696],[-94.9813327,49.9313083],[-94.9815995,49.9313535],[-94.9818249,49.931384],[-94.9824482,49.9314681],[-94.982943,49.9315049],[-94.9835675,49.9315358],[-94.9841803,49.9315485],[-94.9850622,49.9314777],[-94.9858357,49.9313813],[-94.9865347,49.9312429],[-94.9869262,49.9311588],[-94.9870138,49.93114],[-94.9877551,49.9309452],[-94.9885501,49.9306496],[-94.9900559,49.929835],[-94.9909993,49.9291549],[-94.9914619,49.9285967],[-94.9933202,49.926284],[-94.9976396,49.920372],[-94.999106,49.9190562],[-95.0000974,49.9182576],[-95.0009705,49.9177092],[-95.0030738,49.916696],[-95.0059351,49.9158354],[-95.0150606,49.913429],[-95.0165519,49.913027],[-95.0174129,49.9129165],[-95.0183559,49.9128678],[-95.019307,49.9128481],[-95.0209721,49.9128954],[-95.0241929,49.9129704],[-95.0250958,49.9129953],[-95.0259991,49.9130315],[-95.0272592,49.9132412],[-95.0292747,49.9136492],[-95.0299777,49.9137835],[-95.0307783,49.9139387],[-95.0317026,49.9140236],[-95.0324794,49.9140685],[-95.0331521,49.9140406],[-95.0342534,49.9139138],[-95.0350178,49.913731],[-95.0356599,49.9135037],[-95.0362597,49.913235],[-95.0492121,49.9054817],[-95.0565801,49.901046],[-95.0574088,49.9006511],[-95.0583797,49.9003318],[-95.0586583,49.9002381],[-95.0598883,49.8999576],[-95.0610669,49.899829],[-95.0622454,49.8998083],[-95.0640479,49.899988],[-95.0653348,49.9001921],[-95.070306,49.9010653],[-95.0712469,49.9012737],[-95.0746292,49.9021911],[-95.0761833,49.9026271],[-95.076613,49.9027038],[-95.0769407,49.9027514],[-95.0776928,49.9028199],[-95.0783956,49.9028548],[-95.0791777,49.9028019],[-95.0796884,49.9026979],[-95.0807881,49.9024892],[-95.0848237,49.9016579],[-95.0852927,49.9015583],[-95.0943601,49.8996317],[-95.1013895,49.898225],[-95.1061537,49.8972381],[-95.1067728,49.8970805],[-95.1072407,49.8969174],[-95.1077121,49.896727],[-95.1084626,49.8962674],[-95.1088964,49.8959547],[-95.1091458,49.8957381],[-95.1094108,49.8954808],[-95.110425,49.8943185],[-95.110581,49.8941397],[-95.1120665,49.8923684],[-95.1125372,49.8918704],[-95.113082,49.891423],[-95.1136752,49.8910665],[-95.1143684,49.8907612],[-95.1150976,49.8905386],[-95.1158427,49.8903666],[-95.116706,49.8902478],[-95.1175607,49.8901977],[-95.1238914,49.8902663],[-95.1250107,49.8902778],[-95.133294,49.890371],[-95.1341698,49.8903259],[-95.135071,49.8902292],[-95.1367279,49.8898369],[-95.1393942,49.8889637],[-95.1402551,49.8887109],[-95.1412083,49.8885546],[-95.1419878,49.8885105],[-95.1427903,49.8885257],[-95.145615,49.8887085],[-95.1464993,49.8887144],[-95.1473739,49.8886378],[-95.1481134,49.8884743],[-95.1508881,49.8874507],[-95.1560625,49.8851109],[-95.1568536,49.8847532],[-95.1583594,49.8842186],[-95.1605776,49.8838271],[-95.170262,49.8827373],[-95.1717266,49.8824371],[-95.1749189,49.881349],[-95.1776109,49.88083],[-95.1791045,49.8808003],[-95.1804313,49.8809331],[-95.1817453,49.8813457],[-95.1835692,49.8822529],[-95.1837155,49.8823257],[-95.1865433,49.8837323],[-95.1873887,49.8840254],[-95.1882792,49.8842141],[-95.1891783,49.884257],[-95.190513,49.8842473],[-95.1920751,49.8840475],[-95.2029198,49.8824603],[-95.2047544,49.8821319],[-95.2054846,49.8821229],[-95.2065361,49.8821807],[-95.212235,49.8830765],[-95.2131725,49.8831659],[-95.214118,49.8831505],[-95.2154386,49.8830045],[-95.2160303,49.8828675],[-95.2165138,49.8827438],[-95.2201778,49.8814296],[-95.2236335,49.8802581],[-95.2254743,49.8799021],[-95.2376986,49.8791698],[-95.2394002,49.8789131],[-95.2404594,49.8786218],[-95.2415596,49.8781861],[-95.2472248,49.875502],[-95.2482321,49.875],[-95.25,49.874119],[-95.2537928,49.8722289],[-95.2556795,49.8714042],[-95.2566383,49.8711195],[-95.2578213,49.8709388],[-95.2583125,49.8708911],[-95.2588409,49.8708669],[-95.2607094,49.8708608],[-95.2665281,49.8711397],[-95.2688241,49.8712818],[-95.2710168,49.871549],[-95.272891,49.8719161],[-95.2747767,49.8723846],[-95.2780833,49.8732617],[-95.2852582,49.8750633],[-95.289811,49.8762698],[-95.2909134,49.8765101],[-95.2917283,49.8766698],[-95.2925882,49.8767732],[-95.2939266,49.8768063],[-95.2950242,49.876787],[-95.3018246,49.8761861],[-95.3029614,49.876174],[-95.3038609,49.8762293],[-95.3046485,49.8763887],[-95.3191721,49.8804686],[-95.3206918,49.8809411],[-95.3215582,49.8811627],[-95.322512,49.8812719],[-95.3234781,49.8813113],[-95.3243016,49.8812864],[-95.3251228,49.88119],[-95.3272134,49.8807085],[-95.3278211,49.8805774],[-95.3286532,49.8804399],[-95.3296588,49.8804198],[-95.3309035,49.8804841],[-95.3342692,49.8808286],[-95.3361628,49.8810088],[-95.3372598,49.8810676],[-95.3423576,49.880883],[-95.343158,49.8809401],[-95.3440292,49.8810441],[-95.3451788,49.8813096],[-95.3527888,49.8834354],[-95.3535758,49.8836035],[-95.3542441,49.8837126],[-95.3548428,49.8838018],[-95.3554495,49.8838581],[-95.3563395,49.8839193],[-95.3573346,49.8839069],[-95.3743564,49.883117],[-95.4025748,49.8817769],[-95.4041536,49.8816784],[-95.4055285,49.881695],[-95.4063841,49.8817627],[-95.4072231,49.8818626],[-95.4085969,49.8820745],[-95.4116552,49.8827572],[-95.4171999,49.8839411],[-95.432356,49.8872233],[-95.434241,49.887572],[-95.4349223,49.8876473],[-95.4355038,49.8877116],[-95.4363326,49.887751],[-95.4386808,49.8877617],[-95.4655799,49.8873145],[-95.4672338,49.8872108],[-95.468738,49.8870809],[-95.4699608,49.8868866],[-95.490959,49.8828716],[-95.4975301,49.8817626],[-95.5,49.88155],[-95.5204211,49.8814187],[-95.5222586,49.8814451],[-95.5236836,49.8814072],[-95.5255333,49.8813018],[-95.526467,49.881215],[-95.5275955,49.8810696],[-95.52851,49.880908],[-95.5306296,49.8805004],[-95.5315632,49.8803039],[-95.5403756,49.878539],[-95.541226,49.8783935],[-95.541704,49.8783292],[-95.5421721,49.8782859],[-95.5428163,49.8782354],[-95.5433841,49.8782138],[-95.544287,49.87821],[-95.5447931,49.8782301],[-95.545472,49.8782686],[-95.5467224,49.8784053],[-95.5479587,49.8785576],[-95.5481601,49.8785799],[-95.551073,49.8789463],[-95.5569103,49.8796358],[-95.5572902,49.879682],[-95.5576701,49.8797143],[-95.5581339,49.8797458],[-95.5585977,49.8797565],[-95.5590554,49.8797513],[-95.5595345,49.8797254],[-95.5600818,49.8796758],[-95.5605812,49.8796088],[-95.5611718,49.8795142],[-95.5617858,49.879401],[-95.5677316,49.8782397],[-95.5953137,49.8728523],[-95.6087257,49.8702351],[-95.6090962,49.870163],[-95.6096595,49.870068],[-95.6101403,49.8700057],[-95.6106211,49.8699573],[-95.6112545,49.8699194],[-95.6118665,49.8698988],[-95.6125053,49.8698919],[-95.613144,49.8699024],[-95.6143894,49.8699476],[-95.6156241,49.8699927],[-95.6398252,49.8710143],[-95.6407759,49.8710456],[-95.6414135,49.8710521],[-95.6420619,49.8710516],[-95.6426943,49.8710373],[-95.6433266,49.8710092],[-95.6439361,49.8709816],[-95.6445403,49.8709401],[-95.6457433,49.8708225],[-95.6596586,49.869303],[-95.6607985,49.8691803],[-95.6613899,49.8691258],[-95.6619814,49.8690921],[-95.6627968,49.8690783],[-95.6632581,49.8690921],[-95.6636765,49.8691059],[-95.6641995,49.869144],[-95.6646797,49.8691889],[-95.6651651,49.8692373],[-95.6656399,49.8692995],[-95.6669354,49.8695657],[-95.6684991,49.8699288],[-95.67083,49.8704733],[-95.6715776,49.8706527],[-95.6723253,49.8708113],[-95.6730676,49.870963],[-95.6738206,49.8711078],[-95.674872,49.871272],[-95.6759235,49.8714016],[-95.676822,49.8714872],[-95.6777313,49.8715521],[-95.6787827,49.8716005],[-95.6798234,49.8716281],[-95.708694,49.87201],[-95.8916569,49.8744739],[-95.8929659,49.8744296],[-95.8945913,49.8742347],[-95.895988,49.8740621],[-95.8968624,49.8739514],[-95.8994493,49.8737092],[-95.9007212,49.8736767],[-95.906547,49.8739079],[-95.9072105,49.8739375],[-95.9104842,49.8740838],[-95.9250412,49.8747341],[-95.9267954,49.8748018],[-95.9285496,49.8748417],[-95.9368463,49.8749682],[-95.9421812,49.8750644],[-95.9523839,49.875171],[-95.9682361,49.8753959],[-95.9684308,49.8754014],[-95.9751834,49.8754756],[-95.9823896,49.8755594],[-96,49.875795],[-96.010752,49.8759267],[-96.0385686,49.8762596],[-96.0662871,49.8766227],[-96.0664012,49.8766242],[-96.0671519,49.8766502],[-96.095224,49.8769947],[-96.1036818,49.8770847],[-96.114558,49.8772374],[-96.127668,49.8773849],[-96.1500402,49.8776996],[-96.1778602,49.8780292],[-96.2056805,49.8783509],[-96.2335796,49.8786828],[-96.2339905,49.8786825],[-96.2414203,49.8787547],[-96.25,49.8788511],[-96.269242,49.8790674],[-96.2970257,49.8794361],[-96.2979566,49.8794482],[-96.3152644,49.879619],[-96.3411911,49.8799121],[-96.3429848,49.8799326],[-96.3669328,49.8801969],[-96.3818325,49.8803846],[-96.3821855,49.8803929],[-96.411506,49.8807276],[-96.4343287,49.8809805],[-96.4344321,49.8809816],[-96.4572632,49.8812418],[-96.4801444,49.8814878],[-96.4803955,49.8814901],[-96.5008137,49.8816783],[-96.5008888,49.8816791],[-96.5237259,49.8819178],[-96.5465734,49.8821661],[-96.5693631,49.8824188],[-96.5922149,49.8826545],[-96.614998,49.882926],[-96.6373269,49.8831213],[-96.6377198,49.8831252],[-96.6603103,49.88335],[-96.6674859,49.8834217],[-96.6831537,49.8835784],[-96.7060107,49.8838081],[-96.7110249,49.8838532],[-96.7112345,49.8838532],[-96.7289444,49.8840295],[-96.7400556,49.8841617],[-96.7403447,49.8841648],[-96.7518159,49.8842784],[-96.775253,49.8844662],[-96.7843716,49.8845945],[-96.78625,49.884634],[-96.7881177,49.8847149],[-96.7895456,49.8848097],[-96.7909627,49.8849182],[-96.7922298,49.8850503],[-96.7935023,49.8851962],[-96.7947828,49.8853766],[-96.7960526,49.8855639],[-96.7973901,49.8858148],[-96.7988338,49.8860695],[-96.8000941,49.8862882],[-96.8014457,49.8864843],[-96.8027973,49.8866666],[-96.8041971,49.8868341],[-96.8055374,49.8869686],[-96.8066659,49.8870545],[-96.8077945,49.8871265],[-96.8091987,49.8871842],[-96.8105091,49.8872232],[-96.8117873,49.8872277],[-96.8200191,49.8872365],[-96.8428257,49.8872609],[-96.8656528,49.8873186],[-96.8885039,49.8873302],[-96.9110609,49.8873862],[-96.9338878,49.8874087],[-96.9339361,49.8874087],[-96.9375225,49.8874113],[-96.9515447,49.8874211],[-96.955698,49.8874248],[-96.9586799,49.8874248],[-96.9590669,49.8874269],[-96.9627829,49.8874336],[-96.9630402,49.8874362],[-96.9636655,49.8874476],[-96.9645428,49.8874666],[-96.9649336,49.8874674],[-96.9682129,49.8874741],[-97.0007741,49.8874901],[-97.0213074,49.8874984],[-97.0241244,49.887501],[-97.024575,49.8875014],[-97.0251243,49.8875014],[-97.0259401,49.8875106],[-97.0270144,49.8875016],[-97.0320879,49.8875049],[-97.0330912,49.8875219],[-97.0334049,49.8875387],[-97.0338652,49.8875634],[-97.0343409,49.8876079],[-97.0351196,49.8877117],[-97.0424582,49.8890198],[-97.0425747,49.8890406],[-97.0585643,49.8919072],[-97.0598124,49.892131],[-97.0652494,49.8931057],[-97.070105,49.8939753],[-97.0712873,49.894187],[-97.0713535,49.8941989],[-97.0714559,49.8942172],[-97.0733031,49.894548],[-97.0775545,49.8953017],[-97.0789452,49.895557],[-97.0939752,49.8982472],[-97.0941954,49.898283],[-97.0947052,49.8983744],[-97.0980903,49.8989812],[-97.0983262,49.8990245],[-97.100311,49.8993723],[-97.1009209,49.8994425],[-97.1015187,49.8994891],[-97.1023822,49.899514],[-97.1029369,49.8995018],[-97.1033575,49.8994876],[-97.104437,49.8994193],[-97.1057069,49.8993386],[-97.1068215,49.8992651],[-97.1076218,49.8992152],[-97.1092327,49.8991201],[-97.1108566,49.899017],[-97.1176772,49.8985955],[-97.1182497,49.8985568],[-97.1185812,49.8985336],[-97.1188734,49.8985074],[-97.1191783,49.8984735],[-97.1194487,49.89844],[-97.1197345,49.8983984],[-97.1200486,49.8983525],[-97.1203416,49.8983017],[-97.1206055,49.8982522],[-97.120917,49.8981879],[-97.1211516,49.8981349],[-97.1213939,49.8980762],[-97.1216734,49.898006],[-97.1219097,49.8979448],[-97.1230452,49.8976436],[-97.123687,49.8974815],[-97.1251498,49.8970859],[-97.1252161,49.8970679],[-97.125279,49.8970513],[-97.1255698,49.8969739],[-97.1278689,49.8963688],[-97.1281713,49.8962893],[-97.1290974,49.8960429],[-97.1329452,49.8950165],[-97.1330864,49.8949771],[-97.1332348,49.894931],[-97.1333865,49.894874],[-97.1335206,49.89482],[-97.1336434,49.8947648],[-97.1337754,49.8946978],[-97.133928,49.8946203],[-97.1340792,49.8945276],[-97.1342626,49.8943979],[-97.1343929,49.8942929],[-97.1344675,49.8942272],[-97.1345862,49.8941061],[-97.1346306,49.8940577],[-97.1346933,49.8939865],[-97.1347788,49.8938733],[-97.1348477,49.8937664],[-97.1349025,49.8936752],[-97.1349487,49.8935831],[-97.1350139,49.8934275],[-97.1350557,49.8933001],[-97.1350702,49.8932046],[-97.1350838,49.8931134],[-97.135087,49.8930498],[-97.135093,49.8929735],[-97.1350984,49.8926337],[-97.1351185,49.8922994],[-97.1351004,49.8921365],[-97.1350689,49.8920278],[-97.1350205,49.8919127],[-97.1344731,49.8909256],[-97.1343138,49.890631],[-97.1342256,49.890471],[-97.1341294,49.8902813],[-97.134007,49.8900546],[-97.1335069,49.8891352],[-97.1328024,49.8878352],[-97.1325804,49.8873704],[-97.1324778,49.8871336],[-97.1324014,49.8869604],[-97.1322881,49.886759],[-97.1322101,49.8866007],[-97.1321598,49.8864987],[-97.1321378,49.8864438],[-97.1316539,49.8852751],[-97.1315391,49.8850011],[-97.1314509,49.8847431],[-97.1314194,49.8846024],[-97.1313974,49.884458],[-97.1313879,49.8843082],[-97.1313976,49.8841298],[-97.1314332,49.8839179],[-97.1315021,49.883721],[-97.1316132,49.8835063],[-97.1317657,49.8832864],[-97.1320083,49.8830176],[-97.1323056,49.8827481],[-97.1326151,49.8824937],[-97.1331341,49.8821101],[-97.1336807,49.8817495],[-97.1349686,49.8808141],[-97.1358851,49.8801232],[-97.1365612,49.8795535],[-97.1371341,49.8790225],[-97.1374033,49.8787205],[-97.1376418,49.8784069],[-97.1380327,49.8778707],[-97.1383847,49.8773156],[-97.1387253,49.8767647],[-97.1400543,49.8745104],[-97.1404268,49.8738932],[-97.1407975,49.8732753],[-97.1408624,49.8731613],[-97.1409531,49.873015],[-97.1444042,49.8671642],[-97.1444321,49.867117],[-97.150243,49.8572551],[-97.1505423,49.8567471],[-97.1505626,49.8567126],[-97.1509115,49.8561228],[-97.151208,49.855644],[-97.1513757,49.8554168],[-97.1517373,49.8550408],[-97.1522605,49.8546554],[-97.1529894,49.8541539],[-97.1543226,49.8532255],[-97.1545858,49.8530692],[-97.1548403,49.8529428],[-97.1551584,49.8528056],[-97.1554138,49.8527138],[-97.1555856,49.8526562],[-97.1556365,49.8526391],[-97.1558871,49.8525723],[-97.1562445,49.8524889],[-97.1564913,49.8524476],[-97.1567312,49.8524111],[-97.1570421,49.8523777],[-97.1590685,49.8521888],[-97.1647703,49.8516556],[-97.1751168,49.8506879],[-97.1753506,49.8506661],[-97.1768077,49.8505298],[-97.1775732,49.8504583],[-97.1782977,49.8503904],[-97.1790757,49.8503174],[-97.1796298,49.8502655],[-97.1824765,49.8499987],[-97.182675,49.8499801],[-97.1922348,49.849084],[-97.1924309,49.8490656],[-97.1967363,49.8486615],[-97.1978158,49.8485602],[-97.2071451,49.8476845],[-97.2083662,49.8475692],[-97.2314429,49.8453904],[-97.231504,49.8453846],[-97.2316771,49.8453683],[-97.2317934,49.8453573],[-97.248166,49.8438114],[-97.2579499,49.8428875],[-97.2757346,49.8412082],[-97.276918,49.8410965],[-97.2779218,49.8410017],[-97.2822402,49.8405939],[-97.282847,49.8405481],[-97.2835178,49.8405057],[-97.2841858,49.8404691],[-97.2849371,49.840437],[-97.2859452,49.8404006],[-97.2875991,49.8403467],[-97.2987803,49.8399823],[-97.30869,49.8396593],[-97.3087577,49.8396571],[-97.3089158,49.8396519],[-97.3090184,49.8396486],[-97.3103567,49.839605],[-97.3306908,49.8389422],[-97.352324,49.8382371],[-97.3663278,49.8377807],[-97.4106352,49.8363365],[-97.4108881,49.8363283],[-97.4111233,49.8363206],[-97.4258627,49.8358402],[-97.4467236,49.8351634],[-97.447425,49.8351427],[-97.4479626,49.8351379],[-97.4486116,49.8351511],[-97.4492463,49.8351795],[-97.4498677,49.83524],[-97.4505937,49.8353296],[-97.4511903,49.8354293],[-97.4520435,49.8355995],[-97.4654249,49.8384408],[-97.4756972,49.8406892],[-97.4761,49.8407747],[-97.5002203,49.845828],[-97.500245,49.8458333],[-97.500753,49.8459411],[-97.5408318,49.8546695],[-97.5735264,49.8616494],[-97.595799,49.8663824],[-97.6186007,49.8712094],[-97.6413382,49.8760402],[-97.6870432,49.8857358],[-97.7112875,49.8908726],[-97.735116,49.8959008],[-97.7361601,49.8961211],[-97.745385,49.8980494],[-97.7579402,49.9007056],[-97.7625125,49.9016536],[-97.7629667,49.9017499],[-97.7693482,49.9030896],[-97.821473,49.9140311],[-97.8464289,49.9192687],[-97.8541843,49.9209126],[-97.8723301,49.9247585],[-97.8804215,49.9264735],[-97.8812549,49.92664],[-97.8821633,49.9268028],[-97.883103,49.9269395],[-97.8840002,49.9270432],[-97.8849512,49.927126],[-97.8857828,49.9271821],[-97.886603,49.9272208],[-97.8872562,49.9272345],[-97.8879724,49.927249],[-97.8951004,49.9272745],[-97.9181608,49.9273568],[-97.9412201,49.9274391],[-97.9640433,49.9275205],[-97.9871,49.9276029],[-97.9964609,49.9276363],[-98.0031907,49.9276603],[-98.0070153,49.9276739],[-98.0101092,49.9276775],[-98.0189939,49.9277167],[-98.0327544,49.9277592],[-98.0557535,49.9278302],[-98.0721795,49.9278809],[-98.0747363,49.9278888],[-98.0755183,49.9279043],[-98.0760769,49.927936],[-98.0765488,49.9279714],[-98.077037,49.9280339],[-98.0786276,49.9282765],[-98.0786764,49.9282855],[-98.0952735,49.9313495],[-98.0953576,49.931365],[-98.1015598,49.9325038],[-98.1016156,49.932514],[-98.124581,49.9367381],[-98.1480675,49.941071],[-98.1529085,49.941972],[-98.1533696,49.9420651],[-98.1538345,49.9421799],[-98.1543926,49.9423238],[-98.15501,49.9425075],[-98.1555364,49.9426964],[-98.1559232,49.9428523],[-98.1563612,49.9430425],[-98.1568568,49.9432788],[-98.1574928,49.9436113],[-98.1584934,49.9442108],[-98.1657036,49.9485206],[-98.1659622,49.9486769],[-98.1708063,49.9515535],[-98.1728579,49.9527835],[-98.1730731,49.952891],[-98.1735732,49.9531471],[-98.1740637,49.9533715],[-98.1744549,49.9535305],[-98.1753709,49.9538691],[-98.1766196,49.9542352],[-98.1780194,49.9545037],[-98.1791111,49.9546366],[-98.1799857,49.9546996],[-98.1828236,49.9548757],[-98.1841959,49.9549699],[-98.1859397,49.9550927],[-98.1871271,49.9551737],[-98.1912088,49.955478],[-98.1919113,49.9555472],[-98.1925977,49.9556391],[-98.1931903,49.9557368],[-98.1937041,49.9558335],[-98.1946309,49.9560767],[-98.1958975,49.9564409],[-98.2319202,49.9671819],[-98.2374682,49.9688362],[-98.2513212,49.9729257],[-98.2559327,49.9742943],[-98.2586773,49.975122],[-98.2593642,49.9753241],[-98.2596655,49.9754092],[-98.2600983,49.9755154],[-98.2605061,49.9756026],[-98.2608913,49.9756732],[-98.2612827,49.9757306],[-98.2616289,49.9757715],[-98.2619537,49.9758057],[-98.2623122,49.9758337],[-98.2629723,49.9758686],[-98.2649589,49.9759788],[-98.2852582,49.977195],[-98.2854172,49.9772043],[-98.2888381,49.9774063],[-98.2936067,49.9776875],[-98.2947527,49.9777281],[-98.298927,49.9777269],[-98.2996632,49.977732],[-98.2997938,49.9777315],[-98.3008028,49.9776981],[-98.3009498,49.9776971],[-98.3011255,49.9776971],[-98.3014824,49.9776878],[-98.3016682,49.9776823],[-98.3018845,49.9776659],[-98.3041228,49.9774998],[-98.3049498,49.9774577],[-98.3061604,49.9774526],[-98.3089653,49.9774603],[-98.3095016,49.9774645],[-98.312818,49.9774846],[-98.3180547,49.9774725],[-98.318279,49.9774738],[-98.3184165,49.9774746],[-98.3189272,49.9774775],[-98.3310579,49.9775301],[-98.3539093,49.9777788],[-98.3698055,49.9779202],[-98.3807418,49.978027],[-98.3825529,49.9780446],[-98.3996341,49.9782263],[-98.4228505,49.9784329],[-98.4589167,49.978754],[-98.4595338,49.9787582],[-98.4687356,49.9788312],[-98.4807994,49.9789467],[-98.4817065,49.9789538],[-98.4820074,49.9789561],[-98.483894,49.9789708],[-98.512323,49.9791926],[-98.5138197,49.9792042],[-98.5355441,49.9793737],[-98.5367282,49.9793829],[-98.5556545,49.9795377],[-98.5557709,49.9795389],[-98.560342,49.9795791],[-98.5833183,49.9797809],[-98.6062062,49.9799762],[-98.6290694,49.9801291],[-98.6437569,49.9801924],[-98.6519731,49.9802534],[-98.6741426,49.9804181],[-98.674953,49.9804241],[-98.6980317,49.9805956],[-98.720939,49.9807657],[-98.7317158,49.9808458],[-98.7320192,49.9808477],[-98.7437521,49.9809228],[-98.7600295,49.9810271],[-98.7602169,49.9810283],[-98.7901425,49.9812205],[-98.8206058,49.9814162],[-98.9207113,49.9820593],[-98.9213999,49.982063],[-98.9311775,49.982116],[-99.1372548,49.9832336],[-99.1385653,49.9832317],[-99.1393661,49.9832118],[-99.140014,49.9832093],[-99.1407146,49.9831911],[-99.1415764,49.9831529],[-99.1427373,49.9830856],[-99.1505559,49.9826066],[-99.1606207,49.9819899],[-99.1620921,49.981883],[-99.1631032,49.9817888],[-99.1637736,49.9817149],[-99.1643654,49.9816291],[-99.1649989,49.9815108],[-99.1675279,49.9809685],[-99.1682758,49.9808355],[-99.1690133,49.9807399],[-99.1697474,49.9806935],[-99.1704614,49.9806804],[-99.1712269,49.9806837],[-99.2265099,49.9817981],[-99.2272114,49.9818004],[-99.2278112,49.9817774],[-99.2284142,49.981723],[-99.2290879,49.9816423],[-99.2298791,49.9814803],[-99.230553,49.9812944],[-99.2310502,49.9811167],[-99.2315713,49.9809394],[-99.2321225,49.980714],[-99.2326394,49.9804886],[-99.2346369,49.9796844],[-99.2355209,49.9793755],[-99.2370586,49.9789242],[-99.2380483,49.9786851],[-99.238993,49.9784884],[-99.2401202,49.9782783],[-99.241256,49.9781101],[-99.2423459,49.9779885],[-99.2432154,49.9779075],[-99.2441923,49.9778508],[-99.2450946,49.9778167],[-99.2460189,49.977814],[-99.2470114,49.9778336],[-99.3851748,49.9821893],[-99.3927701,49.9824287],[-99.396401,49.9825432],[-99.4004051,49.9826633],[-99.4309197,49.9835783],[-99.4538048,49.9842646],[-99.6160358,49.9891294],[-99.6162627,49.9891353],[-99.6370456,49.9897442],[-99.6831983,49.9910522],[-99.7746993,49.9935663],[-99.7976133,49.9941979],[-99.8161808,49.9946999],[-99.8433423,49.9954484],[-99.8892495,49.9966612],[-99.9121678,49.9972536],[-99.9225637,49.9975302],[-99.9347161,49.9978536],[-99.935394,49.9978701],[-99.9373697,49.9979203],[-100.0951445,50.0019284],[-100.0955748,50.0019389],[-100.1183841,50.0024931],[-100.1540289,50.0033591],[-100.2036748,50.0045654],[-100.2047381,50.0045967],[-100.2056601,50.004645],[-100.2065307,50.0047278],[-100.2073734,50.0048582],[-100.2081028,50.0050129],[-100.2088182,50.0052004],[-100.2094573,50.0054003],[-100.2101066,50.0056451],[-100.2108257,50.0059651],[-100.2113955,50.006249],[-100.2118461,50.0065101],[-100.2123352,50.0068383],[-100.2128294,50.0072062],[-100.2132507,50.0075792],[-100.2135936,50.007928],[-100.2139183,50.0083052],[-100.214188,50.0086613],[-100.2224051,50.020342],[-100.2236613,50.0221072],[-100.2247302,50.0236455],[-100.2249993,50.0240224],[-100.2252875,50.0243542],[-100.2256027,50.0246864],[-100.2260303,50.0250597],[-100.2264157,50.0253555],[-100.2268931,50.0256865],[-100.2275607,50.0261063],[-100.2279648,50.026314],[-100.2282618,50.0264527],[-100.2287677,50.0266844],[-100.2293066,50.0269026],[-100.2298302,50.0270905],[-100.2304199,50.0272739],[-100.2310598,50.0274588],[-100.2315446,50.0275761],[-100.2320361,50.0276808],[-100.2325876,50.027779],[-100.2330214,50.0278555],[-100.2331906,50.0278854],[-100.2389035,50.0288869],[-100.2412445,50.0292941],[-100.2517488,50.0311208],[-100.2680833,50.0339611],[-100.2692111,50.0341563],[-100.2788884,50.0358305],[-100.3017931,50.0397935],[-100.3246608,50.0437496],[-100.3469419,50.0476042],[-100.3506343,50.0482429],[-100.3514204,50.0483823],[-100.3554371,50.049095],[-100.3802677,50.0533628],[-100.4398546,50.0636028],[-100.4528471,50.0658352],[-100.4622757,50.0674543],[-100.50807,50.0753229],[-100.5504929,50.0826101],[-100.5992121,50.0909623],[-100.5998023,50.0910625],[-100.7369701,50.114336],[-100.796988,50.1244425],[-100.8057233,50.1259089],[-100.8516206,50.1336136],[-100.8520013,50.1336775],[-100.8636726,50.1356366],[-100.8688591,50.1365071],[-100.8698501,50.1366711],[-100.8707848,50.1368535],[-100.8723769,50.1372298],[-100.8728566,50.1373737],[-100.8734202,50.137541],[-100.8746884,50.1379861],[-100.8756278,50.1383684],[-100.8768504,50.1389366],[-100.8776739,50.1393844],[-100.8782469,50.1397232],[-100.8789147,50.1401524],[-100.8793785,50.1404753],[-100.8798672,50.1408509],[-100.8804115,50.1412944],[-100.8810135,50.1418435],[-100.881426,50.1422781],[-100.8819394,50.142836],[-100.8864483,50.1477553],[-100.8877425,50.1491665],[-100.8882856,50.1496823],[-100.8888124,50.1501401],[-100.8894164,50.1505633],[-100.8899197,50.1508636],[-100.8906322,50.151252],[-100.8915089,50.1516486],[-100.8918885,50.1517928],[-100.8926804,50.1520701],[-100.8935116,50.1523139],[-100.8941057,50.1524613],[-100.8946939,50.1525845],[-100.8951402,50.1526603],[-100.8956604,50.1527358],[-100.8962914,50.1528101],[-100.896844,50.1528606],[-100.8971725,50.1528764],[-100.8975729,50.1528915],[-100.9201098,50.1533845],[-100.9889513,50.1548904],[-101.0114844,50.1553833],[-101.0118649,50.1553892],[-101.0123678,50.1554077],[-101.0129983,50.1554401],[-101.0134978,50.1554655],[-101.0140723,50.1555065],[-101.0145147,50.1555512],[-101.0150601,50.1556134],[-101.0156495,50.1556856],[-101.0161986,50.1557652],[-101.0166579,50.1558338],[-101.0171929,50.1559211],[-101.0177137,50.1560146],[-101.0181924,50.1561059],[-101.0187741,50.1562315],[-101.0193118,50.1563532],[-101.0197666,50.1564573],[-101.0202611,50.1565879],[-101.02071,50.1567064],[-101.0211863,50.1568449],[-101.0216278,50.1569864],[-101.0223284,50.1572225],[-101.0313581,50.1603877],[-101.0318856,50.1605727],[-101.033228,50.1610434],[-101.0518722,50.1675815],[-101.0527497,50.1679071],[-101.0534212,50.1681946],[-101.054037,50.1684919],[-101.0546145,50.1688068],[-101.0551418,50.1691318],[-101.0556595,50.1694942],[-101.0561566,50.1698986],[-101.0565694,50.1702759],[-101.0570042,50.1707341],[-101.0573518,50.1711746],[-101.0576569,50.1715891],[-101.0579052,50.1720206],[-101.0581077,50.1724398],[-101.0582996,50.1729207],[-101.0584701,50.1734652],[-101.0605811,50.1806915],[-101.0607375,50.1811804],[-101.0609248,50.1816884],[-101.0611498,50.1821181],[-101.0613899,50.1825307],[-101.0616675,50.1829517],[-101.0619734,50.1833473],[-101.0623254,50.1837237],[-101.0626216,50.1840182],[-101.0629851,50.18434],[-101.063374,50.1846468],[-101.0658944,50.1864796],[-101.0663468,50.1868142],[-101.0667467,50.1871278],[-101.0670958,50.1874422],[-101.0674372,50.1878306],[-101.0677002,50.1881946],[-101.0679492,50.1886041],[-101.0681652,50.1891167],[-101.0683553,50.1895774],[-101.068489,50.1899828],[-101.068643,50.1904815],[-101.0687646,50.1909406],[-101.0688495,50.1913975],[-101.0689222,50.191808],[-101.0691046,50.1929762],[-101.0692019,50.1934059],[-101.0693175,50.193794],[-101.0694903,50.1942444],[-101.0696473,50.1946088],[-101.0698547,50.1950618],[-101.0704607,50.19639],[-101.0728918,50.2013727],[-101.0731549,50.2018923],[-101.0733724,50.2022958],[-101.075693,50.20609],[-101.0759839,50.2065152],[-101.0763151,50.2069087],[-101.0766108,50.2072273],[-101.0769957,50.2076175],[-101.0773602,50.2079364],[-101.077765,50.208271],[-101.0782852,50.2086307],[-101.081356,50.2106384],[-101.0819514,50.2110388],[-101.0823631,50.2113135],[-101.0830121,50.2117824],[-101.0835463,50.2122335],[-101.0840548,50.2126934],[-101.0845108,50.2131981],[-101.0849407,50.2137075],[-101.0852286,50.2141028],[-101.0855041,50.2145303],[-101.0857787,50.2150057],[-101.0892467,50.2215512],[-101.0895065,50.2220405],[-101.08984,50.2225985],[-101.0901632,50.2230451],[-101.0904509,50.2233601],[-101.0907666,50.2236896],[-101.0911655,50.2240536],[-101.0916553,50.2244574],[-101.0921105,50.2247955],[-101.0925518,50.2250835],[-101.0932335,50.2255104],[-101.0981883,50.2284987],[-101.1036385,50.2318058],[-101.1041596,50.2321327],[-101.1045588,50.2323896],[-101.1050012,50.2326926],[-101.1067236,50.2340513],[-101.1095242,50.2370631],[-101.1125298,50.2405884],[-101.112558,50.2406159],[-101.1147742,50.2427181],[-101.1156868,50.2434238],[-101.1186937,50.2450707],[-101.1209175,50.2459312],[-101.1243091,50.2467955],[-101.1253936,50.2469905],[-101.1422897,50.2498373],[-101.1432905,50.2500204],[-101.1442963,50.2502293],[-101.1451262,50.2504166],[-101.1460085,50.2506596],[-101.1469055,50.2509435],[-101.1479519,50.2513006],[-101.1488793,50.2516429],[-101.1499058,50.2520434],[-101.1507957,50.252418],[-101.1668815,50.2596983],[-101.170216,50.2611792],[-101.1707517,50.2614349],[-101.1712738,50.261684],[-101.1717998,50.2619587],[-101.1723745,50.2622865],[-101.1730339,50.2626904],[-101.1736318,50.2630925],[-101.1742417,50.2635198],[-101.1748504,50.2639733],[-101.1754389,50.2644707],[-101.1759564,50.2649283],[-101.1781133,50.2669461],[-101.1846605,50.2730498],[-101.1853458,50.2736981],[-101.1874742,50.2756674],[-101.1886103,50.2767923],[-101.1891918,50.2776072],[-101.1900238,50.2789168],[-101.1903409,50.2800278],[-101.1903564,50.280925],[-101.1903023,50.2822012],[-101.1899579,50.2850699],[-101.1898463,50.2870895],[-101.1899241,50.2882452],[-101.1902599,50.2903784],[-101.1907164,50.2933474],[-101.1908956,50.29465],[-101.1909074,50.2957398],[-101.1909776,50.2992338],[-101.1909717,50.3022375],[-101.1910318,50.3054415],[-101.1912848,50.3148326],[-101.1914833,50.3160278],[-101.1918083,50.317463],[-101.192355,50.319003],[-101.194872,50.3247773],[-101.196168,50.3275304],[-101.1974732,50.3303574],[-101.1982532,50.3319538],[-101.1992504,50.3340505],[-101.2000352,50.3355972],[-101.2012508,50.337277],[-101.205554,50.3425082],[-101.206512,50.3437341],[-101.2069989,50.34432],[-101.2078309,50.3453402],[-101.2100027,50.3480045],[-101.2126575,50.3512835],[-101.2154942,50.3547571],[-101.2170405,50.356697],[-101.2183312,50.3584273],[-101.2186474,50.3590055],[-101.2191402,50.3599526],[-101.2229502,50.3685334],[-101.2229843,50.3686102],[-101.2233381,50.3692393],[-101.2236522,50.3697395],[-101.2263144,50.3732495],[-101.2309427,50.3793512],[-101.2331927,50.3822517],[-101.2332752,50.3823581],[-101.2443323,50.3971912],[-101.2495055,50.4033387],[-101.2519903,50.405669],[-101.2558519,50.4091436],[-101.2575387,50.4106502],[-101.2592476,50.4121968],[-101.2601571,50.4129304],[-101.261065,50.4136112],[-101.2621018,50.414282],[-101.2745349,50.4218866],[-101.2753436,50.4223982],[-101.276097,50.4229023],[-101.2767189,50.4233717],[-101.2772257,50.4238265],[-101.2795343,50.426103],[-101.2829045,50.4293898],[-101.2872817,50.4337264],[-101.2881878,50.4346266],[-101.2897491,50.4361489],[-101.2902525,50.4366523],[-101.2905269,50.4369266],[-101.2912474,50.4376489],[-101.2919569,50.4382592],[-101.292839,50.4389731],[-101.2947487,50.4404217],[-101.3000121,50.4445026],[-101.3004883,50.4448585],[-101.3014425,50.4455718],[-101.3021291,50.4460279],[-101.3026748,50.4463476],[-101.3033523,50.4466296],[-101.303709,50.4467676],[-101.3042743,50.4469387],[-101.3045535,50.4470354],[-101.3050485,50.4471678],[-101.3057826,50.4472834],[-101.3064628,50.4473707],[-101.3075088,50.4474604],[-101.3083717,50.4475227],[-101.3102143,50.4476436],[-101.313634,50.4478916],[-101.315487,50.4480278],[-101.3165647,50.4481058],[-101.3187271,50.4482747],[-101.3226316,50.4485661],[-101.3264355,50.4488553],[-101.3306884,50.4491352],[-101.3316149,50.4491598],[-101.3326379,50.4491359],[-101.3339809,50.4490165],[-101.3366655,50.4485695],[-101.3407554,50.4478601],[-101.3452712,50.4470523],[-101.3460979,50.4469192],[-101.3470731,50.4468101],[-101.3478563,50.4467636],[-101.3491113,50.446712],[-101.3505656,50.4467272],[-101.3565502,50.4468138],[-101.3568221,50.4468191],[-101.3584555,50.4468508],[-101.3662291,50.446974],[-101.3669609,50.4469601],[-101.3759338,50.4471226],[-101.3820467,50.4472066],[-101.3838446,50.4472461],[-101.3855169,50.4473302],[-101.3857015,50.4473399],[-101.4020887,50.448125],[-101.404941,50.4482516],[-101.4060957,50.4483177],[-101.4068279,50.4483756],[-101.4080668,50.4485452],[-101.4092384,50.4487693],[-101.4098685,50.448903],[-101.4113241,50.4492888],[-101.4127148,50.4497715],[-101.413987,50.4503325],[-101.4151728,50.4509277],[-101.4159691,50.4513716],[-101.417175,50.4521154],[-101.4248054,50.4568219],[-101.4303836,50.4601804],[-101.4449595,50.4686391],[-101.4482223,50.4705127],[-101.4514624,50.4721379],[-101.4521921,50.472524],[-101.452725,50.4728984],[-101.4539515,50.473804],[-101.4545858,50.474343],[-101.4551281,50.4748899],[-101.4561456,50.4761288],[-101.4568912,50.4770745],[-101.4634894,50.4856493],[-101.4648315,50.4871389],[-101.4662727,50.4886247],[-101.4673801,50.4894872],[-101.4702482,50.4914983],[-101.4721265,50.4927547],[-101.4735562,50.4937842],[-101.4749982,50.4947999],[-101.4767341,50.4959122],[-101.4820649,50.4981272],[-101.4849906,50.4993432],[-101.4876561,50.5002283],[-101.4937196,50.5022143],[-101.4970472,50.5032386],[-101.4984706,50.5036371],[-101.4996846,50.503871],[-101.5092157,50.5053959],[-101.5104851,50.5056055],[-101.5117373,50.505763],[-101.5128873,50.5058773],[-101.5139448,50.5059466],[-101.5152036,50.506016],[-101.5201922,50.5062059],[-101.5210667,50.5062761],[-101.5218844,50.5063721],[-101.5227539,50.5065161],[-101.5274303,50.5073502],[-101.5314548,50.5080684],[-101.5324244,50.5082484],[-101.5332889,50.508448],[-101.5341943,50.508712],[-101.5350582,50.5089949],[-101.5359498,50.5093544],[-101.5367191,50.5097366],[-101.537341,50.5101268],[-101.5381119,50.5106859],[-101.538773,50.5112314],[-101.5407757,50.5131403],[-101.5412065,50.5135427],[-101.5418389,50.5140376],[-101.5423667,50.5144185],[-101.5427525,50.5146586],[-101.5464642,50.5168767],[-101.5847764,50.5398059],[-101.6388409,50.5721429],[-101.6511999,50.5795359],[-101.6620687,50.5860244],[-101.6758423,50.5942092],[-101.694783,50.6055118],[-101.6999869,50.6086057],[-101.7243619,50.6231383],[-101.7413539,50.6332501],[-101.773196,50.6521767],[-101.7880225,50.6610227],[-101.7883644,50.6612271],[-101.7996366,50.6679408],[-101.8028431,50.6698447],[-101.8077351,50.6727506],[-101.8084902,50.6731756],[-101.8091157,50.6734931],[-101.8098509,50.6738209],[-101.8106191,50.6741066],[-101.8115703,50.6744045],[-101.8124768,50.6746298],[-101.8131683,50.6747746],[-101.8144192,50.6749553],[-101.8153685,50.6750258],[-101.8160589,50.6750649],[-101.816734,50.6750733],[-101.8179217,50.6750298],[-101.818615,50.6749641],[-101.8194001,50.6748623],[-101.8203855,50.6746915],[-101.8211588,50.6745144],[-101.8225455,50.6741083],[-101.8247427,50.6733882],[-101.8291945,50.6719669],[-101.8331417,50.6707331],[-101.833861,50.6705151],[-101.8342167,50.6704172],[-101.8345777,50.6703295],[-101.8349195,50.6702639],[-101.8352613,50.6702017],[-101.835661,50.6701374],[-101.836066,50.6700832],[-101.8365069,50.6700361],[-101.8369479,50.6699958],[-101.8373915,50.6699779],[-101.8378038,50.6699723],[-101.8382214,50.6699769],[-101.8387499,50.670001],[-101.8391229,50.6700252],[-101.8394962,50.6700575],[-101.83984,50.6700966],[-101.8401677,50.6701442],[-101.8404659,50.6701952],[-101.8408161,50.6702638],[-101.8411664,50.6703392],[-101.8415167,50.670418],[-101.8418643,50.670507],[-101.8421947,50.6705933],[-101.842517,50.6706829],[-101.8942397,50.6846212],[-101.8972504,50.6854548],[-101.8982308,50.6856966],[-101.8992651,50.6859693],[-101.9043503,50.6873454],[-101.9212468,50.6918975],[-101.9249617,50.6928934],[-101.9278548,50.693669],[-101.9323596,50.6948767],[-101.9337882,50.6952636],[-101.9508287,50.6998311],[-101.951223,50.6999363],[-101.9568106,50.7014339],[-101.9751213,50.7063412],[-102.0061195,50.7146476],[-102.0382396,50.7232531],[-102.0542227,50.7275346],[-102.0758277,50.7333215],[-102.0929588,50.7378911],[-102.0990635,50.7395194],[-102.122319,50.7457217],[-102.1454369,50.7518865],[-102.1612457,50.7560878],[-102.1645274,50.7569598],[-102.2151189,50.770402],[-102.2278309,50.773775],[-102.2278589,50.7737824],[-102.2333982,50.7752522],[-102.2383951,50.776578],[-102.2615587,50.7827232],[-102.3079871,50.7950382],[-102.3311893,50.8011913],[-102.3434923,50.8044536],[-102.3545478,50.807385],[-102.3724224,50.8120982],[-102.4012304,50.8196933],[-102.447683,50.8319377],[-102.4481243,50.832054],[-102.4697431,50.8377513],[-102.4707342,50.8380118],[-102.4884713,50.8426643],[-102.5170497,50.8501795],[-102.5173632,50.8502604],[-102.5414431,50.856571],[-102.5869784,50.868502],[-102.5997798,50.8718556],[-102.6100761,50.8745528],[-102.6331371,50.8805932],[-102.634034,50.8808272],[-102.6450772,50.8837066],[-102.6565564,50.8866995],[-102.6799263,50.8927879],[-102.728106,50.9053501],[-102.7478649,50.9104993],[-102.7495437,50.9109353],[-102.7726501,50.916923],[-102.774679,50.9174538],[-102.781431,50.9192066],[-102.7896717,50.9213432],[-102.806455,50.9257054],[-102.8272934,50.9311167],[-102.8288413,50.9315186],[-102.82942,50.9316699],[-102.8297479,50.9317553],[-102.8307028,50.9320156],[-102.8315021,50.9322388],[-102.8323014,50.9324923],[-102.8330833,50.9327576],[-102.8332714,50.9328258],[-102.8425121,50.9361715],[-102.8723224,50.9469599],[-102.8741173,50.9476126],[-102.8956753,50.9553797],[-102.9070543,50.959482],[-102.9425271,50.9722682],[-102.9892891,50.9891195],[-102.999212,50.9926759],[-103.0280364,51.0030785],[-103.0319241,51.0044685],[-103.0362006,51.0059927],[-103.0594571,51.0143187],[-103.0713876,51.0185979],[-103.0800363,51.0216995],[-103.1244201,51.0376148],[-103.124865,51.0377666],[-103.1706047,51.0541679],[-103.2671714,51.0885369],[-103.3637792,51.1228694],[-103.4621894,51.1576877],[-103.5603858,51.1925446],[-103.5643097,51.1939623],[-103.5685527,51.1955873],[-103.717478,51.2560663],[-103.7186264,51.2565287],[-103.719871,51.2569987],[-103.7212175,51.2574452],[-103.7227731,51.2578917],[-103.7242162,51.2582643],[-103.7325753,51.2604157],[-103.7514217,51.2652886],[-103.7515983,51.2653245],[-103.7676041,51.2694462],[-103.7708891,51.2702889],[-103.7885843,51.2748515],[-103.7933898,51.2760767],[-103.7951182,51.2764153],[-103.7968579,51.2766865],[-103.8118964,51.2786155],[-103.8189113,51.2795208],[-103.8468773,51.2831533],[-103.8573299,51.2844944],[-103.8587525,51.2846594],[-103.8665462,51.2856598],[-103.869508,51.2860159],[-103.875,51.286722],[-103.8799232,51.2873445],[-103.8822625,51.2876382],[-103.9056656,51.2906524],[-103.9301629,51.2937887],[-103.9316961,51.2940969],[-103.9338269,51.294741],[-103.936352,51.2957468],[-103.9433398,51.2985189],[-103.9443109,51.2989173],[-103.9581987,51.3043649],[-103.9595049,51.3048083],[-103.9605327,51.3051198],[-103.9632772,51.3058729],[-103.9773131,51.3097165],[-103.9873841,51.3124403],[-104.0114081,51.3189697],[-104.0424348,51.3274047],[-104.080716,51.3377966],[-104.0830651,51.3384266],[-104.0831411,51.3384476],[-104.1118432,51.346364],[-104.1143688,51.3470569],[-104.1164866,51.3475046],[-104.1289922,51.3489862],[-104.1505121,51.3513697],[-104.1765824,51.3511047],[-104.1788498,51.3511364],[-104.1800527,51.351264],[-104.1811937,51.3514593],[-104.1826419,51.3518009],[-104.1840963,51.3522673],[-104.1996978,51.3577198],[-104.2029269,51.3588554],[-104.2039611,51.3591879],[-104.2047031,51.3593898],[-104.2059989,51.3596646],[-104.2072783,51.3598656],[-104.2085272,51.3599644],[-104.2095001,51.3599731],[-104.2105195,51.359935],[-104.2113987,51.3598782],[-104.2449602,51.357042],[-104.2468935,51.3568049],[-104.2487732,51.3568196],[-104.2509747,51.3570206],[-104.2528115,51.3574132],[-104.2549337,51.358118],[-104.2578905,51.3593601],[-104.2702266,51.3650931],[-104.2787076,51.3687981],[-104.2808859,51.3697402],[-104.2821848,51.370219],[-104.2827794,51.3704161],[-104.2837212,51.3707046],[-104.2845784,51.3709359],[-104.2946622,51.3739935],[-104.2953088,51.3741408],[-104.2957916,51.3742166],[-104.2963817,51.3743099],[-104.2978606,51.3744813],[-104.2992842,51.3745433],[-104.3072689,51.3750114],[-104.3146053,51.3754386],[-104.3194397,51.3756181],[-104.3237399,51.3752806],[-104.3455065,51.3729694],[-104.3488743,51.3726854],[-104.3514342,51.3725936],[-104.3537345,51.3725782],[-104.3591493,51.373175],[-104.373953,51.3764097],[-104.3974578,51.3815906],[-104.4081561,51.3839695],[-104.4167005,51.3857877],[-104.4222407,51.3868734],[-104.4449033,51.3912702],[-104.4592609,51.3940519],[-104.4663525,51.3954396],[-104.4677062,51.3957003],[-104.5082846,51.4036156],[-104.5145352,51.404824],[-104.5194366,51.405775],[-104.5326229,51.4083346],[-104.5380289,51.4093822],[-104.5615248,51.4139272],[-104.5737385,51.4162736],[-104.5756483,51.4165121],[-104.5778664,51.4165114],[-104.5849047,51.4156668],[-104.6083715,51.4124835],[-104.6127272,51.4119451],[-104.6161723,51.4114818],[-104.617956,51.4112526],[-104.6192729,51.4111355],[-104.6201366,51.4110867],[-104.6208474,51.4110719],[-104.6216843,51.4110652],[-104.6237657,51.411097],[-104.6274373,51.4111338],[-104.631076,51.411168],[-104.6317768,51.4111746],[-104.6552392,51.4116596],[-104.6621937,51.4118047],[-104.6685505,51.4118883],[-104.6691036,51.4118559],[-104.669618,51.4118281],[-104.6701759,51.4117779],[-104.6712685,51.4116467],[-104.6729446,51.4113122],[-104.6786779,51.4094422],[-104.7021498,51.4016577],[-104.7056669,51.4004724],[-104.7074747,51.3998834],[-104.7080326,51.3997261],[-104.7086629,51.3995487],[-104.7092692,51.3994019],[-104.7097787,51.3993077],[-104.7104332,51.3992006],[-104.71138,51.3990919],[-104.7119714,51.3990398],[-104.7126728,51.3990149],[-104.7134426,51.3990065],[-104.7144186,51.3990417],[-104.715111,51.3990952],[-104.7158861,51.3991889],[-104.7166425,51.3993061],[-104.7173227,51.3994384],[-104.7180212,51.3996039],[-104.7187856,51.3998164],[-104.7201407,51.4002786],[-104.7256001,51.4022832],[-104.7265134,51.4026104],[-104.7490152,51.4108418],[-104.7637063,51.4162153],[-104.7725205,51.4194389],[-104.7959942,51.4280229],[-104.7963423,51.4281515],[-104.8194184,51.4365196],[-104.8428785,51.445175],[-104.8897456,51.4623067],[-104.9031718,51.4672476],[-104.9034322,51.4673428],[-104.9230757,51.4744973],[-104.9365755,51.4794135],[-104.9600865,51.4879741],[-104.9833924,51.4964586],[-105.0059804,51.5046801],[-105.0126855,51.5071204],[-105.015228,51.5080459],[-105.0159818,51.50832],[-105.0168981,51.5086519],[-105.0186936,51.5093014],[-105.0254821,51.511758],[-105.0735805,51.5291605],[-105.0770938,51.5304314],[-105.0832228,51.5326484],[-105.123969,51.5473844],[-105.1637374,51.5617622],[-105.164062,51.5618795],[-105.1707262,51.5643186],[-105.170845,51.5643632],[-105.1710591,51.5644436],[-105.1932065,51.5724124],[-105.1943234,51.5728172],[-105.1992281,51.5745783],[-105.2242108,51.5835906],[-105.2279228,51.5849353],[-105.2283555,51.5850893],[-105.2396106,51.5891305],[-105.2499604,51.5928596],[-105.2646347,51.5981109],[-105.2646651,51.5981218],[-105.2880789,51.6065318],[-105.2881366,51.6065526],[-105.2937353,51.6085675],[-105.2992129,51.6105385],[-105.3054576,51.6127788],[-105.3110354,51.6147777],[-105.3115681,51.6149607],[-105.3256692,51.6200161],[-105.3257032,51.6200282],[-105.329351,51.621323],[-105.3315953,51.6221293],[-105.3333103,51.6227454],[-105.3336332,51.6228708],[-105.3397347,51.625],[-105.356107,51.630924],[-105.357135,51.6312851],[-105.3574955,51.6314117],[-105.3657119,51.6343521],[-105.3798582,51.6394316],[-105.3807111,51.6397193],[-105.4028254,51.6475956],[-105.404246,51.6481337],[-105.4060583,51.6487832],[-105.4068055,51.649047],[-105.426785,51.6561819],[-105.4278311,51.6565523],[-105.4300683,51.6573534],[-105.446725,51.6633175],[-105.4468783,51.6633747],[-105.4472768,51.6635225],[-105.4515908,51.6650628],[-105.4530672,51.6655898],[-105.4665737,51.6704024],[-105.4699041,51.6715764],[-105.4725806,51.6725198],[-105.4753535,51.6734947],[-105.4777163,51.674347],[-105.4828427,51.6761858],[-105.4877632,51.6779505],[-105.4988559,51.681908],[-105.4989191,51.6819302],[-105.5,51.68231],[-105.5193599,51.6892229],[-105.522629,51.6903053],[-105.5231187,51.6904627],[-105.5461672,51.6966868],[-105.5462101,51.6967038],[-105.569811,51.7030597],[-105.5700074,51.7031118],[-105.5815592,51.7062309],[-105.5841777,51.7069485],[-105.5910736,51.7088334],[-105.5934108,51.7094623],[-105.6165883,51.7156812],[-105.6170278,51.7157963],[-105.6398106,51.7219589],[-105.6406574,51.722185],[-105.6612509,51.7277187],[-105.687197,51.7346583],[-105.7058646,51.7397254],[-105.7073859,51.7402655],[-105.7085152,51.7406984],[-105.7094357,51.7411363],[-105.7116603,51.7423284],[-105.7137583,51.7436428],[-105.723112,51.75],[-105.7336953,51.7571627],[-105.7353029,51.758227],[-105.7354036,51.7582996],[-105.7445481,51.7645494],[-105.7455671,51.7652334],[-105.7489376,51.7674734],[-105.7565546,51.7726026],[-105.7584474,51.773899],[-105.7589696,51.7742691],[-105.760039,51.7749701],[-105.7674414,51.7799768],[-105.7681723,51.7804689],[-105.7825812,51.7902113],[-105.7828247,51.7903719],[-105.7839311,51.7911686],[-105.7865778,51.7927939],[-105.7899899,51.7943932],[-105.8053497,51.8004143],[-105.8298361,51.8099655],[-105.8535634,51.8191973],[-105.8770997,51.8284456],[-105.8998697,51.8373022],[-105.9074289,51.8402415],[-105.9121318,51.8420588],[-105.9182311,51.8443986],[-105.9244535,51.8466973],[-105.9417997,51.8527387],[-105.9481153,51.8549341],[-105.9717624,51.8631314],[-105.9953559,51.8712567],[-106,51.872923],[-106.0018089,51.8735453],[-106.0060146,51.875],[-106.0271795,51.8823207],[-106.0509162,51.8904212],[-106.0519715,51.8907803],[-106.0534785,51.8912931],[-106.0664671,51.8957872],[-106.0680378,51.8963401],[-106.0681748,51.8963897],[-106.0763206,51.8993374],[-106.079889,51.9005305],[-106.0811723,51.9009596],[-106.0838083,51.9018689],[-106.0851194,51.9023003],[-106.1105161,51.9110455],[-106.1222752,51.9150199],[-106.1458611,51.9231286],[-106.1695171,51.9312348],[-106.1759046,51.9333194],[-106.177042,51.9335911],[-106.2042341,51.9399838],[-106.2143454,51.9423393],[-106.2168563,51.9429207],[-106.2298773,51.9458861],[-106.2369824,51.9475379],[-106.2405207,51.9483653],[-106.2446974,51.9493342],[-106.25,51.9505673],[-106.2641153,51.9538499],[-106.2878139,51.9592537],[-106.2933211,51.9605257],[-106.3020831,51.9625621],[-106.3045555,51.9632567],[-106.3061304,51.9637924],[-106.3099424,51.9654455],[-106.3114448,51.9660908],[-106.3178083,51.9687062],[-106.3376203,51.977264],[-106.3527641,51.9837273],[-106.3612402,51.9874024],[-106.3777096,51.99445],[-106.3817732,51.99619],[-106.67,52.13],[-113.49,53.54],[-117.5,52.87],[-118.08,52.88],[-119.27,50.7],[-121.95,50.67],[-123.1,49.2731]]}}]}