{"type":"FeatureCollection","metadata":{"name":"The Ghan — Adelaide to Darwin","preparedFor":"Rallii","source":"OpenStreetMap The Ghan route relation 1148765","sourceUrl":"https://www.openstreetmap.org/relation/1148765","license":"ODbL","relationIds":[1148765],"contributingWayIds":[53543374,364731468,53543387,53457192,53457126,230818131,544154023,54581357,932291965,932291964,54581356,23183448,107304502,54773930,54773929,22927846,172759548,616455466,616455465,234039913,234039843,234039928,234039976,234039897,234039939,234039924,234039964,212149866,23689719,234039898,234040048,234039930,234039996,317322140,317322142,1050658179,172300444,174859066,234575665,234575670,23702275,23702273,98855693,234597739,23702274,234597732,234597751,996007790,996007789,908416939,908416938,234597728,234597741,234597736,234597744,234597734,234597755,908416966,908416965,479830318,1103957613,102469653,479830330,235014287,1525502492,1525502497,1525502496,1525502495,1525502494,1525502493,235014276,164363629,908416972,908416971,908416974,908416973,235014267,908416977,908416976,235014284,235014299,235014288,235014308,235014281,235014293,235014285,235014270,235014289,235014305,235014290,235014306,235014283,235014303,235014282,235014268,235014291,235014280,235369037,235369031,172669993,489303200,489303199,489303198,489303197,733960875,733960874,98855697,489303195,489303194,489303193,489303192,489303191,489303189,489303188,489303187,489303186,489303185,489303184,489303183,489303182,489303177,489303176,489303175,489303174,489303173,489303172,489303196,489303169,489303168,489303163,489303164,489303166,489303165,489303167,489303170,489303161,489303162,489303159,489303158,489303160,489303156,489303157,485958757,489303152,489303153,485958675,485958678,485958680,485958683,485958685,485958687,485958692,485958695,485958760,172298479,1220644324,1220644323,1030654434,1030654435,491190022,491190021,491190020,491190011,491190010,491190008,491190009,491190007,491190006,491190005,491190004,491190003,491190002,491190001,491190000,491189999,491189998,491189997,491189996,491189995,491189994,491190023,491189993,485754460,485754449,485754448,495554540,495554541,485754459,485754457,485754456,489429923,489429922,489429921,489429920,489429914,489429912,489429909,489429907,489429905,489429903,495554539,495554538,172298482,30953636,495554537,495554536,495554535,495554534,495554533,495554532,495554531,495554530,495554528,495554527,495554526,495554525,30953638,495554523,495554522,495554521,495554524,226848326,33510725,202871230,495554520,495554519,495554518,495554517,495554516,495554515,495554514,495554513,202871231,495554511,495554510,495554509,495554512,495554507,495554508,202870306,202870307,491866636,491866639,491866640,491866641,172449215,172449216,34499573,172451222,172451223,95910810,1327545016,193323287,229172051,495873409,495873406,495873403,495873400,495873397,495873393,229172052,440760151,440760152,440760153,440760154,440760155,440760156,440760157,440760158,503914904,503914902,440593838,1159891324,1159891325,440593839,440478610,440478611,440478609,440478608,440478606,495745287,495745286,495745285,495745284,495745283,495745282,495745281,1159891334,1159891333,1159891332,1159891331,495745280,495752913,495752912,495752911,495752910,495752909,495752908,164954677,495752906,495752907,495752904,495752903,495752902,495752901,495752900,495752899,495752898,495752897,495752896,495752905,449016646,449016647,495752894,495752895,208044823,1159891335,1159891336,164954662,505602144,505602136,1191168695,1191168694,1191168693,1191168692,1191168691,1191168690,1191168689,1191168688,505604937,1191168698,1191168699,1191168700,1191168701,1191168702,1191168703,1191168704,1191168705,1191168706,1191168707,1191168708,1191168711,1191168710,1191168709,1191168712,1191168713,1191168714,1191168715,1191168716,1191168717,1191168718,1191168719,1191168720,1191168721,1191168722,1191168723,1191168724,1191168725,1191168726,1191168727,1191168728,1191168729,164954668,496197343,496197344,174251413,174251415,174251412,174251409,174251410,174251414,174251411,172669989,958980677,958980676,172669992,958980680,958980679,595656863,595683454,595683455,595683456,595683457,595683458,595683459,99196088,99196102,496271612,496271611,49320899,496271609,496271610,99196001,99195996,496271607,496271608,99196055,99195971,595683477,595683479,595683481,401114267,496271606,595683483,595683502,496271605,401114268,595683505,401088507,401088506,595684934,595693177,401081569,402263506,402263509,401081570,400967598,400967595,400965194,400965193,496425696,496425697,400743851,496425695,496425694,496425693,595693183,595693184,595764729,496425690,496425691,496425692,496425689,496425688,400743825,595764731,595764734,595764735,595764738,143467663,496425687,496425686,143467666,172669991,496425685,496425684,172669990,282904352,496425683,496425682,282904354,376143062,376143063,4756139,4756161,4756138,496498133,415221106,496498131,496498132,496498129,496498130,415221107,4756137,455086500,455086499,1327553854,1327553858,442203067,442203064,1327553859],"coordinateCount":6786,"calculatedLengthKm":2980.57,"preparedAt":"2026-08-16"},"features":[{"type":"Feature","properties":{"name":"The Ghan — Adelaide to Darwin"},"geometry":{"type":"LineString","coordinates":[[138.5812994,-34.9380582],[138.5807784,-34.9350056],[138.5807601,-34.9349125],[138.5807365,-34.934799],[138.5807134,-34.9346956],[138.5806861,-34.9345761],[138.5806372,-34.9343479],[138.580626,-34.9342837],[138.5806168,-34.9342075],[138.5806126,-34.934129],[138.5806166,-34.9340455],[138.5806233,-34.9339837],[138.5806346,-34.9339081],[138.5806495,-34.9338423],[138.5806724,-34.9337662],[138.5807463,-34.9335514],[138.5808007,-34.9334222],[138.5808975,-34.9331847],[138.5809316,-34.9331105],[138.5809635,-34.9330255],[138.5809878,-34.9329416],[138.5810085,-34.9328459],[138.58102,-34.9327577],[138.5810292,-34.9326546],[138.5810303,-34.9325512],[138.581017,-34.9316356],[138.5810188,-34.9314426],[138.5810171,-34.9313245],[138.5810114,-34.9312383],[138.5809317,-34.9307879],[138.5808969,-34.9306407],[138.5808786,-34.9305794],[138.5808245,-34.9304036],[138.5807031,-34.9300449],[138.5806819,-34.9299825],[138.5806589,-34.9299056],[138.5806312,-34.9298107],[138.5805995,-34.9296562],[138.5805519,-34.92939],[138.5804259,-34.9286763],[138.580378,-34.9284333],[138.5802107,-34.9274912],[138.5799199,-34.9258768],[138.5798565,-34.9255161],[138.5798412,-34.925387],[138.5798267,-34.9252351],[138.579818,-34.925113],[138.5798146,-34.9249997],[138.5798113,-34.9248978],[138.5798129,-34.9247581],[138.5798164,-34.9246166],[138.5798226,-34.9244722],[138.5798295,-34.9243173],[138.5798478,-34.924108],[138.5799069,-34.923712],[138.5799234,-34.9235773],[138.5799701,-34.923282],[138.5799818,-34.9232243],[138.5800291,-34.9230016],[138.5801216,-34.9227058],[138.580245,-34.9223957],[138.5803952,-34.9221032],[138.5805789,-34.9218118],[138.5808002,-34.9215171],[138.5810577,-34.9212081],[138.5813393,-34.920942],[138.5817296,-34.9206418],[138.582122,-34.9203813],[138.5825457,-34.9201469],[138.5827311,-34.9200607],[138.5829335,-34.919974],[138.5830952,-34.9199138],[138.5832702,-34.9198497],[138.5841863,-34.9195315],[138.584309,-34.9194866],[138.5844431,-34.9194347],[138.5845821,-34.9193755],[138.5847267,-34.9193051],[138.5848547,-34.9192336],[138.5849578,-34.9191662],[138.585071,-34.91908],[138.5851615,-34.9190015],[138.5852157,-34.9189479],[138.5852766,-34.9188863],[138.5853648,-34.9187833],[138.5854226,-34.9187048],[138.5854697,-34.9186334],[138.5855265,-34.9185431],[138.5855685,-34.9184607],[138.5856182,-34.9183455],[138.5856598,-34.9182266],[138.585689,-34.9181107],[138.5857119,-34.9179909],[138.5857212,-34.9178847],[138.5857232,-34.9177855],[138.5857211,-34.917681],[138.5857099,-34.9175808],[138.5856893,-34.9174706],[138.5856646,-34.917374],[138.5856352,-34.9172802],[138.5855937,-34.9171784],[138.5855533,-34.9170909],[138.5855001,-34.9169943],[138.5854477,-34.9169113],[138.5853861,-34.9168227],[138.5853036,-34.9167131],[138.5852365,-34.9166297],[138.5851596,-34.9165367],[138.5846911,-34.9159705],[138.5845929,-34.9158488],[138.5844958,-34.9157249],[138.5841298,-34.9152371],[138.583914,-34.914919],[138.5837197,-34.9146409],[138.5830135,-34.9136246],[138.5825557,-34.9129274],[138.5823651,-34.9126385],[138.5822019,-34.9124045],[138.582077,-34.912235],[138.5818151,-34.9118725],[138.5815886,-34.9115539],[138.5814848,-34.9113982],[138.5813613,-34.9111894],[138.5812774,-34.9110275],[138.5811819,-34.9108207],[138.5811198,-34.9106616],[138.5810357,-34.9104097],[138.5809844,-34.9102219],[138.5809432,-34.9100305],[138.5809123,-34.9098452],[138.5809054,-34.9097681],[138.5808922,-34.9096412],[138.5808825,-34.909457],[138.5808781,-34.9092461],[138.5808793,-34.9090421],[138.5808855,-34.9088809],[138.5809053,-34.9085799],[138.5809449,-34.9082826],[138.5809978,-34.9079959],[138.581072,-34.9077044],[138.5813393,-34.9067504],[138.5818143,-34.9051096],[138.5821737,-34.9040186],[138.5827714,-34.9019251],[138.5827966,-34.901834],[138.5828438,-34.9016634],[138.5838353,-34.8982177],[138.584016,-34.8975048],[138.5841427,-34.8966682],[138.5841448,-34.8966517],[138.5841592,-34.8965378],[138.5841666,-34.8958749],[138.5841177,-34.8954087],[138.5840217,-34.8944933],[138.5837964,-34.8930435],[138.5834196,-34.8881457],[138.5832402,-34.8857877],[138.5831795,-34.8849955],[138.583144,-34.8844935],[138.582963,-34.8819324],[138.5829543,-34.8818113],[138.5827236,-34.8786036],[138.5826967,-34.8782955],[138.5826458,-34.8779281],[138.5825915,-34.8776654],[138.5825665,-34.8775751],[138.582435,-34.8771002],[138.5823613,-34.8768796],[138.5822258,-34.8765501],[138.5821391,-34.8763418],[138.5818063,-34.8756321],[138.5816928,-34.8753774],[138.5815499,-34.8750253],[138.581538,-34.8749295],[138.5814037,-34.8744793],[138.5803156,-34.8695026],[138.5801978,-34.8689166],[138.5788175,-34.8626024],[138.5786805,-34.8619725],[138.5785322,-34.861281],[138.5783928,-34.8605242],[138.578338,-34.8602058],[138.5782778,-34.8598075],[138.5782669,-34.8597329],[138.5781143,-34.8584781],[138.578062,-34.8577815],[138.5780293,-34.8571947],[138.5780344,-34.8559922],[138.5780702,-34.8553907],[138.5781224,-34.854787],[138.5781906,-34.8541976],[138.5783468,-34.8529948],[138.5785037,-34.8522555],[138.5790714,-34.8503378],[138.5795408,-34.8485923],[138.5797272,-34.8478663],[138.5797949,-34.8476083],[138.5799243,-34.8471335],[138.5800558,-34.8466662],[138.5801818,-34.846204],[138.580424,-34.8452945],[138.5805453,-34.8448788],[138.5806901,-34.8444132],[138.5807344,-34.844279],[138.5809087,-34.8437473],[138.5811313,-34.8431376],[138.5813574,-34.842561],[138.5816088,-34.8419576],[138.5818904,-34.8413413],[138.5820798,-34.840941],[138.5824169,-34.8402667],[138.5824754,-34.8401502],[138.5826424,-34.8398174],[138.5828999,-34.8392957],[138.5832137,-34.8386749],[138.5835839,-34.8379374],[138.5840325,-34.8370266],[138.5842882,-34.8365208],[138.5844067,-34.8362837],[138.5848743,-34.8353472],[138.5854409,-34.8342002],[138.5857541,-34.8335242],[138.5859203,-34.8330765],[138.5864832,-34.8312539],[138.586689,-34.8305876],[138.5869077,-34.8300304],[138.5871842,-34.829435],[138.5874834,-34.828898],[138.5875233,-34.8288389],[138.5878346,-34.8283778],[138.5882283,-34.8278623],[138.5894147,-34.8265297],[138.591578,-34.8241118],[138.5919084,-34.823778],[138.5922635,-34.8234628],[138.5928009,-34.8230485],[138.5933847,-34.8226646],[138.5941752,-34.8221794],[138.595059,-34.8216388],[138.595663,-34.821266],[138.5966265,-34.820659],[138.5969541,-34.8204217],[138.5972716,-34.8201738],[138.5974871,-34.8199862],[138.5978389,-34.8196412],[138.5982689,-34.8191787],[138.5984825,-34.818893],[138.5987249,-34.8185555],[138.5989127,-34.8182626],[138.5991112,-34.8179081],[138.5994357,-34.8172817],[138.5998756,-34.8164063],[138.6002001,-34.8158206],[138.6005649,-34.8152348],[138.6009056,-34.8147658],[138.6012677,-34.8143165],[138.6017773,-34.8137352],[138.6064175,-34.8085336],[138.6068896,-34.8080623],[138.6073724,-34.8076174],[138.6092258,-34.8060098],[138.6107475,-34.8046796],[138.6112969,-34.8042077],[138.6118704,-34.8037039],[138.6127781,-34.8028864],[138.6152712,-34.8002181],[138.6158529,-34.7995943],[138.6165306,-34.7988581],[138.6185302,-34.7966159],[138.6195907,-34.7954295],[138.620219,-34.7947266],[138.6220314,-34.7926767],[138.6226702,-34.7919316],[138.6234334,-34.7910311],[138.624367,-34.7900512],[138.6247428,-34.7896209],[138.6254042,-34.788892],[138.6256309,-34.7886408],[138.6271619,-34.7869216],[138.6280433,-34.7859208],[138.6289801,-34.7848565],[138.6302039,-34.7834078],[138.631156,-34.7823677],[138.6312855,-34.7822288],[138.6313166,-34.7821977],[138.6313629,-34.7821459],[138.6314743,-34.7820229],[138.6334555,-34.77983],[138.6352007,-34.7778705],[138.6361838,-34.7767535],[138.6375814,-34.7751428],[138.637651,-34.7750626],[138.6384985,-34.7740904],[138.6388754,-34.7736315],[138.6392106,-34.7731931],[138.6395446,-34.7727139],[138.6398785,-34.7722016],[138.6404579,-34.7712013],[138.6407154,-34.77071],[138.6409648,-34.7701768],[138.6411975,-34.769618],[138.6414264,-34.7689751],[138.6416217,-34.7683812],[138.6417762,-34.7678334],[138.6419139,-34.7672891],[138.6420228,-34.7667655],[138.6421262,-34.766224],[138.6421811,-34.7656769],[138.6422238,-34.7651135],[138.6422415,-34.7646376],[138.642226,-34.7638745],[138.6422245,-34.7638001],[138.6422236,-34.7637059],[138.6422226,-34.763645],[138.6422203,-34.7635222],[138.6422075,-34.7621216],[138.6422301,-34.761076],[138.6422403,-34.7603628],[138.6422418,-34.7598994],[138.6422796,-34.7590607],[138.6422988,-34.7587838],[138.6423716,-34.7575524],[138.6423732,-34.7569623],[138.6423536,-34.7563701],[138.6422908,-34.755808],[138.6421904,-34.7552611],[138.6420658,-34.7547099],[138.6419077,-34.7541685],[138.6416226,-34.7534063],[138.6413343,-34.7527219],[138.6410233,-34.7520882],[138.6405271,-34.751286],[138.6401454,-34.7507638],[138.639704,-34.7502168],[138.6390444,-34.7494828],[138.638339,-34.7486871],[138.6380512,-34.748358],[138.6380037,-34.7483024],[138.6376388,-34.7478976],[138.6357733,-34.7458167],[138.6338754,-34.7437236],[138.6321958,-34.7418366],[138.630441,-34.7398737],[138.6285131,-34.7377215],[138.6266189,-34.7356111],[138.624486,-34.7332426],[138.622715,-34.7312486],[138.6210945,-34.7294535],[138.6191879,-34.7273473],[138.6176961,-34.725672],[138.6043511,-34.7107726],[138.604136,-34.7105302],[138.6028591,-34.7091156],[138.6017643,-34.7078949],[138.6004857,-34.7064593],[138.5975834,-34.7032002],[138.5958877,-34.701349],[138.5923995,-34.6974512],[138.5919038,-34.6968093],[138.5910937,-34.6959137],[138.588879,-34.6934385],[138.5879449,-34.6923779],[138.5873452,-34.6917252],[138.5864846,-34.6907602],[138.5857861,-34.6900615],[138.5849405,-34.6893058],[138.5838841,-34.6884034],[138.5826982,-34.6873641],[138.5805737,-34.6854901],[138.5788055,-34.683922],[138.578447,-34.6836041],[138.5777969,-34.6831029],[138.5751315,-34.6807587],[138.5731796,-34.6790377],[138.5705602,-34.6767343],[138.5691874,-34.6755306],[138.567665,-34.6741939],[138.5658405,-34.672571],[138.5655074,-34.6722392],[138.565177,-34.671875],[138.5649005,-34.6715314],[138.5646477,-34.6711736],[138.5644728,-34.6708864],[138.5642333,-34.6704191],[138.564027,-34.6699605],[138.5638627,-34.6695437],[138.5636696,-34.6689426],[138.563121,-34.6672959],[138.5626461,-34.6658618],[138.5621199,-34.6642732],[138.5620273,-34.6639684],[138.5617039,-34.6629927],[138.5614469,-34.6622348],[138.5613024,-34.6617121],[138.5611927,-34.661168],[138.5611118,-34.6607998],[138.5610136,-34.6602034],[138.5605485,-34.6577277],[138.5601124,-34.6553707],[138.5597455,-34.6534247],[138.5594509,-34.6517329],[138.5590825,-34.6497302],[138.5576903,-34.6422548],[138.5575878,-34.6416151],[138.5575313,-34.6409899],[138.5572961,-34.6383871],[138.5572645,-34.6380297],[138.5572178,-34.6376434],[138.5569704,-34.6352886],[138.5568553,-34.6340153],[138.5568085,-34.6335542],[138.5567479,-34.6331628],[138.5566807,-34.6328451],[138.5565841,-34.6325364],[138.5563707,-34.6319867],[138.5561503,-34.6315557],[138.5557904,-34.6309956],[138.5553404,-34.6304637],[138.5548661,-34.6300037],[138.5545722,-34.6297626],[138.5542555,-34.6295335],[138.5540839,-34.6294262],[138.5539483,-34.6293422],[138.5536792,-34.6291807],[138.5462279,-34.6251015],[138.545173,-34.6245243],[138.5449652,-34.6244095],[138.5427011,-34.6231739],[138.5415698,-34.6225412],[138.5412011,-34.6223086],[138.540839,-34.6220656],[138.5403444,-34.6217027],[138.5399967,-34.6214262],[138.5395454,-34.6210355],[138.5391204,-34.620623],[138.5383477,-34.6197699],[138.5337475,-34.6143649],[138.5334426,-34.6139917],[138.529803,-34.609746],[138.5279796,-34.6076244],[138.5259881,-34.605292],[138.5249679,-34.6041061],[138.5241882,-34.6031184],[138.5239454,-34.6027334],[138.5237643,-34.6024203],[138.5236172,-34.6020374],[138.5234714,-34.6015671],[138.5233723,-34.6011265],[138.5232682,-34.6006926],[138.5232501,-34.6004131],[138.5231748,-34.5989464],[138.5231183,-34.598456],[138.5229842,-34.5979401],[138.5227582,-34.5973939],[138.5224802,-34.5968963],[138.5213889,-34.5950932],[138.5205549,-34.5936031],[138.5200243,-34.5926758],[138.5199572,-34.5925585],[138.5197994,-34.5922827],[138.5190884,-34.5911055],[138.5181582,-34.5895647],[138.5168369,-34.5873389],[138.5158712,-34.5857147],[138.5147697,-34.5838372],[138.5145425,-34.5832921],[138.5144559,-34.5830366],[138.5143492,-34.5827008],[138.5142397,-34.5822094],[138.5141772,-34.5817738],[138.5138097,-34.5754996],[138.5137571,-34.5750902],[138.5135709,-34.5721069],[138.5129461,-34.5613821],[138.512324,-34.5506794],[138.5119697,-34.5446847],[138.511866,-34.5431309],[138.5115339,-34.5373468],[138.5114153,-34.5352676],[138.51114,-34.5310197],[138.5107294,-34.5240579],[138.5104593,-34.5200391],[138.5101417,-34.5142011],[138.5100295,-34.5122556],[138.5099615,-34.5117718],[138.5099421,-34.5116068],[138.5092243,-34.5064897],[138.5088245,-34.5038576],[138.5087683,-34.5034139],[138.5086726,-34.5027698],[138.5086317,-34.501535],[138.508689,-34.5009186],[138.5087579,-34.5003864],[138.5092694,-34.4984392],[138.5095338,-34.4972769],[138.5096032,-34.4959669],[138.5096072,-34.4892639],[138.5096169,-34.4850356],[138.5096289,-34.4846712],[138.5096177,-34.4656587],[138.5096199,-34.4570177],[138.5096207,-34.4538416],[138.5096228,-34.4457602],[138.5095738,-34.4453119],[138.5094798,-34.4448602],[138.5093311,-34.4443073],[138.5091019,-34.4434625],[138.508331,-34.4404515],[138.5081515,-34.4399686],[138.5079366,-34.4395025],[138.5074449,-34.4385965],[138.5070346,-34.4379041],[138.5069804,-34.4378306],[138.5065625,-34.437264],[138.5061656,-34.4368343],[138.5057205,-34.4364308],[138.5054057,-34.4361806],[138.504832,-34.4357869],[138.5042263,-34.4354556],[138.4921369,-34.4296493],[138.4919548,-34.42956],[138.4743968,-34.4211036],[138.4656459,-34.416892],[138.4626676,-34.4155239],[138.4568601,-34.4126687],[138.4460265,-34.4074646],[138.4380507,-34.4036261],[138.4372543,-34.403164],[138.4366063,-34.4027312],[138.4360801,-34.4023746],[138.4354903,-34.4020162],[138.4344365,-34.4014554],[138.4254406,-34.3969588],[138.4206096,-34.394551],[138.4169792,-34.3927128],[138.4161156,-34.3922173],[138.4149926,-34.3914532],[138.3991499,-34.3792092],[138.3920062,-34.3736911],[138.3849546,-34.3682363],[138.3830621,-34.3667782],[138.3800337,-34.3644292],[138.3794059,-34.3638702],[138.3789291,-34.3633475],[138.3786126,-34.3629437],[138.3783284,-34.3625117],[138.3781235,-34.3621585],[138.3779405,-34.3617982],[138.3777278,-34.3612901],[138.3775616,-34.3607716],[138.3774507,-34.3603867],[138.3772507,-34.3596594],[138.3771111,-34.3589638],[138.3770558,-34.3583141],[138.3770978,-34.3574057],[138.3773101,-34.3563927],[138.3783502,-34.3522231],[138.379225,-34.3486957],[138.3794327,-34.34781],[138.3796588,-34.3469262],[138.3798506,-34.3460364],[138.3799329,-34.345591],[138.3799769,-34.345146],[138.3802444,-34.3419659],[138.3804767,-34.3392049],[138.3805013,-34.3381999],[138.3804081,-34.3374896],[138.3802037,-34.3366843],[138.3798741,-34.3358874],[138.3794238,-34.3350733],[138.3663894,-34.3178545],[138.3622468,-34.3123723],[138.3559706,-34.3040784],[138.3542879,-34.3018511],[138.3534544,-34.3007431],[138.3525485,-34.299673],[138.3520073,-34.2991165],[138.3506989,-34.2977465],[138.3453203,-34.2921426],[138.3421291,-34.2888127],[138.3418413,-34.2884745],[138.3415652,-34.2881177],[138.3412208,-34.2876047],[138.3409403,-34.287141],[138.3406901,-34.2866375],[138.338334,-34.2814248],[138.3371229,-34.2787422],[138.3366865,-34.2778473],[138.3363055,-34.2772242],[138.3359158,-34.2766684],[138.3356572,-34.2763296],[138.3342069,-34.2745027],[138.3318833,-34.271652],[138.3311278,-34.2709216],[138.3278206,-34.2685302],[138.3125033,-34.2577915],[138.3100555,-34.2560734],[138.3088395,-34.2552058],[138.3076875,-34.2542802],[138.3050978,-34.2519473],[138.2997235,-34.2471574],[138.2979844,-34.2455784],[138.2973731,-34.2449368],[138.2968155,-34.2442586],[138.2964418,-34.2437016],[138.295986,-34.2429327],[138.2956038,-34.2421433],[138.2953543,-34.2414304],[138.2942403,-34.2368262],[138.2929871,-34.2313404],[138.2921891,-34.2276057],[138.291348,-34.2241704],[138.2906973,-34.2212548],[138.2885603,-34.2119609],[138.2879837,-34.2094709],[138.2861529,-34.2042427],[138.2846069,-34.200098],[138.2813005,-34.1911125],[138.2756442,-34.1757716],[138.2752392,-34.1747414],[138.2749983,-34.1742374],[138.274733,-34.1737443],[138.2742269,-34.1729737],[138.2738979,-34.1725306],[138.2734492,-34.1720027],[138.2730797,-34.1716113],[138.2725759,-34.1711214],[138.2719918,-34.1706298],[138.2713308,-34.1701478],[138.2664245,-34.1668324],[138.2606933,-34.1629223],[138.259272,-34.1619642],[138.2584336,-34.1613605],[138.2580424,-34.1610367],[138.2576747,-34.1607094],[138.2571753,-34.1602124],[138.2567162,-34.15971],[138.255162,-34.1580048],[138.2533595,-34.1560398],[138.2526835,-34.1553094],[138.2502717,-34.1526729],[138.2479067,-34.14998],[138.246874,-34.1488372],[138.2464905,-34.1483918],[138.2462136,-34.1480329],[138.2459773,-34.1476672],[138.2457599,-34.1472703],[138.2454408,-34.1464715],[138.2452531,-34.1445419],[138.2452713,-34.1372817],[138.245224,-34.1362691],[138.2451242,-34.1356239],[138.244975,-34.1349934],[138.2422658,-34.1268651],[138.2399398,-34.1198884],[138.2396251,-34.118725],[138.2394251,-34.1174178],[138.2377055,-34.1024401],[138.2374074,-34.099819],[138.237183,-34.0978631],[138.2370999,-34.096883],[138.2370983,-34.0959065],[138.2370949,-34.0873491],[138.2370795,-34.0817972],[138.2369711,-34.0808446],[138.2368228,-34.0800873],[138.2366046,-34.0793331],[138.2360705,-34.0778653],[138.2342935,-34.0730574],[138.2329919,-34.0694724],[138.2318277,-34.0663929],[138.2297018,-34.0606431],[138.2294286,-34.059496],[138.2292923,-34.058334],[138.2288351,-34.0462884],[138.2285557,-34.0393287],[138.2282986,-34.0325128],[138.2280945,-34.0287187],[138.2254408,-34.0138852],[138.2252748,-34.0129806],[138.2252272,-34.0119631],[138.2253178,-34.0111264],[138.2254889,-34.0103],[138.2258713,-34.0089327],[138.2272886,-34.0032578],[138.227492,-34.0020539],[138.2274806,-34.001372],[138.2274411,-34.000947],[138.2263652,-33.9956037],[138.2254624,-33.9913212],[138.2246618,-33.9873094],[138.2245724,-33.986657],[138.2245495,-33.9860271],[138.2246062,-33.9850994],[138.2254978,-33.9808314],[138.2273507,-33.9724553],[138.2284925,-33.9672657],[138.2286039,-33.9663771],[138.2286169,-33.965271],[138.2285102,-33.9641755],[138.228171,-33.9610647],[138.2274693,-33.9554328],[138.2266014,-33.9485388],[138.2262969,-33.9461173],[138.2262531,-33.9452304],[138.2263064,-33.9443453],[138.226461,-33.9434708],[138.227604,-33.937867],[138.2279474,-33.9359975],[138.2287481,-33.9323473],[138.2304003,-33.924103],[138.2305814,-33.9230513],[138.2306881,-33.9219901],[138.2305701,-33.9206754],[138.2304456,-33.919896],[138.2301061,-33.91783],[138.2300962,-33.9177685],[138.2291711,-33.9119998],[138.229848,-33.9071575],[138.2299193,-33.9062776],[138.2299185,-33.9034757],[138.2297821,-33.8566157],[138.2297375,-33.8561351],[138.2298149,-33.8550662],[138.2298072,-33.8541405],[138.2301905,-33.846008],[138.2303276,-33.8429654],[138.2309224,-33.8312278],[138.2309473,-33.8306809],[138.2309165,-33.8301403],[138.2307237,-33.8291137],[138.2303466,-33.8281361],[138.222518,-33.8140011],[138.2174652,-33.8048363],[138.21052,-33.7922374],[138.2101407,-33.7911787],[138.2099847,-33.7901035],[138.2099486,-33.7896419],[138.2099518,-33.7889841],[138.210072,-33.788347],[138.2102393,-33.7877985],[138.2103315,-33.7875003],[138.2104711,-33.7871959],[138.2126824,-33.7832403],[138.2127337,-33.7831518],[138.2141898,-33.7805959],[138.2153055,-33.7786362],[138.2155554,-33.7781598],[138.2159152,-33.7770943],[138.2161378,-33.7758282],[138.2161348,-33.7753372],[138.2160675,-33.7643603],[138.2159001,-33.762971],[138.2134857,-33.7517804],[138.2133906,-33.7505717],[138.2139532,-33.7383943],[138.2149852,-33.7179231],[138.2154526,-33.7068757],[138.2160847,-33.6965128],[138.2176472,-33.690966],[138.2244754,-33.6671668],[138.2275145,-33.6565713],[138.2277382,-33.6552914],[138.2278646,-33.6538528],[138.2277589,-33.651051],[138.227784,-33.6386048],[138.2277817,-33.6284058],[138.2272113,-33.6244013],[138.2270795,-33.623476],[138.225078,-33.6099593],[138.2250164,-33.6043781],[138.2250201,-33.5860796],[138.2250199,-33.5801544],[138.2250416,-33.5698909],[138.2250603,-33.5661887],[138.2250199,-33.5638665],[138.2249462,-33.562882],[138.2248636,-33.5624704],[138.2245809,-33.561438],[138.224416,-33.5609867],[138.2240444,-33.5599694],[138.2214021,-33.5521779],[138.2212941,-33.5518083],[138.2211759,-33.5513625],[138.2210886,-33.5508183],[138.2210519,-33.5502508],[138.2210457,-33.5499078],[138.221068,-33.5496461],[138.2216787,-33.5447453],[138.2217237,-33.5439257],[138.2216731,-33.5431129],[138.2214814,-33.5422034],[138.2213486,-33.541775],[138.221331,-33.5417182],[138.2207109,-33.5404904],[138.2198492,-33.5394065],[138.2190826,-33.5386883],[138.2175014,-33.5376179],[138.2156969,-33.5363687],[138.2126079,-33.5342797],[138.2113768,-33.5333267],[138.2047845,-33.527982],[138.2011588,-33.5250586],[138.2003551,-33.5242782],[138.1995338,-33.5233579],[138.1984163,-33.5215171],[138.1975691,-33.5185668],[138.1965558,-33.5148434],[138.1961289,-33.5132087],[138.1960832,-33.5130142],[138.1957031,-33.5115037],[138.1954468,-33.5102784],[138.1952743,-33.5086511],[138.1951597,-33.5076556],[138.1949675,-33.5066797],[138.1947728,-33.5059522],[138.1934153,-33.5018948],[138.1904948,-33.4932489],[138.1876837,-33.484632],[138.1842226,-33.4741977],[138.1810092,-33.4645136],[138.1781449,-33.4558904],[138.1770581,-33.4525779],[138.1760192,-33.4496562],[138.1750056,-33.4477671],[138.1678711,-33.4376851],[138.1663318,-33.435519],[138.1634307,-33.4314648],[138.1614159,-33.4291061],[138.1600068,-33.4270891],[138.1592192,-33.4250664],[138.1589399,-33.4232951],[138.1589296,-33.4216588],[138.1591246,-33.4205833],[138.1594239,-33.4195349],[138.1661305,-33.4047653],[138.1667845,-33.403362],[138.1673123,-33.4019026],[138.1675431,-33.4012679],[138.1687031,-33.3979988],[138.1712569,-33.3908949],[138.1715288,-33.3903211],[138.1718817,-33.3897619],[138.1723712,-33.3891192],[138.1729011,-33.3885325],[138.1738093,-33.3876175],[138.1763115,-33.3850964],[138.180786,-33.3805371],[138.1831575,-33.3782764],[138.1877153,-33.3739838],[138.1883493,-33.3733867],[138.1893944,-33.3724024],[138.1954024,-33.3667474],[138.198573,-33.363799],[138.1991969,-33.3633324],[138.1998566,-33.3629136],[138.2010529,-33.362375],[138.2021442,-33.3620215],[138.2024962,-33.36194],[138.2027759,-33.3618545],[138.2033248,-33.3616873],[138.2037021,-33.3615818],[138.2041226,-33.3614864],[138.2046713,-33.3613838],[138.2051005,-33.3613173],[138.2055003,-33.3612508],[138.2057703,-33.3612016],[138.2060611,-33.3611279],[138.2063121,-33.3610441],[138.2066392,-33.3609183],[138.206885,-33.3607997],[138.2070927,-33.3606971],[138.2073834,-33.3605193],[138.2076552,-33.3603155],[138.2079546,-33.3600524],[138.2081046,-33.359905],[138.2083942,-33.3595212],[138.2086383,-33.3591475],[138.2088121,-33.358781],[138.2089253,-33.3583744],[138.2089712,-33.3579908],[138.208968,-33.3575869],[138.208939,-33.3573583],[138.2089085,-33.3570769],[138.2087916,-33.3566872],[138.2086543,-33.3563747],[138.2085411,-33.3561448],[138.208394,-33.3558918],[138.2082726,-33.3557055],[138.2081297,-33.3555423],[138.2077882,-33.355223],[138.2074724,-33.3549579],[138.207271,-33.354776],[138.2067502,-33.3543056],[138.2060228,-33.3536759],[138.2057774,-33.3534634],[138.2047076,-33.3525862],[138.2047016,-33.3525813],[138.2028771,-33.3509904],[138.2023124,-33.3504725],[138.2018658,-33.3500651],[138.2013621,-33.3495603],[138.2008356,-33.3489895],[138.2004482,-33.3485129],[138.1999227,-33.3478443],[138.1995155,-33.3472412],[138.1992543,-33.3468757],[138.1992036,-33.3468048],[138.1990817,-33.3466205],[138.198813,-33.346193],[138.1984818,-33.3457126],[138.198146,-33.3452154],[138.1977537,-33.344729],[138.1973746,-33.344169],[138.1969966,-33.3435999],[138.1966594,-33.3431159],[138.1963212,-33.3426266],[138.1958806,-33.342093],[138.1950413,-33.3411708],[138.1941178,-33.3402959],[138.1936077,-33.3398792],[138.1930741,-33.33947],[138.1902399,-33.3374267],[138.1870638,-33.335155],[138.1841017,-33.3330361],[138.1829763,-33.332227],[138.1817807,-33.3313698],[138.1749737,-33.3265167],[138.1653755,-33.3196401],[138.1643888,-33.3188459],[138.1636692,-33.3181601],[138.1632999,-33.3177736],[138.1626564,-33.3170366],[138.1622827,-33.3165563],[138.1619344,-33.316062],[138.1616356,-33.31561],[138.1608778,-33.3143056],[138.1585782,-33.3102683],[138.1559509,-33.3056581],[138.1551352,-33.3042136],[138.154738,-33.3034885],[138.154369,-33.3027555],[138.1528336,-33.299684],[138.1487583,-33.2915795],[138.1392814,-33.272766],[138.1349425,-33.264143],[138.1255429,-33.2454452],[138.1248303,-33.2440455],[138.1245495,-33.2435202],[138.1242375,-33.2430067],[138.1232962,-33.2416794],[138.1225754,-33.2408335],[138.121186,-33.2393295],[138.1173292,-33.2351082],[138.116557,-33.2343145],[138.1067734,-33.2237335],[138.1054748,-33.2223317],[138.1041877,-33.2208852],[138.0962364,-33.2123361],[138.0957422,-33.2117916],[138.0948014,-33.2107793],[138.0886497,-33.2040254],[138.0875864,-33.2029377],[138.0869654,-33.2023829],[138.0863019,-33.2018411],[138.0855902,-33.201342],[138.0848465,-33.2008579],[138.0837966,-33.200266],[138.0830795,-33.1999121],[138.0822504,-33.1995506],[138.0813871,-33.1992269],[138.0801037,-33.1988232],[138.0787532,-33.1984986],[138.077391,-33.1982415],[138.0682133,-33.1971131],[138.064293,-33.1966257],[138.0626196,-33.1964164],[138.0582523,-33.1958842],[138.0452112,-33.1942732],[138.0444381,-33.1941322],[138.0433153,-33.19399],[138.0403584,-33.1936551],[138.0397264,-33.1934802],[138.0391606,-33.1932149],[138.0387819,-33.1929713],[138.0384828,-33.1926806],[138.0382304,-33.1923853],[138.0380406,-33.1920562],[138.0378892,-33.1917032],[138.0377941,-33.191315],[138.0377887,-33.1909687],[138.037816,-33.1906799],[138.0378826,-33.1904119],[138.0379458,-33.1902138],[138.0380732,-33.1899146],[138.0382415,-33.189639],[138.0384357,-33.1893799],[138.0411734,-33.1863559],[138.0450669,-33.1820554],[138.047632,-33.1792],[138.0492646,-33.1774001],[138.0526345,-33.1736864],[138.0576828,-33.1680971],[138.0590584,-33.1665856],[138.0603713,-33.165046],[138.0607868,-33.1644721],[138.0611579,-33.1638921],[138.061816,-33.1627324],[138.0624292,-33.1612693],[138.0637172,-33.1574331],[138.0646404,-33.1546381],[138.0648137,-33.1539035],[138.0649196,-33.1531733],[138.0649502,-33.1523324],[138.0649577,-33.152126],[138.0648733,-33.15105],[138.0646849,-33.1499786],[138.0636625,-33.1444917],[138.0627916,-33.1398125],[138.0600293,-33.1249619],[138.0569388,-33.1082742],[138.0560647,-33.1039908],[138.054094,-33.0933984],[138.0537306,-33.0914511],[138.0534865,-33.0904693],[138.0532365,-33.0895014],[138.0528013,-33.0885241],[138.0524022,-33.0875412],[138.0518658,-33.0865753],[138.0513097,-33.0856407],[138.0482753,-33.0806956],[138.0330101,-33.0558181],[138.0245979,-33.042051],[138.0245465,-33.0419726],[138.022469,-33.0385673],[138.0148659,-33.0261103],[138.0095968,-33.0174755],[138.0077252,-33.0144347],[138.0076199,-33.0142579],[138.0055694,-33.010907],[137.997064,-32.9969756],[137.9965705,-32.9961448],[137.996116,-32.9952851],[137.9955835,-32.9940722],[137.9952881,-32.9933632],[137.9861328,-32.9714541],[137.9848965,-32.9685232],[137.9837091,-32.9656384],[137.9834179,-32.9648324],[137.9831525,-32.9640082],[137.9830388,-32.96347],[137.9829713,-32.9629321],[137.9829219,-32.9624942],[137.9829037,-32.9620568],[137.9829001,-32.9559942],[137.9827766,-32.924052],[137.9827015,-32.9049369],[137.9826422,-32.8891154],[137.982555,-32.8658711],[137.9825109,-32.8506618],[137.9824763,-32.8449207],[137.9824746,-32.8441598],[137.9824729,-32.843399],[137.9824724,-32.8431808],[137.9824689,-32.8416345],[137.9824463,-32.8372394],[137.9824419,-32.8355652],[137.9824404,-32.8337234],[137.9824179,-32.8327898],[137.9823052,-32.8319498],[137.9821265,-32.8311386],[137.9817727,-32.8300513],[137.9813252,-32.8290667],[137.9807281,-32.8280612],[137.9800618,-32.8270927],[137.978148,-32.8243605],[137.9769291,-32.8226213],[137.974489,-32.8191295],[137.974363,-32.8189492],[137.973423,-32.8176041],[137.9719397,-32.8154767],[137.9651862,-32.8057868],[137.963367,-32.8032037],[137.9629002,-32.802342],[137.9626401,-32.8017846],[137.9624248,-32.801223],[137.9595005,-32.7929942],[137.9576631,-32.7877658],[137.9571373,-32.7862586],[137.9553862,-32.7812829],[137.9551683,-32.7802367],[137.9550536,-32.7791924],[137.9551095,-32.7778566],[137.955632,-32.7735645],[137.955857,-32.7717164],[137.9559225,-32.7701906],[137.9557836,-32.7687803],[137.955542,-32.7678103],[137.955205,-32.7668647],[137.9545181,-32.7654029],[137.9544248,-32.7652075],[137.9531322,-32.762504],[137.9478457,-32.7514429],[137.9474218,-32.7503728],[137.9472023,-32.7495119],[137.9470966,-32.7488939],[137.9469904,-32.7478188],[137.9470143,-32.746418],[137.9470091,-32.7451914],[137.9469657,-32.7446247],[137.9469066,-32.7441461],[137.9467537,-32.7434687],[137.9466603,-32.7431031],[137.9464695,-32.7425032],[137.9461084,-32.74166],[137.945111,-32.7397119],[137.9436555,-32.7368238],[137.9433282,-32.7359973],[137.9431003,-32.735155],[137.9429243,-32.734209],[137.9428553,-32.7332081],[137.9428772,-32.7323319],[137.9430174,-32.7313059],[137.9434683,-32.7291121],[137.9436549,-32.7281406],[137.9436888,-32.7279101],[137.9437464,-32.727336],[137.9437641,-32.726761],[137.9437391,-32.7257615],[137.9436271,-32.7250035],[137.9434789,-32.724346],[137.9423517,-32.7205143],[137.9416267,-32.7180465],[137.9412136,-32.7166234],[137.9410799,-32.7159621],[137.9409969,-32.7153756],[137.9409558,-32.714545],[137.9409993,-32.7135212],[137.9411827,-32.712342],[137.9420668,-32.7080422],[137.9429533,-32.703567],[137.9430846,-32.7025777],[137.9430834,-32.7012575],[137.9428543,-32.6961985],[137.9427622,-32.6950204],[137.9426802,-32.6943803],[137.9425558,-32.6937514],[137.9423303,-32.6929271],[137.9420608,-32.6921247],[137.9416108,-32.6908366],[137.9343014,-32.6700341],[137.9301618,-32.658251],[137.9257375,-32.6455464],[137.9241769,-32.641132],[137.9203943,-32.6303765],[137.9200054,-32.6292988],[137.9196841,-32.6285734],[137.919257,-32.6277751],[137.9188261,-32.627049],[137.9160115,-32.6231512],[137.9159149,-32.6230162],[137.910414,-32.6153335],[137.9091568,-32.6135731],[137.9034454,-32.6056017],[137.8993793,-32.5999311],[137.8943883,-32.5929584],[137.887936,-32.5839391],[137.8844874,-32.5791413],[137.876444,-32.5678886],[137.8694337,-32.5580436],[137.8622999,-32.5480855],[137.8549185,-32.5377682],[137.8471406,-32.5268735],[137.8463254,-32.5256455],[137.845854,-32.5249354],[137.845539,-32.5244609],[137.8429955,-32.5205778],[137.8411726,-32.5177669],[137.8407564,-32.5169655],[137.8404549,-32.5162324],[137.8400122,-32.5148624],[137.8395564,-32.5133802],[137.836563,-32.5036213],[137.8364239,-32.5031537],[137.8362659,-32.5027532],[137.836088,-32.5023617],[137.8358587,-32.5020085],[137.8356857,-32.5017993],[137.8356226,-32.501723],[137.8352375,-32.5013641],[137.8349115,-32.5011143],[137.834549,-32.5008991],[137.8340627,-32.5006682],[137.8335635,-32.5005067],[137.8332045,-32.5004221],[137.8327618,-32.5003541],[137.8324168,-32.5003245],[137.8317578,-32.5003474],[137.8304631,-32.500418],[137.8298211,-32.5004621],[137.812416,-32.5015184],[137.8120643,-32.5015567],[137.8066745,-32.5018937],[137.8018236,-32.5021796],[137.799459,-32.5023276],[137.7950571,-32.5025925],[137.7899034,-32.5028803],[137.7809633,-32.5034205],[137.7801995,-32.5034515],[137.7798961,-32.5034382],[137.7796225,-32.5034263],[137.7792864,-32.5033939],[137.7787674,-32.503331],[137.778175,-32.5032426],[137.777131,-32.502953],[137.7763682,-32.5026641],[137.7758101,-32.5024022],[137.7751886,-32.5020523],[137.774609,-32.501678],[137.7721818,-32.5000593],[137.7709017,-32.4992084],[137.7695654,-32.4984338],[137.7692357,-32.4982036],[137.7690211,-32.4980238],[137.7688273,-32.4978206],[137.7686349,-32.4976111],[137.7684472,-32.4973638],[137.7682787,-32.497031],[137.76816,-32.49682],[137.7679551,-32.4964159],[137.7677631,-32.4958531],[137.7670837,-32.4935742],[137.7668768,-32.4928553],[137.7665975,-32.4919547],[137.7665394,-32.4916358],[137.7665077,-32.4912382],[137.7665269,-32.4909112],[137.7665897,-32.4904432],[137.7667373,-32.4899684],[137.76694,-32.4895607],[137.7686844,-32.4865673],[137.7689357,-32.4861454],[137.7691394,-32.4858129],[137.7694375,-32.4853799],[137.7699832,-32.4846199],[137.7703184,-32.4841294],[137.7706931,-32.4834973],[137.7715497,-32.4820425],[137.7718555,-32.4815069],[137.7720708,-32.4811371],[137.7721669,-32.4809681],[137.7723823,-32.4805691],[137.7725384,-32.4802075],[137.7727004,-32.4797153],[137.7728029,-32.4792793],[137.7728548,-32.4788881],[137.7728753,-32.4785917],[137.7728768,-32.4781996],[137.7728336,-32.4777344],[137.7727438,-32.4772985],[137.7726292,-32.4768798],[137.772518,-32.4765623],[137.7722893,-32.4760704],[137.7720791,-32.4756835],[137.7716534,-32.4750021],[137.7715113,-32.4747517],[137.7712893,-32.4743731],[137.7710522,-32.4739682],[137.7708827,-32.4736988],[137.770731,-32.4734567],[137.7699783,-32.4722177],[137.7696296,-32.4716251],[137.7691782,-32.4708635],[137.7685765,-32.4698675],[137.7676889,-32.4684203],[137.7673209,-32.4678594],[137.7667958,-32.4670243],[137.7664953,-32.4665195],[137.7662002,-32.4659848],[137.7659205,-32.4654562],[137.7657554,-32.4650579],[137.7655561,-32.4644076],[137.7654187,-32.4637487],[137.7653713,-32.4631555],[137.7653727,-32.4624045],[137.7654824,-32.4616325],[137.7685972,-32.4427116],[137.7686951,-32.4419824],[137.76871,-32.4412575],[137.7686763,-32.4404759],[137.7685782,-32.4397025],[137.7684111,-32.4389318],[137.7681686,-32.438182],[137.7679053,-32.4374931],[137.7675711,-32.4368207],[137.767198,-32.4361737],[137.766776,-32.4355556],[137.7664304,-32.435099],[137.7660498,-32.4346586],[137.7631342,-32.4316194],[137.7626341,-32.4310368],[137.7621355,-32.4303085],[137.7618686,-32.4298],[137.7616277,-32.4292518],[137.760328,-32.4260123],[137.7600975,-32.4253148],[137.7599706,-32.4246105],[137.7599312,-32.4241564],[137.7599284,-32.4236883],[137.7600121,-32.4219394],[137.7600265,-32.4212216],[137.7600096,-32.4208632],[137.7599847,-32.4205872],[137.7599638,-32.4203464],[137.7598498,-32.4198297],[137.759511,-32.4189867],[137.7590171,-32.4181997],[137.7582992,-32.4174331],[137.7574864,-32.4168256],[137.7518641,-32.4137274],[137.7509117,-32.4131262],[137.7501166,-32.4125175],[137.7496932,-32.4120968],[137.7490764,-32.4114231],[137.7485325,-32.4106888],[137.7481141,-32.4100177],[137.7479203,-32.4096086],[137.7465416,-32.4065604],[137.7462188,-32.4059],[137.7458363,-32.4052724],[137.7453912,-32.4046956],[137.7448977,-32.4041507],[137.7443041,-32.4036313],[137.7436447,-32.4031601],[137.7428481,-32.4027037],[137.7400121,-32.401241],[137.7345433,-32.3984295],[137.733701,-32.398009],[137.7327612,-32.3976562],[137.731778,-32.3974029],[137.7310482,-32.3972833],[137.7278214,-32.3970118],[137.7242378,-32.3967469],[137.7229899,-32.3966769],[137.7219509,-32.3967089],[137.7209538,-32.3968419],[137.7199772,-32.3970761],[137.7187418,-32.3975467],[137.7175654,-32.3981927],[137.7153288,-32.3997919],[137.7142607,-32.4005523],[137.7137356,-32.400883],[137.7131903,-32.4011733],[137.7124449,-32.4014991],[137.7117353,-32.401732],[137.7110161,-32.4019218],[137.710008,-32.4020753],[137.7090199,-32.4021367],[137.7081886,-32.4021106],[137.7073293,-32.4020022],[137.7064947,-32.4018309],[137.7055052,-32.4015244],[137.7028757,-32.4004657],[137.7020284,-32.4001294],[137.7011297,-32.3998525],[137.7003859,-32.3997048],[137.699589,-32.3996084],[137.6974172,-32.3994972],[137.6954734,-32.3994172],[137.6941392,-32.3992999],[137.6914383,-32.3988784],[137.6874985,-32.3982164],[137.6863394,-32.3978951],[137.685341,-32.3974865],[137.684385,-32.3969646],[137.6838499,-32.3965651],[137.6796763,-32.3932991],[137.6787766,-32.392612],[137.6779354,-32.3918882],[137.6772812,-32.3911977],[137.6751032,-32.3883353],[137.6742973,-32.3873171],[137.6736673,-32.3867105],[137.6727439,-32.3860091],[137.6717845,-32.3854609],[137.6703293,-32.384889],[137.6688677,-32.3845468],[137.6591526,-32.382511],[137.6538227,-32.3813885],[137.6498352,-32.3805412],[137.6487361,-32.3802117],[137.6478478,-32.3798846],[137.6469974,-32.3794896],[137.6437611,-32.3777556],[137.6357022,-32.3734291],[137.6287257,-32.3696617],[137.6253792,-32.3678503],[137.6217573,-32.3659106],[137.6210233,-32.3654731],[137.6203529,-32.3649928],[137.6196844,-32.3644506],[137.6126831,-32.3578991],[137.6098676,-32.3552766],[137.6085677,-32.3540654],[137.6072989,-32.3528647],[137.6062071,-32.351543],[137.6054431,-32.3502766],[137.6048409,-32.3489315],[137.5978047,-32.332159],[137.5955105,-32.3266286],[137.5847765,-32.3010402],[137.5763038,-32.2807521],[137.572036,-32.2705425],[137.5690762,-32.263446],[137.5682064,-32.2614696],[137.5672337,-32.2599765],[137.5659611,-32.2585849],[137.5640812,-32.2566048],[137.554861,-32.2470375],[137.5412095,-32.2328471],[137.5317912,-32.2229754],[137.5316161,-32.2227919],[137.5312161,-32.2223726],[137.5309911,-32.2221368],[137.5265317,-32.2175088],[137.5264642,-32.2174387],[137.4981194,-32.1880225],[137.460544,-32.1488831],[137.4540141,-32.1420667],[137.4532731,-32.141197],[137.4529186,-32.1407545],[137.4525837,-32.1402985],[137.4516638,-32.1389558],[137.4508421,-32.1375697],[137.4488601,-32.1342167],[137.4463276,-32.1299144],[137.4446846,-32.1271405],[137.442456,-32.1233758],[137.4400242,-32.1192391],[137.4387988,-32.1172097],[137.437235,-32.1145545],[137.4362305,-32.1129449],[137.4355813,-32.112182],[137.4347447,-32.1114392],[137.4338407,-32.1108456],[137.4325818,-32.1102037],[137.4289882,-32.1084992],[137.4244074,-32.1063528],[137.4159942,-32.1023937],[137.4098761,-32.0995149],[137.40849,-32.0987423],[137.4080278,-32.0984022],[137.4075884,-32.0980347],[137.4072073,-32.0976624],[137.4068699,-32.0972926],[137.4065755,-32.0969209],[137.4063005,-32.0965381],[137.4059507,-32.0959374],[137.4056871,-32.0953246],[137.4054811,-32.0946841],[137.4053211,-32.0939025],[137.4052325,-32.0931155],[137.4044197,-32.0843687],[137.4043623,-32.0833656],[137.4043825,-32.0823597],[137.4046215,-32.0806046],[137.4064432,-32.073519],[137.4070337,-32.0712037],[137.4071438,-32.0705032],[137.407172,-32.0697951],[137.4070465,-32.0686906],[137.4068211,-32.0679103],[137.4065642,-32.0672657],[137.406355,-32.0668753],[137.4060763,-32.06642],[137.4056562,-32.0658447],[137.4051698,-32.0653048],[137.4033178,-32.0633998],[137.4025912,-32.0624493],[137.4020225,-32.061464],[137.401679,-32.060659],[137.4013741,-32.0596143],[137.4012224,-32.0586094],[137.4012026,-32.0575728],[137.401358,-32.0563852],[137.4015868,-32.0554267],[137.401977,-32.0537916],[137.4021164,-32.0531554],[137.4021871,-32.0525281],[137.4021644,-32.0516225],[137.4020291,-32.0507359],[137.401783,-32.0499574],[137.4014611,-32.0492357],[137.3998491,-32.0461574],[137.3975353,-32.0417908],[137.3904096,-32.0282978],[137.3898402,-32.0271378],[137.3892759,-32.0258073],[137.3888172,-32.0245544],[137.3874193,-32.0202822],[137.3844445,-32.0111145],[137.3833983,-32.007884],[137.382964,-32.006549],[137.3824206,-32.0046331],[137.382078,-32.0029124],[137.3809897,-31.9940984],[137.3800416,-31.9861973],[137.3781801,-31.9706863],[137.3774416,-31.9645314],[137.3767582,-31.9588379],[137.3756962,-31.9499232],[137.3721336,-31.9220031],[137.3716647,-31.9211616],[137.3597751,-31.9001309],[137.3546509,-31.8910654],[137.3510057,-31.8844585],[137.3508355,-31.8841655],[137.3457719,-31.8754483],[137.3412815,-31.8672019],[137.3366774,-31.8591882],[137.3121411,-31.8157361],[137.2993985,-31.7931661],[137.2920271,-31.7799218],[137.2911929,-31.7787739],[137.2906458,-31.7781266],[137.2896175,-31.7772372],[137.2791012,-31.7681904],[137.2687975,-31.7593041],[137.2610629,-31.7525874],[137.2545897,-31.7470516],[137.2518373,-31.7445752],[137.247943,-31.7412648],[137.2449644,-31.7383429],[137.2419767,-31.7352778],[137.2366504,-31.7298955],[137.232166,-31.7252977],[137.2291819,-31.7221792],[137.2276807,-31.7206805],[137.2261542,-31.7190667],[137.2251746,-31.7176021],[137.2246251,-31.7163368],[137.2236275,-31.7136595],[137.2228451,-31.711392],[137.2224967,-31.7106056],[137.221867,-31.7096482],[137.221224,-31.7089188],[137.2202504,-31.7080604],[137.2191974,-31.7074492],[137.2187052,-31.7071635],[137.217553,-31.706719],[137.2154496,-31.7061377],[137.210818,-31.7051111],[137.2094341,-31.7046217],[137.2085499,-31.7042114],[137.2073575,-31.7034591],[137.2046646,-31.7014416],[137.2007895,-31.698453],[137.196961,-31.6958675],[137.1927544,-31.693203],[137.1907178,-31.6919005],[137.1891637,-31.6912393],[137.1873793,-31.6908392],[137.1854321,-31.6904284],[137.183982,-31.6900358],[137.1824002,-31.6893628],[137.1812166,-31.6886283],[137.1804229,-31.6880168],[137.1795396,-31.6873662],[137.1784084,-31.6866293],[137.1774964,-31.6860762],[137.1760595,-31.6854032],[137.1736531,-31.6844074],[137.1706054,-31.6831232],[137.1696509,-31.6827462],[137.1696362,-31.6827421],[137.1694925,-31.6826836],[137.1694603,-31.6826709],[137.1689939,-31.6824867],[137.1677027,-31.6817467],[137.1665288,-31.6806806],[137.1653722,-31.6793675],[137.1648811,-31.6784258],[137.1640901,-31.6770572],[137.1624001,-31.6742734],[137.1609,-31.6717059],[137.1599509,-31.6701576],[137.1591533,-31.668985],[137.1584613,-31.6682055],[137.1575188,-31.6672345],[137.1560432,-31.6657431],[137.1559954,-31.665692],[137.1559379,-31.665633],[137.1557166,-31.6654167],[137.1552141,-31.6649255],[137.1548544,-31.6645485],[137.1540305,-31.6635857],[137.1531956,-31.662404],[137.1528704,-31.6618573],[137.1520004,-31.6603611],[137.1512274,-31.6590049],[137.1497268,-31.6564291],[137.1490026,-31.6551569],[137.1461851,-31.6502799],[137.1455956,-31.6492743],[137.145237,-31.6486626],[137.1430909,-31.6449896],[137.1421813,-31.6434746],[137.1413035,-31.6422039],[137.1398349,-31.6405007],[137.1379687,-31.6385007],[137.136526,-31.636902],[137.1346217,-31.6347999],[137.1322947,-31.6322628],[137.1311874,-31.6309833],[137.130248,-31.6295297],[137.1282064,-31.6257351],[137.1270704,-31.62361],[137.1176651,-31.6055956],[137.1155833,-31.6011116],[137.1099835,-31.5860102],[137.1065346,-31.577053],[137.1051436,-31.5733818],[137.1051217,-31.5733238],[137.1040861,-31.5705905],[137.103715,-31.5694145],[137.1036486,-31.5683189],[137.1036914,-31.567307],[137.1039584,-31.5661681],[137.1043413,-31.5652948],[137.1048614,-31.5644271],[137.1053175,-31.5638493],[137.1078735,-31.561563],[137.1106993,-31.5590906],[137.1114789,-31.5582157],[137.1120325,-31.5573564],[137.1124176,-31.5564964],[137.1127065,-31.5554223],[137.1127971,-31.5544302],[137.1127839,-31.553599],[137.1126527,-31.5528394],[137.112428,-31.5521442],[137.1120292,-31.551175],[137.1103716,-31.5471958],[137.1099116,-31.5463452],[137.1094554,-31.5457354],[137.1086926,-31.5449826],[137.1080251,-31.5444547],[137.1063642,-31.5435559],[137.105406,-31.5429719],[137.1039375,-31.5418861],[137.1031609,-31.5409326],[137.1025983,-31.54007],[137.1021788,-31.539034],[137.1018438,-31.5378233],[137.10162,-31.5367208],[137.1009792,-31.5341185],[137.1003598,-31.5319311],[137.0997401,-31.5303882],[137.0990224,-31.5288761],[137.0982158,-31.527263],[137.0956422,-31.5220568],[137.0944071,-31.5194307],[137.0938898,-31.5178971],[137.0933456,-31.5160506],[137.0914853,-31.5106728],[137.0911115,-31.5098366],[137.0908445,-31.5092826],[137.0905081,-31.5086376],[137.0896442,-31.5071568],[137.0887231,-31.5056382],[137.0873165,-31.5032841],[137.0858339,-31.5008172],[137.0854303,-31.5001535],[137.0849549,-31.499368],[137.0843984,-31.4986511],[137.0837928,-31.4980498],[137.0832814,-31.4976018],[137.0827253,-31.4971989],[137.0814526,-31.496381],[137.0790096,-31.4948038],[137.0774037,-31.4937707],[137.0758518,-31.4928027],[137.0744042,-31.4920518],[137.0712306,-31.490541],[137.0699082,-31.4899071],[137.0686137,-31.4892172],[137.0676718,-31.4886252],[137.0668705,-31.4880545],[137.0653914,-31.4869274],[137.0643275,-31.4861278],[137.0622713,-31.484567],[137.0603488,-31.4831134],[137.0589888,-31.4821004],[137.0582022,-31.4815867],[137.0573703,-31.481099],[137.0528357,-31.4788858],[137.0482257,-31.4766406],[137.0457257,-31.4754249],[137.0451576,-31.4751476],[137.0412552,-31.4732599],[137.0398152,-31.4725936],[137.0383181,-31.4720338],[137.036786,-31.4715508],[137.0285423,-31.4689451],[137.0276453,-31.4686297],[137.0268249,-31.4682448],[137.0260002,-31.4677705],[137.0252963,-31.4672346],[137.0245332,-31.4665086],[137.0238359,-31.4656218],[137.0234568,-31.464963],[137.0231615,-31.4642763],[137.0229264,-31.4635151],[137.0227808,-31.462738],[137.0224525,-31.4604689],[137.0222315,-31.4596566],[137.0219015,-31.4588996],[137.021496,-31.4582103],[137.021027,-31.4575661],[137.0205534,-31.4570512],[137.020055,-31.4565739],[137.0180561,-31.4546669],[137.017342,-31.4538354],[137.0167247,-31.4527009],[137.0161243,-31.4515547],[137.0154229,-31.4504441],[137.0148308,-31.4497743],[137.0141007,-31.4491311],[137.0133627,-31.4486031],[137.0125293,-31.4481403],[137.0117043,-31.4477826],[137.0063424,-31.4457325],[137.0049785,-31.445211],[137.0032395,-31.4445461],[137.000017,-31.4432927],[136.998689,-31.4426682],[136.9979876,-31.4422121],[136.9975277,-31.4418092],[136.9968763,-31.4410345],[136.9964205,-31.4402486],[136.996213,-31.4397117],[136.9960644,-31.4391836],[136.9958927,-31.4381312],[136.9952333,-31.4339898],[136.9941487,-31.4269365],[136.993143,-31.420471],[136.9929832,-31.4195382],[136.9928112,-31.4189184],[136.9926027,-31.4184233],[136.9923033,-31.4178672],[136.9920037,-31.4173919],[136.9915023,-31.4167939],[136.9909303,-31.4162443],[136.9902218,-31.4157175],[136.9895986,-31.415346],[136.9890125,-31.4150716],[136.9885565,-31.4148959],[136.9877982,-31.4146697],[136.9871229,-31.4145296],[136.9864398,-31.4144272],[136.984315,-31.4141542],[136.9836202,-31.4140789],[136.982911,-31.4140389],[136.9821596,-31.4140634],[136.9814005,-31.4141315],[136.9765993,-31.4146538],[136.9714301,-31.4152446],[136.9670468,-31.4157317],[136.966209,-31.4158043],[136.965368,-31.4158205],[136.9647544,-31.4157783],[136.9641535,-31.4156969],[136.9634451,-31.4155548],[136.9627641,-31.4153685],[136.9621446,-31.4151539],[136.9615593,-31.4148855],[136.9605881,-31.414334],[136.9602444,-31.4141004],[136.9599203,-31.4138505],[136.9591812,-31.4131634],[136.9586039,-31.4125295],[136.9581428,-31.4118029],[136.9578411,-31.4112264],[136.9576135,-31.4106325],[136.957367,-31.4096908],[136.9572888,-31.409058],[136.9572799,-31.4084183],[136.9573316,-31.4077786],[136.9574508,-31.4071431],[136.9576328,-31.4064637],[136.9578244,-31.4057945],[136.958274,-31.4042487],[136.9584193,-31.4036567],[136.9585043,-31.4030583],[136.9585344,-31.4025862],[136.9585258,-31.4021219],[136.9584825,-31.4016129],[136.9584009,-31.4011082],[136.9580428,-31.3995274],[136.9579111,-31.3987691],[136.9578697,-31.3982739],[136.9578797,-31.3976243],[136.957966,-31.3969332],[136.9582007,-31.3960235],[136.9584457,-31.3954038],[136.958813,-31.394613],[136.9589868,-31.3942444],[136.9590671,-31.3940524],[136.9594018,-31.3931287],[136.9595877,-31.3923701],[136.9596398,-31.3917099],[136.959636,-31.3910274],[136.9595654,-31.3903862],[136.9594055,-31.3896466],[136.9591675,-31.3889419],[136.958818,-31.3882658],[136.9583903,-31.387596],[136.9577656,-31.3868214],[136.9570079,-31.3861264],[136.9560543,-31.3854489],[136.9550503,-31.3849541],[136.9541514,-31.3845984],[136.9531697,-31.3843447],[136.9521736,-31.3842079],[136.9510895,-31.3841602],[136.9497727,-31.3842104],[136.947773,-31.3843403],[136.9467285,-31.3843914],[136.9456841,-31.3843663],[136.9449284,-31.3842672],[136.9441911,-31.3841308],[136.9435002,-31.383935],[136.9428283,-31.3836964],[136.9420892,-31.3833518],[136.9413944,-31.382951],[136.9405371,-31.382317],[136.939784,-31.3815771],[136.9393437,-31.3810227],[136.9382699,-31.3794813],[136.9373713,-31.3781556],[136.9371836,-31.3777942],[136.9367981,-31.3769416],[136.9355273,-31.3734636],[136.9347325,-31.3719381],[136.9337831,-31.3705084],[136.9333018,-31.3698426],[136.9332701,-31.3697951],[136.931396,-31.3670296],[136.9268196,-31.3603554],[136.9261188,-31.3592309],[136.9258437,-31.3586802],[136.9249195,-31.3563209],[136.9243334,-31.3547999],[136.9243109,-31.3547464],[136.9234798,-31.3525091],[136.9208872,-31.3457212],[136.9207273,-31.3452958],[136.9197176,-31.3426555],[136.9176586,-31.3371771],[136.916949,-31.3352983],[136.9167018,-31.3347003],[136.9164146,-31.334117],[136.916022,-31.3334475],[136.9154094,-31.3326796],[136.9150044,-31.3322706],[136.9145749,-31.3318878],[136.9139104,-31.3313938],[136.9132604,-31.3309964],[136.9123653,-31.3305776],[136.9116957,-31.3303475],[136.9106808,-31.330094],[136.9094669,-31.3298411],[136.906374,-31.3292138],[136.9044768,-31.3288423],[136.9030707,-31.3285654],[136.9022536,-31.3283392],[136.9013405,-31.3280117],[136.9003636,-31.3275008],[136.8993227,-31.3267677],[136.8987932,-31.3262842],[136.8983869,-31.3258357],[136.8978802,-31.3251806],[136.8974693,-31.3245527],[136.8971862,-31.3239482],[136.8969489,-31.3232496],[136.8965745,-31.3218658],[136.896118,-31.3199938],[136.8960404,-31.3193815],[136.8959993,-31.31882],[136.8960541,-31.3181219],[136.8961728,-31.3173302],[136.8967936,-31.314214],[136.8971726,-31.3123536],[136.8973643,-31.3112655],[136.8975012,-31.3104815],[136.8975378,-31.3101344],[136.8975423,-31.3094635],[136.8975058,-31.3089955],[136.8974282,-31.3085118],[136.8973004,-31.3080438],[136.8970949,-31.3074314],[136.8968347,-31.306862],[136.8965152,-31.3062808],[136.8961591,-31.3057893],[136.8958532,-31.3054071],[136.8954698,-31.3050014],[136.8949767,-31.3045685],[136.8944563,-31.3041706],[136.8938354,-31.303765],[136.8922011,-31.3029497],[136.8890557,-31.3014675],[136.8851891,-31.2996381],[136.881012,-31.2976331],[136.8784829,-31.2964277],[136.8770996,-31.2958699],[136.8759583,-31.2954135],[136.8738493,-31.2946801],[136.8723199,-31.2941535],[136.8709915,-31.293701],[136.8683391,-31.2927959],[136.8659424,-31.2919845],[136.8630299,-31.2909819],[136.8600214,-31.2899403],[136.8576202,-31.2891289],[136.8538311,-31.2878376],[136.851334,-31.2869754],[136.8502886,-31.286597],[136.8494851,-31.286281],[136.8480562,-31.2856217],[136.845623,-31.2842601],[136.8443265,-31.2835149],[136.8359495,-31.2788214],[136.8341586,-31.2778247],[136.832101,-31.2766443],[136.8310232,-31.2759288],[136.8301517,-31.2752124],[136.8294882,-31.2745998],[136.8291114,-31.2742069],[136.8286361,-31.2736009],[136.8278509,-31.2724499],[136.8254725,-31.2690552],[136.8213233,-31.2630128],[136.8200916,-31.2614279],[136.8193557,-31.2606851],[136.8187462,-31.2601604],[136.8176022,-31.2593738],[136.8158653,-31.2583583],[136.8037726,-31.2515043],[136.8027507,-31.2509137],[136.8026254,-31.2508418],[136.8017494,-31.2503441],[136.798297,-31.2483817],[136.7853268,-31.2410297],[136.7806939,-31.2384023],[136.7794832,-31.2377761],[136.7787052,-31.2374468],[136.7778421,-31.2371517],[136.7768677,-31.2368894],[136.7758264,-31.2366814],[136.7729264,-31.2362712],[136.7699903,-31.2358521],[136.7618848,-31.2346702],[136.760217,-31.2344451],[136.7586456,-31.2343125],[136.7566912,-31.234375],[136.746107,-31.2353415],[136.7350088,-31.2363421],[136.7274379,-31.237051],[136.7205026,-31.237671],[136.7146228,-31.2381874],[136.7117521,-31.2384535],[136.7092855,-31.2386185],[136.7056751,-31.2387279],[136.6928082,-31.239008],[136.6816539,-31.2392208],[136.6807743,-31.2391983],[136.6799021,-31.239117],[136.6783917,-31.23887],[136.6770462,-31.2385066],[136.6759597,-31.2380976],[136.6750913,-31.2376916],[136.6739771,-31.2370287],[136.6729222,-31.2362625],[136.6716445,-31.2351778],[136.669378,-31.233113],[136.6633323,-31.2276447],[136.6546179,-31.219824],[136.6533859,-31.2186901],[136.651851,-31.2174236],[136.6506841,-31.2166896],[136.6492706,-31.2160201],[136.6477662,-31.2155032],[136.6463291,-31.2151949],[136.6450265,-31.2150361],[136.6433775,-31.2149651],[136.6407131,-31.2149495],[136.6398835,-31.214948],[136.6391757,-31.214978],[136.6383788,-31.2150853],[136.6376727,-31.2152625],[136.6368802,-31.2155639],[136.6361619,-31.2159314],[136.6355879,-31.2163242],[136.6350006,-31.2168324],[136.6340745,-31.2179322],[136.6334261,-31.2185435],[136.6328813,-31.218967],[136.6323445,-31.2193062],[136.6316383,-31.2196391],[136.6307077,-31.2199639],[136.6298281,-31.2201273],[136.6291089,-31.2201773],[136.6282625,-31.2201409],[136.6274764,-31.2200185],[136.6267543,-31.2198312],[136.6260304,-31.2195528],[136.6253719,-31.2192242],[136.6246923,-31.2187777],[136.6236324,-31.2178359],[136.6221387,-31.2163889],[136.6207114,-31.2150602],[136.6198216,-31.2142272],[136.6189827,-31.2135695],[136.6170823,-31.2122052],[136.6157625,-31.2112049],[136.6154563,-31.2109818],[136.6148697,-31.2105629],[136.6142525,-31.2101773],[136.6132978,-31.2096813],[136.6122337,-31.2092543],[136.609593,-31.2083474],[136.6087485,-31.2080472],[136.60563,-31.2070138],[136.6037262,-31.2063712],[136.6027007,-31.205943],[136.6011019,-31.205196],[136.5949177,-31.2019331],[136.5938056,-31.2012931],[136.5934223,-31.2010896],[136.5880735,-31.1982669],[136.5861457,-31.1972599],[136.5848257,-31.1967934],[136.583704,-31.196508],[136.581821,-31.1960435],[136.5815438,-31.1959776],[136.5758791,-31.1946365],[136.5729421,-31.1939181],[136.5707944,-31.1934193],[136.5691818,-31.1931505],[136.5670514,-31.1929155],[136.5632362,-31.1925708],[136.5565035,-31.1918937],[136.5548366,-31.1917353],[136.5536722,-31.1916998],[136.5526085,-31.1917614],[136.5518516,-31.1919024],[136.5509832,-31.1921374],[136.5500691,-31.1924612],[136.5492023,-31.1929155],[136.5479327,-31.1937442],[136.5439526,-31.1965028],[136.5398115,-31.1994036],[136.5390508,-31.1998749],[136.5380924,-31.2004398],[136.5368723,-31.2009115],[136.5360536,-31.2011238],[136.5350586,-31.2012791],[136.5308647,-31.2018096],[136.5273178,-31.202268],[136.5255187,-31.2024864],[136.5223959,-31.202479],[136.5194734,-31.2024059],[136.5178242,-31.2023971],[136.5170056,-31.2024354],[136.5163712,-31.202526],[136.5157505,-31.2026537],[136.5127441,-31.2032993],[136.5040567,-31.2052301],[136.4950239,-31.2071997],[136.4933142,-31.2076155],[136.4925378,-31.2079033],[136.4917154,-31.2082985],[136.49103,-31.2087126],[136.4901897,-31.2093834],[136.485823,-31.2133486],[136.4808268,-31.2178099],[136.4785571,-31.2198692],[136.4773877,-31.2206641],[136.4762936,-31.2212346],[136.4753996,-31.2216376],[136.4744461,-31.2219803],[136.473222,-31.2222501],[136.4721066,-31.2223494],[136.470216,-31.2222165],[136.4691513,-31.2219998],[136.468006,-31.2216628],[136.4669705,-31.2214908],[136.4646938,-31.221382],[136.460725,-31.2212659],[136.4572841,-31.221146],[136.4511172,-31.2209623],[136.4490727,-31.2208683],[136.4476567,-31.2206898],[136.4464274,-31.2204553],[136.4427242,-31.2196783],[136.4388882,-31.2188809],[136.436897,-31.218465],[136.4356413,-31.2182257],[136.4349546,-31.2181346],[136.4344417,-31.2181033],[136.4339183,-31.2181002],[136.4334073,-31.2181168],[136.4328911,-31.2181672],[136.4322582,-31.2182735],[136.4316273,-31.2184187],[136.4287559,-31.2192875],[136.4250812,-31.2204247],[136.4197669,-31.2220678],[136.4189158,-31.2223262],[136.4181065,-31.2226073],[136.4172453,-31.222982],[136.4166176,-31.2233309],[136.4162377,-31.2236082],[136.4158142,-31.2238923],[136.4154484,-31.2242012],[136.4138788,-31.2256917],[136.4135146,-31.2259968],[136.4131155,-31.2262665],[136.4125852,-31.2265973],[136.412017,-31.2268794],[136.4114154,-31.2271319],[136.4107962,-31.2273521],[136.4092401,-31.2277814],[136.4078542,-31.2281693],[136.4063482,-31.2285998],[136.4052889,-31.2289482],[136.4046959,-31.2291848],[136.4041171,-31.2294484],[136.4015222,-31.2307153],[136.4005227,-31.2311477],[136.3991501,-31.2316792],[136.3971285,-31.2322857],[136.3958869,-31.2325429],[136.3941508,-31.2328461],[136.3927963,-31.2329341],[136.3910302,-31.2330233],[136.3888252,-31.2329562],[136.3869838,-31.2328758],[136.3855188,-31.2327496],[136.3820292,-31.2322931],[136.3735222,-31.2311777],[136.3723576,-31.231025],[136.3703682,-31.230727],[136.3692385,-31.2305162],[136.368374,-31.2302619],[136.3656609,-31.2293806],[136.3627195,-31.2284238],[136.3617666,-31.2280387],[136.3609498,-31.2276487],[136.3599915,-31.2270877],[136.3576855,-31.2257388],[136.3541365,-31.22363],[136.3519654,-31.2223398],[136.3504695,-31.2214771],[136.3491064,-31.2208127],[136.3472614,-31.2202119],[136.3409883,-31.2184637],[136.3373832,-31.2174572],[136.3356801,-31.2169155],[136.3339997,-31.21618],[136.3303633,-31.2143437],[136.3227622,-31.2104748],[136.3052212,-31.2015552],[136.3006514,-31.1992241],[136.2978567,-31.197836],[136.296706,-31.1973656],[136.2956528,-31.1970151],[136.2926467,-31.1961659],[136.2783508,-31.1922155],[136.2664506,-31.1889071],[136.2639671,-31.1882167],[136.2534949,-31.1853235],[136.2465474,-31.1833903],[136.2400681,-31.1815853],[136.2378575,-31.1809661],[136.2361052,-31.1804796],[136.2353434,-31.1802995],[136.2345694,-31.1801614],[136.233814,-31.1800889],[136.2329094,-31.1800861],[136.2317179,-31.1802034],[136.2295079,-31.180517],[136.2208785,-31.1817516],[136.2143597,-31.1826839],[136.20722,-31.1837126],[136.2061287,-31.1837908],[136.205076,-31.1837629],[136.2039114,-31.1835988],[136.1988469,-31.1826791],[136.1975604,-31.1824477],[136.1974012,-31.182419],[136.1792617,-31.1791555],[136.1737837,-31.1780985],[136.1680432,-31.1766236],[136.1589177,-31.1742925],[136.1479382,-31.1714783],[136.1436392,-31.170385],[136.1397405,-31.1693842],[136.1357365,-31.1683529],[136.1323659,-31.1674847],[136.123733,-31.1652697],[136.117419,-31.1636551],[136.1019327,-31.1596819],[136.0207349,-31.1388258],[136.00724,-31.1353592],[135.9810959,-31.1286163],[135.9755776,-31.1272085],[135.9478115,-31.1200253],[135.9462076,-31.1196529],[135.9444965,-31.1193749],[135.9425072,-31.1192206],[135.9405686,-31.1192123],[135.9391902,-31.1191042],[135.9378838,-31.118865],[135.9256571,-31.11452],[135.9084429,-31.1084023],[135.9083235,-31.1083598],[135.9035542,-31.1066588],[135.9023515,-31.1061652],[135.901527,-31.1057479],[135.9005815,-31.105175],[135.8996512,-31.1044722],[135.8987476,-31.1036563],[135.897997,-31.1028101],[135.8971742,-31.1016983],[135.8965798,-31.100611],[135.8955287,-31.098676],[135.8942927,-31.0963917],[135.894251,-31.0963146],[135.8923374,-31.0928374],[135.8881487,-31.0850755],[135.8876757,-31.0843133],[135.8871155,-31.0836899],[135.8863721,-31.0830195],[135.8854592,-31.0823507],[135.8841173,-31.0815396],[135.8814255,-31.0798403],[135.8788443,-31.0781768],[135.8744934,-31.0754189],[135.8723352,-31.074332],[135.8715409,-31.0740436],[135.8708655,-31.0738231],[135.8599878,-31.0716855],[135.8539295,-31.0705101],[135.8509081,-31.0699188],[135.8483169,-31.0694117],[135.8472995,-31.0691903],[135.8462721,-31.0688723],[135.8450159,-31.0683604],[135.8412824,-31.066617],[135.8404363,-31.0660919],[135.8397578,-31.0655542],[135.8368365,-31.0630083],[135.8341449,-31.0605608],[135.8324705,-31.059129],[135.8317603,-31.0584456],[135.8311863,-31.0579892],[135.8304827,-31.0575655],[135.8298135,-31.0572077],[135.8288683,-31.0568334],[135.8274887,-31.0564484],[135.8246578,-31.0556723],[135.8234995,-31.0553548],[135.8108649,-31.051891],[135.7980405,-31.0483949],[135.7917989,-31.0469305],[135.7846373,-31.0453892],[135.7631204,-31.0407044],[135.7522648,-31.0383035],[135.7467247,-31.0370936],[135.7413306,-31.0359121],[135.7236668,-31.0320344],[135.7112169,-31.0293129],[135.6983374,-31.0264914],[135.6838695,-31.0233213],[135.6683048,-31.0199088],[135.6452799,-31.0148512],[135.6370362,-31.0130404],[135.625399,-31.0104813],[135.6180516,-31.0088655],[135.599056,-31.0046952],[135.5972289,-31.0042885],[135.595837,-31.0039667],[135.5949174,-31.0037098],[135.5940813,-31.0034419],[135.5912613,-31.0024731],[135.5854202,-31.000441],[135.5795751,-30.9984192],[135.5686987,-30.9946535],[135.5561809,-30.9903175],[135.5447118,-30.9863575],[135.5330478,-30.9822948],[135.5239678,-30.9791494],[135.5161712,-30.9764418],[135.5092971,-30.9740576],[135.4917154,-30.967949],[135.4797327,-30.9637699],[135.4677822,-30.9596289],[135.4600744,-30.9569495],[135.4524968,-30.9543129],[135.4330152,-30.9475344],[135.4232524,-30.9441472],[135.413689,-30.9408214],[135.4053838,-30.9379253],[135.3971979,-30.9350844],[135.3908245,-30.9328145],[135.3806409,-30.9289804],[135.3712075,-30.9254242],[135.3654162,-30.9232447],[135.3580576,-30.9204758],[135.3509314,-30.9177855],[135.3494745,-30.9172593],[135.3483258,-30.9169085],[135.3465645,-30.9165204],[135.3447169,-30.9161629],[135.334626,-30.914212],[135.3303932,-30.9133965],[135.3196043,-30.9113178],[135.3159428,-30.9106123],[135.3137596,-30.9101829],[135.3100474,-30.9094671],[135.3093244,-30.9093287],[135.2975087,-30.9070403],[135.2909196,-30.9057565],[135.2888266,-30.9053499],[135.2872379,-30.9051142],[135.2865101,-30.9050458],[135.2851116,-30.9049522],[135.2793538,-30.9049286],[135.2769992,-30.9048865],[135.2750672,-30.9046664],[135.2731735,-30.9042601],[135.2510369,-30.8986911],[135.249,-30.8983004],[135.2478023,-30.8981367],[135.2459092,-30.898003],[135.2022145,-30.8961429],[135.2003231,-30.8960614],[135.1993106,-30.8959768],[135.1981832,-30.8958265],[135.1970973,-30.8956097],[135.1707487,-30.8887034],[135.1665783,-30.8876582],[135.166337,-30.8875934],[135.1648335,-30.8872097],[135.1633831,-30.8867473],[135.1133507,-30.8735492],[135.1117672,-30.8731331],[135.1104905,-30.8728444],[135.1091915,-30.8725863],[135.0971479,-30.87051],[135.0885097,-30.8690347],[135.0832518,-30.8681163],[135.0691867,-30.8656852],[135.0316987,-30.8592071],[135.0199852,-30.8572022],[135.0186002,-30.8569035],[135.0172682,-30.8564871],[135.0161926,-30.8560284],[135.0151542,-30.855506],[135.0123942,-30.8540361],[135.007229,-30.8513242],[135.0062124,-30.8507901],[135.0056437,-30.8505525],[135.0050539,-30.8503513],[135.0042477,-30.8501382],[135.0033292,-30.849959],[135.0022576,-30.8499004],[135.0011651,-30.8499511],[135.0001344,-30.8501198],[134.9991425,-30.8503753],[134.9874512,-30.8539471],[134.986486,-30.8541875],[134.9854891,-30.8543204],[134.9844922,-30.8543477],[134.9835178,-30.8543014],[134.9812064,-30.8541329],[134.9797579,-30.8541465],[134.9783388,-30.854347],[134.9621223,-30.8573779],[134.9408101,-30.8613904],[134.9389201,-30.8615643],[134.9370441,-30.8614728],[134.9287125,-30.8599729],[134.9269017,-30.8594505],[134.9252815,-30.8586871],[134.9174572,-30.8537737],[134.9163611,-30.8531905],[134.914877,-30.8524972],[134.9008583,-30.8470279],[134.89851,-30.8461146],[134.8798483,-30.8388306],[134.8769618,-30.837695],[134.8754685,-30.8370402],[134.8734827,-30.8360569],[134.8380471,-30.8181771],[134.8353073,-30.8167254],[134.833319,-30.8154649],[134.8185617,-30.8051812],[134.8176415,-30.8046131],[134.8166427,-30.8041118],[134.8155835,-30.8037264],[134.8144726,-30.8034128],[134.8098305,-30.8021838],[134.8089164,-30.8019037],[134.8080205,-30.8015708],[134.8071667,-30.8011631],[134.8063734,-30.8006818],[134.8020676,-30.797772],[134.79657,-30.7940384],[134.7886083,-30.7885911],[134.7732342,-30.7781476],[134.7721284,-30.7773974],[134.7681466,-30.7746862],[134.765506,-30.7728855],[134.7634948,-30.771545],[134.7624111,-30.7708843],[134.7604416,-30.7698257],[134.758393,-30.7687651],[134.7560377,-30.7674997],[134.7545987,-30.7666079],[134.7526458,-30.7649735],[134.7493959,-30.7621288],[134.7469546,-30.7599217],[134.744923,-30.7581266],[134.7443328,-30.757642],[134.7430148,-30.7566568],[134.7421298,-30.7561171],[134.7403028,-30.7551092],[134.738455,-30.7540476],[134.7357539,-30.7525311],[134.731175,-30.7499885],[134.7000321,-30.7325833],[134.6974169,-30.731119],[134.6935576,-30.7289672],[134.6891183,-30.7265131],[134.6861251,-30.7248221],[134.6853223,-30.7243879],[134.6835785,-30.7235698],[134.682478,-30.7231311],[134.6812658,-30.7226832],[134.6595296,-30.7146466],[134.636999,-30.7062993],[134.6362932,-30.7060597],[134.6352245,-30.7056803],[134.6342357,-30.7054564],[134.6333635,-30.7053361],[134.6317715,-30.705329],[134.6204286,-30.7063432],[134.5789129,-30.7099858],[134.5757653,-30.710238],[134.5749487,-30.7103067],[134.5745958,-30.7103369],[134.567009,-30.7109869],[134.5632545,-30.7113141],[134.5539189,-30.7121697],[134.553464,-30.7122109],[134.5532199,-30.7122277],[134.5525468,-30.7122345],[134.5440332,-30.7129609],[134.5393415,-30.7133499],[134.5341978,-30.7138235],[134.5307674,-30.7141435],[134.5277305,-30.7143574],[134.5270555,-30.7143839],[134.5263834,-30.714373],[134.5257003,-30.7143044],[134.5250359,-30.7142121],[134.5243532,-30.7140726],[134.5237078,-30.7138948],[134.523061,-30.7136829],[134.5224457,-30.7134449],[134.5214241,-30.712909],[134.5208851,-30.7125945],[134.5203901,-30.7122405],[134.5194309,-30.711468],[134.518618,-30.7106086],[134.5178594,-30.7095641],[134.5173538,-30.7086297],[134.5169555,-30.7075244],[134.5168336,-30.7070622],[134.516739,-30.7065976],[134.5166328,-30.7056463],[134.5166342,-30.7047441],[134.5166763,-30.7028032],[134.5168363,-30.6968442],[134.5169921,-30.6908873],[134.5170448,-30.6885607],[134.5171414,-30.6848618],[134.5172433,-30.6813558],[134.517356,-30.6767535],[134.5174096,-30.6743636],[134.5174738,-30.6721499],[134.5176698,-30.6644595],[134.5177753,-30.6615446],[134.5178117,-30.660538],[134.5179053,-30.6566441],[134.5179849,-30.6535232],[134.5180668,-30.6508878],[134.5181205,-30.6482004],[134.5182682,-30.6424624],[134.5186242,-30.6274621],[134.5188722,-30.6179361],[134.5190672,-30.61009],[134.519305,-30.6015277],[134.5194675,-30.5948865],[134.519556,-30.5915364],[134.5196312,-30.5882394],[134.5196766,-30.5866748],[134.5197584,-30.5834908],[134.5198192,-30.5811115],[134.5198806,-30.5787315],[134.5199582,-30.5757131],[134.5201453,-30.5686758],[134.5202391,-30.5646893],[134.5205053,-30.5544066],[134.5206564,-30.548526],[134.5208093,-30.542646],[134.5209233,-30.5377289],[134.5209794,-30.5355355],[134.5210896,-30.5321288],[134.5211602,-30.5286823],[134.5213417,-30.521755],[134.5215231,-30.514814],[134.5222317,-30.4872819],[134.5225018,-30.477061],[134.5227538,-30.4668945],[134.5227968,-30.4653803],[134.5228009,-30.4652196],[134.5228243,-30.4638619],[134.5228689,-30.4625054],[134.5229366,-30.4600897],[134.5230352,-30.4562999],[134.5230751,-30.4547294],[134.5231143,-30.4531901],[134.5231573,-30.4514467],[134.5231935,-30.4505958],[134.5232431,-30.4497668],[134.5233571,-30.4481147],[134.52346,-30.446454],[134.523561,-30.4447618],[134.5236656,-30.4430738],[134.5238855,-30.4396756],[134.5243092,-30.4328212],[134.5251521,-30.419263],[134.5255941,-30.4124571],[134.5258093,-30.4090799],[134.5260211,-30.4056765],[134.5277005,-30.3786211],[134.52927,-30.3539041],[134.5297142,-30.3469],[134.5302624,-30.3380171],[134.5303908,-30.3359961],[134.5304125,-30.3356885],[134.5306265,-30.3324126],[134.5308219,-30.3291692],[134.5310076,-30.3262368],[134.5312287,-30.3227491],[134.5314557,-30.3190719],[134.5320559,-30.3094097],[134.5322754,-30.3058427],[134.5324827,-30.3026858],[134.5325189,-30.3021339],[134.532598,-30.3008313],[134.5327973,-30.2975506],[134.5328164,-30.2972329],[134.5329538,-30.2949527],[134.5331449,-30.2804353],[134.5333123,-30.2657877],[134.5334016,-30.25851],[134.5334445,-30.2548691],[134.5334713,-30.2512363],[134.5335453,-30.246061],[134.533562,-30.2451407],[134.5335628,-30.2451001],[134.533612,-30.2409302],[134.5336529,-30.2373867],[134.5337327,-30.2307192],[134.5337943,-30.2246486],[134.533828,-30.2216338],[134.5338769,-30.2186301],[134.5339057,-30.2153631],[134.5340216,-30.2065908],[134.5340825,-30.2010031],[134.5342741,-30.1835122],[134.5342806,-30.1829179],[134.5342875,-30.1825234],[134.5343407,-30.1763835],[134.5344459,-30.1702978],[134.5345964,-30.1581253],[134.5346456,-30.1520447],[134.5348684,-30.1337931],[134.5349423,-30.1259962],[134.5350476,-30.1182421],[134.5352015,-30.1044611],[134.5352322,-30.1027182],[134.5352763,-30.0986233],[134.5354779,-30.0830982],[134.5355695,-30.0701788],[134.5357987,-30.0573016],[134.5360516,-30.031737],[134.536343,-30.0061668],[134.536645,-29.980795],[134.5366685,-29.9763403],[134.5368444,-29.9677772],[134.5369614,-29.954876],[134.537089,-29.9419523],[134.5372466,-29.9290353],[134.5373794,-29.9166233],[134.5375074,-29.9058765],[134.5382404,-29.8438506],[134.5383318,-29.8348255],[134.5384273,-29.8258172],[134.5385157,-29.8195519],[134.5385782,-29.8132297],[134.5387348,-29.800577],[134.5389984,-29.7753466],[134.5391174,-29.7689339],[134.5392009,-29.762594],[134.5393681,-29.7498984],[134.5394475,-29.7399033],[134.5396586,-29.7244587],[134.5397357,-29.7179855],[134.5397481,-29.7147251],[134.5398193,-29.7115117],[134.5399697,-29.6985919],[134.5400937,-29.6856492],[134.5402243,-29.6727233],[134.540862,-29.6223184],[134.5414387,-29.5721048],[134.5416577,-29.5664099],[134.5446778,-29.5281098],[134.5460905,-29.5106861],[134.5462896,-29.5082574],[134.5495069,-29.4689926],[134.5503351,-29.4585579],[134.5512845,-29.4481851],[134.5557407,-29.4180511],[134.5605349,-29.3854114],[134.5617853,-29.3765991],[134.5630987,-29.3677848],[134.5639665,-29.361802],[134.5641008,-29.3607455],[134.564182,-29.3596912],[134.564186,-29.3591593],[134.5641619,-29.3586299],[134.5641183,-29.3580992],[134.5640603,-29.3575725],[134.5636998,-29.3558309],[134.5629425,-29.3539793],[134.556086,-29.3416158],[134.5491203,-29.3291673],[134.5474211,-29.3270157],[134.5449898,-29.3245287],[134.5414114,-29.3207381],[134.53781,-29.3169758],[134.5334785,-29.3124165],[134.529309,-29.3080252],[134.5229973,-29.3014841],[134.5225327,-29.3010026],[134.5211439,-29.2995633],[134.5195408,-29.2978685],[134.5193761,-29.2976943],[134.5149999,-29.2930676],[134.5139981,-29.2920076],[134.5137881,-29.2917853],[134.508908,-29.2866211],[134.5030741,-29.280554],[134.4965552,-29.2738242],[134.4925639,-29.2695434],[134.4907317,-29.2675396],[134.483263,-29.2597274],[134.4822291,-29.258712],[134.4818301,-29.2582734],[134.4816598,-29.2580861],[134.4811385,-29.2575435],[134.4807719,-29.2571945],[134.480452,-29.2568386],[134.4793059,-29.2558639],[134.4781676,-29.2550576],[134.4776747,-29.2547222],[134.4772568,-29.2544456],[134.4758654,-29.2535355],[134.4742861,-29.2525025],[134.4719003,-29.2509419],[134.4709517,-29.2502139],[134.4704877,-29.2498324],[134.4700414,-29.2494324],[134.4696159,-29.2490028],[134.4692176,-29.2485664],[134.4684425,-29.2476396],[134.4677746,-29.2466474],[134.4671926,-29.2455849],[134.4650669,-29.2413511],[134.4608679,-29.2329604],[134.4524852,-29.2162202],[134.4508751,-29.2130412],[134.4469105,-29.2050685],[134.4457264,-29.2027581],[134.4451334,-29.2015072],[134.4446955,-29.200635],[134.4431432,-29.1975643],[134.4418531,-29.1949325],[134.4416401,-29.1944496],[134.4408756,-29.1920935],[134.4362163,-29.1766824],[134.4361945,-29.1766102],[134.4192863,-29.1205325],[134.4183127,-29.1173992],[134.4178352,-29.1158233],[134.4173527,-29.1142483],[134.4154947,-29.107996],[134.4117089,-29.0955574],[134.4042571,-29.0707138],[134.4013536,-29.0610677],[134.4013158,-29.0609423],[134.4006676,-29.0587886],[134.3977588,-29.0491516],[134.3977311,-29.0490597],[134.3970821,-29.0469095],[134.3899167,-29.0231185],[134.3881479,-29.0171933],[134.3863505,-29.0112773],[134.3828307,-28.9994701],[134.3780119,-28.9835056],[134.3772586,-28.981031],[134.3770298,-28.9802775],[134.3765155,-28.9784906],[134.3756941,-28.9758068],[134.3752024,-28.9741381],[134.3731698,-28.9674258],[134.3719639,-28.9634118],[134.3708131,-28.9595874],[134.3667472,-28.9460497],[134.3638645,-28.9364577],[134.3637806,-28.9361661],[134.3614853,-28.9284857],[134.357911,-28.9166338],[134.3578812,-28.9165349],[134.3572535,-28.9144536],[134.3552459,-28.9077444],[134.3546598,-28.9058847],[134.3543246,-28.9049714],[134.353941,-28.9040767],[134.3536574,-28.9035226],[134.3533482,-28.902952],[134.3532959,-28.9028604],[134.352966,-28.9023051],[134.351857,-28.9006088],[134.3505018,-28.8984869],[134.3471307,-28.8932955],[134.3467788,-28.8927536],[134.324747,-28.858675],[134.3244226,-28.8581022],[134.3241249,-28.8575261],[134.323846,-28.8569041],[134.3236017,-28.8562801],[134.323288,-28.8552403],[134.3231378,-28.8545755],[134.3230619,-28.8539709],[134.3229662,-28.85321],[134.3229233,-28.8524441],[134.3229152,-28.8509218],[134.3228898,-28.8478888],[134.3228214,-28.841825],[134.3226921,-28.8296869],[134.3224732,-28.7989594],[134.3222709,-28.7877326],[134.3222701,-28.7875939],[134.3222489,-28.7813963],[134.3218509,-28.7615458],[134.3217329,-28.7412354],[134.3216626,-28.7282049],[134.3214347,-28.7060852],[134.3214293,-28.7052346],[134.3213927,-28.7043977],[134.321322,-28.7036713],[134.3212262,-28.7029549],[134.3210961,-28.7021856],[134.3209068,-28.7014283],[134.3204964,-28.6999184],[134.3181041,-28.6914029],[134.3169011,-28.6871417],[134.3163076,-28.685004],[134.3157085,-28.6828616],[134.3097868,-28.6616638],[134.3097536,-28.6615449],[134.3062157,-28.6488785],[134.3061781,-28.648744],[134.3033118,-28.6385621],[134.3032664,-28.6383852],[134.3023355,-28.6350784],[134.2996305,-28.6254366],[134.2953664,-28.6099835],[134.2943346,-28.6063068],[134.2941794,-28.6058124],[134.2940185,-28.6053461],[134.2938187,-28.604854],[134.2936209,-28.6044097],[134.2933788,-28.6039285],[134.2931293,-28.6034658],[134.2928517,-28.6030066],[134.2925622,-28.6025656],[134.291813,-28.6015619],[134.2910248,-28.6005797],[134.2815422,-28.5891037],[134.2784709,-28.5854057],[134.2750314,-28.5812539],[134.2698238,-28.5749074],[134.2680466,-28.5727882],[134.2671226,-28.5717506],[134.2661684,-28.5707271],[134.2621699,-28.5667991],[134.2582164,-28.5628579],[134.2542568,-28.558934],[134.2330347,-28.5379063],[134.2329288,-28.5378013],[134.2209966,-28.5259766],[134.2209351,-28.5259174],[134.2192378,-28.5242396],[134.2175725,-28.5225414],[134.2167923,-28.5216119],[134.216448,-28.5211479],[134.2161224,-28.5206675],[134.2155658,-28.5197225],[134.2151293,-28.5187886],[134.2142757,-28.5167092],[134.2081991,-28.501994],[134.2081648,-28.5019154],[134.2046899,-28.4934857],[134.2045045,-28.4930271],[134.2013884,-28.4854807],[134.1952257,-28.470533],[134.1934474,-28.4662192],[134.190241,-28.4584409],[134.1879814,-28.452959],[134.1879051,-28.4527802],[134.1839301,-28.4428935],[134.1806685,-28.4277075],[134.16413,-28.3463382],[134.1542893,-28.2978723],[134.1490466,-28.2720518],[134.1472836,-28.2635687],[134.1467652,-28.2610742],[134.1463243,-28.2589526],[134.1461928,-28.2583057],[134.1448071,-28.2514932],[134.1335514,-28.1961384],[134.1331488,-28.1941578],[134.1271884,-28.1649277],[134.1246431,-28.1524451],[134.1245274,-28.1518771],[134.1161192,-28.1103199],[134.1154643,-28.1071332],[134.1134845,-28.0974535],[134.1129107,-28.0953913],[134.1114712,-28.0911331],[134.1082222,-28.0815118],[134.0965715,-28.0470499],[134.0922145,-28.0341625],[134.0918881,-28.0330722],[134.0916964,-28.0322286],[134.0915655,-28.0314312],[134.0912714,-28.0293065],[134.0907348,-28.0254437],[134.0896488,-28.0176986],[134.0874887,-28.0021458],[134.0845003,-27.981332],[134.0830365,-27.9709046],[134.0823177,-27.9657143],[134.0820978,-27.9643402],[134.0818081,-27.9630183],[134.0814272,-27.9618338],[134.0809622,-27.9606023],[134.075404,-27.9492855],[134.0592004,-27.9170361],[134.0514815,-27.9015698],[134.0510833,-27.9007477],[134.050866,-27.9002993],[134.0388576,-27.876227],[134.0364941,-27.8692457],[134.0359578,-27.867632],[134.0336666,-27.860829],[134.0162308,-27.8090435],[134.012715,-27.7985869],[134.0118349,-27.7959687],[134.0118085,-27.7958904],[134.0036472,-27.7716127],[134.0027688,-27.76899],[134.0024872,-27.7683326],[134.0021841,-27.767706],[134.0015015,-27.7664742],[133.9981688,-27.7617796],[133.9916645,-27.7524331],[133.9796201,-27.7357455],[133.9791345,-27.7352672],[133.9786463,-27.7348185],[133.9780992,-27.7343686],[133.9775265,-27.7339246],[133.9751581,-27.732315],[133.9704126,-27.7291313],[133.9615131,-27.7231292],[133.9515572,-27.7164219],[133.9429744,-27.7106393],[133.9400487,-27.7086687],[133.9386915,-27.7077426],[133.9379565,-27.7071395],[133.9372431,-27.7064698],[133.9365336,-27.7056529],[133.935902,-27.7047885],[133.9353763,-27.7038624],[133.9350812,-27.7031998],[133.9348076,-27.7024613],[133.9346011,-27.7017299],[133.9344455,-27.7009889],[133.9343503,-27.7002622],[133.9343128,-27.6995688],[133.9343342,-27.6988373],[133.9343745,-27.698151],[133.9345555,-27.6952798],[133.9346594,-27.6938513],[133.9346863,-27.6931198],[133.9346594,-27.6924215],[133.9345696,-27.6916924],[133.9344408,-27.6909704],[133.9342477,-27.6902579],[133.9340057,-27.6895656],[133.9336932,-27.6888495],[133.9333237,-27.6881512],[133.9328785,-27.687466],[133.9323903,-27.6868022],[133.9312618,-27.6855755],[133.9301346,-27.6843629],[133.9256727,-27.6796505],[133.9216614,-27.6754248],[133.9215176,-27.6752733],[133.9168442,-27.6703499],[133.9061429,-27.6590381],[133.9059126,-27.6587953],[133.9032949,-27.6560316],[133.9031377,-27.6558657],[133.8893473,-27.6413046],[133.8892562,-27.6412084],[133.8824625,-27.6340344],[133.8823598,-27.6339259],[133.8816043,-27.6331281],[133.8780369,-27.6293504],[133.8779629,-27.629273],[133.8748831,-27.6260203],[133.874787,-27.6259183],[133.8692915,-27.6200997],[133.8691631,-27.6199661],[133.8668007,-27.6174773],[133.8666984,-27.6173645],[133.8608872,-27.6112171],[133.8602278,-27.6105222],[133.8579891,-27.6081629],[133.8567004,-27.6067315],[133.8566111,-27.6066323],[133.8552809,-27.6049294],[133.8460117,-27.5928098],[133.845933,-27.5927009],[133.829292,-27.5709384],[133.8291333,-27.5707382],[133.821166,-27.5603062],[133.8132034,-27.5498945],[133.8123026,-27.5487255],[133.8113645,-27.5475757],[133.8093737,-27.5453854],[133.8053564,-27.5409726],[133.7973513,-27.5321418],[133.7878649,-27.5217011],[133.7812495,-27.5145041],[133.7719723,-27.504195],[133.7628621,-27.4937908],[133.7541658,-27.4834405],[133.7524971,-27.4814327],[133.7522604,-27.4811563],[133.7453121,-27.4728693],[133.7316241,-27.4564988],[133.7247811,-27.4483372],[133.7179116,-27.4401515],[133.7066977,-27.4267508],[133.7010852,-27.4200489],[133.6997172,-27.4183382],[133.6984036,-27.4166037],[133.6957958,-27.4131153],[133.680805,-27.3931131],[133.673331,-27.3831153],[133.6658886,-27.3732146],[133.6594244,-27.3645665],[133.6561669,-27.3602323],[133.6529533,-27.3559323],[133.6392807,-27.3376718],[133.6338631,-27.3304213],[133.6318422,-27.3277034],[133.6293197,-27.3242858],[133.6264997,-27.3205653],[133.6249601,-27.3185056],[133.6247449,-27.3182085],[133.6230368,-27.3158584],[133.6164563,-27.3072289],[133.6112791,-27.3005615],[133.5971186,-27.2828976],[133.594345,-27.2794268],[133.5861463,-27.2694947],[133.5745709,-27.2549411],[133.5667582,-27.2452122],[133.5633667,-27.2409767],[133.5532009,-27.2282802],[133.542602,-27.2151517],[133.5284702,-27.1975509],[133.5212033,-27.1873826],[133.5150565,-27.178031],[133.5026481,-27.1600666],[133.4907568,-27.1422526],[133.4742708,-27.1185427],[133.4736603,-27.1176496],[133.4599378,-27.0975744],[133.4429459,-27.072311],[133.4126597,-27.0408626],[133.3901839,-27.0174371],[133.3824348,-27.0092064],[133.3741891,-27.0004477],[133.3717795,-26.9966349],[133.3710249,-26.9928527],[133.3705626,-26.9821008],[133.3705289,-26.9813171],[133.3703747,-26.9781749],[133.3701593,-26.9727188],[133.3700715,-26.9713333],[133.3699854,-26.9697144],[133.3695808,-26.9610633],[133.3694727,-26.9587508],[133.3678743,-26.9259826],[133.3677256,-26.9210416],[133.3674855,-26.915871],[133.3673528,-26.9130727],[133.3672428,-26.9117118],[133.367165,-26.9110289],[133.3670428,-26.9103556],[133.3658199,-26.9057897],[133.3645874,-26.9012382],[133.3605212,-26.8863852],[133.3584961,-26.8789689],[133.3579811,-26.8771028],[133.35767,-26.876141],[133.3573481,-26.8752725],[133.3559775,-26.8716282],[133.3539069,-26.8662117],[133.3528957,-26.8635055],[133.3526301,-26.8628212],[133.3523512,-26.8621584],[133.3520213,-26.8614872],[133.3516823,-26.860844],[133.3486605,-26.8554512],[133.3474349,-26.8532802],[133.3473569,-26.853142],[133.3456292,-26.8500594],[133.3446854,-26.8483847],[133.3437735,-26.846688],[133.3433913,-26.8458073],[133.3430533,-26.8449051],[133.3429031,-26.8444516],[133.3427757,-26.8440112],[133.3425153,-26.8431022],[133.3421761,-26.8418649],[133.338544,-26.8285751],[133.3363806,-26.8206736],[133.3342217,-26.8127771],[133.3336776,-26.810764],[133.3334872,-26.8099692],[133.3333826,-26.8093229],[133.3333279,-26.8087166],[133.3333075,-26.8079919],[133.3333397,-26.8073048],[133.3334228,-26.8066106],[133.333554,-26.8059403],[133.3336405,-26.8055852],[133.3338191,-26.8049766],[133.3341275,-26.8041483],[133.3350001,-26.8017769],[133.3359144,-26.799316],[133.3392287,-26.7904306],[133.3428913,-26.7807451],[133.359311,-26.7361172],[133.3668428,-26.7160091],[133.3682948,-26.712078],[133.3685691,-26.7114538],[133.3688588,-26.710862],[133.3692209,-26.7102654],[133.3695803,-26.7096999],[133.3699907,-26.7091632],[133.3704386,-26.7086553],[133.3709724,-26.7081329],[133.371541,-26.707625],[133.3760994,-26.7039015],[133.3851894,-26.696478],[133.3942694,-26.6890637],[133.3988177,-26.6853479],[133.4040018,-26.6811079],[133.4070096,-26.6786576],[133.4079722,-26.6778742],[133.4086695,-26.6772582],[133.4091469,-26.6767717],[133.4096029,-26.6762588],[133.4102171,-26.6754655],[133.4106382,-26.6747752],[133.4110299,-26.6740511],[133.4113597,-26.6732461],[133.4116333,-26.6724168],[133.4118265,-26.6715468],[133.4119498,-26.6706647],[133.4119847,-26.6698162],[133.4120035,-26.6689318],[133.412029,-26.6671437],[133.412147,-26.6601968],[133.4121752,-26.6588286],[133.4122717,-26.6576852],[133.4126687,-26.6552377],[133.4135163,-26.6502743],[133.4143639,-26.6453466],[133.4147769,-26.6428845],[133.4149003,-26.6416475],[133.414911,-26.6410193],[133.4148966,-26.6404133],[133.4148198,-26.6397031],[133.414726,-26.6390091],[133.4144698,-26.6376233],[133.4139709,-26.6348505],[133.4129557,-26.629312],[133.4119418,-26.6237732],[133.4109265,-26.6182205],[133.4078997,-26.6016752],[133.40697,-26.5965533],[133.4048872,-26.5851163],[133.404779,-26.5840742],[133.4047066,-26.5830379],[133.4045751,-26.5809619],[133.4043244,-26.5768012],[133.4038228,-26.5684831],[133.4033212,-26.5601776],[133.4028093,-26.5518015],[133.4027311,-26.5504247],[133.4026748,-26.5491098],[133.4027311,-26.5477589],[133.4028438,-26.5464321],[133.4033051,-26.5410764],[133.4042278,-26.530374],[133.4051545,-26.5196717],[133.4060852,-26.5089268],[133.4062716,-26.5067602],[133.4063736,-26.5046168],[133.4064299,-26.5003178],[133.4065318,-26.4917144],[133.4067464,-26.4744962],[133.4071595,-26.440037],[133.4072748,-26.4313842],[133.4073271,-26.427068],[133.4073758,-26.4227651],[133.4074062,-26.4207304],[133.4074062,-26.4186922],[133.4073677,-26.4176657],[133.4072533,-26.4146206],[133.4070069,-26.4077565],[133.406961,-26.4064793],[133.4063521,-26.3901878],[133.4051451,-26.3575847],[133.4049697,-26.3531125],[133.4026004,-26.2901772],[133.3990196,-26.1931203],[133.3983972,-26.1775333],[133.3978823,-26.1637937],[133.3976476,-26.1574946],[133.3975309,-26.1543443],[133.3974652,-26.152771],[133.3974518,-26.1519837],[133.3974706,-26.1511964],[133.3980339,-26.1435046],[133.3991027,-26.1295749],[133.4001738,-26.1155964],[133.4029361,-26.079098],[133.4040576,-26.0646501],[133.4052138,-26.0495741],[133.4068302,-26.0286976],[133.4084071,-26.0078402],[133.4084958,-26.0061749],[133.4085066,-26.0053215],[133.4084932,-26.0045043],[133.4083765,-26.0011667],[133.4081364,-25.9944851],[133.4076509,-25.9811258],[133.4074421,-25.9751628],[133.4074014,-25.973933],[133.4070434,-25.9642719],[133.4068758,-25.9593487],[133.406794,-25.9568877],[133.4068262,-25.9556481],[133.4069297,-25.9544262],[133.4148252,-25.8827227],[133.4152776,-25.8786429],[133.4153928,-25.8775636],[133.4154028,-25.8774855],[133.4157679,-25.8743698],[133.416166,-25.8706205],[133.4168665,-25.8644645],[133.4171203,-25.8620422],[133.4172036,-25.8613438],[133.4172762,-25.8606514],[133.4179915,-25.8539919],[133.4180132,-25.8537738],[133.4190285,-25.8444322],[133.4198848,-25.8366804],[133.4199123,-25.8364741],[133.4205433,-25.8307698],[133.4227686,-25.8194636],[133.4250417,-25.8082632],[133.4326968,-25.770668],[133.4341439,-25.7634715],[133.4348788,-25.7598915],[133.435147,-25.7580749],[133.4353423,-25.7562659],[133.4363553,-25.744895],[133.4366748,-25.7413406],[133.4366956,-25.7410991],[133.4378311,-25.7282573],[133.4384922,-25.7210696],[133.4393308,-25.7115335],[133.4399758,-25.7043046],[133.4406646,-25.6966212],[133.4412829,-25.6897527],[133.4421565,-25.6800544],[133.4428711,-25.6719877],[133.4438951,-25.6606474],[133.4449112,-25.6493451],[133.4461582,-25.6354339],[133.4469689,-25.6263107],[133.4483197,-25.6112856],[133.4491817,-25.6016488],[133.4500381,-25.5919937],[133.4528168,-25.5609192],[133.452973,-25.5596971],[133.4532037,-25.5585041],[133.4539595,-25.5561233],[133.4565827,-25.5471504],[133.4624164,-25.5279213],[133.465332,-25.5183097],[133.4682557,-25.508686],[133.4714152,-25.4982271],[133.4745535,-25.4878706],[133.4812844,-25.4656935],[133.4829407,-25.4601539],[133.4843663,-25.4545269],[133.4872081,-25.4433081],[133.4928756,-25.4209931],[133.4985861,-25.3983122],[133.5032242,-25.3800524],[133.5091754,-25.3564603],[133.5212937,-25.3085079],[133.5216985,-25.3068874],[133.5218755,-25.3060751],[133.5220205,-25.3052442],[133.5221464,-25.3037836],[133.5222349,-25.3023142],[133.5224067,-25.299388],[133.5226601,-25.2947701],[133.5229068,-25.2901624],[133.5230141,-25.2877809],[133.5229819,-25.2866071],[133.52288,-25.2854527],[133.5223987,-25.2808867],[133.5211381,-25.2688613],[133.5208818,-25.2665927],[133.5208067,-25.2655157],[133.5208377,-25.2644759],[133.5209294,-25.2638481],[133.5210125,-25.263329],[133.52116,-25.2627298],[133.521329,-25.2621816],[133.5219768,-25.2599111],[133.523359,-25.2553502],[133.5244525,-25.2516585],[133.5250077,-25.2497639],[133.5252759,-25.2488784],[133.5254181,-25.2484369],[133.5255696,-25.248039],[133.5259471,-25.2471547],[133.5263374,-25.2463493],[133.526521,-25.2459789],[133.5272306,-25.244548],[133.5289438,-25.2410859],[133.5297518,-25.2393209],[133.5300657,-25.2384111],[133.5303098,-25.2374819],[133.5312069,-25.2338232],[133.5330901,-25.2264915],[133.5355675,-25.2170359],[133.5376003,-25.2074019],[133.5393732,-25.1977308],[133.5402691,-25.1927991],[133.5406969,-25.1905079],[133.5409812,-25.1893987],[133.5413459,-25.1883206],[133.5442401,-25.1814884],[133.5446585,-25.1806728],[133.5451199,-25.179896],[133.5461498,-25.1783571],[133.5483009,-25.1752981],[133.5542419,-25.166712],[133.5556667,-25.1647176],[133.5569984,-25.1628574],[133.5578135,-25.161816],[133.558429,-25.1611823],[133.5591176,-25.160603],[133.5598318,-25.1600752],[133.5605934,-25.1595843],[133.5630629,-25.1582856],[133.5636971,-25.1579521],[133.5667424,-25.1563506],[133.5678357,-25.1558013],[133.5685952,-25.1554284],[133.5733727,-25.1529572],[133.574557,-25.1523204],[133.5805592,-25.1491853],[133.5838416,-25.1474115],[133.5931688,-25.142538],[133.5962293,-25.1409359],[133.5977046,-25.1401055],[133.5991315,-25.1392071],[133.6043792,-25.1358149],[133.6152885,-25.1286977],[133.6232028,-25.1236306],[133.6250312,-25.1224105],[133.6259673,-25.1216795],[133.6268672,-25.1209],[133.6285624,-25.1193603],[133.6302664,-25.1177424],[133.6307833,-25.1171673],[133.6312727,-25.1165771],[133.6320828,-25.1153531],[133.6327801,-25.1140028],[133.6333188,-25.1125937],[133.6346657,-25.1067409],[133.6353309,-25.1038215],[133.6356152,-25.1024662],[133.6356957,-25.1016452],[133.6356899,-25.1008675],[133.6355616,-25.0995806],[133.6353304,-25.0983025],[133.6345423,-25.0941834],[133.6344605,-25.0935155],[133.6344203,-25.0928402],[133.6344176,-25.0921382],[133.6344444,-25.0914945],[133.6346331,-25.0891256],[133.6346275,-25.0881204],[133.6345524,-25.087088],[133.6343968,-25.086092],[133.6339315,-25.0830749],[133.632996,-25.0770526],[133.6312857,-25.0649727],[133.6352848,-25.0192654],[133.6358647,-25.0072403],[133.6365106,-24.9949578],[133.6365607,-24.9934814],[133.63655,-24.9927229],[133.6365151,-24.9920155],[133.6364346,-24.9912497],[133.6363327,-24.9905106],[133.6360055,-24.9890301],[133.6346197,-24.9831012],[133.6342339,-24.9814934],[133.6338973,-24.9799349],[133.6337927,-24.9791326],[133.6337337,-24.9783473],[133.6337337,-24.9775376],[133.6337775,-24.9767433],[133.6339013,-24.9757749],[133.6340998,-24.9748412],[133.6343814,-24.9738979],[133.634722,-24.9729982],[133.6355348,-24.9713181],[133.6363631,-24.9696751],[133.6403945,-24.9616485],[133.641732,-24.9590689],[133.6432542,-24.9565484],[133.6461532,-24.9514351],[133.6463333,-24.9508604],[133.6465023,-24.9502549],[133.6466176,-24.949642],[133.6466977,-24.9490469],[133.646741,-24.9483871],[133.6467464,-24.9477597],[133.6467062,-24.9470909],[133.6466252,-24.946457],[133.6465264,-24.9459479],[133.6464044,-24.9454396],[133.6462435,-24.9449386],[133.6460698,-24.9444534],[133.6453107,-24.9425273],[133.6437953,-24.9386822],[133.6407324,-24.9308865],[133.6391017,-24.9267394],[133.6362021,-24.9193935],[133.6358627,-24.918511],[133.6355703,-24.9176255],[133.6353504,-24.9166987],[133.6352339,-24.9158031],[133.6352029,-24.9150081],[133.6352136,-24.9142905],[133.6353718,-24.9128285],[133.6355435,-24.9113689],[133.6356577,-24.909921],[133.6356347,-24.9089727],[133.635589,-24.9085695],[133.6355234,-24.9081358],[133.6353665,-24.9073671],[133.6351814,-24.906737],[133.6349389,-24.9060578],[133.6347013,-24.9055255],[133.6344465,-24.9050268],[133.6339583,-24.9041923],[133.6336364,-24.9037179],[133.6332904,-24.90328],[133.6325946,-24.9025132],[133.6312761,-24.9012],[133.6306136,-24.9005261],[133.6299741,-24.8998104],[133.6296507,-24.8993631],[133.6293369,-24.8988887],[133.6290633,-24.8983997],[133.6289507,-24.8981707],[133.6288555,-24.8979771],[133.6286697,-24.8975044],[133.6285,-24.8970275],[133.6284677,-24.896917],[133.6283686,-24.8965774],[133.6282667,-24.8961371],[133.6281594,-24.8954437],[133.6281072,-24.8947498],[133.6281305,-24.8938185],[133.6281815,-24.8933562],[133.628262,-24.8928939],[133.6283713,-24.8924365],[133.6285061,-24.8919815],[133.6286616,-24.8915411],[133.6288422,-24.8911197],[133.6292034,-24.8904195],[133.6296138,-24.8897553],[133.6300778,-24.8891324],[133.6306009,-24.8885387],[133.6312285,-24.8879645],[133.6319017,-24.8874171],[133.6332758,-24.8863776],[133.6387664,-24.8821633],[133.6420574,-24.8796352],[133.6427835,-24.8790857],[133.6434808,-24.8785115],[133.6441326,-24.8778837],[133.6447522,-24.8771975],[133.6452511,-24.8765283],[133.6457044,-24.8758202],[133.6460879,-24.8751121],[133.646448,-24.8743707],[133.6474083,-24.8724277],[133.6476332,-24.8719726],[133.651492,-24.8641646],[133.6529222,-24.8612484],[133.6543981,-24.85838],[133.6572118,-24.8527019],[133.6585319,-24.8500666],[133.6600692,-24.8472638],[133.6658439,-24.836777],[133.6688188,-24.8312881],[133.6688622,-24.8312104],[133.6702041,-24.8288061],[133.6716628,-24.8261235],[133.6731439,-24.8234464],[133.6738193,-24.8222212],[133.6744779,-24.8209829],[133.6747473,-24.8203065],[133.6749762,-24.8196276],[133.6751738,-24.818869],[133.6752476,-24.818477],[133.6753061,-24.8181044],[133.6753602,-24.8176006],[133.6753938,-24.8170662],[133.6754461,-24.8160035],[133.6755614,-24.813911],[133.6757957,-24.809847],[133.6758166,-24.8094357],[133.6762923,-24.8006808],[133.6767596,-24.7918897],[133.6768743,-24.7905028],[133.6770125,-24.7891453],[133.6773303,-24.7864448],[133.6776508,-24.7837028],[133.6779844,-24.7809911],[133.6788959,-24.7731689],[133.679259,-24.7700608],[133.6801618,-24.7623214],[133.6837941,-24.7314647],[133.6839542,-24.7304336],[133.6841612,-24.7296108],[133.6844502,-24.7287442],[133.6847173,-24.7280597],[133.6850068,-24.7274437],[133.685317,-24.7268576],[133.685845,-24.7259795],[133.6864289,-24.7251118],[133.6876662,-24.7232642],[133.688891,-24.7214217],[133.6960414,-24.7107018],[133.6996034,-24.7053582],[133.7014031,-24.7026607],[133.7022078,-24.7013229],[133.7025323,-24.7006443],[133.7028202,-24.6999506],[133.7030634,-24.6992334],[133.7032847,-24.6984731],[133.7034389,-24.6977165],[133.7035605,-24.6969654],[133.704621,-24.6865392],[133.7058127,-24.6746739],[133.7064028,-24.6687998],[133.7069883,-24.6628909],[133.7090694,-24.6418266],[133.7098022,-24.6345032],[133.7101073,-24.631864],[133.711521,-24.6179082],[133.7130825,-24.6033099],[133.7140478,-24.5933648],[133.7143024,-24.5907474],[133.7156606,-24.5780011],[133.7211952,-24.5223783],[133.7221311,-24.5130472],[133.722673,-24.50756],[133.7231859,-24.5034187],[133.7233261,-24.5006185],[133.7231482,-24.4985838],[133.7224379,-24.4942315],[133.7211464,-24.4871789],[133.7210921,-24.4868825],[133.7207793,-24.4851744],[133.7186714,-24.473662],[133.7176804,-24.4682225],[133.7157546,-24.4576516],[133.715734,-24.4575386],[133.7149229,-24.4530862],[133.7137778,-24.4467772],[133.7133406,-24.444475],[133.7125807,-24.4402662],[133.7116605,-24.4352895],[133.7115816,-24.4348535],[133.711508,-24.4344463],[133.7110614,-24.4319875],[133.7101288,-24.4269387],[133.709752,-24.4246334],[133.7096865,-24.4236713],[133.7097056,-24.4226377],[133.7099939,-24.4204171],[133.7104416,-24.4171668],[133.7107273,-24.4158273],[133.7109478,-24.4151247],[133.7112122,-24.4144578],[133.7117032,-24.4134359],[133.712335,-24.4124872],[133.7129387,-24.4116772],[133.7135861,-24.4108924],[133.7152591,-24.4087672],[133.7162959,-24.4074541],[133.7171595,-24.4060094],[133.7185102,-24.4038094],[133.719905,-24.401586],[133.7206024,-24.4004648],[133.7209484,-24.3998932],[133.7212565,-24.3993408],[133.7214848,-24.3988136],[133.7216887,-24.3983177],[133.7218684,-24.397795],[133.7220115,-24.3972708],[133.7222221,-24.3961691],[133.7222841,-24.395362],[133.7223458,-24.3937962],[133.7224527,-24.3914266],[133.7227063,-24.3861576],[133.7227719,-24.3830232],[133.7229202,-24.3812474],[133.7229335,-24.3810882],[133.7232771,-24.3772072],[133.7237317,-24.3733374],[133.7238617,-24.3722315],[133.7242702,-24.3680071],[133.7248731,-24.3617682],[133.7249395,-24.3602868],[133.7249127,-24.3595318],[133.7248576,-24.3587945],[133.7244503,-24.3553716],[133.7238782,-24.3501288],[133.7236407,-24.3481669],[133.7235348,-24.3471858],[133.7234918,-24.3466983],[133.7234785,-24.3462088],[133.7234597,-24.3454068],[133.7234885,-24.3446169],[133.7235361,-24.3439418],[133.7236018,-24.3432905],[133.7237051,-24.342621],[133.7238309,-24.3419744],[133.7246737,-24.3377713],[133.7270946,-24.3255863],[133.7282677,-24.3196637],[133.7283785,-24.3191043],[133.7291754,-24.3150805],[133.7302456,-24.3097739],[133.7307713,-24.3071315],[133.7310235,-24.3058164],[133.7312005,-24.30516],[133.7314049,-24.3045336],[133.7318241,-24.3035796],[133.732331,-24.3026654],[133.7335783,-24.3009053],[133.7360989,-24.2974321],[133.7374192,-24.2956225],[133.7379905,-24.2946887],[133.7384652,-24.2937181],[133.7392619,-24.291733],[133.7394818,-24.2912392],[133.7397205,-24.2907747],[133.740283,-24.289856],[133.7434857,-24.2855141],[133.7455275,-24.2828021],[133.7465092,-24.2814305],[133.7469383,-24.2807044],[133.7473051,-24.2799715],[133.7475499,-24.2793327],[133.7477725,-24.2786873],[133.7479442,-24.2780296],[133.7480729,-24.2773645],[133.7485469,-24.2747171],[133.7499478,-24.2669655],[133.7513633,-24.2591681],[133.7534078,-24.2478792],[133.7539188,-24.2450643],[133.7544512,-24.2422518],[133.755044,-24.2394319],[133.7552198,-24.2385724],[133.7553362,-24.2380031],[133.7556226,-24.2366028],[133.761097,-24.2101365],[133.7625106,-24.2032616],[133.763218,-24.1998316],[133.7635788,-24.1981142],[133.7637773,-24.1972567],[133.7639114,-24.1968273],[133.7640555,-24.1964145],[133.7643814,-24.1956346],[133.7645692,-24.1952554],[133.7647797,-24.1948859],[133.7650024,-24.1945238],[133.7652397,-24.1941703],[133.7654865,-24.1938229],[133.7657427,-24.1934859],[133.7661195,-24.1930461],[133.7665178,-24.1926191],[133.766959,-24.192213],[133.7674043,-24.1918228],[133.7692416,-24.1902716],[133.7728908,-24.1871832],[133.7736592,-24.1865281],[133.7744625,-24.1858552],[133.7760048,-24.1845168],[133.776674,-24.1838097],[133.7772654,-24.1830573],[133.7777871,-24.1822486],[133.7782256,-24.1814039],[133.7785126,-24.1807402],[133.7787567,-24.180066],[133.7792207,-24.1787141],[133.7801635,-24.1759919],[133.782045,-24.1705468],[133.7843082,-24.1639444],[133.7854488,-24.1606376],[133.7865351,-24.1573246],[133.7866659,-24.1567898],[133.7867799,-24.1562477],[133.7869717,-24.1551709],[133.7871658,-24.1540742],[133.7872373,-24.1536698],[133.7873539,-24.1530111],[133.7881082,-24.1487177],[133.789625,-24.140098],[133.7913256,-24.1304031],[133.7921772,-24.1255612],[133.7926063,-24.1231438],[133.7928182,-24.1219333],[133.7929161,-24.1213274],[133.7929939,-24.1207197],[133.7930569,-24.1200655],[133.7930891,-24.1194143],[133.7931173,-24.1181119],[133.7931682,-24.1155072],[133.7932808,-24.1102907],[133.7933265,-24.1080329],[133.7933721,-24.1057743],[133.7934619,-24.1012987],[133.7936242,-24.0923325],[133.7939889,-24.0743899],[133.7941901,-24.0637975],[133.7943028,-24.0584644],[133.7943229,-24.0571517],[133.7943618,-24.055834],[133.7944208,-24.055169],[133.7945039,-24.054515],[133.7947051,-24.0532163],[133.7958906,-24.0457916],[133.7964955,-24.0420782],[133.7966511,-24.0411498],[133.7968334,-24.0402251],[133.7970923,-24.0393102],[133.7973765,-24.0384044],[133.7991978,-24.0336205],[133.799453,-24.0329601],[133.8001393,-24.0311553],[133.8002172,-24.0309527],[133.8028558,-24.0240688],[133.8053649,-24.0174802],[133.8079284,-24.0108473],[133.8212289,-23.9763118],[133.8281206,-23.9603494],[133.8401202,-23.9350707],[133.8429352,-23.9290826],[133.8456853,-23.9230977],[133.845946,-23.9222312],[133.8460506,-23.9217935],[133.8461378,-23.9213559],[133.8461928,-23.920906],[133.8462236,-23.9204585],[133.8462438,-23.9200062],[133.8462413,-23.9195629],[133.8462089,-23.9189065],[133.8461351,-23.9182519],[133.8459796,-23.9169487],[133.8456376,-23.9143447],[133.8450512,-23.909743],[133.8450019,-23.9093562],[133.8435385,-23.8987402],[133.8427409,-23.8915494],[133.8418321,-23.8843802],[133.8411385,-23.8787612],[133.840825,-23.8764421],[133.8396623,-23.8680841],[133.8388376,-23.8611184],[133.838529,-23.858749],[133.83845,-23.8569972],[133.8386213,-23.8555187],[133.8390066,-23.85405],[133.8394935,-23.8521417],[133.8398931,-23.8505753],[133.8401047,-23.8497233],[133.8414894,-23.8443399],[133.8436382,-23.8359858],[133.843652,-23.8359321],[133.8458439,-23.8274837],[133.845889,-23.8273057],[133.8459386,-23.8271102],[133.8472224,-23.8220499],[133.8476921,-23.8203629],[133.8481521,-23.8184458],[133.8488183,-23.816579],[133.8496257,-23.8151138],[133.850588,-23.8137954],[133.8515622,-23.8128467],[133.8532915,-23.8113577],[133.8575288,-23.8077126],[133.8589686,-23.8062618],[133.8599701,-23.8048896],[133.8607305,-23.8032139],[133.8611938,-23.801518],[133.8614332,-23.7998336],[133.8617483,-23.7975008],[133.8622108,-23.7940191],[133.863111,-23.7872034],[133.8634938,-23.7842383],[133.8639945,-23.7807338],[133.8643224,-23.7782054],[133.8646877,-23.7755139],[133.8652914,-23.770989],[133.8658525,-23.7669048],[133.8663643,-23.7631564],[133.8663695,-23.7631264],[133.8665142,-23.7620532],[133.866902,-23.7607872],[133.867376,-23.7593889],[133.8681147,-23.7574029],[133.8693289,-23.7541469],[133.870662,-23.7505616],[133.8708983,-23.7496516],[133.8709557,-23.748904],[133.8709123,-23.7482455],[133.8708007,-23.747617],[133.8706502,-23.7471267],[133.8703831,-23.7465856],[133.8690291,-23.7443326],[133.8632478,-23.7350196],[133.8629743,-23.7345084],[133.862755,-23.7339714],[133.8625599,-23.7332663],[133.8625305,-23.7327993],[133.8625004,-23.7320095],[133.8625983,-23.7311813],[133.8627132,-23.7308261],[133.8628558,-23.7304528],[133.863158,-23.729864],[133.8646769,-23.7274046],[133.8651308,-23.7266643],[133.8653025,-23.726369],[133.8654258,-23.7261096],[133.8655233,-23.725854],[133.8656356,-23.7254728],[133.8657192,-23.7250981],[133.8659307,-23.7237103],[133.8659629,-23.7235105],[133.8660183,-23.7231647],[133.8660742,-23.7229],[133.8662284,-23.7222996],[133.8664085,-23.7217435],[133.8664901,-23.7214915],[133.8666851,-23.7210357],[133.8712807,-23.7117256],[133.8742992,-23.7056548],[133.8759155,-23.7018181],[133.8762362,-23.7011451],[133.8762437,-23.701128],[133.8762894,-23.7010086],[133.8763033,-23.7009744],[133.8763278,-23.700901],[133.8763701,-23.700784],[133.8763837,-23.7007392],[133.8764821,-23.7003636],[133.8765113,-23.7002161],[133.8765338,-23.7000542],[133.8765456,-23.6999176],[133.8765428,-23.6997441],[133.8765169,-23.6995849],[133.876467,-23.6993931],[133.8763943,-23.6992276],[133.8762725,-23.699008],[133.8761436,-23.6988351],[133.875995,-23.6986712],[133.8758328,-23.6985379],[133.8756663,-23.6984271],[133.8747654,-23.6979142],[133.8733624,-23.6971501],[133.8715774,-23.6961345],[133.8706225,-23.6955917],[133.8695429,-23.6949986],[133.8679928,-23.6941419],[133.867781,-23.6940154],[133.8675404,-23.6938818],[133.867369,-23.6937864],[133.8672085,-23.6936839],[133.8665738,-23.693212],[133.8654544,-23.6923867],[133.8638808,-23.6912264],[133.8632958,-23.690847],[133.8630169,-23.6906044],[133.8627933,-23.69044],[133.862537,-23.6902645],[133.8619651,-23.6898908],[133.8606706,-23.6891256],[133.8563157,-23.6861152],[133.8557818,-23.6856768],[133.8554128,-23.6852356],[133.855179,-23.684866],[133.8548856,-23.6841055],[133.8548067,-23.6835952],[133.8547812,-23.6830817],[133.8548771,-23.6824424],[133.8560253,-23.6778382],[133.856264,-23.6766306],[133.8561844,-23.6754855],[133.8558357,-23.6743005],[133.8517037,-23.6633988],[133.851357,-23.6623004],[133.8511183,-23.6612644],[133.851016,-23.6604732],[133.8504764,-23.6532518],[133.8502253,-23.6508282],[133.8501649,-23.6498155],[133.8501652,-23.6492272],[133.8502243,-23.6486569],[133.8503435,-23.6480804],[133.8506411,-23.6475772],[133.8509174,-23.6470575],[133.8512681,-23.6465013],[133.8519397,-23.6456602],[133.8527462,-23.6449896],[133.8531431,-23.6445891],[133.8596186,-23.6378655],[133.8644429,-23.6327966],[133.8664113,-23.6308306],[133.8675645,-23.6296788],[133.8688106,-23.6282172],[133.8696529,-23.6271021],[133.8713313,-23.6244599],[133.8718251,-23.6233968],[133.8722993,-23.6218308],[133.8730303,-23.6176399],[133.8733227,-23.6157166],[133.8732122,-23.613926],[133.8728222,-23.6123103],[133.8721462,-23.610904],[133.8703717,-23.6084876],[133.8697269,-23.6073246],[133.8691534,-23.6063022],[133.8688734,-23.6054882],[133.8685462,-23.603843],[133.8677705,-23.5993136],[133.8677055,-23.5988447],[133.8676857,-23.5983452],[133.8677276,-23.5974397],[133.8678279,-23.596659],[133.8679459,-23.5960932],[133.8689029,-23.5914801],[133.8690975,-23.5904483],[133.8691512,-23.5899395],[133.8691771,-23.5894311],[133.8691808,-23.5890585],[133.8691592,-23.5886637],[133.8691136,-23.5882409],[133.869001,-23.5874003],[133.8687783,-23.5856894],[133.8683155,-23.5821348],[133.8680178,-23.5798413],[133.8679656,-23.5792194],[133.8679701,-23.5786397],[133.8680139,-23.5780173],[133.8681036,-23.5774062],[133.868266,-23.576739],[133.8684448,-23.5761057],[133.8686013,-23.575709],[133.8690977,-23.5744546],[133.8719993,-23.5673754],[133.8727212,-23.5655836],[133.8730578,-23.5647419],[133.8733748,-23.5638931],[133.8735037,-23.5634328],[133.873615,-23.5629595],[133.8736955,-23.5624813],[133.8737456,-23.5620134],[133.8737726,-23.5615532],[133.8737726,-23.5610934],[133.8737458,-23.5606349],[133.8737022,-23.5601925],[133.873554,-23.5593982],[133.8734534,-23.5590196],[133.8733433,-23.5586509],[133.872805,-23.5571018],[133.8722675,-23.5556125],[133.8712044,-23.5525077],[133.8701125,-23.5493936],[133.8682703,-23.5440091],[133.8651143,-23.534644],[133.8616276,-23.5238895],[133.8585816,-23.5142949],[133.8571705,-23.5098874],[133.85527,-23.5039501],[133.8403178,-23.4573634],[133.8400487,-23.45652],[133.8390816,-23.4534971],[133.8389794,-23.4531767],[133.8378121,-23.4495176],[133.8376948,-23.4491497],[133.8356048,-23.4425978],[133.8354953,-23.4422546],[133.8225702,-23.4022311],[133.8223695,-23.4015893],[133.8074062,-23.3549543],[133.80732,-23.3546748],[133.7882873,-23.2951971],[133.7881862,-23.2948639],[133.7859473,-23.2879694],[133.7768181,-23.2595038],[133.7767135,-23.2591903],[133.7727922,-23.2467467],[133.7725923,-23.2460826],[133.7616046,-23.2121018],[133.7610376,-23.2097531],[133.7608068,-23.208382],[133.7608968,-23.2071383],[133.7609873,-23.2058162],[133.7609908,-23.2057534],[133.7609954,-23.2056702],[133.7614232,-23.1979493],[133.7629461,-23.1770235],[133.7629633,-23.1768],[133.7689522,-23.088405],[133.7689639,-23.0882426],[133.7689796,-23.0880451],[133.7692233,-23.0841523],[133.7692332,-23.0840041],[133.7729559,-23.0284999],[133.7734792,-23.0223634],[133.7741721,-23.0186809],[133.7747496,-23.0149663],[133.7772526,-23.0026149],[133.7772802,-23.0024683],[133.7790028,-22.9933067],[133.7831081,-22.9718593],[133.7963114,-22.9028943],[133.7963446,-22.9027336],[133.8015729,-22.8753597],[133.8041478,-22.8618709],[133.8054675,-22.8549159],[133.8068028,-22.8479827],[133.8380228,-22.6849523],[133.8519454,-22.6105616],[133.8582444,-22.57767],[133.8858636,-22.4372828],[133.9011338,-22.3526885],[133.9277364,-22.2123554],[133.9325733,-22.1864488],[133.9384652,-22.1557201],[133.9636588,-22.0218336],[133.9644981,-22.0173823],[133.9652398,-22.013519],[133.9667134,-22.0053939],[133.9680398,-21.9987343],[133.9680779,-21.9985173],[133.9681162,-21.9982992],[133.9684993,-21.9961192],[133.9688312,-21.9943456],[133.9694362,-21.992201],[133.9707109,-21.9888879],[133.9772939,-21.9712572],[133.9839594,-21.9534992],[133.9865846,-21.9466108],[133.9868988,-21.9458954],[133.9872775,-21.9452077],[133.987765,-21.9444238],[133.9881514,-21.9439113],[133.9885733,-21.9434226],[133.9890325,-21.9429336],[133.9895226,-21.9424731],[133.9899351,-21.9421225],[133.9903658,-21.9418032],[133.9909516,-21.9413985],[133.9915695,-21.9410336],[133.992164,-21.940728],[133.9927758,-21.9404606],[133.994936,-21.939652],[133.9971177,-21.9388494],[133.9996942,-21.9378973],[134.0165064,-21.9316742],[134.0265095,-21.9280078],[134.0504098,-21.9190901],[134.0571241,-21.9167723],[134.0606667,-21.9151607],[134.0626088,-21.9140652],[134.1110833,-21.8872186],[134.1386779,-21.8720057],[134.1401348,-21.8712242],[134.1408885,-21.8708085],[134.1415617,-21.8704053],[134.1422457,-21.8699099],[134.1429055,-21.8693524],[134.1434607,-21.8687973],[134.143986,-21.8682273],[134.1445591,-21.8674655],[134.1450647,-21.8666565],[134.1454817,-21.8658301],[134.1456628,-21.8654069],[134.1458259,-21.8649837],[134.1460128,-21.8643739],[134.1461711,-21.863769],[134.1464393,-21.8625418],[134.1469999,-21.8600724],[134.148087,-21.8551832],[134.1498913,-21.8469654],[134.1517206,-21.8387694],[134.1553719,-21.8223737],[134.1557063,-21.8210814],[134.156173,-21.8197915],[134.1567524,-21.8185415],[134.15738,-21.8173314],[134.1599102,-21.8124532],[134.1653183,-21.8019321],[134.165477,-21.8016086],[134.1742266,-21.7846311],[134.1816915,-21.7700975],[134.182334,-21.768851],[134.1853183,-21.7629943],[134.1906886,-21.7526722],[134.197105,-21.7402019],[134.1994079,-21.7356051],[134.2101967,-21.714508],[134.2122888,-21.710537],[134.2136814,-21.7076832],[134.2140012,-21.7064327],[134.2140878,-21.7057332],[134.2142211,-21.7049222],[134.2142611,-21.7036284],[134.2140478,-21.7023098],[134.2137747,-21.7011707],[134.2135015,-21.7002359],[134.2128085,-21.6989297],[134.2118557,-21.697351],[134.2100034,-21.6945651],[134.2093571,-21.6931783],[134.2088707,-21.6918596],[134.2085909,-21.6907576],[134.2085043,-21.6891107],[134.2086242,-21.6875939],[134.2091506,-21.6835138],[134.2099378,-21.6787813],[134.2101096,-21.6774627],[134.2107379,-21.67337],[134.2107501,-21.6733001],[134.2109717,-21.6717184],[134.211027,-21.6713411],[134.2118606,-21.6656617],[134.2121226,-21.6638322],[134.2123221,-21.6620278],[134.214375,-21.6476543],[134.2150912,-21.6430649],[134.2152043,-21.6406475],[134.2150912,-21.6391235],[134.2141489,-21.6334477],[134.2135835,-21.6298039],[134.2115105,-21.6166293],[134.2098521,-21.606327],[134.2093244,-21.603436],[134.2091736,-21.6017188],[134.2092679,-21.6003171],[134.2096448,-21.5990204],[134.2102667,-21.597496],[134.2116465,-21.5950932],[134.2118658,-21.5947132],[134.2142997,-21.5903816],[134.2193691,-21.5816722],[134.2255694,-21.5711221],[134.2312984,-21.5611496],[134.2347625,-21.5553774],[134.2359017,-21.5534047],[134.2370391,-21.5514154],[134.2374305,-21.5505957],[134.2377686,-21.5497515],[134.2380246,-21.5489666],[134.2382312,-21.5481346],[134.2383812,-21.5473089],[134.2384565,-21.546639],[134.2385048,-21.5459704],[134.238578,-21.5446233],[134.2387802,-21.5418161],[134.239609,-21.5271634],[134.2398486,-21.5229031],[134.2401097,-21.5186631],[134.2406346,-21.5095186],[134.2411301,-21.5009847],[134.2421909,-21.4828783],[134.2424878,-21.4777744],[134.2427831,-21.4726592],[134.2431088,-21.4672012],[134.2434265,-21.4617529],[134.2438873,-21.4539329],[134.2441562,-21.4491617],[134.2444361,-21.4444084],[134.2446363,-21.4409557],[134.2448451,-21.4374447],[134.2451245,-21.4326244],[134.2454293,-21.4274492],[134.2456719,-21.4233978],[134.246019,-21.417411],[134.2463503,-21.4117672],[134.2469318,-21.4016822],[134.24712,-21.3986025],[134.2472419,-21.395531],[134.2477507,-21.3877926],[134.2480711,-21.3813875],[134.2481653,-21.3795624],[134.2480145,-21.3779304],[134.2476941,-21.3755437],[134.2473361,-21.3732272],[134.245998,-21.3644697],[134.2449397,-21.3570932],[134.2448026,-21.356152],[134.2446223,-21.3552027],[134.243925,-21.3529034],[134.2432843,-21.3508849],[134.242587,-21.3486557],[134.2407778,-21.3432143],[134.238554,-21.3362631],[134.236726,-21.3305229],[134.2343326,-21.3231497],[134.2317696,-21.3151091],[134.2311227,-21.3129434],[134.2309939,-21.3125513],[134.2304354,-21.3108102],[134.2301805,-21.3099511],[134.2299698,-21.309087],[134.229805,-21.3082681],[134.229686,-21.3074467],[134.2293008,-21.3002555],[134.2291009,-21.2944526],[134.2288577,-21.2886465],[134.2287879,-21.2867465],[134.2287741,-21.2865089],[134.2281889,-21.2753206],[134.227933,-21.2665404],[134.2279257,-21.2663152],[134.2264928,-21.2322014],[134.2258897,-21.2185516],[134.225494,-21.2075712],[134.2248909,-21.1935414],[134.2246533,-21.1875809],[134.2243798,-21.1803227],[134.2242313,-21.1783681],[134.2212433,-21.1479215],[134.220044,-21.1355671],[134.2182583,-21.1170212],[134.2164993,-21.0983238],[134.2142872,-21.076416],[134.2126614,-21.0602504],[134.2097831,-21.0315708],[134.2065315,-20.9987056],[134.2042608,-20.9743071],[134.2040664,-20.972329],[134.2040126,-20.9717836],[134.2039591,-20.9709167],[134.2039056,-20.969683],[134.2038834,-20.9684405],[134.2038384,-20.9631474],[134.2038806,-20.9615339],[134.2039022,-20.9552186],[134.2039022,-20.945188],[134.2038755,-20.9323936],[134.2038222,-20.8699743],[134.2038222,-20.8450193],[134.2037956,-20.8307965],[134.2038489,-20.8184408],[134.2037491,-20.7898791],[134.2037156,-20.7754371],[134.203689,-20.7727458],[134.203529,-20.7692322],[134.2032149,-20.7654463],[134.203007,-20.7629625],[134.2029527,-20.7623137],[134.2022064,-20.7538815],[134.2019643,-20.7504547],[134.2018148,-20.748657],[134.2016334,-20.7468782],[134.2014958,-20.7447641],[134.2014514,-20.743816],[134.2014403,-20.7429714],[134.2014804,-20.7417488],[134.2016105,-20.7396597],[134.2019932,-20.7329141],[134.2023084,-20.7284166],[134.2026068,-20.7238194],[134.2031192,-20.7152656],[134.2035723,-20.7090707],[134.2040787,-20.7001082],[134.2051981,-20.6824185],[134.2062641,-20.6646768],[134.206396,-20.6631166],[134.2064229,-20.6628606],[134.2064912,-20.6617543],[134.206507,-20.6604574],[134.2064485,-20.6593027],[134.206329,-20.6584009],[134.2061976,-20.6575576],[134.2061493,-20.6573217],[134.2059187,-20.6563844],[134.205821,-20.6560216],[134.2054646,-20.654951],[134.2049342,-20.6535996],[134.2048699,-20.653424],[134.204371,-20.6521364],[134.2042044,-20.6517188],[134.1994812,-20.6395756],[134.1913256,-20.6188024],[134.1911526,-20.6183617],[134.1903072,-20.6161812],[134.1901221,-20.6157038],[134.1870615,-20.6078097],[134.184423,-20.6010865],[134.1839166,-20.5993901],[134.1835835,-20.5971947],[134.183434,-20.5960551],[134.1834369,-20.5953485],[134.1834102,-20.5938266],[134.1834902,-20.5922299],[134.1837167,-20.5906706],[134.1842498,-20.5885998],[134.1848977,-20.5864219],[134.1884874,-20.5758625],[134.1893536,-20.5733424],[134.18978,-20.5724192],[134.1904996,-20.5711466],[134.1914857,-20.5697119],[134.1942175,-20.566181],[134.1967494,-20.5628872],[134.1982819,-20.5606288],[134.1987617,-20.5595683],[134.1991081,-20.558383],[134.1991957,-20.5579318],[134.1993213,-20.557179],[134.1993901,-20.5566042],[134.1994761,-20.5556661],[134.1995605,-20.5544167],[134.2001875,-20.5471905],[134.2007072,-20.5384431],[134.2012936,-20.5320662],[134.2017205,-20.5261477],[134.2019411,-20.5246096],[134.202083,-20.5240301],[134.2022453,-20.5234715],[134.2025256,-20.5227365],[134.2028368,-20.5220275],[134.2033356,-20.5210858],[134.203698,-20.5203791],[134.2040122,-20.51979],[134.2042395,-20.5193716],[134.2044812,-20.5189779],[134.2048095,-20.5184811],[134.2051759,-20.5180123],[134.2053808,-20.5177664],[134.2055874,-20.517536],[134.2059575,-20.5171472],[134.2063404,-20.5167737],[134.2068198,-20.5163597],[134.2073175,-20.5159803],[134.2078972,-20.5156045],[134.208236,-20.515395],[134.2085753,-20.515204],[134.2090353,-20.5149667],[134.2095022,-20.5147475],[134.2099754,-20.514546],[134.2104489,-20.5143665],[134.213677,-20.5134083],[134.2176154,-20.5122258],[134.2300953,-20.5085804],[134.2361248,-20.5068138],[134.2370456,-20.506458],[134.2379397,-20.506032],[134.2384377,-20.5057395],[134.2389288,-20.5054257],[134.2395052,-20.5050072],[134.2400507,-20.5045605],[134.2405929,-20.5040487],[134.2411059,-20.5035008],[134.2415021,-20.5030137],[134.2418893,-20.5025137],[134.2424007,-20.501696],[134.2428388,-20.5008423],[134.2431732,-20.5000642],[134.243499,-20.4992828],[134.2439706,-20.4981215],[134.2446725,-20.4963924],[134.2454022,-20.4947109],[134.2462684,-20.4924016],[134.2490669,-20.4843252],[134.2497332,-20.4824402],[134.2499997,-20.4814041],[134.2500796,-20.4804928],[134.2501729,-20.4790696],[134.2501898,-20.478562],[134.2502028,-20.478062],[134.2501596,-20.4753744],[134.2500263,-20.4738014],[134.2497865,-20.4719787],[134.2490136,-20.4653907],[134.2485633,-20.4618699],[134.2473611,-20.4517154],[134.2456518,-20.4373276],[134.2451078,-20.4328854],[134.2449041,-20.4316767],[134.2428837,-20.4148526],[134.241671,-20.4047363],[134.2373134,-20.3695987],[134.2330486,-20.3359884],[134.2329905,-20.3355308],[134.2323448,-20.3304411],[134.2321046,-20.3286038],[134.2319698,-20.3279303],[134.2315567,-20.3265682],[134.2309836,-20.3252936],[134.2306905,-20.3245939],[134.2303307,-20.324094],[134.2277454,-20.3200827],[134.2063553,-20.2877121],[134.2055978,-20.2866757],[134.2049449,-20.2853883],[134.2044651,-20.2840633],[134.204132,-20.2823134],[134.2038521,-20.2802884],[134.2032525,-20.2743384],[134.2021997,-20.2619377],[134.2012403,-20.2514487],[134.2001742,-20.2388711],[134.1995079,-20.2313065],[134.1985484,-20.2209156],[134.1975223,-20.2096736],[134.1972409,-20.2063398],[134.1965629,-20.1983057],[134.1958186,-20.1903507],[134.1951656,-20.1844598],[134.1947125,-20.1795068],[134.194366,-20.1756043],[134.193753,-20.1694376],[134.1931934,-20.1645341],[134.1927269,-20.159693],[134.192202,-20.1550291],[134.192034,-20.1531004],[134.1918874,-20.1485091],[134.191421,-20.137362],[134.1911412,-20.1288666],[134.1909679,-20.1226105],[134.1905015,-20.112888],[134.1901585,-20.1030703],[134.189994,-20.1003138],[134.1894488,-20.0934412],[134.1886892,-20.0833665],[134.1879696,-20.0738419],[134.1870741,-20.0622145],[134.1868369,-20.0591345],[134.1844649,-20.0283008],[134.1806657,-19.9793216],[134.1799144,-19.9701086],[134.1787799,-19.956372],[134.1785595,-19.953644],[134.1785962,-19.9520556],[134.1787309,-19.9499952],[134.1790371,-19.9477391],[134.1795024,-19.9464959],[134.1808494,-19.9438139],[134.1866293,-19.9332348],[134.1889069,-19.9288833],[134.1900947,-19.9265463],[134.1905356,-19.9252454],[134.1907682,-19.9243589],[134.1909029,-19.9230119],[134.1909519,-19.9219528],[134.1905601,-19.9157358],[134.1890539,-19.8937672],[134.187533,-19.8715679],[134.1872011,-19.8672275],[134.1869899,-19.862985],[134.1869802,-19.8627894],[134.1869659,-19.8625025],[134.1865186,-19.8569032],[134.1851067,-19.8366944],[134.1845222,-19.8284137],[134.1830521,-19.8072186],[134.182341,-19.7948594],[134.1812219,-19.7784389],[134.1808109,-19.7724381],[134.1802644,-19.7645412],[134.1800471,-19.7613392],[134.1798011,-19.7576512],[134.1795655,-19.7542453],[134.1794329,-19.7523438],[134.1794323,-19.7523352],[134.1791454,-19.7481393],[134.179135,-19.7479578],[134.1790383,-19.7464738],[134.178962,-19.7454032],[134.178954,-19.7452901],[134.178803,-19.7431119],[134.1786955,-19.7414971],[134.1784725,-19.7384105],[134.1784623,-19.7382378],[134.1783551,-19.7366108],[134.178343,-19.7364342],[134.1774223,-19.7229462],[134.1766777,-19.7119745],[134.1763252,-19.7076284],[134.1763058,-19.7072483],[134.1763,-19.7070707],[134.1760278,-19.7020448],[134.1757726,-19.6981929],[134.1757533,-19.6978694],[134.1756097,-19.695798],[134.1755573,-19.6948597],[134.1754971,-19.6941103],[134.1753389,-19.6913138],[134.1753188,-19.6909572],[134.1752656,-19.6905233],[134.1752014,-19.6901173],[134.1751102,-19.6896391],[134.174985,-19.689147],[134.1748713,-19.6887753],[134.1746489,-19.6881789],[134.1743361,-19.6875324],[134.1740106,-19.6869084],[134.17389,-19.6867146],[134.1736906,-19.6863903],[134.1734119,-19.6859594],[134.1732911,-19.6858032],[134.1726737,-19.6850478],[134.1722822,-19.6846268],[134.171904,-19.6842474],[134.1712311,-19.6835722],[134.1700561,-19.6823931],[134.169542,-19.6818814],[134.1691197,-19.6814553],[134.1688207,-19.681162],[134.1677344,-19.6800611],[134.1669435,-19.6792537],[134.166295,-19.6786274],[134.1650326,-19.677361],[134.1639437,-19.6762797],[134.1635965,-19.6759385],[134.1613451,-19.6736685],[134.1603137,-19.6726746],[134.1580217,-19.6703601],[134.1562516,-19.6685806],[134.1545104,-19.6668504],[134.1519151,-19.6642548],[134.1511455,-19.6634863],[134.1500497,-19.6623856],[134.1492646,-19.6616029],[134.1486342,-19.6609818],[134.1481298,-19.660417],[134.1476053,-19.6597966],[134.1471373,-19.6591983],[134.146691,-19.658549],[134.1459413,-19.6573341],[134.1449803,-19.6557556],[134.1442441,-19.6545427],[134.1434662,-19.6532601],[134.1427213,-19.6520426],[134.1422798,-19.6513134],[134.1415651,-19.6501334],[134.1408132,-19.6489012],[134.1402973,-19.6480434],[134.1393576,-19.6465032],[134.138416,-19.6449575],[134.1377325,-19.6438362],[134.137162,-19.6429115],[134.1370461,-19.642702],[134.136503,-19.6418052],[134.1358749,-19.6407683],[134.1353952,-19.6399967],[134.1346653,-19.638779],[134.1334443,-19.6367599],[134.1321782,-19.6346865],[134.1315663,-19.6336954],[134.1305796,-19.6320521],[134.1294016,-19.6301398],[134.1281562,-19.6280811],[134.1271238,-19.6263754],[134.1261953,-19.6248491],[134.125429,-19.6235913],[134.1245797,-19.6221929],[134.1237391,-19.6208087],[134.1231326,-19.6197971],[134.1224991,-19.6187553],[134.1219479,-19.617883],[134.1210725,-19.6166212],[134.1205106,-19.6158783],[134.1195933,-19.6147602],[134.1186575,-19.6136339],[134.1175645,-19.6123126],[134.1165343,-19.6110833],[134.1154579,-19.6097817],[134.1136073,-19.6075772],[134.1125554,-19.6063067],[134.1112157,-19.60469],[134.1095241,-19.6026522],[134.1084034,-19.6013125],[134.1082895,-19.6011763],[134.1074672,-19.6001933],[134.1063013,-19.5987869],[134.1046276,-19.5967682],[134.103714,-19.5956684],[134.1026505,-19.5944066],[134.1025068,-19.5942341],[134.1023743,-19.5940753],[134.1014358,-19.5929394],[134.1006596,-19.5920118],[134.0993637,-19.5904429],[134.0983786,-19.589256],[134.0982467,-19.5890971],[134.0980149,-19.5888177],[134.0963446,-19.586817],[134.0940045,-19.5840044],[134.0931824,-19.5830174],[134.09305,-19.5828585],[134.0921153,-19.5817363],[134.0919731,-19.5815656],[134.091374,-19.5808462],[134.089649,-19.5787691],[134.0885981,-19.577514],[134.0884357,-19.57732],[134.0883727,-19.5772447],[134.0871494,-19.5757787],[134.0861672,-19.5745845],[134.0860695,-19.5744674],[134.0859917,-19.5743743],[134.0847846,-19.5729281],[134.0846902,-19.5728149],[134.0836539,-19.5715708],[134.082575,-19.5701992],[134.0818874,-19.5692767],[134.0815236,-19.5687946],[134.0797262,-19.5664058],[134.0789397,-19.5653409],[134.0783015,-19.5645123],[134.0752728,-19.5604516],[134.0749716,-19.5600336],[134.0748804,-19.5599123],[134.074061,-19.5588195],[134.0738515,-19.5585536],[134.0738013,-19.5584899],[134.0714586,-19.5553686],[134.0710037,-19.5547652],[134.0707726,-19.5544587],[134.0701206,-19.5535835],[134.0697482,-19.5530852],[134.0697095,-19.5530335],[134.0686546,-19.5516222],[134.0670067,-19.5494241],[134.0669446,-19.5493411],[134.0668669,-19.5492375],[134.0657851,-19.5477922],[134.0655753,-19.5475124],[134.0654986,-19.5474103],[134.0637021,-19.545015],[134.0636235,-19.5449103],[134.0625894,-19.5435314],[134.0615819,-19.5421777],[134.0598845,-19.5399106],[134.0585248,-19.5380996],[134.0584244,-19.5379654],[134.0583016,-19.5378014],[134.0578145,-19.5371506],[134.0573232,-19.5364995],[134.0571995,-19.5363356],[134.0568654,-19.5358927],[134.0559876,-19.5347276],[134.0543597,-19.5325478],[134.052892,-19.5305736],[134.0512651,-19.528409],[134.0504853,-19.5273721],[134.049368,-19.5259205],[134.0472481,-19.5230991],[134.0461464,-19.5216094],[134.0448446,-19.5198615],[134.0435917,-19.5182075],[134.0427792,-19.5171378],[134.0412621,-19.5152964],[134.0398897,-19.5137092],[134.0377454,-19.5111822],[134.0349797,-19.507935],[134.0322998,-19.5047739],[134.0294585,-19.5014483],[134.0280328,-19.4997747],[134.0269424,-19.4984947],[134.0256718,-19.496999],[134.0249889,-19.4961959],[134.0237007,-19.4946802],[134.0221096,-19.492816],[134.0202594,-19.4906484],[134.0185986,-19.4887022],[134.0173609,-19.4872405],[134.0149844,-19.4844422],[134.0138985,-19.4831605],[134.0128289,-19.4819072],[134.0113592,-19.4801853],[134.0093517,-19.4778306],[134.0078153,-19.4760165],[134.0058369,-19.4736948],[134.0047555,-19.4724158],[134.0037447,-19.4712298],[134.002566,-19.4698596],[134.0009343,-19.4679269],[133.9999074,-19.4667273],[133.9987569,-19.4653711],[133.9969547,-19.4632558],[133.9950602,-19.4610219],[133.9944015,-19.4602026],[133.9939542,-19.459601],[133.9934261,-19.4588482],[133.9927717,-19.457837],[133.9923028,-19.4570257],[133.9916414,-19.4558004],[133.9912424,-19.4550584],[133.9907672,-19.454183],[133.9901815,-19.4530801],[133.9896587,-19.452082],[133.9891841,-19.4511903],[133.9885064,-19.4499037],[133.9878503,-19.4486777],[133.987411,-19.447848],[133.9867752,-19.4466659],[133.9862095,-19.4456043],[133.9854622,-19.4441987],[133.9847988,-19.4429363],[133.9841119,-19.4416582],[133.9836396,-19.4407675],[133.9832747,-19.4400834],[133.983,-19.439564],[133.9827314,-19.4390717],[133.9824152,-19.4384758],[133.9819505,-19.4376017],[133.9815949,-19.4369377],[133.9811385,-19.4360727],[133.9806652,-19.4351891],[133.9801794,-19.4342845],[133.9794493,-19.4329041],[133.976297,-19.4268133],[133.9739783,-19.4225253],[133.9728009,-19.4203044],[133.9719857,-19.4186985],[133.9712973,-19.4174513],[133.9705546,-19.4164433],[133.9697214,-19.4154012],[133.9690511,-19.4146836],[133.967928,-19.413761],[133.9664064,-19.4127018],[133.9629102,-19.4107541],[133.9555375,-19.4066023],[133.9404116,-19.3980764],[133.9387994,-19.397017],[133.9366075,-19.3951033],[133.931626,-19.3904044],[133.9300138,-19.3887811],[133.9189137,-19.3780698],[133.9172161,-19.3764712],[133.916291,-19.3755902],[133.9153578,-19.3746719],[133.9146145,-19.3738565],[133.9131255,-19.3719051],[133.9111975,-19.3691884],[133.9092397,-19.3664445],[133.906173,-19.3621404],[133.9042184,-19.3593904],[133.9022636,-19.3566567],[133.9000447,-19.3535574],[133.8983765,-19.3512165],[133.8967453,-19.3488961],[133.8953483,-19.346932],[133.89392,-19.3449531],[133.8927627,-19.3433459],[133.8916835,-19.3417856],[133.8900761,-19.3395624],[133.8894555,-19.3386892],[133.8888274,-19.3378252],[133.8879777,-19.3366662],[133.8871213,-19.3357228],[133.8865802,-19.3352117],[133.8860419,-19.3347529],[133.8851472,-19.3340724],[133.8845685,-19.3336931],[133.8839181,-19.3333089],[133.8816629,-19.3321097],[133.8778174,-19.3300789],[133.8739802,-19.3280564],[133.8718307,-19.3269126],[133.8696635,-19.3257584],[133.8653801,-19.3235107],[133.8621533,-19.3217972],[133.8589179,-19.3200901],[133.8548925,-19.3179651],[133.850945,-19.3158774],[133.8469478,-19.3137582],[133.8449469,-19.3127026],[133.8439277,-19.3121685],[133.8429685,-19.3116697],[133.8395565,-19.3098515],[133.8376674,-19.30885],[133.8367179,-19.3083513],[133.8362029,-19.308083],[133.8357557,-19.3078337],[133.8350227,-19.3074577],[133.8338011,-19.3067811],[133.8330164,-19.3062984],[133.8322921,-19.3057529],[133.8319462,-19.3054402],[133.8315842,-19.3050985],[133.8309819,-19.3044835],[133.8305906,-19.3039826],[133.8301653,-19.3033847],[133.829756,-19.3027563],[133.8265861,-19.2976313],[133.8257289,-19.296208],[133.8253024,-19.295522],[133.8248356,-19.2948277],[133.8243449,-19.2941347],[133.8238339,-19.2934628],[133.8226066,-19.291865],[133.8216685,-19.2907092],[133.8190401,-19.2873807],[133.8157082,-19.2831195],[133.8123371,-19.2788627],[133.808239,-19.2735789],[133.8066545,-19.271646],[133.8059074,-19.2706983],[133.8051676,-19.2697561],[133.8034612,-19.2675638],[133.8025439,-19.266394],[133.8016638,-19.2652842],[133.7999368,-19.2630821],[133.7981669,-19.2608624],[133.7966698,-19.2589548],[133.7959081,-19.2579926],[133.795159,-19.2570274],[133.7936068,-19.2550756],[133.7921224,-19.253177],[133.7905839,-19.2512165],[133.7890523,-19.2492734],[133.7882745,-19.2482943],[133.7875025,-19.2473068],[133.786743,-19.2463318],[133.7861314,-19.2454658],[133.785823,-19.2449973],[133.7854855,-19.2444914],[133.7843612,-19.2425941],[133.7838033,-19.2416191],[133.7832313,-19.2406359],[133.781518,-19.2377192],[133.7806544,-19.2362479],[133.7798694,-19.2347963],[133.7780621,-19.2313334],[133.7770602,-19.2294025],[133.7765184,-19.2283844],[133.7760344,-19.2274476],[133.7733537,-19.2223145],[133.7705259,-19.2168937],[133.7690837,-19.2141281],[133.7679005,-19.2118661],[133.767305,-19.2107263],[133.7667076,-19.2095807],[133.7648508,-19.2060101],[133.763904,-19.2042092],[133.7634292,-19.2033049],[133.7629945,-19.202439],[133.7616429,-19.1998575],[133.7602207,-19.1971275],[133.7593228,-19.1953993],[133.7583998,-19.1936359],[133.7574828,-19.1918834],[133.7566157,-19.1902089],[133.7562248,-19.189368],[133.7558788,-19.1885244],[133.7555864,-19.1876327],[133.7553209,-19.1867549],[133.7547255,-19.1846511],[133.754417,-19.183539],[133.754126,-19.1824844],[133.7531081,-19.1788651],[133.7525904,-19.1770436],[133.752083,-19.1752347],[133.7509394,-19.1711693],[133.7505085,-19.1697004],[133.7497821,-19.167115],[133.7494817,-19.16579],[133.7492189,-19.1644573],[133.7483051,-19.1591706],[133.7478757,-19.1566252],[133.7473538,-19.1535455],[133.7464119,-19.1486035],[133.7453021,-19.1415854],[133.7437386,-19.1326767],[133.7427261,-19.1268408],[133.7405192,-19.1140075],[133.7379597,-19.1003777],[133.7342284,-19.0795439],[133.7323628,-19.0689648],[133.7314414,-19.0636212],[133.7285406,-19.045342],[133.7233305,-19.0162203],[133.7215445,-19.005551],[133.7187006,-18.9887929],[133.7184048,-18.9870073],[133.7176654,-18.9845225],[133.7156519,-18.9785307],[133.714719,-18.9758199],[133.7124024,-18.9687988],[133.710056,-18.9618181],[133.7097596,-18.9609481],[133.7094404,-18.9600856],[133.7090662,-18.9592371],[133.708688,-18.9584101],[133.7070514,-18.9550528],[133.7058876,-18.9526496],[133.6949821,-18.9303416],[133.6863479,-18.912532],[133.6830831,-18.9058489],[133.6817863,-18.9031692],[133.6796249,-18.8987889],[133.6673618,-18.8733336],[133.6648941,-18.8685527],[133.662402,-18.8632366],[133.6537176,-18.845327],[133.6459995,-18.8294538],[133.6371464,-18.8111524],[133.6316182,-18.7998899],[133.6239002,-18.7839872],[133.6181183,-18.7721287],[133.6166599,-18.7691267],[133.6088379,-18.7530244],[133.6010397,-18.7367505],[133.5975012,-18.7296942],[133.5928943,-18.7201842],[133.5886614,-18.7115337],[133.5857009,-18.7053073],[133.5829963,-18.6997226],[133.5809378,-18.695489],[133.576571,-18.6865084],[133.5708624,-18.6749066],[133.5687685,-18.6704903],[133.5673858,-18.668151],[133.5638302,-18.6627239],[133.5582598,-18.6542834],[133.5475536,-18.6381873],[133.5453017,-18.6349118],[133.5395733,-18.6263576],[133.5367043,-18.6219195],[133.5357214,-18.6205735],[133.5330942,-18.6155754],[133.5272078,-18.6045865],[133.5157114,-18.5826816],[133.5083435,-18.5689006],[133.4997508,-18.5526279],[133.4913952,-18.5369343],[133.4856865,-18.526034],[133.4771531,-18.5097385],[133.4704568,-18.4974128],[133.4671778,-18.4909873],[133.4634642,-18.4839247],[133.4622,-18.4813581],[133.4590197,-18.4736018],[133.4517505,-18.4554838],[133.4422295,-18.4317045],[133.4310886,-18.4039485],[133.4257948,-18.3907343],[133.4187231,-18.3730574],[133.4107626,-18.3533727],[133.4041255,-18.3367796],[133.3949798,-18.3140341],[133.3837995,-18.2859215],[133.3782942,-18.2724522],[133.3686786,-18.2483053],[133.3574668,-18.2202465],[133.3465127,-18.1942145],[133.3349263,-18.168357],[133.3344458,-18.1673636],[133.3103398,-18.1129036],[133.3046977,-18.1001004],[133.302261,-18.0944963],[133.2893555,-18.0653791],[133.28874,-18.063997],[133.2638045,-18.0077514],[133.262612,-18.0049889],[133.2591478,-17.9971236],[133.2227624,-17.9147951],[133.2223713,-17.913764],[133.22202,-17.9127023],[133.2217276,-17.9116508],[133.2214621,-17.9105687],[133.2205099,-17.9063243],[133.2186158,-17.897802],[133.2122489,-17.8697762],[133.1989285,-17.8153781],[133.1811936,-17.7333919],[133.1641991,-17.6630711],[133.1480956,-17.601955],[133.1321574,-17.5407518],[133.1309402,-17.536184],[133.1294569,-17.5316929],[133.1264596,-17.5226988],[133.1235265,-17.5137196],[133.1205971,-17.5046671],[133.0907818,-17.4187871],[133.0635596,-17.3346465],[133.0634979,-17.3343178],[133.0632705,-17.3336221],[133.062788,-17.3321825],[133.0624474,-17.3311667],[133.0620261,-17.3298976],[133.0616955,-17.3289177],[133.060695,-17.3259061],[133.0602688,-17.3246606],[133.05852,-17.3194073],[133.0582277,-17.3185744],[133.058066,-17.3181805],[133.0456351,-17.2798412],[133.0320199,-17.2384409],[133.010101,-17.1729385],[132.9989432,-17.1389858],[132.9874413,-17.1033856],[132.9632376,-17.0316738],[132.9379797,-16.9582923],[132.9305119,-16.9358822],[132.9228322,-16.9128952],[132.917377,-16.8963076],[132.915894,-16.8920338],[132.9153467,-16.8905303],[132.9148348,-16.8895168],[132.9141109,-16.8884187],[132.9129281,-16.8869659],[132.9116393,-16.8856651],[132.9098562,-16.8838406],[132.901822,-16.8760434],[132.884192,-16.8586567],[132.8462294,-16.8210674],[132.8307747,-16.8058193],[132.8190801,-16.7944525],[132.816094,-16.79155],[132.8079325,-16.7833823],[132.7997405,-16.7752477],[132.7984921,-16.7737417],[132.7976932,-16.7724508],[132.7971689,-16.7713034],[132.7967694,-16.7702037],[132.7963949,-16.768865],[132.7961702,-16.7671438],[132.7953571,-16.7570291],[132.7948806,-16.7516996],[132.7946243,-16.7478796],[132.793023,-16.7270484],[132.7924518,-16.7207409],[132.7907634,-16.7003861],[132.7890657,-16.6791971],[132.7878423,-16.6642725],[132.7877424,-16.6608401],[132.7878048,-16.6591777],[132.788092,-16.6575034],[132.7887536,-16.6556257],[132.7897648,-16.6536523],[132.790701,-16.6521573],[132.8152242,-16.6142558],[132.8158983,-16.6129639],[132.8162853,-16.6118633],[132.8166223,-16.61038],[132.8168096,-16.6090999],[132.8169344,-16.6070782],[132.816847,-16.6043387],[132.8160569,-16.5854139],[132.8144945,-16.544954],[132.8136336,-16.5228026],[132.813051,-16.5076199],[132.8116067,-16.4950943],[132.810715,-16.4892704],[132.8057702,-16.4518006],[132.8056227,-16.4501909],[132.805552,-16.44843],[132.8056933,-16.4466352],[132.8064568,-16.4427455],[132.8085003,-16.4296516],[132.8103717,-16.4188476],[132.8106986,-16.4166678],[132.8110606,-16.4145483],[132.8111854,-16.4131712],[132.8111729,-16.4112313],[132.8110606,-16.4096865],[132.8106986,-16.406537],[132.8080073,-16.3854363],[132.8053238,-16.3639415],[132.8044329,-16.356291],[132.8042456,-16.355177],[132.8041707,-16.3540989],[132.8041707,-16.352961],[132.804308,-16.3518469],[132.8045202,-16.3508886],[132.8047949,-16.3496788],[132.8068547,-16.3447075],[132.8185373,-16.3167452],[132.8202322,-16.3129668],[132.8208854,-16.3108658],[132.8213091,-16.3093069],[132.8216092,-16.3075109],[132.8217151,-16.3049353],[132.8248576,-16.2206527],[132.8252564,-16.2099833],[132.8253426,-16.2069096],[132.8252581,-16.205131],[132.8248929,-16.2026322],[132.8237946,-16.1946386],[132.8229321,-16.1901149],[132.8222095,-16.1855596],[132.8185476,-16.1622393],[132.8169282,-16.1521028],[132.8165505,-16.1489948],[132.8164631,-16.1475918],[132.8164631,-16.1463687],[132.8165131,-16.1452536],[132.8168626,-16.1428793],[132.8180985,-16.1348929],[132.8197463,-16.1240159],[132.8221272,-16.1087621],[132.8238044,-16.0977709],[132.8252344,-16.088628],[132.8255698,-16.0862871],[132.8261979,-16.0783853],[132.8272294,-16.0671687],[132.8290478,-16.0460124],[132.8295597,-16.0410072],[132.8296657,-16.0386827],[132.8295421,-16.0371047],[132.8293479,-16.0358491],[132.8266114,-16.0254648],[132.8078696,-15.9551983],[132.8001053,-15.9260815],[132.7998887,-15.9251175],[132.799664,-15.9234549],[132.7984543,-15.914909],[132.7968727,-15.9027616],[132.7966605,-15.9012609],[132.7964358,-15.9002163],[132.7934272,-15.8919681],[132.7865543,-15.8721093],[132.7835707,-15.8637203],[132.7829351,-15.8614787],[132.7825262,-15.8593957],[132.7823265,-15.8557931],[132.7821463,-15.8499327],[132.7806103,-15.8031215],[132.7796747,-15.7768746],[132.7796394,-15.7712171],[132.779657,-15.7694501],[132.7797276,-15.7683627],[132.7803279,-15.7659671],[132.7827289,-15.7597146],[132.7977021,-15.7229401],[132.7986885,-15.7200712],[132.7993417,-15.7184397],[132.7995889,-15.7174881],[132.7998537,-15.7158906],[132.8001185,-15.7135963],[132.8002774,-15.7110471],[132.8053069,-15.6557534],[132.8052945,-15.6548399],[132.8052196,-15.6541667],[132.8050411,-15.6528929],[132.804915,-15.6522549],[132.8047577,-15.6516123],[132.8040763,-15.649337],[132.7734978,-15.5546582],[132.7732054,-15.5535616],[132.7729141,-15.5519969],[132.7727641,-15.5506532],[132.7727023,-15.5487738],[132.7742448,-15.5278721],[132.775733,-15.5093961],[132.7763322,-15.5019741],[132.7763322,-15.5006388],[132.7762698,-15.4987622],[132.7760076,-15.4963683],[132.7737259,-15.4758464],[132.7735663,-15.4743723],[132.7712662,-15.4532588],[132.7710017,-15.4514683],[132.7705148,-15.4494228],[132.7690917,-15.4439479],[132.7644217,-15.4264197],[132.7597968,-15.4088743],[132.7594207,-15.4071876],[132.7591585,-15.4054787],[132.7590836,-15.4040224],[132.7590036,-15.4012657],[132.7589462,-15.398358],[132.7584092,-15.3739433],[132.7581202,-15.3613836],[132.7579881,-15.3554283],[132.757917,-15.3524461],[132.7578768,-15.3509666],[132.7578976,-15.3502204],[132.7579598,-15.3494794],[132.7580753,-15.3486763],[132.7582376,-15.3478778],[132.7584515,-15.3470791],[132.7587098,-15.3462969],[132.7590419,-15.345489],[132.7594134,-15.3446928],[132.7599084,-15.3438549],[132.7603796,-15.3431403],[132.7609085,-15.3424561],[132.7666332,-15.3360911],[132.7695045,-15.3328848],[132.7709529,-15.331281],[132.7716476,-15.3304481],[132.7722742,-15.329582],[132.7725642,-15.3291146],[132.7728361,-15.3286429],[132.7733378,-15.3277125],[132.7738309,-15.3262617],[132.7741305,-15.32513],[132.7743802,-15.3236311],[132.7744239,-15.3221201],[132.7743552,-15.3206211],[132.774143,-15.3187188],[132.7719491,-15.300739],[132.7693362,-15.2791796],[132.7679415,-15.2675304],[132.7663967,-15.2548247],[132.7650518,-15.24339],[132.7630169,-15.2277317],[132.7615439,-15.215144],[132.7607324,-15.2082657],[132.7600209,-15.2028688],[132.7594466,-15.1979417],[132.7592469,-15.1957852],[132.759172,-15.193436],[132.7593717,-15.1905326],[132.7599585,-15.1853642],[132.761082,-15.1751475],[132.7631043,-15.1577491],[132.7674897,-15.1195996],[132.7686349,-15.1048209],[132.7690346,-15.0978893],[132.7710947,-15.0679563],[132.7714491,-15.0627879],[132.7716167,-15.060203],[132.7716771,-15.0589118],[132.7717115,-15.0576142],[132.7716193,-15.0558893],[132.7713821,-15.054093],[132.7693848,-15.044738],[132.7532418,-14.9679126],[132.7521556,-14.9634906],[132.7453322,-14.9415302],[132.736908,-14.9147033],[132.7192091,-14.8574926],[132.7152144,-14.8450157],[132.7062388,-14.8165408],[132.705272,-14.8134528],[132.7050886,-14.8129326],[132.7048828,-14.8124196],[132.7047077,-14.8120406],[132.7045184,-14.8116703],[132.7042785,-14.8112394],[132.7040143,-14.8108097],[132.7035503,-14.810171],[132.7030326,-14.8095439],[132.7023981,-14.8088589],[132.701692,-14.8082789],[132.7012624,-14.8079526],[132.7007984,-14.8076336],[132.7002324,-14.8073004],[132.6996386,-14.8069772],[132.6991019,-14.8067312],[132.6985358,-14.8065089],[132.6978238,-14.8062748],[132.6970591,-14.8060641],[132.6942802,-14.8053608],[132.6802174,-14.8018026],[132.6192955,-14.7863875],[132.617744,-14.785995],[132.6164902,-14.7856113],[132.6151642,-14.7850531],[132.6138743,-14.784303],[132.6119259,-14.7830383],[132.6011916,-14.7755985],[132.594264,-14.7709234],[132.5864252,-14.7656202],[132.5850181,-14.7645822],[132.5830155,-14.7633349],[132.5799937,-14.7617299],[132.5779371,-14.7606222],[132.5551867,-14.7497026],[132.5465887,-14.7455082],[132.5439353,-14.7442376],[132.5420345,-14.7430532],[132.5402358,-14.7416345],[132.5384934,-14.739932],[132.5344822,-14.7362838],[132.5331922,-14.7351018],[132.5251094,-14.7276236],[132.5200276,-14.7229048],[132.5140381,-14.7173627],[132.507805,-14.7115958],[132.5070022,-14.7108978],[132.5064971,-14.7105052],[132.5059649,-14.7101126],[132.503358,-14.7085945],[132.5028077,-14.7082935],[132.4754566,-14.6931892],[132.4750169,-14.6929493],[132.4403031,-14.6737325],[132.4386867,-14.672786],[132.4359931,-14.6710829],[132.431422,-14.6680295],[132.4290396,-14.6664063],[132.420011,-14.6603838],[132.4122214,-14.6551972],[132.4118164,-14.6549287],[132.405567,-14.6508073],[132.3908042,-14.6409221],[132.3812111,-14.63451],[132.3757193,-14.6308565],[132.3698257,-14.6269375],[132.3574453,-14.6186797],[132.3535322,-14.6160566],[132.3525116,-14.615387],[132.3501421,-14.6138131],[132.349095,-14.6130648],[132.348033,-14.6121637],[132.3475865,-14.6117069],[132.3462024,-14.6102102],[132.337632,-14.6007588],[132.3232138,-14.584849],[132.3210643,-14.5822521],[132.3172333,-14.5782492],[132.3087271,-14.5688512],[132.3005546,-14.5598413],[132.2923904,-14.550241],[132.2888093,-14.5459234],[132.2880832,-14.5450634],[132.2865407,-14.5431905],[132.285359,-14.5417848],[132.2847591,-14.5411648],[132.2842044,-14.5406715],[132.2837489,-14.5402873],[132.2828062,-14.5395495],[132.2795318,-14.5369781],[132.2754443,-14.5337972],[132.2753915,-14.5337561],[132.2738761,-14.5324943],[132.2721035,-14.5309313],[132.2690592,-14.5281768],[132.2660026,-14.5254111],[132.2644911,-14.5240565],[132.2625497,-14.5223168],[132.2619292,-14.5217608],[132.2604146,-14.520465],[132.2470715,-14.5084192],[132.2467136,-14.5080845],[132.2431253,-14.504913],[132.2423337,-14.5041641],[132.2418191,-14.5037151],[132.2403538,-14.5024046],[132.2374173,-14.4997646],[132.2369224,-14.4993758],[132.2360258,-14.4986913],[132.2348961,-14.498003],[132.2335355,-14.4973039],[132.2314684,-14.4963085],[132.231396,-14.4962633],[132.2305159,-14.4958491],[132.2294333,-14.4952119],[132.2283538,-14.4944262],[132.2275084,-14.4936822],[132.2203351,-14.4867504],[132.2153825,-14.482001],[132.2147842,-14.4813898],[132.2137115,-14.4799029],[132.2132846,-14.4791099],[132.2129352,-14.4783432],[132.2126829,-14.4776442],[132.2125005,-14.4769865],[132.2123142,-14.4760733],[132.2122094,-14.4752089],[132.21219,-14.4731118],[132.2121758,-14.4577657],[132.2122506,-14.4566602],[132.2124455,-14.4554961],[132.2128242,-14.4537713],[132.2130411,-14.4528092],[132.2131399,-14.4523999],[132.2133461,-14.4509286],[132.2133461,-14.4491771],[132.2130822,-14.4476436],[132.2125931,-14.4459973],[132.2108697,-14.4411861],[132.2093715,-14.436901],[132.207524,-14.4318491],[132.2062974,-14.4289471],[132.2044111,-14.4244288],[132.2035882,-14.4224365],[132.2032169,-14.4211468],[132.2022918,-14.417933],[132.2001473,-14.4097713],[132.1995968,-14.4079045],[132.1993983,-14.4071654],[132.199183,-14.4064357],[132.1990027,-14.4059613],[132.1988672,-14.405695],[132.1987264,-14.4054612],[132.1985199,-14.4051533],[132.1982986,-14.4048429],[132.1977998,-14.4042831],[132.192849,-14.3993978],[132.1923924,-14.3988956],[132.1919646,-14.3983799],[132.191179,-14.3973181],[132.1835603,-14.3872926],[132.1796224,-14.3820784],[132.17678,-14.3788021],[132.1723266,-14.373737],[132.172287,-14.3736919],[132.1671926,-14.3678861],[132.1668215,-14.3675185],[132.1664302,-14.3671743],[132.1660959,-14.3669209],[132.1657379,-14.3666767],[132.164997,-14.366201],[132.1633064,-14.3651553],[132.1616161,-14.3640894],[132.1609749,-14.3636457],[132.16067,-14.363417],[132.160365,-14.3631678],[132.1564051,-14.3595752],[132.1517903,-14.3554527],[132.1513894,-14.3550372],[132.1510096,-14.3545912],[132.1504054,-14.3538104],[132.1495977,-14.3528298],[132.1488131,-14.3518384],[132.1472317,-14.34985],[132.1467693,-14.3492724],[132.1465265,-14.3489892],[132.1462724,-14.3487114],[132.1459673,-14.3484097],[132.1456381,-14.3481297],[132.1453517,-14.3479121],[132.1450486,-14.3476977],[132.1444292,-14.3472922],[132.1434906,-14.3466741],[132.1432815,-14.3465364],[132.1420587,-14.3457312],[132.1407328,-14.3447543],[132.1361358,-14.3406545],[132.1351196,-14.3396853],[132.1343971,-14.3387776],[132.133619,-14.3374238],[132.1321147,-14.334161],[132.1310218,-14.3318685],[132.1307753,-14.3314613],[132.1304857,-14.3310659],[132.1301812,-14.3307077],[132.1298319,-14.3303546],[132.1294584,-14.3300567],[132.1290567,-14.3297748],[132.1283075,-14.3293007],[132.1266323,-14.3282237],[132.1250206,-14.3271237],[132.1246371,-14.3267848],[132.1242665,-14.3264207],[132.1235813,-14.3256324],[132.1225752,-14.3244159],[132.1198837,-14.3211619],[132.1176765,-14.3184156],[132.1149744,-14.3151004],[132.1149295,-14.3150461],[132.1122459,-14.3117304],[132.1110391,-14.310261],[132.110531,-14.3097379],[132.1100626,-14.3093532],[132.1095624,-14.3090455],[132.1088002,-14.308607],[132.1082906,-14.3083359],[132.107645,-14.3079443],[132.1071565,-14.3075716],[132.1066148,-14.307044],[132.1062555,-14.3065816],[132.1060169,-14.3062144],[132.105826,-14.3058771],[132.1055958,-14.3053548],[132.1054442,-14.3048816],[132.1053432,-14.3045008],[132.105273,-14.303935],[132.1052562,-14.3032523],[132.1053151,-14.3026675],[132.1056127,-14.3009511],[132.1061376,-14.29794],[132.1062779,-14.2969826],[132.1063172,-14.2963515],[132.1062836,-14.2953559],[132.1061544,-14.2946814],[132.105913,-14.2938164],[132.1055762,-14.2930058],[132.1050878,-14.2921952],[132.1043748,-14.2912377],[132.1021067,-14.2884468],[132.0873695,-14.2702322],[132.0803017,-14.2614663],[132.078887,-14.2597741],[132.0746663,-14.2551588],[132.0718575,-14.2520905],[132.0709482,-14.2508364],[132.0680324,-14.2462908],[132.0674899,-14.2454006],[132.0671761,-14.244943],[132.0668611,-14.2445446],[132.0665874,-14.2442437],[132.0662796,-14.2439493],[132.0659168,-14.243664],[132.0655347,-14.2434023],[132.0650022,-14.2431323],[132.0644294,-14.2428969],[132.0634796,-14.2425272],[132.062961,-14.2423147],[132.062506,-14.2420501],[132.0622207,-14.2418285],[132.0619596,-14.2415843],[132.060704,-14.2402648],[132.0600777,-14.2395992],[132.0597571,-14.2392794],[132.0593954,-14.2389878],[132.0587996,-14.2386022],[132.0581873,-14.2382264],[132.0579198,-14.2380458],[132.057669,-14.2378521],[132.0574317,-14.2376416],[132.057208,-14.2374105],[132.0568322,-14.2369565],[132.0564951,-14.2364884],[132.0562569,-14.2360726],[132.0560686,-14.2356504],[132.0558988,-14.2351353],[132.0557565,-14.2346024],[132.0551478,-14.2321575],[132.054838,-14.2309079],[132.0546904,-14.230293],[132.0545278,-14.2296959],[132.0542358,-14.2287643],[132.0539341,-14.2278543],[132.0533137,-14.2260139],[132.0528022,-14.2244913],[132.0522925,-14.2229495],[132.0511911,-14.2198566],[132.0505679,-14.2178236],[132.0498886,-14.2158193],[132.0494843,-14.2146177],[132.0490842,-14.2134293],[132.0487773,-14.2127215],[132.0481593,-14.2114429],[132.0478615,-14.2108085],[132.0475915,-14.2101544],[132.0471118,-14.2086538],[132.0467055,-14.2073893],[132.0462924,-14.2061568],[132.0458794,-14.2048645],[132.0454648,-14.2036183],[132.045013,-14.2026518],[132.0445153,-14.2016752],[132.0414705,-14.1956878],[132.039771,-14.1905246],[132.0388104,-14.1866986],[132.0384507,-14.1857598],[132.0382458,-14.1853349],[132.0380262,-14.1849174],[132.037891,-14.1846727],[132.0376121,-14.1842062],[132.0372951,-14.1837523],[132.0366238,-14.1828869],[132.0359397,-14.1820237],[132.0351747,-14.18105],[132.0344047,-14.1800795],[132.0333646,-14.1789634],[132.030063,-14.1756849],[132.0263065,-14.1718199],[132.0228565,-14.1683403],[132.0197962,-14.165223],[132.0182593,-14.1636854],[132.0174868,-14.1629091],[132.016754,-14.1621152],[132.0162959,-14.1614917],[132.0159036,-14.1608083],[132.014886,-14.1583159],[132.0148814,-14.1583046],[132.0128144,-14.1530861],[132.0106476,-14.1478939],[132.0086746,-14.1442287],[132.0053621,-14.1381856],[132.0048064,-14.1370769],[132.0045047,-14.1363224],[132.0042268,-14.1350982],[132.0039593,-14.1337533],[132.0039319,-14.1336227],[132.0031294,-14.129954],[132.0026071,-14.1283691],[132.0015353,-14.1252047],[132.0004414,-14.1220812],[131.9993941,-14.1189732],[131.9992143,-14.118173],[131.9990587,-14.1173705],[131.9988723,-14.1165654],[131.9987449,-14.1161778],[131.9985862,-14.1158049],[131.9983922,-14.1155041],[131.9981803,-14.1152037],[131.9977471,-14.114634],[131.9968633,-14.1134726],[131.9951072,-14.1111574],[131.9916074,-14.1065202],[131.9913246,-14.1060849],[131.9910778,-14.1056349],[131.9908673,-14.1051757],[131.9906783,-14.1046795],[131.9903925,-14.1036605],[131.9901335,-14.1026236],[131.9897904,-14.1013439],[131.9896254,-14.1007027],[131.9894978,-14.1000719],[131.9894511,-14.0997649],[131.9894135,-14.0994397],[131.9893862,-14.0988048],[131.9894471,-14.0979647],[131.9895597,-14.0971297],[131.9898122,-14.0954437],[131.99042,-14.0911143],[131.9905213,-14.0900537],[131.9905079,-14.0894839],[131.9904538,-14.0889384],[131.9902893,-14.0873005],[131.9902329,-14.0867029],[131.9902307,-14.086144],[131.9904635,-14.0832821],[131.9904502,-14.0827147],[131.990336,-14.0821468],[131.9901364,-14.0816025],[131.9898369,-14.0810841],[131.9895879,-14.0807713],[131.9893202,-14.080481],[131.988633,-14.0799057],[131.9855217,-14.0773062],[131.9841904,-14.0762658],[131.9839354,-14.0760569],[131.9822293,-14.0746548],[131.9803408,-14.073375],[131.9791037,-14.0726216],[131.9785056,-14.0721601],[131.9780314,-14.0716657],[131.9776002,-14.0711452],[131.9768721,-14.0701881],[131.976622,-14.069826],[131.9763973,-14.069448],[131.976272,-14.069176],[131.9761446,-14.0688321],[131.9760481,-14.0684197],[131.9760053,-14.0680087],[131.9760208,-14.0671339],[131.9760348,-14.0664661],[131.9760011,-14.0660597],[131.975874,-14.0654863],[131.9757505,-14.065138],[131.9755447,-14.0646735],[131.9752829,-14.064267],[131.9750131,-14.0639515],[131.9748317,-14.063756],[131.9746357,-14.0635667],[131.9742644,-14.0632786],[131.9738659,-14.0630312],[131.9735911,-14.0629026],[131.9733049,-14.0627829],[131.9728857,-14.0626607],[131.9724567,-14.0625734],[131.9717699,-14.0624968],[131.9711775,-14.0624065],[131.9708647,-14.0623263],[131.9705617,-14.0622167],[131.9700901,-14.0619865],[131.9698495,-14.0618411],[131.9696189,-14.0616723],[131.969069,-14.0611461],[131.9669029,-14.0581922],[131.9663604,-14.0574083],[131.965702,-14.0561853],[131.9651483,-14.0550421],[131.9609588,-14.0463709],[131.9605838,-14.0456311],[131.9603652,-14.0452785],[131.9601217,-14.0449411],[131.9598542,-14.0446293],[131.9595712,-14.0443262],[131.9592547,-14.0440503],[131.9589295,-14.0437936],[131.9582516,-14.0433926],[131.9577943,-14.0431631],[131.9577074,-14.0431177],[131.9548425,-14.0416669],[131.9534799,-14.0409747],[131.9528282,-14.0406312],[131.9525224,-14.0404348],[131.9522267,-14.0402239],[131.9518988,-14.0399313],[131.9515809,-14.0396255],[131.951298,-14.0392912],[131.95104,-14.0389358],[131.9501219,-14.0372635],[131.9496659,-14.0364295],[131.9494231,-14.0360197],[131.9491509,-14.035617],[131.9487767,-14.0351571],[131.9483717,-14.0347264],[131.9479077,-14.0343205],[131.9474159,-14.0339397],[131.9468415,-14.0335828],[131.9462555,-14.0332354],[131.945087,-14.0325386],[131.9443362,-14.0320799],[131.94371,-14.0317021],[131.9433962,-14.031503],[131.9431112,-14.0312832],[131.9426961,-14.03095],[131.942338,-14.0306183],[131.9420108,-14.0302552],[131.9417005,-14.0298746],[131.9414475,-14.0295136],[131.9412169,-14.0291376],[131.941009,-14.0287577],[131.9408249,-14.0283456],[131.9389665,-14.0231355],[131.9380439,-14.0205306],[131.9375812,-14.0192191],[131.9373518,-14.0185646],[131.9371542,-14.0179082],[131.937026,-14.0172738],[131.9369348,-14.0166467],[131.9368757,-14.0160065],[131.9368382,-14.0153819],[131.9366236,-14.0128446],[131.9362336,-14.0077742],[131.9361326,-14.0067071],[131.9359867,-14.0059121],[131.9356454,-14.0044368],[131.9353769,-14.0034838],[131.9348494,-14.0012151],[131.9346287,-14.0005],[131.9344389,-14.0000442],[131.9341377,-13.9994581],[131.9338758,-13.9990346],[131.9249133,-13.9867935],[131.9245041,-13.986231],[131.9241277,-13.9856577],[131.9239234,-13.9852941],[131.9237492,-13.9849158],[131.923623,-13.9846226],[131.9235126,-13.9843075],[131.9230459,-13.9828365],[131.9229095,-13.982461],[131.9227664,-13.9821104],[131.9224306,-13.9814402],[131.9212864,-13.9794649],[131.9194227,-13.976189],[131.9177724,-13.9733297],[131.9120327,-13.9633847],[131.9114491,-13.9620704],[131.910454,-13.9599211],[131.9099751,-13.958861],[131.9095262,-13.9580695],[131.9089052,-13.9571691],[131.9071843,-13.9546568],[131.9051417,-13.9517232],[131.9043099,-13.9504664],[131.9020666,-13.9471905],[131.9004318,-13.9447978],[131.8984055,-13.9418247],[131.8964215,-13.9389441],[131.8948766,-13.9367104],[131.8928821,-13.9337835],[131.8912367,-13.931406],[131.8887765,-13.9278217],[131.8869089,-13.925059],[131.8848456,-13.9220601],[131.8823537,-13.9183986],[131.8813802,-13.9170018],[131.8793697,-13.9140592],[131.8785126,-13.9127805],[131.8763858,-13.9092935],[131.8743277,-13.9059606],[131.8718835,-13.9019958],[131.8693387,-13.8978462],[131.8666827,-13.893568],[131.8644871,-13.8899832],[131.8636195,-13.8886119],[131.8628576,-13.8873227],[131.8624978,-13.8865472],[131.8620534,-13.8852683],[131.8615349,-13.8840305],[131.8601752,-13.8811954],[131.8585986,-13.8780469],[131.8571596,-13.8750422],[131.8561914,-13.8730031],[131.8553766,-13.871303],[131.8544296,-13.8693974],[131.8528794,-13.866182],[131.8513451,-13.8630282],[131.8508372,-13.8619855],[131.8504457,-13.8609838],[131.8501284,-13.8600548],[131.8501071,-13.8599925],[131.8497474,-13.8586415],[131.8491707,-13.8553951],[131.8481073,-13.8494262],[131.847229,-13.8445718],[131.8467811,-13.8421159],[131.8467793,-13.8421061],[131.8462397,-13.839065],[131.8459698,-13.8375495],[131.8457582,-13.8366454],[131.845499,-13.8358286],[131.8448588,-13.8342052],[131.8440123,-13.8321966],[131.8432452,-13.8303472],[131.8428272,-13.829366],[131.8426361,-13.8288195],[131.8426314,-13.828806],[131.8423722,-13.8279275],[131.8422082,-13.8272237],[131.8420653,-13.8259137],[131.8419331,-13.8236738],[131.8418485,-13.8223228],[131.8417585,-13.8208842],[131.841568,-13.8197745],[131.8413829,-13.818973],[131.8410215,-13.8179712],[131.8405348,-13.8168923],[131.8401154,-13.8162016],[131.8395084,-13.815202],[131.8390217,-13.8143647],[131.8388428,-13.8140465],[131.8387836,-13.8139125],[131.837244,-13.8112512],[131.8369747,-13.8107533],[131.8359731,-13.8090386],[131.8351313,-13.8075963],[131.8343794,-13.8061685],[131.8335713,-13.8044756],[131.8324116,-13.8020451],[131.8313117,-13.7997308],[131.8302118,-13.7974093],[131.8286369,-13.7941104],[131.8270581,-13.790826],[131.8260668,-13.7887623],[131.820149,-13.7764],[131.8183358,-13.7733453],[131.8122983,-13.7641504],[131.8111811,-13.7624464],[131.8107911,-13.7618921],[131.8104231,-13.7614119],[131.8100945,-13.7610304],[131.8098202,-13.7607339],[131.8095331,-13.7604496],[131.808654,-13.7596583],[131.8071877,-13.7586582],[131.8018823,-13.755538],[131.7973492,-13.75282],[131.7956926,-13.7513414],[131.7923012,-13.7473079],[131.7867943,-13.7407844],[131.7825858,-13.7356634],[131.7816161,-13.7343005],[131.7813304,-13.7338758],[131.7787691,-13.7298356],[131.7778093,-13.728325],[131.7775156,-13.7278423],[131.7772883,-13.727427],[131.7770764,-13.7269841],[131.7768833,-13.726545],[131.7767172,-13.7260991],[131.7764997,-13.7253881],[131.7763938,-13.7250103],[131.7763111,-13.7246535],[131.7755567,-13.7212675],[131.7740345,-13.7144824],[131.7734861,-13.7121228],[131.7729376,-13.7104047],[131.7711132,-13.7063596],[131.7684045,-13.700705],[131.7678785,-13.6994544],[131.7675889,-13.6984321],[131.7673748,-13.6968663],[131.7672517,-13.6954961],[131.7671919,-13.6943873],[131.7667776,-13.6866984],[131.7667512,-13.6860768],[131.7665894,-13.6833915],[131.7666137,-13.6825767],[131.7666696,-13.6804669],[131.7670502,-13.6769651],[131.7674783,-13.6726858],[131.7683048,-13.6647955],[131.7683709,-13.6641643],[131.7685014,-13.6625688],[131.7685447,-13.6618931],[131.7685255,-13.661319],[131.7684954,-13.660743],[131.7684303,-13.6601801],[131.7683307,-13.6596158],[131.7682171,-13.6590815],[131.7680724,-13.6585486],[131.767851,-13.6579034],[131.7676067,-13.6572901],[131.7673051,-13.6566797],[131.7669719,-13.6560797],[131.7667352,-13.6556997],[131.7663822,-13.6552084],[131.7657966,-13.65443],[131.764499,-13.6532308],[131.7633789,-13.6519393],[131.7623716,-13.6504818],[131.761118,-13.6483718],[131.7554661,-13.6383275],[131.7496722,-13.6283336],[131.7492421,-13.6278674],[131.7489932,-13.6275977],[131.748951,-13.6275519],[131.7481791,-13.6269218],[131.7467505,-13.6261461],[131.74569,-13.6257081],[131.7453428,-13.6255555],[131.7446636,-13.6252397],[131.7443188,-13.6250798],[131.7440107,-13.6249091],[131.7430639,-13.6241697],[131.74237,-13.6234409],[131.7417432,-13.6222225],[131.740109,-13.6192528],[131.7374563,-13.6146187],[131.7372928,-13.6143146],[131.7370714,-13.6139031],[131.7348424,-13.6098254],[131.7346232,-13.60936],[131.7344682,-13.6089547],[131.7343447,-13.6085376],[131.734188,-13.6077435],[131.7341276,-13.6065821],[131.7340579,-13.6060689],[131.7339682,-13.6055673],[131.733787,-13.6050013],[131.733677,-13.6047289],[131.73355,-13.604469],[131.7333095,-13.6040433],[131.7330298,-13.6036374],[131.7325464,-13.6030591],[131.7320434,-13.602473],[131.7283454,-13.5982027],[131.7246293,-13.5939272],[131.722346,-13.5913053],[131.7219557,-13.5908569],[131.7215961,-13.5903806],[131.7213911,-13.5900305],[131.7212164,-13.5896716],[131.7210458,-13.5891759],[131.7209499,-13.5887673],[131.7208878,-13.588357],[131.720856,-13.5878457],[131.7208819,-13.5873299],[131.7209847,-13.5868341],[131.7211255,-13.5863625],[131.7215246,-13.5852641],[131.7217864,-13.5844947],[131.7218243,-13.5843065],[131.7218484,-13.584137],[131.7218818,-13.5837666],[131.7218363,-13.5826626],[131.7218283,-13.582106],[131.7218593,-13.581551],[131.7220347,-13.5806467],[131.7222842,-13.5796462],[131.7223728,-13.5790816],[131.7224243,-13.5785108],[131.7224355,-13.5776839],[131.7223822,-13.5772409],[131.7223107,-13.57679],[131.721764,-13.574137],[131.7214909,-13.5729041],[131.7213497,-13.57225],[131.7208927,-13.5700181],[131.7207219,-13.5692965],[131.7205108,-13.568602],[131.7202538,-13.5678572],[131.7199614,-13.5671205],[131.7190889,-13.5653456],[131.7178912,-13.5627996],[131.7170854,-13.5607757],[131.7167608,-13.5595027],[131.7166041,-13.5583602],[131.7163507,-13.5569348],[131.7162064,-13.5563559],[131.7160364,-13.5557835],[131.7142424,-13.5507761],[131.7140398,-13.5502498],[131.7138152,-13.5497289],[131.713291,-13.5487195],[131.7129341,-13.5481813],[131.712571,-13.5476619],[131.7117576,-13.5466956],[131.7109579,-13.5459603],[131.7104038,-13.5454547],[131.706676,-13.5420927],[131.7009229,-13.536815],[131.7007912,-13.5366853],[131.6980128,-13.5340184],[131.696812,-13.5330381],[131.6957501,-13.5323142],[131.6922749,-13.5303062],[131.6913597,-13.5297125],[131.6904688,-13.5290561],[131.6896565,-13.5282925],[131.6889659,-13.5275037],[131.6882564,-13.5266457],[131.688113,-13.526474],[131.6870856,-13.5252049],[131.6860588,-13.5239632],[131.6855943,-13.5235385],[131.6850918,-13.5231417],[131.6843337,-13.5226733],[131.6834072,-13.5221591],[131.6830784,-13.5219731],[131.6801703,-13.5203274],[131.6768023,-13.5183913],[131.6701085,-13.514691],[131.6612443,-13.509674],[131.656032,-13.5067879],[131.6547575,-13.5060667],[131.6536004,-13.5055256],[131.6520734,-13.5050038],[131.6505271,-13.5045096],[131.6474381,-13.5035359],[131.6262429,-13.496625],[131.613825,-13.4925615],[131.5955108,-13.4866124],[131.592345,-13.4856041],[131.5911341,-13.4853579],[131.590034,-13.4852732],[131.5883798,-13.4854271],[131.586053,-13.4855887],[131.5855144,-13.4855744],[131.5849793,-13.4855256],[131.5839081,-13.4852732],[131.5825785,-13.4848037],[131.5814942,-13.4843958],[131.5798242,-13.4840957],[131.5711736,-13.482795],[131.5662268,-13.4820851],[131.5654809,-13.4819769],[131.5562073,-13.4806323],[131.5376556,-13.4778076],[131.525396,-13.4760066],[131.5119729,-13.4739593],[131.5066544,-13.4732051],[131.504003,-13.4728279],[131.5021365,-13.4725496],[131.501521,-13.4724871],[131.5008951,-13.4724409],[131.4839476,-13.4716426],[131.4779417,-13.471319],[131.4373785,-13.4693182],[131.4350559,-13.4692201],[131.4338824,-13.469211],[131.4327248,-13.4692516],[131.4291474,-13.4694259],[131.4281707,-13.4694588],[131.4272004,-13.4694413],[131.4264527,-13.4693779],[131.4257112,-13.469284],[131.4249668,-13.4691523],[131.4242305,-13.4689893],[131.4235237,-13.4687884],[131.4228303,-13.468561],[131.4207879,-13.4677372],[131.4187466,-13.4668953],[131.4183095,-13.4667108],[131.417875,-13.4665138],[131.4174633,-13.4662804],[131.4170655,-13.4660283],[131.4161034,-13.4653426],[131.4151411,-13.4646515],[131.4142782,-13.4640867],[131.4138369,-13.4638336],[131.4133798,-13.463589],[131.4074433,-13.460987],[131.4062107,-13.4604804],[131.4056059,-13.4602143],[131.4050202,-13.4599321],[131.4043855,-13.4595256],[131.4038128,-13.4590835],[131.4027317,-13.4581499],[131.4023121,-13.4577922],[131.4018723,-13.4574427],[131.4014176,-13.4571336],[131.4009422,-13.4568406],[131.3983371,-13.4555436],[131.3973936,-13.4550859],[131.3964297,-13.4546619],[131.3954906,-13.4543555],[131.3945411,-13.4541367],[131.3918011,-13.4537061],[131.3909054,-13.4535654],[131.3900068,-13.4533851],[131.3891214,-13.4531384],[131.3881199,-13.4527381],[131.3871784,-13.4522669],[131.3863926,-13.4517781],[131.3841167,-13.4502327],[131.3820393,-13.4488067],[131.3815686,-13.448503],[131.3811019,-13.4482213],[131.3805936,-13.4479539],[131.3800926,-13.4477258],[131.3795583,-13.4475143],[131.3789964,-13.4473134],[131.3778672,-13.4469234],[131.3756239,-13.4461451],[131.3691869,-13.4439173],[131.3678518,-13.4434787],[131.3665276,-13.4430089],[131.3657423,-13.4426191],[131.3649858,-13.4422071],[131.3643126,-13.4417465],[131.3636912,-13.4412658],[131.3629836,-13.4406234],[131.3622914,-13.4399402],[131.3480235,-13.4257501],[131.3473745,-13.4251452],[131.3467078,-13.4245599],[131.346142,-13.4241486],[131.34555,-13.4237671],[131.3444576,-13.4232172],[131.3439265,-13.4229824],[131.3433619,-13.4227632],[131.3424471,-13.4224701],[131.3419484,-13.4223093],[131.3407159,-13.4219232],[131.340263,-13.4217816],[131.3381705,-13.4210987],[131.3374972,-13.4207935],[131.3368422,-13.4204628],[131.3358536,-13.4198459],[131.3351101,-13.4192855],[131.3343962,-13.4186425],[131.3295668,-13.4140177],[131.32667,-13.4112],[131.3257036,-13.4102778],[131.3247231,-13.4093831],[131.3238327,-13.4088102],[131.3229247,-13.4082518],[131.3196218,-13.4063493],[131.3188403,-13.4058916],[131.315653,-13.4040709],[131.3144584,-13.4033702],[131.3138442,-13.4030284],[131.3132238,-13.4027074],[131.3104458,-13.4015073],[131.3080867,-13.4004986],[131.3066479,-13.3998816],[131.3061489,-13.399673],[131.3056004,-13.3994382],[131.3048975,-13.3991302],[131.3042164,-13.3988329],[131.3035607,-13.3985049],[131.3028337,-13.3980736],[131.3021654,-13.3976087],[131.3017005,-13.3972269],[131.3012391,-13.3968251],[131.3003325,-13.3960032],[131.2985341,-13.3943332],[131.2949486,-13.3909823],[131.2871291,-13.3838526],[131.2853879,-13.3823281],[131.282966,-13.3807266],[131.2814337,-13.379781],[131.279911,-13.3788017],[131.2775735,-13.3773284],[131.2760699,-13.3764219],[131.2754792,-13.3761161],[131.274814,-13.3758279],[131.2737814,-13.3754768],[131.272679,-13.3751457],[131.2719038,-13.3749105],[131.2711495,-13.3746391],[131.270324,-13.3742869],[131.2695575,-13.3738835],[131.2689314,-13.3734838],[131.2682641,-13.3729821],[131.2676268,-13.3724319],[131.2671067,-13.3719135],[131.2666178,-13.3713602],[131.2658756,-13.370327],[131.265197,-13.3692642],[131.2638762,-13.3670824],[131.2631005,-13.3658195],[131.2625149,-13.3650495],[131.2606154,-13.3631707],[131.2570855,-13.3599211],[131.2512527,-13.3544051],[131.2474512,-13.3508067],[131.2469003,-13.3502942],[131.2463625,-13.3498675],[131.2457747,-13.3494575],[131.2451059,-13.3491133],[131.2444231,-13.3488259],[131.2436722,-13.3486044],[131.2432484,-13.3485092],[131.2428245,-13.348438],[131.2408256,-13.3483022],[131.2391799,-13.3482027],[131.2326596,-13.3478337],[131.2235697,-13.3472974],[131.2228851,-13.3472369],[131.2222025,-13.3471443],[131.2215467,-13.3470007],[131.2208922,-13.3468334],[131.2201291,-13.3465584],[131.2193897,-13.3462461],[131.2184688,-13.3457676],[131.2175882,-13.3452103],[131.2168689,-13.3446258],[131.216191,-13.3439973],[131.2143074,-13.3419991],[131.2133297,-13.340946],[131.2128617,-13.3404632],[131.2123702,-13.3400389],[131.2119662,-13.3397478],[131.2116492,-13.3395364],[131.2108836,-13.3391413],[131.2100932,-13.338829],[131.2095156,-13.3386715],[131.2089345,-13.3385664],[131.2007307,-13.337755],[131.1958616,-13.3366964],[131.1942958,-13.336341],[131.1937992,-13.3361817],[131.1933205,-13.3359938],[131.1928326,-13.3357576],[131.1921778,-13.3353505],[131.1915596,-13.3349029],[131.1909899,-13.3344109],[131.1862166,-13.330192],[131.1838429,-13.3281014],[131.1814967,-13.3259762],[131.1809514,-13.3253811],[131.1804351,-13.3247541],[131.1794548,-13.3234948],[131.1784805,-13.3222191],[131.1775753,-13.3209243],[131.172434,-13.3121918],[131.1653344,-13.2999579],[131.1588256,-13.2887439],[131.1561051,-13.2840873],[131.1541912,-13.2812933],[131.1465865,-13.2705925],[131.1394367,-13.2605118],[131.1384482,-13.2590569],[131.1362571,-13.2559881],[131.1358456,-13.2555239],[131.1355125,-13.2552305],[131.1345064,-13.2544496],[131.1258681,-13.2486802],[131.1249693,-13.2481223],[131.1238177,-13.247502],[131.1155825,-13.2444118],[131.1130744,-13.2434706],[131.1106391,-13.2425705],[131.110169,-13.2423886],[131.1098002,-13.2422351],[131.1094493,-13.2420788],[131.1090804,-13.2418783],[131.1087278,-13.2416611],[131.1081818,-13.2412992],[131.1069835,-13.2404819],[131.1050563,-13.2391967],[131.103912,-13.2384029],[131.1033152,-13.2379435],[131.103108,-13.2377808],[131.1024767,-13.2372422],[131.102077,-13.2368102],[131.1013157,-13.2358797],[131.1009027,-13.2353167],[131.1003541,-13.2343642],[131.0999134,-13.233339],[131.09957,-13.2322636],[131.099413,-13.231613],[131.0993211,-13.2310591],[131.0992517,-13.2305133],[131.0992151,-13.2300121],[131.0991978,-13.2295275],[131.0992232,-13.2288932],[131.0992715,-13.2282666],[131.0993811,-13.2270038],[131.0993982,-13.225778],[131.0993296,-13.2248976],[131.0992036,-13.2239225],[131.0990834,-13.2223679],[131.0990834,-13.2213928],[131.0991865,-13.2203341],[131.0994211,-13.2184675],[131.0997703,-13.216807],[131.1003541,-13.2137813],[131.10135,-13.2085322],[131.1019053,-13.2054841],[131.1022143,-13.203818],[131.1023517,-13.2028038],[131.1025005,-13.2016893],[131.1025749,-13.200703],[131.1026036,-13.1996275],[131.1025864,-13.1985408],[131.1025635,-13.1974932],[131.1024147,-13.1962672],[131.1022143,-13.1949131],[131.1019968,-13.1936871],[131.1014817,-13.1904828],[131.1009551,-13.1875793],[131.1003541,-13.1840294],[131.1002568,-13.1832994],[131.1002053,-13.1824635],[131.1002053,-13.1813043],[131.1003255,-13.1805073],[131.1004743,-13.1794541],[131.1007262,-13.1776484],[131.1010538,-13.1757268],[131.1011736,-13.1749776],[131.1016878,-13.1717855],[131.1020598,-13.1692385],[131.1024318,-13.1669814],[131.1027524,-13.1650865],[131.1029928,-13.1638492],[131.1034049,-13.1621214],[131.1040345,-13.159357],[131.104189,-13.1584095],[131.1042577,-13.1575401],[131.1044294,-13.1547644],[131.1046756,-13.1511472],[131.1050075,-13.1460305],[131.1053281,-13.1411256],[131.105454,-13.1390632],[131.1054547,-13.1390518],[131.1057922,-13.1338379],[131.1061062,-13.129344],[131.1064421,-13.1241744],[131.1066246,-13.120946],[131.1067049,-13.1195309],[131.1066611,-13.1184358],[131.1065005,-13.1172269],[131.1061792,-13.1158972],[131.1058433,-13.1148945],[131.1055075,-13.114098],[131.1049744,-13.1130314],[131.1040325,-13.1114242],[131.1027401,-13.1092624],[131.1016887,-13.1074277],[131.1013966,-13.1067521],[131.1009513,-13.1056782],[131.1005205,-13.1044195],[131.1003014,-13.1034808],[131.0997684,-13.1008851],[131.0988338,-13.096291],[131.0979941,-13.0920737],[131.0974757,-13.0894423],[131.097315,-13.0884964],[131.0972639,-13.0873158],[131.0972785,-13.0865477],[131.0973004,-13.0857227],[131.0974465,-13.084848],[131.0975706,-13.0840728],[131.0978262,-13.083134],[131.0984541,-13.0814057],[131.0997757,-13.0776718],[131.10017,-13.0765267],[131.1011411,-13.0737529],[131.1017179,-13.0720602],[131.1028278,-13.0689378],[131.1037113,-13.0663346],[131.1039522,-13.0653958],[131.1048503,-13.0587881],[131.1052738,-13.0554948],[131.1059821,-13.0502882],[131.1063533,-13.0477545],[131.1063833,-13.0474312],[131.1065985,-13.0458846],[131.1068066,-13.0449706],[131.1070074,-13.0443233],[131.1072629,-13.0436333],[131.1075258,-13.0430358],[131.1080698,-13.0420826],[131.1088729,-13.0406137],[131.1094863,-13.0394044],[131.1102785,-13.0375443],[131.1114322,-13.0347878],[131.1157888,-13.0244224],[131.116059,-13.0235688],[131.1162926,-13.0226511],[131.1163912,-13.0220748],[131.1164679,-13.0212319],[131.1165299,-13.0195743],[131.1165993,-13.0170773],[131.1167161,-13.0131931],[131.1167453,-13.0119623],[131.1167669,-13.0114563],[131.1168756,-13.00764],[131.1169717,-13.0045742],[131.1171104,-13.0003873],[131.1171433,-12.9986016],[131.117209,-12.9965491],[131.117198,-12.9951261],[131.1171761,-12.9943222],[131.1169425,-12.9909996],[131.1168256,-12.9889435],[131.1166614,-12.986745],[131.1165117,-12.9845287],[131.116351,-12.981978],[131.1161868,-12.9797723],[131.1160341,-12.9773851],[131.1157837,-12.9737331],[131.115596,-12.9706809],[131.1155406,-12.9700269],[131.1154921,-12.969031],[131.1155279,-12.9680398],[131.1156048,-12.9673111],[131.1157182,-12.9665826],[131.1158974,-12.9658211],[131.1159776,-12.9654579],[131.1160823,-12.9651291],[131.1163491,-12.9642796],[131.1167454,-12.9630475],[131.1170565,-12.9621192],[131.118243,-12.9584418],[131.1188365,-12.9565732],[131.1202098,-12.9523466],[131.1208036,-12.9505],[131.1219549,-12.9469527],[131.1223318,-12.9458356],[131.1226571,-12.9449399],[131.123096,-12.9439134],[131.1236897,-12.9427209],[131.1251147,-12.9401043],[131.1263693,-12.9378148],[131.1277169,-12.9353139],[131.1286411,-12.9336735],[131.1301538,-12.9308454],[131.1307734,-12.9298591],[131.1315272,-12.9282438],[131.1334096,-12.9247421],[131.1358191,-12.920287],[131.1365274,-12.9183299],[131.1366661,-12.9164155],[131.137002,-12.9124442],[131.1373087,-12.9079178],[131.1377321,-12.9028646],[131.1381702,-12.8969857],[131.1385791,-12.8915692],[131.138988,-12.8865015],[131.139302,-12.8821881],[131.1395595,-12.8790231],[131.1397373,-12.8769404],[131.1399458,-12.8742945],[131.140096,-12.8729989],[131.140322,-12.8716832],[131.1417663,-12.8649657],[131.1419199,-12.864196],[131.142033,-12.863421],[131.1420862,-12.8627931],[131.1420916,-12.8624401],[131.1420961,-12.8620828],[131.1420755,-12.861521],[131.1420188,-12.8609398],[131.1419307,-12.8604083],[131.1418268,-12.859889],[131.1415947,-12.8590469],[131.1414103,-12.8585635],[131.1412193,-12.8581036],[131.1409973,-12.8576117],[131.1407557,-12.8571293],[131.140149,-12.8561995],[131.1378782,-12.8526758],[131.1369655,-12.8511239],[131.1367299,-12.8505603],[131.1365098,-12.8499801],[131.1334278,-12.8383996],[131.1332463,-12.8377047],[131.1321406,-12.8314146],[131.1321199,-12.8305437],[131.1321406,-12.8269645],[131.1320218,-12.8260331],[131.131805,-12.8249911],[131.1315313,-12.8241604],[131.131206,-12.8233499],[131.1307104,-12.8223934],[131.130096,-12.8213765],[131.1290221,-12.8196245],[131.1270498,-12.8164579],[131.1255009,-12.8140968],[131.1240553,-12.8121988],[131.1189594,-12.8054575],[131.1158719,-12.8014504],[131.1157058,-12.8012348],[131.1111966,-12.7952843],[131.107389,-12.7902979],[131.1058763,-12.7882889],[131.1054529,-12.7876545],[131.1049159,-12.7867533],[131.104539,-12.7858973],[131.1041673,-12.7848802],[131.1032483,-12.7817535],[131.1022415,-12.7783648],[131.1010488,-12.7743568],[131.10061,-12.7728261],[131.1004086,-12.7716529],[131.1003208,-12.7706257],[131.100326,-12.7664514],[131.100357,-12.7629367],[131.1003105,-12.7606455],[131.1002589,-12.7598852],[131.1000627,-12.7589385],[131.0997787,-12.7579062],[131.099376,-12.7569092],[131.098963,-12.7561035],[131.0977547,-12.7537844],[131.0919303,-12.7425851],[131.0900774,-12.7389617],[131.0897986,-12.7382164],[131.0896024,-12.7375365],[131.0894165,-12.7367358],[131.0892487,-12.735568],[131.0892031,-12.7351224],[131.0891997,-12.7350891],[131.0888641,-12.7323394],[131.0886717,-12.7308143],[131.088322,-12.7279076],[131.0879967,-12.7252334],[131.087625,-12.7222116],[131.0872945,-12.719346],[131.0869176,-12.7163745],[131.086582,-12.7135995],[131.0864581,-12.7128591],[131.086329,-12.7121288],[131.0860697,-12.7112164],[131.0859355,-12.7108529],[131.0858024,-12.7105222],[131.0853313,-12.7096061],[131.0852985,-12.7095421],[131.0852087,-12.7093588],[131.0849887,-12.7089782],[131.0847339,-12.70859],[131.084207,-12.7078831],[131.0836771,-12.7073037],[131.0831004,-12.7067359],[131.0818961,-12.7056265],[131.0794622,-12.7034458],[131.0702594,-12.6948932],[131.0607421,-12.6861073],[131.0591424,-12.6844585],[131.0581865,-12.6827736],[131.0573542,-12.6809072],[131.0567727,-12.6792821],[131.0558263,-12.676731],[131.054888,-12.6740418],[131.0539206,-12.6713419],[131.0536248,-12.6705619],[131.0534934,-12.670252],[131.0531721,-12.6695752],[131.052756,-12.668813],[131.0523507,-12.6681932],[131.051814,-12.6674381],[131.0512482,-12.666772],[131.0503099,-12.6656963],[131.0491303,-12.6643066],[131.0451839,-12.6597323],[131.0431875,-12.6574127],[131.0421008,-12.6563168],[131.0407746,-12.6553167],[131.0399294,-12.654842],[131.0390139,-12.6543995],[131.038397,-12.6541733],[131.037997,-12.6540398],[131.0370341,-12.6537948],[131.0317295,-12.6527172],[131.0251225,-12.6514601],[131.0196582,-12.650329],[131.0153901,-12.6488116],[131.0130132,-12.6475894],[131.0106705,-12.646101],[131.0091449,-12.6449175],[131.0068769,-12.6425743],[131.0049424,-12.6403575],[131.0024261,-12.6360162],[130.9946596,-12.617536],[130.9935843,-12.6151166],[130.9922699,-12.6133967],[130.9912244,-12.6122015],[130.9890737,-12.6106274],[130.9829502,-12.6075083],[130.9803514,-12.6060508],[130.9781182,-12.6038918],[130.9762292,-12.6009493],[130.9749746,-12.5988504],[130.9743417,-12.5963531],[130.9697894,-12.5821854],[130.9692643,-12.580642],[130.9692018,-12.5804694],[130.9688001,-12.5791595],[130.968562,-12.5781812],[130.9684188,-12.5777347],[130.9682959,-12.5771257],[130.9680642,-12.5758775],[130.9679133,-12.5749338],[130.9678369,-12.574471],[130.967783,-12.5740027],[130.9665561,-12.5617582],[130.9665212,-12.5611215],[130.9665432,-12.5601049],[130.9666188,-12.5594279],[130.9667192,-12.5587889],[130.9669536,-12.5578259],[130.9671539,-12.5572143],[130.9673798,-12.5566373],[130.967879,-12.5556242],[130.96947,-12.5528618],[130.9707527,-12.5507085],[130.9714462,-12.5496442],[130.9723191,-12.5483924],[130.9729958,-12.5473938],[130.9735367,-12.5466278],[130.9755133,-12.5433462],[130.9778163,-12.5393599],[130.9783347,-12.5384828],[130.9785788,-12.5380298],[130.978802,-12.5375602],[130.9789841,-12.5370601],[130.9791648,-12.5364393],[130.9792985,-12.5358044],[130.979358,-12.5353854],[130.9793907,-12.53496],[130.9794036,-12.5345318],[130.9793948,-12.5341027],[130.9793647,-12.5336992],[130.9793169,-12.5333014],[130.9791952,-12.5326743],[130.9790951,-12.5322893],[130.9789796,-12.5319254],[130.9787593,-12.531331],[130.9785882,-12.5309605],[130.9784146,-12.5306215],[130.9781328,-12.5301541],[130.9777548,-12.5296084],[130.9774491,-12.5292154],[130.9656827,-12.5168303],[130.9655223,-12.5166615],[130.9641056,-12.5152436],[130.9626558,-12.5138479],[130.9597454,-12.5110721],[130.9591843,-12.5104633],[130.9586693,-12.5098767],[130.9579827,-12.508955],[130.9574331,-12.5081173],[130.9572069,-12.5077337],[130.9569975,-12.5073541],[130.9566821,-12.5067386],[130.9563303,-12.5059416],[130.9561143,-12.5053978],[130.9558725,-12.5047001],[130.9556531,-12.5039745],[130.9554715,-12.5031669],[130.9553169,-12.5023619],[130.9552208,-12.5017109],[130.9551612,-12.5010616],[130.9551416,-12.500361],[130.9551344,-12.4996802],[130.9551524,-12.4990046],[130.9551956,-12.4984336],[130.9552193,-12.4982175],[130.9552212,-12.4982026],[130.9552999,-12.497584],[130.9554063,-12.4969614],[130.9556877,-12.4957145],[130.9558631,-12.4951277],[130.9560531,-12.4945684],[130.9564009,-12.4936638],[130.9564766,-12.4934939],[130.9568569,-12.4927185],[130.9572668,-12.4919601],[130.9595941,-12.4877062],[130.9607689,-12.4855706],[130.9617067,-12.4838438],[130.9619598,-12.4833368],[130.9621819,-12.4828271],[130.9624279,-12.4822056],[130.9625892,-12.4816533],[130.9627051,-12.4811885],[130.9628397,-12.4804653],[130.9628844,-12.4802055],[130.9631454,-12.4787468],[130.9631939,-12.4784138],[130.9632379,-12.4781366],[130.963593,-12.4760642],[130.9636598,-12.4753764],[130.9636793,-12.4744173],[130.9635852,-12.4732003],[130.9630038,-12.4699966],[130.9626862,-12.4688401],[130.9623772,-12.4681864],[130.9619309,-12.4673735],[130.9614846,-12.4667449],[130.9607121,-12.4659068],[130.9599053,-12.4652615],[130.9593903,-12.4649431],[130.9588581,-12.4646749],[130.9575878,-12.4640631],[130.9565235,-12.4634764],[130.9556327,-12.4629632],[130.9548552,-12.4624621],[130.9540351,-12.4619287],[130.9531658,-12.4613334],[130.9522034,-12.4606889],[130.9515793,-12.4602951],[130.9508558,-12.459902],[130.9500644,-12.4595847],[130.9492243,-12.459306],[130.9483978,-12.4591227],[130.9478007,-12.4590462],[130.9471469,-12.4590127],[130.9464634,-12.4590127],[130.9457692,-12.4590708],[130.9451762,-12.459159],[130.9447068,-12.459253],[130.9432844,-12.4595767],[130.9431013,-12.4596167],[130.9407644,-12.4601556],[130.9386904,-12.4606037],[130.9385556,-12.4606336],[130.9363022,-12.4611407],[130.9337485,-12.4617096],[130.9325249,-12.4619846],[130.9320698,-12.4620852],[130.9316731,-12.4621843],[130.9312522,-12.4623082],[130.9307293,-12.4624844],[130.9283704,-12.4633603],[130.9260817,-12.4641879],[130.9244998,-12.4647748],[130.924261,-12.4648634],[130.9240753,-12.4649464],[130.9237708,-12.4650976],[130.9233059,-12.4653321],[130.922261,-12.4658547],[130.922106,-12.4659329],[130.9219113,-12.4660167],[130.9215414,-12.4661518],[130.9200301,-12.466708],[130.9193188,-12.4669716],[130.9192011,-12.4670211],[130.9191168,-12.4670616],[130.9187715,-12.4672393],[130.9186937,-12.4672764],[130.9185678,-12.4673289],[130.9182971,-12.46743],[130.9106781,-12.4702185],[130.9056666,-12.4720661],[130.9054982,-12.472131],[130.9038777,-12.4727334],[130.9032742,-12.4729586],[130.9030102,-12.4730636],[130.9027811,-12.4731606],[130.9025493,-12.4732645],[130.9022882,-12.4733932],[130.9020279,-12.4735237],[130.9017347,-12.4736819],[130.9013819,-12.4738906],[130.90111,-12.4740655],[130.900775,-12.4742878],[130.9004627,-12.4745154],[130.9002009,-12.4747116],[130.8999452,-12.4749151],[130.8995938,-12.4752258],[130.8993129,-12.475484],[130.8990791,-12.475719],[130.8987863,-12.4760305],[130.8984517,-12.4764104],[130.8981758,-12.4767495],[130.8979063,-12.4771044],[130.8976258,-12.4774803],[130.8968864,-12.4784629],[130.8967521,-12.4786417],[130.8966436,-12.4787749],[130.8965288,-12.4789032],[130.8962005,-12.4792489],[130.8960466,-12.4794144],[130.8957671,-12.4797098],[130.8954594,-12.4800665]]}}]}