{"type":"FeatureCollection","metadata":{"route":"West Highland Line: Glasgow Queen Street to Mallaig","source":"OpenStreetMap contributors","sourceUrl":"https://www.openstreetmap.org/copyright","license":"ODbL 1.0","geometryVersion":"2026-08-11","osmWayIds":[4355048,4355945,4356610,4357099,4357938,4357946,4357959,4357960,4358487,4358496,4360587,4361225,4361244,4361404,4361406,4361648,4361649,4361664,4361702,4395761,4395763,4396048,4396049,4412449,4412451,4416477,4824362,6182166,23543970,23587235,23587236,23898464,24728952,24728954,26147701,26549573,26549575,29505086,31257367,32345935,32345938,32345940,32345941,32472088,33557559,33557567,34346655,34346658,35413119,35413120,37202086,37202089,39403851,40111839,40683750,42279254,42279262,44152752,44152753,44152835,44152836,44312067,44312179,44314445,44314446,44314495,44314499,45389394,45389402,49276798,49276855,49277219,49277229,51141906,51141907,51142464,51142496,55424237,55424238,55680797,55680798,56228451,56228452,56228453,56228455,56228456,56228457,56228459,56758388,56758389,56758390,56758393,56758394,56758395,56758397,56758398,56758930,56758931,58814647,58814648,60049147,60067052,60067055,60073772,60073773,60080281,60080283,60081429,60081437,60083301,60083302,60084459,60084460,60084679,60084680,60084833,60084835,60084837,67695518,67695525,67707525,67707527,71237749,71237760,71237769,71237777,94249468,94249526,94761109,94761112,94763807,94763814,94763820,94765313,94832151,94832152,94837662,94964919,95097195,95097216,95205020,95205022,95228628,95228633,96064072,96064076,96769243,96769244,96769245,96769246,96769248,96769253,96769254,96769256,103005997,103006013,104334172,104334188,129958011,132616426,132616427,132616429,132616430,132616431,133484375,135966237,135966238,135966240,135966241,137898162,139452882,139452883,146404899,164181403,164181404,164181405,164181406,164181407,164181410,164199516,164199518,164199524,164199525,164199527,164199535,164199537,164199540,170768020,170768021,203234778,209563094,209563095,226581591,228681447,232701704,232701707,232705066,232705077,239118608,239118611,239974413,292311179,292311180,292311182,292311183,292311184,292311185,292311186,292311187,292311188,292311189,292311190,292311191,292311192,292311193,292311194,292311195,292311196,292311197,292311198,292311199,292311200,292311201,292311202,292311203,292311204,292311205,292311206,292311207,292311208,292311209,292311210,292311211,292311212,292311213,292311216,292311217,292311220,292316212,292316214,367546258,367546259,367546260,367583810,369916986,370203077,384627643,384797292,384797293,385483957,385483958,396971623,429819747,430128797,430128799,430138630,430273276,430439296,430461057,430461058,430461059,430461060,430462565,430462567,430463239,448734263,459913518,459913519,460213731,460213734,460213737,460213738,460213739,460213743,460215018,460215020,460215557,460215559,460225630,460225631,460225640,460225641,460225643,460225646,469903837,469903838,469903842,469903843,470176504,470176505,470301434,470301435,470301438,470301439,475616218,554739904,554739905,554739907,564143435,564143438,586717849,586717852,586717917,586717918,653238846,653238847,656736062,656736072,665502826,665502827,680575144,708050704,708050705,718422300,718919283,733416242,733416243,777968657,777968662,777968663,777968665,778417973,778417979,786989231,786989232,798815574,823249823,833952985,833952986,865108567,865108568,893821802,893821803,974699298,974699299,1055337413,1055337414,1093083341,1094343778,1094343779,1103206505,1103206506,1119694391,1119694392,1119826654,1119826662,1119826663,1119826666,1119826667,1119899385,1119899386,1119901148,1119901149,1119943727,1119943728,1119960121,1119960122,1119993976,1119993977,1119993978,1119993979,1119993980,1119993981,1119994664,1136483812,1164753536,1164753537,1171014291,1171014292,1210287505,1210287506,1216111821,1216111822,1216111824,1227402541,1227402542,1227599268,1227599271,1284194365,1284194367,1334239211,1334239212,1349329280,1349329281,1349329282,1349329283,1349329284,1349329285,1349329286,1349329287,1349329288,1349329289,1349329290,1349329291,1349329292,1349329293,1349329294,1349329295,1349329296,1349329297,1349329298,1349329299,1349329300,1349329301,1349329302,1349329303,1349329304,1349329305,1349329306,1349329307,1349329308,1349329309,1349329310,1349329311,1349329312,1349329313,1349329314,1349358970,1349358971,1349358972,1349358973,1349358974,1349358975,1349358976,1349358977,1349358978,1349358979,1349358980,1349358981,1349358982,1349358983,1349358984,1349358985,1349358986,1349358987,1349358988,1349358989,1349358990,1349358991,1349358992,1349358993,1349358994,1349358995,1349358996,1349358997,1349358998,1349358999,1349359000,1349359001,1349359002,1349359003,1349359004,1349359005,1349359006,1349359007,1349359008,1349359009,1349359010,1349359011,1349359012,1349359013,1349359014,1349359015,1349359016,1349359017,1349359018,1349359019,1349359020,1349359021,1349606673,1349606675,1349606677,1349606679,1363398816,1363398817,1378966460,1378966461,1378966477,1378966478,1378966486,1436801965,1453534987,1462345971,1462345972,1462876204,1464075294],"approximateLengthKm":263.37},"features":[{"type":"Feature","properties":{"name":"West Highland Line","source":"OpenStreetMap contributors"},"geometry":{"type":"LineString","coordinates":[[-4.2509634,55.8623815],[-4.2506834,55.8631427],[-4.2505981,55.8634202],[-4.2505761,55.863504],[-4.2505567,55.8635897],[-4.2505379,55.8636679],[-4.250523,55.8637505],[-4.2505026,55.863848],[-4.250475,55.8639335],[-4.2504107,55.8641065],[-4.2503145,55.8642967],[-4.2502442,55.8644183],[-4.2501629,55.8645392],[-4.2501589,55.8645447],[-4.250156,55.8645487],[-4.2499497,55.8648341],[-4.2498355,55.8649928],[-4.2496873,55.8652464],[-4.2496182,55.8653774],[-4.2494918,55.8655945],[-4.2494077,55.8657141],[-4.2489742,55.866354],[-4.2483963,55.8672067],[-4.2478594,55.867999],[-4.2477861,55.8681067],[-4.2472811,55.8688482],[-4.2449801,55.8722269],[-4.2449765,55.8722323],[-4.2442731,55.8732866],[-4.2438682,55.8738815],[-4.2438419,55.8739201],[-4.2426978,55.875601],[-4.2419457,55.876706],[-4.2414002,55.8775098],[-4.2413458,55.87759],[-4.2411884,55.877858],[-4.2411596,55.8779071],[-4.2404241,55.8789687],[-4.2397894,55.8798849],[-4.2394405,55.8803732],[-4.2392425,55.8806875],[-4.2390866,55.880941],[-4.2389579,55.8811622],[-4.2388986,55.88129],[-4.2388372,55.8814225],[-4.2387782,55.8816181],[-4.2387503,55.8817301],[-4.2386897,55.8819731],[-4.2386434,55.8822539],[-4.2386381,55.8823822],[-4.2386292,55.8825956],[-4.2386475,55.8829227],[-4.2386822,55.8831121],[-4.2387078,55.8832522],[-4.2388002,55.8836298],[-4.2389512,55.8841953],[-4.2390719,55.8845049],[-4.2392014,55.8848403],[-4.2393176,55.8850903],[-4.2395122,55.8855104],[-4.2397149,55.8859479],[-4.2398135,55.8861608],[-4.2400777,55.8867202],[-4.2401734,55.8869227],[-4.2402093,55.8869979],[-4.2402533,55.8870837],[-4.2402745,55.8871195],[-4.2403184,55.8871933],[-4.2403885,55.8872976],[-4.2403993,55.8873137],[-4.2404681,55.8874109],[-4.2405434,55.8875095],[-4.2406271,55.887603],[-4.2407288,55.8876943],[-4.2408387,55.8877802],[-4.2409843,55.8878813],[-4.2411501,55.8879856],[-4.2413672,55.888105],[-4.2415995,55.8882149],[-4.2417808,55.8882872],[-4.2420089,55.8883714],[-4.242169,55.8884231],[-4.2423868,55.8884802],[-4.2426429,55.888539],[-4.2428924,55.888585],[-4.2431583,55.8886202],[-4.2433988,55.8886451],[-4.2436359,55.8886587],[-4.2438479,55.8886629],[-4.2440537,55.8886631],[-4.2443634,55.8886585],[-4.245672,55.8886599],[-4.2456928,55.8886603],[-4.2459636,55.8886669],[-4.2468887,55.8887113],[-4.2471811,55.8887261],[-4.2479185,55.8887803],[-4.2483756,55.8888232],[-4.2487955,55.8888672],[-4.2491319,55.888905],[-4.2502741,55.8890373],[-4.2517649,55.8893149],[-4.2524638,55.8894501],[-4.2532606,55.8895987],[-4.2540245,55.8897135],[-4.2548103,55.8898233],[-4.2557096,55.8899263],[-4.2561298,55.8899723],[-4.256646,55.8900173],[-4.2573918,55.8900718],[-4.2577478,55.890098],[-4.2584375,55.8901357],[-4.2597972,55.8902066],[-4.2611058,55.8902847],[-4.2625275,55.8904386],[-4.2636679,55.8906101],[-4.2648181,55.8907917],[-4.2659391,55.8910038],[-4.2672558,55.8913058],[-4.2679759,55.891471],[-4.2686368,55.8916529],[-4.2696171,55.8919268],[-4.2706728,55.8922405],[-4.2719482,55.8926753],[-4.273019,55.8930866],[-4.2733801,55.893242],[-4.2740378,55.893516],[-4.2746029,55.8937687],[-4.2757057,55.8942792],[-4.2768693,55.8948258],[-4.2774789,55.8951121],[-4.2776081,55.8951728],[-4.2782421,55.8954706],[-4.2800813,55.8963296],[-4.2802286,55.8963973],[-4.2804997,55.896517],[-4.2807754,55.8966444],[-4.2810495,55.8967569],[-4.28138,55.8968866],[-4.281582,55.8969625],[-4.2817985,55.897043],[-4.2820386,55.8971281],[-4.2822708,55.8972078],[-4.2826173,55.8973219],[-4.2828011,55.8973813],[-4.2831322,55.8974813],[-4.2837558,55.8976579],[-4.2843097,55.8978065],[-4.2846869,55.8978998],[-4.2848715,55.897943],[-4.2854278,55.8980698],[-4.2859961,55.8981858],[-4.286592,55.8982895],[-4.2872033,55.8983931],[-4.288642,55.8985859],[-4.2901724,55.8987355],[-4.290795,55.8987716],[-4.2910928,55.8987852],[-4.2921917,55.8988254],[-4.2929123,55.8988407],[-4.2931956,55.8988349],[-4.29341,55.8988305],[-4.2934664,55.8988293],[-4.2938667,55.8988195],[-4.2945427,55.8988029],[-4.295332,55.8987535],[-4.2962042,55.8986697],[-4.2970797,55.8985418],[-4.2983714,55.8983063],[-4.2994437,55.8980474],[-4.3003702,55.8977661],[-4.3011372,55.897497],[-4.3023194,55.8970359],[-4.302964,55.8967787],[-4.3030106,55.8967601],[-4.30331,55.896646],[-4.3042137,55.8962996],[-4.3048902,55.8960561],[-4.3054343,55.8958602],[-4.3080425,55.8948692],[-4.3091332,55.8945616],[-4.3103861,55.8943121],[-4.311014,55.8942272],[-4.3117907,55.8941582],[-4.3125442,55.8941377],[-4.3133208,55.8941272],[-4.3142026,55.8941825],[-4.3146353,55.8942231],[-4.315008,55.8942632],[-4.3158005,55.8943885],[-4.3165987,55.8945653],[-4.3169777,55.8946488],[-4.3173452,55.8947585],[-4.317761,55.8948914],[-4.3181269,55.8950125],[-4.3187666,55.8952587],[-4.3193787,55.8955568],[-4.3197989,55.895767],[-4.3201878,55.8960064],[-4.3204566,55.8962044],[-4.3206849,55.8963625],[-4.3210463,55.8966566],[-4.3214596,55.8970669],[-4.3220519,55.8977595],[-4.3226749,55.8984229],[-4.3234348,55.8989866],[-4.3236041,55.8991035],[-4.3239899,55.899343],[-4.324539,55.8996396],[-4.324859,55.8997964],[-4.3250074,55.8998707],[-4.3255033,55.900073],[-4.3259104,55.9002332],[-4.3263844,55.900402],[-4.3269101,55.9005809],[-4.3273666,55.9007478],[-4.3278036,55.9009221],[-4.328282,55.901126],[-4.3287486,55.9013369],[-4.3289816,55.9014422],[-4.3296523,55.9017404],[-4.32991,55.9018518],[-4.3301748,55.90197],[-4.3304471,55.902103],[-4.3309965,55.9023804],[-4.331107,55.9024534],[-4.3320372,55.9030683],[-4.3326347,55.9035056],[-4.3333186,55.9039248],[-4.3337949,55.9041949],[-4.3343022,55.9044535],[-4.3346821,55.904626],[-4.3351112,55.9048009],[-4.3356631,55.9050112],[-4.3359037,55.9050946],[-4.3360432,55.9051401],[-4.3365156,55.905288],[-4.3369129,55.9054085],[-4.3377177,55.9056226],[-4.3380972,55.905718],[-4.3384002,55.9057942],[-4.3390079,55.9059224],[-4.339581,55.9060329],[-4.3402113,55.9061519],[-4.3404318,55.9061862],[-4.3409265,55.9062607],[-4.3414744,55.9063353],[-4.34217,55.9064105],[-4.34285,55.9064709],[-4.3435843,55.9065121],[-4.3441095,55.9065292],[-4.3445689,55.9065372],[-4.3449744,55.9065406],[-4.3455125,55.9065355],[-4.3463638,55.9065139],[-4.3468514,55.9064944],[-4.3474217,55.9064535],[-4.3484405,55.9063793],[-4.3493469,55.9062882],[-4.3499284,55.9062255],[-4.3504486,55.9061566],[-4.3514138,55.9060315],[-4.353223,55.9057349],[-4.3541399,55.9055576],[-4.3549118,55.905378],[-4.3556757,55.9051991],[-4.3565806,55.9049963],[-4.3569432,55.9049271],[-4.3572756,55.9048633],[-4.3578672,55.9047846],[-4.3586406,55.9046847],[-4.3595805,55.9046185],[-4.3603695,55.9045923],[-4.36115,55.9045934],[-4.3616524,55.9046084],[-4.3620877,55.9046362],[-4.3629537,55.9047109],[-4.3634147,55.9047623],[-4.3638559,55.9048214],[-4.3640401,55.9048474],[-4.3640882,55.9048542],[-4.3643166,55.9048878],[-4.3648895,55.9049841],[-4.3655563,55.9050618],[-4.3662598,55.9051482],[-4.3675927,55.905281],[-4.3688852,55.9054006],[-4.3702155,55.9055037],[-4.3706431,55.9055296],[-4.372465,55.9056267],[-4.373635,55.9056758],[-4.3747498,55.9057025],[-4.3754019,55.9056993],[-4.3760443,55.9056902],[-4.377216,55.9056656],[-4.3782069,55.9056074],[-4.3792873,55.905521],[-4.3803002,55.9054146],[-4.381369,55.9052859],[-4.3830871,55.9050142],[-4.3844523,55.9047625],[-4.3852402,55.9046187],[-4.3860812,55.9044925],[-4.3866975,55.904412],[-4.3870577,55.9043649],[-4.3874183,55.9043154],[-4.3884146,55.9042165],[-4.3894112,55.9041551],[-4.3908212,55.9041144],[-4.3921835,55.9041225],[-4.3929792,55.9041376],[-4.3939115,55.904176],[-4.3948651,55.9042857],[-4.3955861,55.9043792],[-4.3966688,55.9045982],[-4.3977112,55.9048543],[-4.3990966,55.9053114],[-4.4007651,55.9059704],[-4.4025746,55.9066883],[-4.4029343,55.9068129],[-4.4033156,55.9069217],[-4.403879,55.9070948],[-4.4041342,55.907152],[-4.4043346,55.907197],[-4.4060443,55.9075999],[-4.4064069,55.9076845],[-4.4072966,55.9078928],[-4.4074383,55.9079253],[-4.4084915,55.908163],[-4.4098515,55.9084805],[-4.4104553,55.9085987],[-4.4110502,55.9087054],[-4.4117213,55.9087892],[-4.4123679,55.9088549],[-4.4133812,55.9089458],[-4.4147184,55.9090495],[-4.4155196,55.9091295],[-4.4159517,55.9091852],[-4.4164712,55.9092694],[-4.4168232,55.9093312],[-4.4181485,55.9096242],[-4.4198662,55.9100558],[-4.4213797,55.9104384],[-4.4233118,55.910923],[-4.4241661,55.9111287],[-4.425003,55.9113398],[-4.425694,55.9115369],[-4.4269404,55.9118904],[-4.4272918,55.9120011],[-4.4283674,55.9123399],[-4.4292295,55.9126598],[-4.4294692,55.9127515],[-4.4300273,55.9129806],[-4.4301071,55.9130152],[-4.430783,55.913307],[-4.4319957,55.9138505],[-4.4326268,55.9141335],[-4.4331074,55.9143493],[-4.4337871,55.9146517],[-4.4355284,55.9154206],[-4.4372706,55.9162076],[-4.4384117,55.9167093],[-4.439192,55.9170501],[-4.443402,55.9189436],[-4.4455219,55.9198958],[-4.4476385,55.9208304],[-4.4488583,55.9214605],[-4.4499769,55.9221049],[-4.450538,55.9224882],[-4.4508161,55.9226816],[-4.4514264,55.9231185],[-4.4520578,55.92355],[-4.4524416,55.9238095],[-4.4530785,55.9242533],[-4.4531787,55.9243234],[-4.4533203,55.9244212],[-4.4534546,55.9245139],[-4.4535999,55.9246137],[-4.4538324,55.9247652],[-4.4542495,55.9250157],[-4.4546789,55.9252609],[-4.455158,55.9255108],[-4.455395,55.9256314],[-4.4556486,55.925748],[-4.4563207,55.9260292],[-4.4569603,55.9262921],[-4.4576315,55.9265434],[-4.4591938,55.9270116],[-4.4599381,55.9272209],[-4.4607828,55.9274322],[-4.4616558,55.9276119],[-4.4625733,55.927768],[-4.4641529,55.9279978],[-4.4657348,55.9282425],[-4.4667252,55.9283968],[-4.4677047,55.9285379],[-4.4698233,55.9288622],[-4.4706551,55.9289945],[-4.4726062,55.929296],[-4.4747098,55.9296123],[-4.474859,55.9296361],[-4.4774659,55.9300341],[-4.4788074,55.9302389],[-4.4792222,55.9302936],[-4.4799462,55.9303708],[-4.4804871,55.9304078],[-4.4808833,55.9304272],[-4.4815337,55.93044],[-4.4839414,55.9304597],[-4.4846527,55.9304761],[-4.4851794,55.930504],[-4.4855477,55.9305384],[-4.486064,55.9305887],[-4.488122,55.9308535],[-4.4892481,55.9309753],[-4.4898395,55.9310197],[-4.4904375,55.931053],[-4.4914399,55.9310724],[-4.4929164,55.9310424],[-4.4939849,55.9310097],[-4.4944362,55.9309984],[-4.4955926,55.9309541],[-4.4965127,55.9309173],[-4.4973988,55.9308708],[-4.4979747,55.9308604],[-4.4986896,55.9308366],[-4.4994178,55.9308187],[-4.4998088,55.9308113],[-4.5001809,55.9308077],[-4.5005878,55.9308191],[-4.500944,55.9308331],[-4.501808,55.9308854],[-4.5026716,55.930943],[-4.5037729,55.9310943],[-4.5047157,55.9312581],[-4.5047782,55.9312683],[-4.5056976,55.9314977],[-4.5069546,55.9318959],[-4.5080307,55.9323117],[-4.5119035,55.9338438],[-4.5124101,55.934039],[-4.513005,55.9342608],[-4.5132286,55.9343401],[-4.5134279,55.9344044],[-4.513761,55.9345044],[-4.5142226,55.934632],[-4.5146104,55.9347229],[-4.5150151,55.9348072],[-4.5154268,55.9348803],[-4.5160958,55.934976],[-4.5166734,55.9350353],[-4.5176973,55.9350914],[-4.5181244,55.9350948],[-4.5187285,55.9350802],[-4.5191758,55.9350602],[-4.5195175,55.935045],[-4.5198281,55.9350152],[-4.5202134,55.9349807],[-4.5206343,55.934931],[-4.521165,55.93484],[-4.5217078,55.9347336],[-4.5227858,55.9344698],[-4.522899,55.9344421],[-4.5230346,55.934408],[-4.5240984,55.9341403],[-4.5247072,55.9340026],[-4.5253648,55.9338718],[-4.5254875,55.9338488],[-4.5256125,55.9338273],[-4.5268354,55.9336617],[-4.5274032,55.9335978],[-4.5279743,55.9335587],[-4.5285903,55.9335295],[-4.5292125,55.9335238],[-4.5300615,55.9335269],[-4.5304922,55.9335433],[-4.5309234,55.9335504],[-4.5339599,55.9337133],[-4.5350375,55.9338377],[-4.5362763,55.9340377],[-4.5438686,55.9352705],[-4.5439237,55.9352794],[-4.5455848,55.9356056],[-4.5464106,55.9358052],[-4.5475517,55.9361769],[-4.5486087,55.9365827],[-4.5499757,55.937254],[-4.5506447,55.9376954],[-4.5512021,55.9380632],[-4.5517953,55.9386081],[-4.5523088,55.9391406],[-4.5524046,55.93924],[-4.5524896,55.9393424],[-4.5529465,55.9400051],[-4.553221,55.9404934],[-4.5536668,55.9413196],[-4.5537515,55.9414881],[-4.553823,55.941657],[-4.5539386,55.94185],[-4.5540489,55.9420842],[-4.5541048,55.9422284],[-4.5541841,55.9424054],[-4.5543089,55.9426319],[-4.5546046,55.9432275],[-4.554633,55.943285],[-4.5548435,55.9437117],[-4.555017,55.9439965],[-4.5550705,55.9440728],[-4.5551976,55.9442539],[-4.555381,55.9444566],[-4.5555141,55.9445814],[-4.5556624,55.9447061],[-4.5559886,55.9449427],[-4.5563504,55.9451569],[-4.5566095,55.9452825],[-4.5568383,55.945381],[-4.557025,55.9454564],[-4.5572268,55.94553],[-4.557602,55.9456418],[-4.5580095,55.9457448],[-4.5586695,55.9458846],[-4.5592114,55.9459845],[-4.5597231,55.9460675],[-4.5602417,55.9461472],[-4.5607194,55.9462143],[-4.5617562,55.9463427],[-4.5625533,55.9464219],[-4.5628797,55.9464533],[-4.5630733,55.9464691],[-4.563796,55.946512],[-4.5642492,55.9465304],[-4.5646829,55.9465379],[-4.5653052,55.9465409],[-4.5653536,55.946541],[-4.5658235,55.9465416],[-4.5681365,55.9465588],[-4.5686812,55.9465606],[-4.569183,55.9465603],[-4.5701681,55.946567],[-4.5705388,55.9465676],[-4.5710526,55.9465708],[-4.5711725,55.9465722],[-4.5712908,55.9465737],[-4.5719443,55.9465798],[-4.5722656,55.94659],[-4.5726217,55.9466014],[-4.5727359,55.9466049],[-4.5733016,55.9466388],[-4.5741178,55.9467147],[-4.574965,55.9468145],[-4.5758077,55.9469426],[-4.5762868,55.9470242],[-4.5766614,55.947101],[-4.5770972,55.9472133],[-4.5774918,55.9473385],[-4.5778212,55.9474611],[-4.5778866,55.9474869],[-4.5780366,55.947546],[-4.5785345,55.9477169],[-4.5788082,55.947804],[-4.5791062,55.9478783],[-4.5796104,55.9479826],[-4.5800697,55.9480546],[-4.5804665,55.9480936],[-4.580829,55.9481188],[-4.5811299,55.9481273],[-4.5814195,55.9481297],[-4.5816797,55.9481244],[-4.5821701,55.9480926],[-4.5834326,55.9479077],[-4.5869588,55.9474377],[-4.5920608,55.9468667],[-4.5926598,55.9467893],[-4.594726,55.9465418],[-4.5954687,55.94648],[-4.5960848,55.9464471],[-4.5972351,55.9464397],[-4.5982486,55.9464767],[-4.599106,55.94654],[-4.5999851,55.9466391],[-4.6020012,55.9469659],[-4.6026727,55.9470725],[-4.6037271,55.947211],[-4.6045803,55.9473064],[-4.6054103,55.9473847],[-4.6078822,55.9475802],[-4.6086098,55.9476745],[-4.6092997,55.9478009],[-4.6099722,55.9479365],[-4.6106306,55.9480995],[-4.6132608,55.9488438],[-4.6146356,55.9492456],[-4.6161223,55.9496736],[-4.6162188,55.9497021],[-4.6168861,55.9498956],[-4.618179,55.9502706],[-4.6184831,55.950349],[-4.6187744,55.9504442],[-4.6193747,55.9506193],[-4.6199923,55.9507948],[-4.6206551,55.9509575],[-4.6214286,55.9511293],[-4.6221824,55.9512838],[-4.6224968,55.951345],[-4.6228021,55.9514068],[-4.6235019,55.9515152],[-4.6241245,55.9515986],[-4.6247478,55.9516672],[-4.6258746,55.9517674],[-4.6270276,55.9519073],[-4.6288609,55.9522045],[-4.6344709,55.9531562],[-4.6357453,55.9533776],[-4.63699,55.9535932],[-4.6387066,55.9538612],[-4.6401435,55.954128],[-4.6412508,55.9543848],[-4.642506,55.9547315],[-4.6437344,55.955131],[-4.6449335,55.9555883],[-4.6467086,55.9564689],[-4.6475948,55.9569738],[-4.6479192,55.9571745],[-4.6489,55.9578403],[-4.6492157,55.9580785],[-4.6502172,55.9588013],[-4.6508963,55.959207],[-4.6516248,55.9596126],[-4.6521285,55.9598637],[-4.6526869,55.9601087],[-4.6534419,55.9603921],[-4.6536587,55.9604735],[-4.6545343,55.9607403],[-4.655484,55.9609792],[-4.656521,55.9611936],[-4.6571182,55.9612855],[-4.6578808,55.96139],[-4.6615777,55.9617672],[-4.6631899,55.9619259],[-4.6651176,55.9621188],[-4.6676759,55.9623806],[-4.6689878,55.9625933],[-4.6700644,55.9628381],[-4.6701352,55.9628542],[-4.6711231,55.96314],[-4.672083,55.9634396],[-4.6736466,55.9641093],[-4.6749087,55.9648715],[-4.6752742,55.965128],[-4.6759565,55.9656814],[-4.6762986,55.9660048],[-4.676677,55.9663172],[-4.6774096,55.9669498],[-4.6778969,55.9673454],[-4.6784319,55.9677103],[-4.6797961,55.968692],[-4.6810114,55.9697441],[-4.6814379,55.9701764],[-4.6822145,55.9710597],[-4.6825962,55.9716533],[-4.6832093,55.9727281],[-4.6832348,55.9727676],[-4.6832698,55.9728221],[-4.6837153,55.9736806],[-4.684064,55.974624],[-4.6844491,55.9755673],[-4.6849703,55.976443],[-4.6852071,55.9767668],[-4.6854315,55.9770891],[-4.6859765,55.9777248],[-4.6865919,55.9784112],[-4.6873171,55.9790901],[-4.688725,55.9804518],[-4.6902328,55.9818281],[-4.6916299,55.9831632],[-4.6930955,55.9845267],[-4.6934536,55.9848709],[-4.6938289,55.9852161],[-4.6946028,55.9858793],[-4.6949852,55.9862199],[-4.6953414,55.9865747],[-4.6956786,55.9869424],[-4.6959613,55.9873369],[-4.6969648,55.9890481],[-4.6973672,55.9894827],[-4.6979832,55.9901481],[-4.6983646,55.9904416],[-4.6995389,55.9913453],[-4.6996082,55.9914053],[-4.7004342,55.9919391],[-4.7012763,55.9925356],[-4.7013526,55.9925896],[-4.7017498,55.9928132],[-4.7018317,55.9928552],[-4.7021659,55.9930268],[-4.7026126,55.993208],[-4.7030853,55.9933691],[-4.703366,55.9934545],[-4.7037929,55.9935651],[-4.7042794,55.9936685],[-4.704768,55.9937495],[-4.7050247,55.9937796],[-4.7053109,55.9938019],[-4.7059928,55.993835],[-4.7064738,55.9938493],[-4.70732,55.9938806],[-4.7084901,55.9939557],[-4.7092334,55.9940751],[-4.7100009,55.9942866],[-4.7103247,55.9943758],[-4.7109415,55.9946102],[-4.7115583,55.9949242],[-4.7120723,55.9952382],[-4.712531,55.9955832],[-4.7129814,55.9960204],[-4.7132962,55.9965018],[-4.7134352,55.9969355],[-4.7134853,55.9972088],[-4.7135051,55.9974296],[-4.7134866,55.9977228],[-4.7134375,55.9979689],[-4.7134348,55.9979809],[-4.7133534,55.9983382],[-4.7132566,55.9986693],[-4.7130442,55.9993173],[-4.7129666,55.9994823],[-4.7128204,55.9997187],[-4.7126862,55.9998981],[-4.7124241,56.0001497],[-4.7122807,56.0002819],[-4.7111669,56.0011844],[-4.7108563,56.0014374],[-4.7105377,56.0016941],[-4.7097742,56.0023007],[-4.7090889,56.0029351],[-4.7086652,56.0034698],[-4.7084723,56.0039287],[-4.70845,56.0044109],[-4.7085741,56.0048285],[-4.7087494,56.0051789],[-4.7091581,56.0056726],[-4.7097284,56.0060899],[-4.7104869,56.0064495],[-4.7114152,56.0067378],[-4.7123375,56.0068939],[-4.7137998,56.0069855],[-4.715262,56.0070737],[-4.716427,56.0072365],[-4.7173311,56.0074909],[-4.7179682,56.0077928],[-4.7186113,56.0082881],[-4.7191696,56.0088648],[-4.7201707,56.01013],[-4.7208139,56.0105913],[-4.7214874,56.0108661],[-4.7223429,56.011073],[-4.7258241,56.0116605],[-4.7260912,56.0117022],[-4.7270857,56.011866],[-4.7289696,56.0121738],[-4.7296237,56.0122672],[-4.7297574,56.0122857],[-4.7302014,56.0123472],[-4.7309793,56.0124678],[-4.7314321,56.0125443],[-4.7316471,56.0125849],[-4.7322567,56.0127038],[-4.7331214,56.0128719],[-4.7348065,56.0131586],[-4.7373878,56.0135852],[-4.7376784,56.0136323],[-4.7391357,56.0138834],[-4.7405868,56.0141211],[-4.7417506,56.0143695],[-4.7429093,56.0147772],[-4.7436828,56.01517],[-4.7437458,56.0152146],[-4.7442805,56.0155936],[-4.7448315,56.0159709],[-4.7454576,56.0163098],[-4.7457327,56.0164222],[-4.74606,56.0165376],[-4.7465143,56.0166638],[-4.7470458,56.0167817],[-4.7478679,56.0168863],[-4.7501934,56.0170283],[-4.751568,56.0171329],[-4.7521834,56.0172017],[-4.7532049,56.0173511],[-4.7542335,56.0175382],[-4.7566301,56.0180164],[-4.7583073,56.0183577],[-4.7595611,56.0185806],[-4.7624764,56.0190244],[-4.7634915,56.0191797],[-4.7645273,56.019367],[-4.7654601,56.0196042],[-4.7661704,56.0198123],[-4.7667887,56.0200204],[-4.7674149,56.0202606],[-4.7682813,56.0206553],[-4.7693609,56.0211666],[-4.7697758,56.0213576],[-4.7701185,56.0214952],[-4.7705454,56.021622],[-4.7709097,56.021698],[-4.7713332,56.0217657],[-4.7717516,56.0217934],[-4.7722582,56.0218104],[-4.7728371,56.0218204],[-4.7734868,56.0218752],[-4.7740918,56.0219711],[-4.7745895,56.0221078],[-4.7750571,56.0222685],[-4.7754863,56.0224992],[-4.7761221,56.0228778],[-4.7765462,56.0231917],[-4.7766807,56.0232949],[-4.7771151,56.0236674],[-4.7780798,56.0247228],[-4.7787866,56.0253927],[-4.7790661,56.0255892],[-4.7793558,56.0257781],[-4.7799365,56.0260995],[-4.7801785,56.0262171],[-4.7811016,56.026666],[-4.7821842,56.0272168],[-4.782914,56.0276133],[-4.7881398,56.0304528],[-4.7906178,56.0322384],[-4.7936394,56.0348013],[-4.7950646,56.0359934],[-4.7956106,56.03654],[-4.7956995,56.0366318],[-4.7965341,56.0375234],[-4.799443,56.0409896],[-4.8020038,56.0439518],[-4.8025183,56.044682],[-4.8026668,56.0449933],[-4.8027334,56.0452232],[-4.8029839,56.0465476],[-4.8031171,56.0473343],[-4.8032302,56.0478895],[-4.8034118,56.0483727],[-4.803703,56.0488709],[-4.8040914,56.0493261],[-4.8044432,56.049648],[-4.8051375,56.0501633],[-4.8063403,56.0510514],[-4.8075768,56.0519576],[-4.809815,56.0535784],[-4.8109746,56.054418],[-4.8120694,56.055227],[-4.8123722,56.0555166],[-4.8125782,56.0557715],[-4.8127147,56.0559586],[-4.8128262,56.0561793],[-4.8129852,56.0565061],[-4.8131007,56.0570506],[-4.813109,56.0574188],[-4.8131028,56.0580272],[-4.8131038,56.0588187],[-4.8130763,56.0604915],[-4.8129875,56.0611428],[-4.8129259,56.0615434],[-4.8128156,56.0619394],[-4.8126777,56.0623728],[-4.812122,56.0637227],[-4.811781,56.0645351],[-4.811633,56.0648613],[-4.8114526,56.0653556],[-4.8114133,56.0654882],[-4.8113664,56.0658441],[-4.8113517,56.0661105],[-4.811371,56.06681],[-4.8114428,56.0675877],[-4.8115428,56.0685724],[-4.8116268,56.0690616],[-4.8117676,56.069954],[-4.811875,56.0703419],[-4.8120107,56.0706981],[-4.8121986,56.0710331],[-4.8123864,56.0712693],[-4.8126093,56.0715119],[-4.8128767,56.0717031],[-4.8134256,56.0720546],[-4.8141611,56.0723178],[-4.8147926,56.0724338],[-4.8157039,56.0725052],[-4.8164234,56.072474],[-4.8170703,56.0723838],[-4.8200448,56.0716667],[-4.8211805,56.0715754],[-4.8220487,56.0716048],[-4.8231594,56.0717516],[-4.8239869,56.0719869],[-4.8252706,56.072631],[-4.8258462,56.0731206],[-4.8262421,56.0737604],[-4.8264739,56.0745607],[-4.8264511,56.0761124],[-4.8260649,56.0775973],[-4.8257192,56.0788313],[-4.8256922,56.0794725],[-4.8256791,56.0797],[-4.8256389,56.0799234],[-4.8255106,56.0802039],[-4.8253475,56.0804634],[-4.8251006,56.0807676],[-4.8248209,56.0811049],[-4.824325,56.0816283],[-4.824122,56.0818895],[-4.8240006,56.0821072],[-4.8239191,56.0823151],[-4.8238582,56.0826249],[-4.8238301,56.0828525],[-4.8238428,56.0829445],[-4.8239189,56.0832267],[-4.824006,56.0834381],[-4.8242821,56.0838842],[-4.8245485,56.0841823],[-4.8251884,56.0848981],[-4.8270491,56.0869002],[-4.8283253,56.0882231],[-4.8286723,56.0885664],[-4.8291943,56.0889414],[-4.8294419,56.0891114],[-4.8297784,56.0892665],[-4.830567,56.089612],[-4.8355069,56.0917864],[-4.8365173,56.092228],[-4.8370148,56.0924469],[-4.8375679,56.0927385],[-4.8379201,56.0930179],[-4.8381218,56.0932266],[-4.8383151,56.0934784],[-4.8385268,56.0940414],[-4.838619,56.0944827],[-4.838936,56.0960812],[-4.8389723,56.0965814],[-4.8389092,56.0970612],[-4.8388658,56.0972943],[-4.8388408,56.0974286],[-4.8387588,56.0976785],[-4.8387233,56.0977869],[-4.8385559,56.0980806],[-4.8384196,56.0983492],[-4.8373796,56.0998823],[-4.8363372,56.1012989],[-4.8359516,56.1019821],[-4.835774,56.1031127],[-4.8354496,56.1037084],[-4.8349081,56.1042931],[-4.8339366,56.1050759],[-4.830861,56.1075016],[-4.8298569,56.1082226],[-4.8287617,56.1087784],[-4.8273908,56.1093538],[-4.8254139,56.1099913],[-4.8245076,56.110226],[-4.8241118,56.1103394],[-4.8237535,56.1104885],[-4.8233601,56.1106884],[-4.8227492,56.1111995],[-4.8224325,56.1117368],[-4.822424,56.1123969],[-4.8226716,56.1130833],[-4.8231815,56.1139744],[-4.8232558,56.1147367],[-4.822923,56.1153829],[-4.8224472,56.1158011],[-4.821798,56.116147],[-4.8212533,56.116396],[-4.8203887,56.1168027],[-4.8200037,56.1170829],[-4.8198048,56.11731],[-4.8195546,56.1177684],[-4.8193995,56.1183378],[-4.8191856,56.1186716],[-4.8188488,56.1189905],[-4.8183088,56.119381],[-4.8178222,56.1197536],[-4.8175709,56.1200367],[-4.8173945,56.1203706],[-4.8171004,56.121062],[-4.8166994,56.1216194],[-4.8161112,56.1222214],[-4.8155819,56.1229159],[-4.8151756,56.1233927],[-4.8141472,56.123969],[-4.8135704,56.124274],[-4.8126929,56.1247379],[-4.8096978,56.1266679],[-4.8069296,56.1279121],[-4.8033875,56.1294551],[-4.8021591,56.1299244],[-4.8015046,56.1302144],[-4.8010862,56.1304536],[-4.8009414,56.1305463],[-4.8007751,56.1306509],[-4.8005068,56.1308722],[-4.8001367,56.131216],[-4.7992501,56.1320427],[-4.7989481,56.1323699],[-4.7976428,56.1337843],[-4.7955501,56.1360019],[-4.7932673,56.1382128],[-4.7911242,56.1403522],[-4.7896061,56.1419442],[-4.7884453,56.1434864],[-4.7872844,56.1448794],[-4.7871441,56.145088],[-4.7869831,56.1453988],[-4.7868168,56.1458948],[-4.7866851,56.146458],[-4.7866247,56.14672],[-4.7864574,56.1470543],[-4.7860865,56.1475652],[-4.7857433,56.1479218],[-4.7849273,56.1486885],[-4.7829323,56.1504407],[-4.781836,56.1514114],[-4.7816492,56.1516082],[-4.781243,56.1520363],[-4.7808507,56.1526882],[-4.7807291,56.1530038],[-4.7805674,56.1535343],[-4.7804548,56.1545018],[-4.7803732,56.155242],[-4.7803299,56.1555632],[-4.7802068,56.1558936],[-4.7800777,56.1561386],[-4.7799207,56.1563782],[-4.7796315,56.1567788],[-4.7794806,56.1569878],[-4.7793685,56.1571756],[-4.7792636,56.1574156],[-4.7792138,56.157616],[-4.7791548,56.1579844],[-4.7790921,56.1588175],[-4.7790384,56.1591491],[-4.7789741,56.1594359],[-4.7786415,56.1602634],[-4.7786012,56.1605353],[-4.7785959,56.1607981],[-4.7786629,56.1610909],[-4.7787622,56.1612776],[-4.7788668,56.1614433],[-4.779047,56.1616434],[-4.7792979,56.1618476],[-4.7795732,56.1620014],[-4.7798945,56.1621884],[-4.7804046,56.1623677],[-4.7809326,56.1625809],[-4.7817394,56.1629578],[-4.7819963,56.1631141],[-4.7821928,56.1633077],[-4.782279,56.1633963],[-4.7823652,56.1635013],[-4.7824953,56.163709],[-4.7825477,56.1638125],[-4.7825993,56.1639479],[-4.7826537,56.1641117],[-4.7827122,56.1643428],[-4.782594,56.164805],[-4.7821794,56.1663212],[-4.7814825,56.1672984],[-4.7813204,56.1676293],[-4.7812238,56.168312],[-4.7811819,56.1686278],[-4.7810414,56.1690555],[-4.7809044,56.1693611],[-4.7804954,56.1697993],[-4.7800344,56.1702572],[-4.7786794,56.1713983],[-4.7783868,56.1716129],[-4.7782303,56.1717655],[-4.7780654,56.1719658],[-4.7776098,56.1727162],[-4.7774042,56.1729944],[-4.7770763,56.1733641],[-4.7768377,56.1736332],[-4.7757495,56.1746594],[-4.7746774,56.1756379],[-4.7744464,56.1759834],[-4.7742838,56.176272],[-4.7741758,56.1769532],[-4.7739416,56.1775018],[-4.7738132,56.1777326],[-4.7727609,56.1789608],[-4.7725207,56.179473],[-4.7722921,56.1801002],[-4.7710364,56.1813037],[-4.7700636,56.1824727],[-4.7697324,56.1827318],[-4.7687829,56.1833357],[-4.7678985,56.1841445],[-4.7673714,56.1846945],[-4.7670232,56.185135],[-4.7665897,56.1854683],[-4.7651553,56.1863541],[-4.7637491,56.1870988],[-4.7623183,56.1876138],[-4.7621936,56.1876587],[-4.760966,56.1881141],[-4.7601348,56.1883997],[-4.7592826,56.1886869],[-4.7587457,56.1888369],[-4.7580036,56.188979],[-4.7569695,56.1892164],[-4.7562807,56.189434],[-4.754999,56.1899843],[-4.7544495,56.1901876],[-4.7542048,56.1902746],[-4.7539047,56.1903617],[-4.753478,56.1904502],[-4.7530296,56.1905165],[-4.7494432,56.1908689],[-4.7490926,56.1909171],[-4.7482761,56.1911106],[-4.7478764,56.1912431],[-4.7474604,56.1914105],[-4.747077,56.1916073],[-4.7466726,56.1918444],[-4.7458443,56.1923551],[-4.7454516,56.1925973],[-4.7450351,56.192859],[-4.7445941,56.1931207],[-4.7436797,56.1936577],[-4.7420782,56.1944427],[-4.7410927,56.19485],[-4.7394032,56.1955074],[-4.7375817,56.1960666],[-4.7338569,56.1971492],[-4.7327368,56.1975444],[-4.7322347,56.197748],[-4.7318739,56.1979603],[-4.7314586,56.1982681],[-4.731183,56.1985068],[-4.7305008,56.1993064],[-4.7299853,56.2000945],[-4.7295751,56.2005405],[-4.7293241,56.2008854],[-4.7291309,56.2010274],[-4.7289102,56.2011859],[-4.7286476,56.2013175],[-4.7283535,56.2014261],[-4.7277988,56.201628],[-4.726133,56.2022906],[-4.7246065,56.2028369],[-4.7229348,56.2034454],[-4.7226557,56.2035297],[-4.7224539,56.203588],[-4.7218403,56.2037614],[-4.7204539,56.2042958],[-4.7196704,56.2045846],[-4.7190851,56.2047514],[-4.718665,56.2048563],[-4.7181325,56.2049769],[-4.7134076,56.205935],[-4.7126725,56.2061419],[-4.7123092,56.2062824],[-4.7118759,56.2064735],[-4.7113418,56.2068054],[-4.7105375,56.2073052],[-4.7099659,56.2075954],[-4.7093743,56.2078555],[-4.7089461,56.2080059],[-4.7085126,56.2081548],[-4.7071817,56.2085384],[-4.7068649,56.2086421],[-4.7063378,56.2088495],[-4.7056087,56.2091835],[-4.7045107,56.2099351],[-4.7024919,56.2119776],[-4.7012692,56.2130776],[-4.6994089,56.2143965],[-4.6990683,56.2148491],[-4.6988761,56.2154185],[-4.6988325,56.2158321],[-4.6989548,56.216275],[-4.6994264,56.217112],[-4.6998369,56.217915],[-4.6998893,56.2184746],[-4.6998106,56.2188883],[-4.6995574,56.2193457],[-4.698684,56.2202994],[-4.6985181,56.2207422],[-4.698422,56.2212921],[-4.6985094,56.2223821],[-4.698696,56.2239249],[-4.6987975,56.2241921],[-4.7000203,56.2263621],[-4.7005006,56.2271453],[-4.7010421,56.2280065],[-4.7013224,56.2284485],[-4.7016389,56.2287671],[-4.7022299,56.2292568],[-4.7024039,56.2294509],[-4.7025356,56.2296655],[-4.7026407,56.2298903],[-4.7026928,56.2301179],[-4.7028582,56.230308],[-4.702984,56.2305233],[-4.7033041,56.2309497],[-4.7036292,56.231363],[-4.7037363,56.2315201],[-4.7038369,56.2318011],[-4.7039068,56.2321951],[-4.7038456,56.2329442],[-4.7040203,56.2337469],[-4.7043522,56.2342003],[-4.70485,56.2348803],[-4.7058728,56.2363951],[-4.7062523,56.2368855],[-4.7066854,56.2373589],[-4.7075513,56.2379684],[-4.7088638,56.2386938],[-4.710843,56.2399676],[-4.7121367,56.2411008],[-4.712957,56.2416296],[-4.7135475,56.2419805],[-4.7141196,56.2424511],[-4.7147438,56.2430484],[-4.715732,56.2442032],[-4.7163496,56.2446955],[-4.7167137,56.2450648],[-4.716859,56.2453216],[-4.7169583,56.2455926],[-4.7170401,56.2458809],[-4.7170127,56.2463679],[-4.7167592,56.2470013],[-4.7164991,56.2474647],[-4.716109,56.2480402],[-4.7156641,56.2488089],[-4.7153556,56.2492426],[-4.715221,56.2493978],[-4.7149908,56.2496653],[-4.7142432,56.2503096],[-4.7135201,56.2512913],[-4.7131883,56.2517074],[-4.7129037,56.251976],[-4.7122713,56.2523875],[-4.7115851,56.2527183],[-4.71089,56.2531184],[-4.7103236,56.2536271],[-4.7101542,56.2539364],[-4.710034,56.2542214],[-4.7099547,56.2546076],[-4.7099308,56.2549505],[-4.7099807,56.2552188],[-4.7100974,56.2557329],[-4.7102972,56.256412],[-4.7103675,56.2566465],[-4.7103575,56.2568877],[-4.7102934,56.2571548],[-4.7101948,56.2573425],[-4.7100823,56.2575522],[-4.709963,56.2577149],[-4.7097927,56.2579011],[-4.7095896,56.2580814],[-4.7093549,56.2582487],[-4.7091731,56.2583726],[-4.7089882,56.2584741],[-4.7088553,56.2585447],[-4.7085664,56.2586699],[-4.7077812,56.2589153],[-4.7064638,56.2592832],[-4.7057535,56.2595728],[-4.7051345,56.2599616],[-4.7047516,56.2602761],[-4.7045011,56.2606247],[-4.7044214,56.2610555],[-4.7044784,56.2633811],[-4.7047174,56.2641287],[-4.7056738,56.2655607],[-4.7059303,56.2663965],[-4.7059758,56.2665949],[-4.7061862,56.2675058],[-4.7066468,56.268144],[-4.7076705,56.2691988],[-4.707985,56.2699512],[-4.7080339,56.2703358],[-4.7080281,56.2706292],[-4.7079763,56.2709219],[-4.7079587,56.2709876],[-4.7079301,56.2710612],[-4.7078662,56.271242],[-4.707639,56.271606],[-4.7074069,56.2720072],[-4.707229,56.2723839],[-4.7072092,56.2727728],[-4.7072676,56.2731816],[-4.7075766,56.2739295],[-4.7080441,56.2758247],[-4.7081954,56.2765552],[-4.708161,56.2772553],[-4.7077949,56.2779538],[-4.7072426,56.2784629],[-4.7062157,56.2793499],[-4.7057233,56.280005],[-4.705141,56.2806318],[-4.7044541,56.2811613],[-4.7034689,56.2819601],[-4.7032101,56.2822619],[-4.7030347,56.2825963],[-4.7029679,56.282847],[-4.7030264,56.2833161],[-4.7032769,56.2837898],[-4.7037542,56.2842313],[-4.7042026,56.2845158],[-4.7046878,56.2847325],[-4.7052562,56.2848894],[-4.7057648,56.2849739],[-4.7071988,56.2851208],[-4.707443,56.2851412],[-4.7080568,56.285241],[-4.7087788,56.2854616],[-4.7093698,56.2856883],[-4.7098581,56.285979],[-4.7106765,56.286661],[-4.7109112,56.2869215],[-4.7113522,56.287411],[-4.7128864,56.2891485],[-4.7132454,56.2897196],[-4.7135125,56.29043],[-4.7137547,56.2924172],[-4.7139885,56.2933875],[-4.7140971,56.2936268],[-4.7141246,56.2937001],[-4.7151489,56.295862],[-4.7154909,56.2965983],[-4.7157096,56.2969433],[-4.7159058,56.2971642],[-4.7164619,56.2975773],[-4.717974,56.2986247],[-4.7184263,56.2989874],[-4.7191383,56.2996088],[-4.7195664,56.3000212],[-4.7199306,56.3003316],[-4.7200478,56.3004244],[-4.7207829,56.3010032],[-4.721321,56.301394],[-4.7215936,56.3016488],[-4.7218115,56.3019145],[-4.721918,56.3021189],[-4.7220953,56.3024842],[-4.7222348,56.3029179],[-4.7225849,56.3037885],[-4.7230801,56.3051445],[-4.723538,56.3064735],[-4.7242094,56.3079002],[-4.7250649,56.3092487],[-4.7257904,56.309965],[-4.7268951,56.3108198],[-4.7276748,56.3115602],[-4.7280971,56.312114],[-4.7282596,56.3124691],[-4.7283281,56.3129368],[-4.7282054,56.3139979],[-4.7280755,56.3152017],[-4.727994,56.3165968],[-4.7277614,56.3182771],[-4.727581,56.3205814],[-4.7273499,56.3216713],[-4.7268626,56.3228026],[-4.7266997,56.3233288],[-4.7265161,56.3239218],[-4.726397,56.3248605],[-4.7265918,56.3258654],[-4.7271983,56.3272673],[-4.7278942,56.3286377],[-4.7280119,56.3289829],[-4.7280369,56.3292114],[-4.7280001,56.3296291],[-4.7278522,56.3300268],[-4.7276842,56.330309],[-4.7276673,56.3303374],[-4.7273066,56.3309434],[-4.7270029,56.3319146],[-4.7266588,56.333166],[-4.7264395,56.3336499],[-4.726126,56.3340303],[-4.7253918,56.3348782],[-4.7250202,56.335423],[-4.7249045,56.336093],[-4.7248862,56.3369761],[-4.7248862,56.338387],[-4.7247217,56.3389927],[-4.7243176,56.3396424],[-4.7241904,56.3398773],[-4.7241004,56.3400686],[-4.7240494,56.3403439],[-4.7240375,56.3405152],[-4.7240705,56.3408169],[-4.7241308,56.3410024],[-4.7242162,56.3412043],[-4.7243624,56.3414569],[-4.7245652,56.3417048],[-4.7247745,56.341926],[-4.7254466,56.3424606],[-4.7257329,56.3427887],[-4.7259035,56.3432827],[-4.7259218,56.3436243],[-4.7257556,56.3441796],[-4.7255552,56.3444638],[-4.725255,56.3447281],[-4.7249845,56.344914],[-4.724508,56.345152],[-4.7239481,56.345353],[-4.7234242,56.3454951],[-4.7227358,56.3456067],[-4.7220962,56.3456439],[-4.7215358,56.3456304],[-4.720683,56.3455086],[-4.7191601,56.3453259],[-4.7180514,56.3452684],[-4.7171194,56.3453226],[-4.7162169,56.3454313],[-4.7154381,56.3456135],[-4.7145671,56.3458908],[-4.7134401,56.3463441],[-4.7124959,56.3465776],[-4.7117832,56.3466858],[-4.7109547,56.3467197],[-4.7101385,56.3467062],[-4.7090908,56.3465606],[-4.7082927,56.3465269],[-4.7073059,56.3465606],[-4.7064409,56.3466959],[-4.7056855,56.3469124],[-4.7050886,56.3472237],[-4.7044916,56.3476161],[-4.7041443,56.348049],[-4.7038641,56.34903],[-4.7036387,56.3495238],[-4.7033341,56.3499162],[-4.7030662,56.3501327],[-4.7025464,56.3506359],[-4.7018904,56.3510527],[-4.7014641,56.3512218],[-4.7011595,56.3513232],[-4.7004163,56.351462],[-4.699795,56.3515397],[-4.6985949,56.3515634],[-4.6981756,56.3515302],[-4.6974799,56.351423],[-4.6969813,56.3513568],[-4.696469,56.3513165],[-4.6960453,56.351308],[-4.6956893,56.3513131],[-4.6953268,56.3513264],[-4.6949181,56.3513722],[-4.6943151,56.3514779],[-4.6936932,56.3515598],[-4.69329,56.3515905],[-4.6923784,56.3516006],[-4.6917962,56.3516005],[-4.6914636,56.3516175],[-4.6909134,56.3516852],[-4.690649,56.3517408],[-4.6902799,56.3518407],[-4.6899823,56.3519312],[-4.6896846,56.3520387],[-4.6892347,56.3522597],[-4.688945,56.3524329],[-4.6886644,56.3526837],[-4.6885285,56.3527979],[-4.6883648,56.3529957],[-4.6881765,56.3532788],[-4.6879025,56.3536846],[-4.6874683,56.354203],[-4.6866128,56.3550673],[-4.6850473,56.3564843],[-4.6844686,56.3568157],[-4.6839106,56.3570194],[-4.683474,56.3571522],[-4.6831413,56.3572172],[-4.6825707,56.3573095],[-4.6820338,56.3573979],[-4.6812705,56.3575733],[-4.6804847,56.3579622],[-4.6802166,56.3581583],[-4.6794125,56.3588347],[-4.6789374,56.35921],[-4.6779469,56.3599928],[-4.6766043,56.3609853],[-4.6761698,56.3612097],[-4.6759121,56.361314],[-4.6752703,56.3615433],[-4.6750053,56.3615993],[-4.6747099,56.3616616],[-4.6739545,56.3617191],[-4.670799,56.3617136],[-4.6699116,56.3617707],[-4.6691734,56.3618854],[-4.6688106,56.3619657],[-4.6683107,56.3621612],[-4.6678797,56.362338],[-4.667377,56.3626102],[-4.6669503,56.3628632],[-4.6666719,56.3630495],[-4.6655517,56.3638987],[-4.6652245,56.3642346],[-4.664375,56.3650265],[-4.6623516,56.3669907],[-4.6615777,56.3674784],[-4.6611424,56.3677021],[-4.6583532,56.3687221],[-4.6576599,56.3690801],[-4.657015,56.3695453],[-4.6560637,56.370798],[-4.6553463,56.3713886],[-4.6547175,56.371733],[-4.6517165,56.3729931],[-4.6509206,56.3733837],[-4.649655,56.3742472],[-4.6483992,56.3752182],[-4.6473172,56.3757457],[-4.6465399,56.37627],[-4.6457839,56.3769196],[-4.6453382,56.3771822],[-4.6442942,56.3776243],[-4.6432139,56.3780671],[-4.6420048,56.3784652],[-4.6413041,56.3786442],[-4.6404812,56.3788544],[-4.6363296,56.3798741],[-4.6319442,56.3809565],[-4.6286874,56.3817615],[-4.6259394,56.3824492],[-4.6246003,56.3829109],[-4.623791,56.3832821],[-4.623467,56.383465],[-4.6229394,56.3838044],[-4.6225041,56.3841079],[-4.6217574,56.3847145],[-4.6211857,56.3852214],[-4.6202871,56.3860281],[-4.6194064,56.3867763],[-4.6189449,56.3871737],[-4.6186184,56.3874947],[-4.618432,56.3877805],[-4.6183941,56.3878474],[-4.6182965,56.388095],[-4.6182152,56.3884044],[-4.6181949,56.3886329],[-4.6182019,56.3889511],[-4.6182256,56.3891047],[-4.6183017,56.3894944],[-4.6183255,56.3895557],[-4.6184243,56.3897868],[-4.618503,56.3900225],[-4.6185278,56.3901446],[-4.6185497,56.3903497],[-4.6185357,56.3906748],[-4.6185218,56.390849],[-4.6184628,56.3911035],[-4.6184323,56.391343],[-4.6184846,56.3916023],[-4.6185359,56.3921449],[-4.6185198,56.3923198],[-4.6184957,56.392492],[-4.6184808,56.3926275],[-4.618438,56.3928152],[-4.6183024,56.3933309],[-4.6180986,56.3940543],[-4.6178309,56.3948808],[-4.6175491,56.39584],[-4.6172364,56.3969526],[-4.6172144,56.3972741],[-4.6172488,56.3975091],[-4.6173516,56.3977931],[-4.617488,56.3980075],[-4.6176668,56.3982455],[-4.6178343,56.3984183],[-4.6180857,56.3985994],[-4.6183431,56.3987532],[-4.6186585,56.3989238],[-4.619084,56.3990675],[-4.6195148,56.3991738],[-4.6199406,56.3992595],[-4.6204805,56.3993326],[-4.6210014,56.3993963],[-4.6214247,56.3994489],[-4.6217573,56.3995064],[-4.6220526,56.3995702],[-4.6224103,56.3996727],[-4.622769,56.3997984],[-4.6231626,56.3999705],[-4.62363,56.4002089],[-4.6240994,56.400521],[-4.6248242,56.4010591],[-4.6251901,56.4012891],[-4.625685,56.4015451],[-4.6260987,56.4017113],[-4.6269413,56.4020268],[-4.6281358,56.4024619],[-4.6287676,56.4027458],[-4.6294119,56.4030759],[-4.6298286,56.403319],[-4.6302785,56.4036015],[-4.6308828,56.4040378],[-4.6318284,56.4048287],[-4.6323079,56.4051854],[-4.6333835,56.405763],[-4.6339071,56.4060823],[-4.6339373,56.4061009],[-4.6340627,56.4061781],[-4.6351081,56.4071316],[-4.6356457,56.4075028],[-4.636258,56.4077799],[-4.6371332,56.4081303],[-4.6382495,56.4086063],[-4.6391668,56.4091883],[-4.6395791,56.409463],[-4.6434167,56.4118654],[-4.6451,56.4133916],[-4.6455264,56.4137235],[-4.6458522,56.4139308],[-4.6468965,56.4145889],[-4.6473554,56.4149258],[-4.6474473,56.4149945],[-4.6475426,56.4150945],[-4.6482421,56.4156959],[-4.6485631,56.415995],[-4.6488214,56.4161757],[-4.6492306,56.4163965],[-4.6495118,56.4165737],[-4.6502141,56.4169037],[-4.6506,56.4170625],[-4.651324,56.4175467],[-4.6518451,56.417986],[-4.6521887,56.4182927],[-4.6523374,56.4183921],[-4.6528519,56.4187537],[-4.6530114,56.4188383],[-4.6541304,56.4194875],[-4.6547325,56.4198946],[-4.6554409,56.4204661],[-4.6558068,56.4208282],[-4.6563172,56.4212724],[-4.6564719,56.4213775],[-4.6573241,56.4219441],[-4.6575546,56.4220834],[-4.6579892,56.4223709],[-4.6583231,56.4225837],[-4.6588782,56.4228491],[-4.6593873,56.4230276],[-4.6599079,56.423196],[-4.6606039,56.4233891],[-4.661072,56.4235311],[-4.661597,56.4237317],[-4.662072,56.4239353],[-4.6624392,56.424119],[-4.662716,56.4242808],[-4.6643239,56.4253618],[-4.6655592,56.4262926],[-4.6658624,56.4265966],[-4.6661502,56.4269414],[-4.6663914,56.427283],[-4.6665013,56.4274664],[-4.6666165,56.4276052],[-4.6668723,56.4278822],[-4.6669657,56.4279655],[-4.6671396,56.4280906],[-4.6673172,56.4282045],[-4.667503,56.4283079],[-4.6677618,56.4284367],[-4.6682079,56.4286059],[-4.6686627,56.4287485],[-4.6689827,56.4288098],[-4.6693275,56.4288587],[-4.6696777,56.4288958],[-4.6699256,56.428914],[-4.6703157,56.4289214],[-4.6706897,56.4289097],[-4.671111,56.4288616],[-4.6715384,56.4287917],[-4.6718309,56.4287224],[-4.6721234,56.4286323],[-4.6741736,56.4279854],[-4.674418,56.4279067],[-4.6758815,56.427481],[-4.6771943,56.4272669],[-4.6786418,56.4272669],[-4.681217,56.4276299],[-4.6840279,56.4283652],[-4.6887121,56.4295434],[-4.6905737,56.4299536],[-4.6922713,56.4302454],[-4.6939903,56.4304545],[-4.6958679,56.4306151],[-4.6966409,56.4307038],[-4.6972175,56.4308195],[-4.6978496,56.4309964],[-4.6985674,56.4312684],[-4.7003536,56.4323443],[-4.7018496,56.4330772],[-4.7025701,56.4335945],[-4.7027551,56.4337449],[-4.7040031,56.4347559],[-4.7040677,56.4348123],[-4.7046136,56.4353668],[-4.7054603,56.4365204],[-4.705807,56.4370115],[-4.7061734,56.4374865],[-4.7067136,56.4385047],[-4.706963,56.4390103],[-4.7071725,56.4395203],[-4.7073627,56.4400631],[-4.7075185,56.4406032],[-4.7078759,56.4420938],[-4.7080547,56.4428521],[-4.7081029,56.4432509],[-4.7080859,56.4436511],[-4.7078401,56.4453784],[-4.7076136,56.4470784],[-4.7076027,56.4474131],[-4.707653,56.4477453],[-4.7077851,56.4481306],[-4.7079318,56.448438],[-4.7080521,56.4486287],[-4.7081697,56.44879],[-4.7091389,56.449914],[-4.7092123,56.4500195],[-4.7094971,56.4505497],[-4.7101216,56.4521921],[-4.7106839,56.4536281],[-4.7107272,56.4537536],[-4.7114412,56.4556319],[-4.7117836,56.4565188],[-4.7121957,56.4572534],[-4.7128052,56.4586617],[-4.7135255,56.4598556],[-4.7138377,56.4603804],[-4.7145511,56.4613377],[-4.7147657,56.4616548],[-4.714873,56.4618386],[-4.7149642,56.4620371],[-4.7150125,56.462212],[-4.7150661,56.4624639],[-4.7150876,56.4627336],[-4.7152292,56.4638025],[-4.7152397,56.4638804],[-4.7153016,56.4643359],[-4.7157963,56.4670051],[-4.716284,56.4680494],[-4.7171532,56.4692732],[-4.7173588,56.4698847],[-4.7176395,56.4709381],[-4.7175717,56.4722948],[-4.7176195,56.4729565],[-4.7177203,56.4734321],[-4.7178016,56.4742959],[-4.7177394,56.475438],[-4.7176041,56.4764498],[-4.7171603,56.4772908],[-4.7160853,56.4784184],[-4.7149434,56.4791719],[-4.7129685,56.4799206],[-4.711581,56.4803786],[-4.7099715,56.4807424],[-4.708741,56.4809373],[-4.7069886,56.4810978],[-4.7058002,56.4812391],[-4.7050715,56.481402],[-4.704178,56.4817062],[-4.7036249,56.4819592],[-4.7034414,56.4820582],[-4.7033073,56.4821322],[-4.7031732,56.4822211],[-4.7030445,56.4823248],[-4.7029157,56.4824255],[-4.7028031,56.482541],[-4.7027011,56.4826476],[-4.7026153,56.4827602],[-4.7025402,56.4829231],[-4.7024811,56.4830786],[-4.7024435,56.4832118],[-4.7024029,56.4833686],[-4.7023684,56.4835599],[-4.7023604,56.4837243],[-4.7023541,56.4838483],[-4.702355,56.4839642],[-4.7023765,56.4841538],[-4.7023845,56.4843878],[-4.7024113,56.4846707],[-4.702473,56.4852557],[-4.7025106,56.4856348],[-4.7025374,56.4858155],[-4.7025803,56.4862168],[-4.7026179,56.4864775],[-4.7026661,56.4867189],[-4.7027117,56.4868966],[-4.7027842,56.487095],[-4.7028753,56.4872846],[-4.7029478,56.4874075],[-4.703039,56.4875408],[-4.7031248,56.4876474],[-4.7032079,56.4877451],[-4.7033363,56.4878737],[-4.7034788,56.4880087],[-4.703634,56.4881299],[-4.703798,56.4882501],[-4.7039725,56.4883612],[-4.7042527,56.4885278],[-4.7044875,56.4886544],[-4.7046967,56.4887492],[-4.7048469,56.4888144],[-4.7050454,56.4888884],[-4.7052385,56.4889506],[-4.7053673,56.4889921],[-4.7055121,56.4890335],[-4.7056891,56.489078],[-4.7059466,56.4891372],[-4.7061773,56.4891816],[-4.7063597,56.4892112],[-4.7065421,56.489232],[-4.7067298,56.4892468],[-4.7069602,56.4892665],[-4.7072126,56.4892882],[-4.707483,56.4892998],[-4.7077727,56.4893087],[-4.7080141,56.4893028],[-4.7083198,56.4892909],[-4.7086256,56.4892731],[-4.7089045,56.4892465],[-4.7092243,56.4891994],[-4.7094925,56.4891491],[-4.7097607,56.4890987],[-4.7099989,56.4890451],[-4.7102489,56.4889714],[-4.7105976,56.4888558],[-4.712626,56.4881115],[-4.7132338,56.4879137],[-4.7137799,56.4877684],[-4.7143445,56.4876541],[-4.7148582,56.4875549],[-4.7156872,56.4874279],[-4.7164079,56.4873594],[-4.7171152,56.4873158],[-4.7179102,56.4872945],[-4.7186119,56.4872951],[-4.7193594,56.487329],[-4.7200976,56.4873887],[-4.7207877,56.4874848],[-4.7215039,56.4875905],[-4.7221396,56.4877126],[-4.7233817,56.4880265],[-4.7248105,56.4884244],[-4.7264477,56.4888788],[-4.7271092,56.4890773],[-4.7277169,56.4892881],[-4.7288808,56.4897299],[-4.7303332,56.4903714],[-4.7342796,56.4921631],[-4.7386271,56.4940387],[-4.741966,56.4954305],[-4.7448199,56.4967413],[-4.7474173,56.4980257],[-4.7499713,56.4997189],[-4.7504273,56.5000212],[-4.751422,56.500777],[-4.7521976,56.5013664],[-4.7531147,56.5020633],[-4.755523,56.5038731],[-4.7556664,56.5039808],[-4.757996,56.506063],[-4.7587969,56.5069266],[-4.7589882,56.5071329],[-4.7591374,56.5073544],[-4.759476,56.5079935],[-4.759833,56.5090766],[-4.7602175,56.5102615],[-4.7602964,56.5105045],[-4.7606165,56.5113121],[-4.7608914,56.5117214],[-4.7610904,56.5120177],[-4.7622026,56.513404],[-4.762498,56.5137723],[-4.7630465,56.5144718],[-4.7641615,56.5158728],[-4.7642619,56.5160246],[-4.7643506,56.5162022],[-4.7644197,56.5163576],[-4.7644524,56.5164603],[-4.7645138,56.5167246],[-4.7646015,56.5171498],[-4.7646639,56.5173228],[-4.7647732,56.5175642],[-4.7648384,56.5178554],[-4.7648541,56.5180447],[-4.7648552,56.5182894],[-4.7648496,56.5183207],[-4.7648347,56.5184029],[-4.7648069,56.5185574],[-4.7647556,56.5187263],[-4.7647043,56.5188831],[-4.7645965,56.5191399],[-4.7641854,56.5199625],[-4.7640125,56.5204716],[-4.7636753,56.5227992],[-4.763529,56.5237987],[-4.7635223,56.5242119],[-4.7636607,56.5249697],[-4.7637384,56.525483],[-4.7637243,56.5260245],[-4.7635329,56.5265834],[-4.7633894,56.5268476],[-4.7632003,56.5271593],[-4.7629428,56.527576],[-4.7627499,56.5280523],[-4.7626966,56.5283761],[-4.762684,56.5286628],[-4.7628701,56.5295636],[-4.7631636,56.5306923],[-4.7633599,56.531687],[-4.7634248,56.5320838],[-4.7634527,56.5324587],[-4.7633852,56.5330707],[-4.7627632,56.5350547],[-4.7626187,56.535489],[-4.76238,56.5361747],[-4.7621191,56.5367569],[-4.7618285,56.5372416],[-4.7616086,56.5375608],[-4.7595142,56.5403669],[-4.758462,56.5418821],[-4.7576864,56.542846],[-4.7574914,56.5431035],[-4.7572304,56.543402],[-4.7570569,56.543587],[-4.7568388,56.5437982],[-4.7566572,56.543973],[-4.75644,56.5441667],[-4.7563104,56.5442773],[-4.7561315,56.5443988],[-4.7558303,56.54461],[-4.7555889,56.5447786],[-4.7553161,56.5449932],[-4.7551115,56.5451557],[-4.7548808,56.5453568],[-4.7546635,56.5455815],[-4.7544436,56.5457974],[-4.7542693,56.5459911],[-4.7540439,56.5462646],[-4.7537704,56.5465914],[-4.7535056,56.5468962],[-4.7532825,56.5471355],[-4.7529527,56.5474245],[-4.7523991,56.54786],[-4.750784,56.5489732],[-4.7500179,56.5494534],[-4.7492529,56.5499132],[-4.7487,56.5502386],[-4.7482736,56.5505002],[-4.7478568,56.5507937],[-4.7468965,56.5515379],[-4.7464671,56.5518364],[-4.7459882,56.5520968],[-4.7455257,56.55231],[-4.7450383,56.5524872],[-4.7443699,56.5526816],[-4.7438562,56.5528217],[-4.742249,56.5532284],[-4.7391826,56.5539567],[-4.7373355,56.5545275],[-4.7354857,56.5550991],[-4.7350433,56.5551953],[-4.7347802,56.5552452],[-4.734453,56.5552973],[-4.7340014,56.5553544],[-4.7336563,56.555375],[-4.733372,56.5553842],[-4.7331145,56.5553827],[-4.7327739,56.5553776],[-4.7321624,56.5553526],[-4.7314536,56.5552904],[-4.7309806,56.5552639],[-4.7305179,56.555254],[-4.7300999,56.5552624],[-4.7295542,56.5552957],[-4.729084,56.5553407],[-4.7287055,56.5553934],[-4.7283894,56.5554654],[-4.7280505,56.5555324],[-4.7278252,56.5555877],[-4.7275793,56.5556563],[-4.7273959,56.5557126],[-4.7271953,56.5557769],[-4.7267674,56.5559261],[-4.7259869,56.5562437],[-4.7253737,56.5564932],[-4.7241372,56.5570004],[-4.7220907,56.5578456],[-4.721039,56.558279],[-4.7186998,56.5592232],[-4.715323,56.5605969],[-4.7143084,56.561019],[-4.7138401,56.5612069],[-4.7135705,56.5613167],[-4.7132362,56.5614621],[-4.7129234,56.5615911],[-4.7124748,56.5617852],[-4.7117458,56.5621067],[-4.709473,56.5631304],[-4.7091131,56.5632768],[-4.7088196,56.5633855],[-4.7084589,56.5635101],[-4.7079114,56.5637027],[-4.7074332,56.5638785],[-4.7069519,56.5640714],[-4.7064245,56.5642941],[-4.7055591,56.5646434],[-4.7047252,56.5649463],[-4.7040623,56.5651632],[-4.7034297,56.5653931],[-4.7005592,56.5665327],[-4.6983666,56.5672912],[-4.6969422,56.5679288],[-4.6958026,56.5686645],[-4.6949836,56.5693021],[-4.6944969,56.5696077],[-4.6941155,56.569819],[-4.6938427,56.5699427],[-4.6934673,56.5700779],[-4.6929061,56.5702625],[-4.6915349,56.5706153],[-4.6912121,56.5707093],[-4.6911354,56.5707335],[-4.6910076,56.5707739],[-4.6908986,56.5708083],[-4.6906314,56.570909],[-4.6904009,56.5710069],[-4.6890723,56.5716465],[-4.6879217,56.5722619],[-4.6871137,56.5727549],[-4.6866431,56.5731259],[-4.6857071,56.5741182],[-4.6845675,56.57505],[-4.6826624,56.5762465],[-4.6815304,56.576985],[-4.6807621,56.5775028],[-4.6798814,56.5781041],[-4.6785337,56.5790045],[-4.6778646,56.5794677],[-4.677484,56.5797299],[-4.6768186,56.5802389],[-4.6764628,56.5805135],[-4.6761444,56.5807803],[-4.6757794,56.5811104],[-4.6754111,56.5815004],[-4.6750334,56.5819366],[-4.6746938,56.5823142],[-4.6744366,56.5825198],[-4.6741071,56.5827434],[-4.6735916,56.5830197],[-4.6734204,56.5831021],[-4.673286,56.5831508],[-4.6730901,56.5832317],[-4.6721912,56.5834577],[-4.6705353,56.583796],[-4.6691355,56.5841029],[-4.6683846,56.5842957],[-4.667608,56.5845273],[-4.6644828,56.5855609],[-4.6622665,56.5862971],[-4.6586416,56.5876589],[-4.6577311,56.5879874],[-4.6571147,56.5881769],[-4.6565056,56.5883605],[-4.6559815,56.5885431],[-4.6553329,56.5887884],[-4.6546556,56.5890612],[-4.6540068,56.5893148],[-4.6523479,56.5899336],[-4.651629,56.5901848],[-4.6508587,56.5903991],[-4.6498311,56.5906608],[-4.6484541,56.591004],[-4.6476586,56.5911776],[-4.6469301,56.5913202],[-4.6463668,56.591413],[-4.6457998,56.5915152],[-4.6448951,56.5916835],[-4.6436242,56.5919785],[-4.6400875,56.5929415],[-4.6380517,56.5935112],[-4.637151,56.5937335],[-4.6365593,56.5938625],[-4.6361401,56.5939451],[-4.6357064,56.5940056],[-4.6352343,56.5940733],[-4.6342076,56.5942075],[-4.6341373,56.594217],[-4.6336754,56.5943084],[-4.6316509,56.5947591],[-4.6307113,56.5949276],[-4.6297674,56.5950529],[-4.6291559,56.5951015],[-4.628576,56.5951235],[-4.6279041,56.5951361],[-4.6271568,56.5951306],[-4.6262867,56.595126],[-4.6247431,56.5950941],[-4.6211106,56.595091],[-4.6196378,56.5952173],[-4.6188709,56.5953004],[-4.6183605,56.5953771],[-4.6178195,56.595479],[-4.6174986,56.5955598],[-4.6170743,56.5956667],[-4.6164221,56.5958564],[-4.6158492,56.5960785],[-4.6153275,56.5963111],[-4.6129292,56.5974024],[-4.6095936,56.5990831],[-4.6080302,56.5999051],[-4.6079347,56.5999553],[-4.6063534,56.6007867],[-4.6055743,56.6013084],[-4.6047852,56.6018997],[-4.6042898,56.6023021],[-4.6037652,56.6027836],[-4.6032673,56.6032696],[-4.6026834,56.6040106],[-4.6022234,56.6046676],[-4.6014998,56.6059645],[-4.6008904,56.6070975],[-4.5996234,56.6094375],[-4.5983286,56.6118396],[-4.5979244,56.6124268],[-4.5976942,56.6127348],[-4.597499,56.6129732],[-4.5972737,56.6132355],[-4.5969692,56.6135327],[-4.5964347,56.6139944],[-4.5947006,56.6153682],[-4.5919937,56.6175712],[-4.5916024,56.6178682],[-4.591493,56.6179504],[-4.5902981,56.6188752],[-4.589672,56.6193195],[-4.5886954,56.6199853],[-4.5878916,56.6205328],[-4.5869767,56.6211629],[-4.5833427,56.6236482],[-4.5821931,56.624389],[-4.5815005,56.6248671],[-4.5808128,56.6254413],[-4.5799931,56.6261944],[-4.5782835,56.6280458],[-4.576819,56.6296643],[-4.5755836,56.630995],[-4.5732229,56.6335341],[-4.5715426,56.6353343],[-4.5712909,56.6356175],[-4.5712182,56.6356992],[-4.5711383,56.6357891],[-4.5708937,56.6360842],[-4.5707086,56.6363512],[-4.5705021,56.6366919],[-4.5703734,56.6369456],[-4.570132,56.6375209],[-4.5698802,56.6382081],[-4.5694765,56.6393922],[-4.5688794,56.6411537],[-4.5685858,56.6419428],[-4.5684663,56.6422864],[-4.5683402,56.6426006],[-4.5680773,56.6431376],[-4.5674001,56.6444573],[-4.5672847,56.6446822],[-4.5671974,56.6448666],[-4.5670415,56.6451519],[-4.5668731,56.6454602],[-4.5667604,56.6457138],[-4.5666815,56.6459309],[-4.5666236,56.6461887],[-4.5665872,56.6464297],[-4.5665914,56.6466724],[-4.5666209,56.6469496],[-4.5666746,56.6472519],[-4.5668418,56.6479644],[-4.5671911,56.6492],[-4.56727,56.6495125],[-4.5672915,56.6496688],[-4.5673022,56.6497691],[-4.5673049,56.6499033],[-4.5672865,56.6500675],[-4.5672405,56.6503545],[-4.5671949,56.6505491],[-4.5670662,56.6509266],[-4.5669233,56.6512649],[-4.5653311,56.6551342],[-4.5652128,56.6554147],[-4.565127,56.6556418],[-4.5650089,56.6559676],[-4.564911,56.6562911],[-4.5648373,56.6566355],[-4.564797,56.6569333],[-4.5647764,56.6572134],[-4.5646074,56.659016],[-4.5645382,56.6599746],[-4.5644455,56.6609546],[-4.5644524,56.6613116],[-4.5644804,56.6616875],[-4.5646741,56.6635197],[-4.5647407,56.664094],[-4.5647957,56.6643836],[-4.5648508,56.664636],[-4.5649713,56.6650376],[-4.5652199,56.6656677],[-4.5657451,56.6667964],[-4.5659589,56.6672397],[-4.5661385,56.6676628],[-4.5663916,56.6682187],[-4.5665321,56.6685419],[-4.5666411,56.6688495],[-4.5667403,56.6692047],[-4.5669617,56.670118],[-4.5671147,56.6706488],[-4.5671426,56.6707477],[-4.5673702,56.671748],[-4.5677676,56.6734298],[-4.568184,56.675054],[-4.5684025,56.6758233],[-4.5684615,56.6759747],[-4.5685635,56.6761426],[-4.5687029,56.6763454],[-4.5688531,56.6765434],[-4.5689926,56.6766784],[-4.569175,56.6768493],[-4.5693681,56.6770055],[-4.5695934,56.6771647],[-4.5698348,56.677315],[-4.5701084,56.6774659],[-4.5708755,56.6778519],[-4.5717768,56.678291],[-4.5723239,56.6785586],[-4.5727799,56.6788356],[-4.5731615,56.6790934],[-4.5733539,56.6792304],[-4.5735524,56.6794255],[-4.5736972,56.6795846],[-4.5738903,56.6797998],[-4.5742766,56.6802771],[-4.5749042,56.6810928],[-4.5755158,56.6818589],[-4.5763811,56.6830036],[-4.576816,56.6835479],[-4.5769905,56.6838111],[-4.5771177,56.6840436],[-4.5771995,56.684245],[-4.5772991,56.6846101],[-4.577316,56.6847246],[-4.5773293,56.6848463],[-4.5773325,56.6849168],[-4.5773279,56.6850028],[-4.5773186,56.6851866],[-4.577299,56.6853699],[-4.5772599,56.6855672],[-4.5772309,56.6856774],[-4.5771982,56.6857855],[-4.5771581,56.6859063],[-4.5771068,56.6860239],[-4.5769295,56.6864051],[-4.5768644,56.6865334],[-4.5767353,56.6868216],[-4.5765928,56.6871378],[-4.57654,56.6873048],[-4.5764967,56.6874726],[-4.5764404,56.6878077],[-4.5764314,56.6880957],[-4.5764431,56.6884078],[-4.5764966,56.6887563],[-4.5765855,56.6890573],[-4.5767328,56.6895257],[-4.5767996,56.6897318],[-4.5768596,56.6899447],[-4.5768787,56.6900882],[-4.5768691,56.6902967],[-4.576822,56.6905028],[-4.5767598,56.6906951],[-4.576715,56.6907996],[-4.5766612,56.6909011],[-4.5764659,56.6911492],[-4.5762701,56.6913316],[-4.5760809,56.6914938],[-4.5758503,56.691647],[-4.5755836,56.6917845],[-4.5749115,56.6920918],[-4.5743505,56.6923825],[-4.5740907,56.6925352],[-4.5738628,56.6926942],[-4.5736225,56.6928919],[-4.5734658,56.6930654],[-4.5733296,56.6932465],[-4.5732593,56.6933909],[-4.5731924,56.693579],[-4.5731734,56.6937164],[-4.5731681,56.6938946],[-4.5731951,56.6941073],[-4.5732512,56.6943188],[-4.5733262,56.694499],[-4.5734229,56.6946811],[-4.5735348,56.6948404],[-4.5737421,56.6950802],[-4.5740145,56.6953605],[-4.5744958,56.6958343],[-4.5748882,56.6962304],[-4.5753136,56.6967126],[-4.5754479,56.6969035],[-4.5755338,56.6970493],[-4.5756315,56.6972612],[-4.5757242,56.6975898],[-4.5757602,56.6978439],[-4.5757644,56.6980286],[-4.5757618,56.6982598],[-4.5757406,56.69872],[-4.5756971,56.6991997],[-4.575692,56.6994247],[-4.575692,56.6994762],[-4.5756947,56.6997074],[-4.5757269,56.699943],[-4.5757779,56.7001125],[-4.5758556,56.7002729],[-4.5759445,56.7004192],[-4.5760628,56.7005681],[-4.5762172,56.7007296],[-4.5763733,56.7008708],[-4.5765686,56.7010143],[-4.5768507,56.70118],[-4.5771276,56.7013197],[-4.577406,56.7014318],[-4.5776795,56.701526],[-4.5779615,56.7015986],[-4.5783796,56.7016924],[-4.5789922,56.7017966],[-4.5820525,56.7022306],[-4.5829286,56.7023654],[-4.5839532,56.7025578],[-4.5843529,56.7026466],[-4.5848679,56.7027718],[-4.5854297,56.7029294],[-4.5860024,56.7031119],[-4.5866765,56.703363],[-4.5871182,56.7035183],[-4.5898058,56.7045741],[-4.5905944,56.7048862],[-4.5914378,56.7052016],[-4.5951805,56.7065681],[-4.5958274,56.7068032],[-4.5965006,56.7070756],[-4.5971376,56.7073488],[-4.5975601,56.7075497],[-4.5980697,56.7078147],[-4.5985784,56.7081083],[-4.5988479,56.708291],[-4.5989976,56.7083937],[-4.5994769,56.7087438],[-4.6004512,56.7095133],[-4.601303,56.7101902],[-4.6017902,56.7105523],[-4.6022721,56.7108696],[-4.60278,56.7111706],[-4.6032655,56.7114253],[-4.6041113,56.7118301],[-4.6081815,56.7137171],[-4.6083938,56.7138106],[-4.612059,56.7155072],[-4.6134035,56.7161212],[-4.61464,56.716707],[-4.6163109,56.7174781],[-4.6174081,56.7179891],[-4.6184917,56.7185101],[-4.6206245,56.7196066],[-4.6222682,56.7204721],[-4.6223863,56.7205324],[-4.623038,56.7208503],[-4.6234643,56.7210304],[-4.6240546,56.7212492],[-4.6247251,56.7214684],[-4.6260435,56.7218312],[-4.6273913,56.7221852],[-4.6287828,56.7225462],[-4.630132,56.7228965],[-4.6307354,56.7230628],[-4.631374,56.723269],[-4.6318405,56.7234307],[-4.6322965,56.7236029],[-4.6331253,56.7239428],[-4.636143,56.7252415],[-4.6370306,56.7256161],[-4.6379211,56.7260163],[-4.6405678,56.7273121],[-4.641998,56.7280206],[-4.6426829,56.7283378],[-4.6434729,56.7286479],[-4.644184,56.7289138],[-4.6449972,56.72919],[-4.6464917,56.7296403],[-4.6475019,56.7299555],[-4.6477809,56.7300527],[-4.6484315,56.7302936],[-4.6491676,56.7306015],[-4.6499238,56.7309722],[-4.6505516,56.7313269],[-4.6511652,56.7317332],[-4.6515467,56.7320111],[-4.6519474,56.7323479],[-4.6522629,56.732632],[-4.65259,56.7329762],[-4.6529826,56.7334632],[-4.6534269,56.7341239],[-4.653857,56.7347075],[-4.654178,56.7350787],[-4.6544709,56.735377],[-4.6547868,56.7356613],[-4.6550334,56.7358657],[-4.6554601,56.7361747],[-4.6558901,56.7364741],[-4.6562701,56.7366955],[-4.6566819,56.7369324],[-4.6570989,56.7371457],[-4.6574555,56.7373093],[-4.6578526,56.7374811],[-4.6582591,56.7376499],[-4.6587806,56.7378415],[-4.6593534,56.7380386],[-4.6607804,56.7384805],[-4.6616962,56.738786],[-4.6625724,56.739133],[-4.6630561,56.7393391],[-4.663541,56.739581],[-4.66411,56.7398872],[-4.6646091,56.7401997],[-4.6651269,56.7405593],[-4.6655473,56.7408832],[-4.6656521,56.7409639],[-4.6666049,56.7417129],[-4.6674629,56.7424105],[-4.6683186,56.7431328],[-4.6699278,56.7445913],[-4.6717487,56.7462689],[-4.6725377,56.7470113],[-4.6745474,56.7488392],[-4.6768051,56.7509336],[-4.6771958,56.7512515],[-4.6775427,56.751491],[-4.6778887,56.7517101],[-4.6782253,56.7518832],[-4.6785887,56.7520454],[-4.6789651,56.7521933],[-4.6794068,56.7523483],[-4.6798978,56.7525034],[-4.6811404,56.7529174],[-4.6816465,56.7530924],[-4.6821639,56.753286],[-4.6826979,56.7535086],[-4.6832587,56.7537911],[-4.6835589,56.7539659],[-4.68387,56.7541703],[-4.6841873,56.7544181],[-4.6845701,56.7547717],[-4.6848833,56.7551008],[-4.6851628,56.7554305],[-4.6854525,56.7557848],[-4.6857261,56.7561392],[-4.6859594,56.756461],[-4.6862304,56.7568185],[-4.6867919,56.7574831],[-4.6870511,56.7577787],[-4.6873381,56.7580477],[-4.687697,56.758337],[-4.6879952,56.7585432],[-4.6885195,56.7588678],[-4.6907083,56.7601729],[-4.6914582,56.7606193],[-4.692179,56.7610635],[-4.6941061,56.7621902],[-4.6947403,56.7625816],[-4.6954189,56.762927],[-4.6961217,56.7632564],[-4.6964677,56.7634342],[-4.6968214,56.7636445],[-4.6971275,56.7638503],[-4.6974735,56.7641311],[-4.6977773,56.7644327],[-4.6979764,56.7647198],[-4.6981351,56.7649609],[-4.6982312,56.7651902],[-4.6983578,56.7655733],[-4.698537,56.7662134],[-4.6986631,56.7665779],[-4.6987895,56.7668186],[-4.6990171,56.7671306],[-4.6992992,56.7673909],[-4.6995777,56.7676143],[-4.6998271,56.7677745],[-4.7001989,56.7679728],[-4.7005192,56.7681111],[-4.7009485,56.7682771],[-4.7015706,56.7684933],[-4.7042042,56.7693687],[-4.7058514,56.7699161],[-4.7065756,56.7701836],[-4.7070262,56.7703571],[-4.7073734,56.7705247],[-4.7077289,56.7707172],[-4.7081561,56.7709986],[-4.7085952,56.7713204],[-4.70999,56.7724016],[-4.7106525,56.7728631],[-4.7112914,56.7732662],[-4.7125737,56.7740364],[-4.7129431,56.774252],[-4.7134434,56.774518],[-4.714004,56.7747671],[-4.7145166,56.7749499],[-4.7147439,56.7750184],[-4.7151513,56.7751268],[-4.7155643,56.7752105],[-4.7159727,56.7752797],[-4.71642,56.7753252],[-4.716892,56.775359],[-4.7173087,56.7753707],[-4.7177503,56.7753619],[-4.7183109,56.7753296],[-4.7189395,56.7752773],[-4.7224814,56.7749642],[-4.7241769,56.7748137],[-4.7248058,56.7747736],[-4.7252873,56.7747608],[-4.7257648,56.7747726],[-4.7261537,56.774799],[-4.7265986,56.7748548],[-4.7269396,56.7749166],[-4.7274277,56.7750224],[-4.7277684,56.7751209],[-4.7280181,56.7752075],[-4.7283746,56.7753413],[-4.7287608,56.7755118],[-4.7291459,56.7757172],[-4.7295172,56.7759586],[-4.729831,56.7761879],[-4.7301663,56.7764906],[-4.7304935,56.7768116],[-4.7322887,56.7786279],[-4.7324998,56.7788757],[-4.7326661,56.7791049],[-4.7328297,56.77939],[-4.7329647,56.7796873],[-4.7330765,56.7800292],[-4.7331408,56.7803393],[-4.7331805,56.7806663],[-4.7331784,56.7809638],[-4.733165,56.7812165],[-4.7331355,56.781481],[-4.733091,56.7817082],[-4.7328887,56.7825287],[-4.7327385,56.78304],[-4.7325124,56.7837574],[-4.7322128,56.7846298],[-4.7320639,56.7849591],[-4.7318453,56.7853483],[-4.7316308,56.7856186],[-4.7313706,56.7858771],[-4.7305464,56.7865982],[-4.7302843,56.7868631],[-4.7301046,56.7870893],[-4.7296593,56.7876917],[-4.7292226,56.7882141],[-4.7290237,56.7885497],[-4.7286964,56.7891314],[-4.7285087,56.7894208],[-4.7282906,56.789678],[-4.72794,56.7900672],[-4.727698,56.7903799],[-4.7273687,56.7908664],[-4.7271944,56.7911543],[-4.7269771,56.7915392],[-4.7267775,56.7919692],[-4.726607,56.7922972],[-4.7264568,56.7925029],[-4.7262905,56.7926718],[-4.7259949,56.7929676],[-4.7256468,56.7933461],[-4.7254617,56.7935649],[-4.7253115,56.7938117],[-4.7251489,56.7941185],[-4.7250191,56.7943273],[-4.7248716,56.7944992],[-4.724708,56.7946563],[-4.7243861,56.7949354],[-4.7241554,56.7951954],[-4.7237853,56.7956757],[-4.7232948,56.7963227],[-4.7230316,56.7967582],[-4.7225284,56.7976222],[-4.7222484,56.7979979],[-4.7219652,56.7983243],[-4.7216395,56.7986721],[-4.7214515,56.7989359],[-4.7213472,56.79912],[-4.7212748,56.7993095],[-4.7212341,56.7994875],[-4.7211621,56.7998558],[-4.7210709,56.8001349],[-4.7209583,56.8003743],[-4.7206042,56.801044],[-4.720408,56.8014392],[-4.7202099,56.8018914],[-4.7200678,56.8022982],[-4.7199037,56.8027866],[-4.7196094,56.8036597],[-4.7194131,56.8042441],[-4.7192255,56.8047169],[-4.7188903,56.8052529],[-4.718783,56.8054511],[-4.7186983,56.8056979],[-4.7186328,56.8060473],[-4.7185734,56.8063805],[-4.7183339,56.80768],[-4.7181321,56.8090164],[-4.71789,56.8102864],[-4.7176519,56.8109643],[-4.7175381,56.8111377],[-4.7173162,56.8114179],[-4.7170542,56.8116762],[-4.7165384,56.8121859],[-4.7160365,56.8128484],[-4.7158739,56.8130852],[-4.7155675,56.8136592],[-4.7153884,56.8142398],[-4.7153077,56.8148361],[-4.7151665,56.8154103],[-4.7150455,56.8159734],[-4.7149043,56.816393],[-4.7145411,56.8168788],[-4.7142587,56.817442],[-4.7141982,56.8179388],[-4.7140973,56.8184578],[-4.7138754,56.8194514],[-4.7136333,56.8202353],[-4.7132903,56.8209751],[-4.7131828,56.8215352],[-4.7130731,56.8217993],[-4.7128382,56.8222488],[-4.7127268,56.8225744],[-4.7126719,56.8229081],[-4.7126679,56.8232462],[-4.7126982,56.8235706],[-4.7127682,56.8238992],[-4.7129224,56.8246072],[-4.7130816,56.825741],[-4.7131291,56.8261814],[-4.7131938,56.8268303],[-4.7132056,56.8272022],[-4.7131452,56.8275204],[-4.7128742,56.8282263],[-4.7128339,56.8285018],[-4.7128263,56.8287467],[-4.7130281,56.8296849],[-4.7131114,56.8301006],[-4.7132313,56.8310375],[-4.7132292,56.8316858],[-4.7133118,56.8323311],[-4.7133647,56.8327781],[-4.7133136,56.8335024],[-4.7133413,56.8340108],[-4.7134214,56.8344726],[-4.7133665,56.8349355],[-4.7130002,56.8357286],[-4.7128727,56.8362032],[-4.7127666,56.8365712],[-4.7126941,56.8371707],[-4.7126926,56.8377875],[-4.7124547,56.8390276],[-4.7123624,56.8394646],[-4.7123503,56.839845],[-4.7121383,56.8406683],[-4.711974,56.84127],[-4.7119655,56.841675],[-4.7121517,56.8423187],[-4.7121665,56.8427038],[-4.7120767,56.8434385],[-4.7119774,56.8439577],[-4.7117894,56.8444375],[-4.7114545,56.8450971],[-4.7106731,56.8461381],[-4.7105686,56.846713],[-4.7106218,56.8471333],[-4.7107374,56.8475019],[-4.7110326,56.8479974],[-4.7112353,56.8485059],[-4.7112859,56.8489138],[-4.7111876,56.8501814],[-4.7111625,56.8504913],[-4.7111281,56.8508008],[-4.7110569,56.8514474],[-4.7109719,56.8519431],[-4.7109487,56.8522235],[-4.7109582,56.8527937],[-4.7106608,56.8548578],[-4.7105282,56.855496],[-4.7102452,56.8560701],[-4.7090345,56.8573581],[-4.7079871,56.8583268],[-4.7076657,56.8587048],[-4.7074811,56.8590666],[-4.7072805,56.8595644],[-4.7074091,56.8606211],[-4.7073719,56.8615249],[-4.7073373,56.8617176],[-4.7072482,56.8620276],[-4.7068514,56.8629188],[-4.7064745,56.8637589],[-4.7060774,56.8643488],[-4.7056924,56.8648627],[-4.705197,56.8654137],[-4.7047753,56.865845],[-4.7040442,56.8664003],[-4.7033063,56.8669911],[-4.7023238,56.8676039],[-4.7013147,56.8680672],[-4.7003908,56.8683945],[-4.6998454,56.8685681],[-4.6985782,56.8691105],[-4.6973991,56.8699451],[-4.6964527,56.8707731],[-4.6955103,56.8719721],[-4.6949007,56.8734259],[-4.6945841,56.8745649],[-4.6945174,56.874944],[-4.6945017,56.8750515],[-4.6944224,56.8757316],[-4.6942842,56.8770147],[-4.6940908,56.8783161],[-4.6939715,56.879471],[-4.6938488,56.880664],[-4.6938515,56.8810385],[-4.6939167,56.8813455],[-4.6940105,56.8816511],[-4.6942995,56.8821636],[-4.6944687,56.8823734],[-4.6945972,56.8825066],[-4.6947303,56.8826318],[-4.6948432,56.8827308],[-4.6953866,56.8831226],[-4.6956199,56.8832521],[-4.6958801,56.883362],[-4.69632,56.8835378],[-4.6967526,56.8836743],[-4.6971864,56.8837928],[-4.6976392,56.8838932],[-4.6984366,56.8840251],[-4.6987559,56.8840639],[-4.6991483,56.884094],[-4.6997021,56.8841064],[-4.7001336,56.884104],[-4.7017179,56.8840718],[-4.7022203,56.884064],[-4.7024998,56.8840626],[-4.7038703,56.8840405],[-4.7042404,56.8840405],[-4.7046987,56.8840488],[-4.7050156,56.8840546],[-4.7060154,56.8840128],[-4.7068643,56.8838807],[-4.7074289,56.8837348],[-4.7076997,56.883643],[-4.7092578,56.8830574],[-4.7095647,56.8829722],[-4.709913,56.8828978],[-4.7103211,56.8828315],[-4.7106028,56.8828007],[-4.7109721,56.8827819],[-4.7113833,56.8827934],[-4.7118048,56.8828371],[-4.712767,56.8829869],[-4.7146691,56.8833055],[-4.7163525,56.8834768],[-4.7175145,56.8837296],[-4.7192128,56.884325],[-4.7206544,56.8848619],[-4.7213049,56.8851483],[-4.7217621,56.885427],[-4.7221266,56.8857265],[-4.7224692,56.8861779],[-4.7227994,56.8868115],[-4.7230023,56.8871845],[-4.7233113,56.8875002],[-4.7238636,56.8879241],[-4.7245672,56.8882281],[-4.7250908,56.8884047],[-4.7259372,56.8885755],[-4.7266301,56.8886306],[-4.7273759,56.8886103],[-4.7284266,56.8884293],[-4.7305533,56.8879616],[-4.7320578,56.8876871],[-4.7333022,56.8875905],[-4.7345931,56.8876058],[-4.7366532,56.887788],[-4.7381345,56.8878619],[-4.7397933,56.8878826],[-4.7406398,56.8878193],[-4.7434405,56.8874328],[-4.7448387,56.8872464],[-4.7459964,56.8871858],[-4.747366,56.8872003],[-4.7488085,56.8872962],[-4.7501044,56.8874624],[-4.7515134,56.8877586],[-4.7524825,56.8880041],[-4.7531695,56.8881772],[-4.7537492,56.8883034],[-4.755001,56.8885513],[-4.7561346,56.8887436],[-4.7568393,56.8888186],[-4.7575386,56.8888789],[-4.7582305,56.8889236],[-4.7604636,56.8889853],[-4.7614381,56.8890011],[-4.7619764,56.8890404],[-4.762638,56.8891208],[-4.7632996,56.8892564],[-4.7644875,56.8894576],[-4.7649285,56.8894978],[-4.7653928,56.889502],[-4.767753,56.8893792],[-4.7687242,56.8894173],[-4.7693316,56.8895274],[-4.7703211,56.8897144],[-4.7718311,56.8899997],[-4.7741487,56.8904233],[-4.7753357,56.8905139],[-4.7758554,56.8905216],[-4.7762118,56.890514],[-4.7765438,56.8904963],[-4.7770831,56.8904542],[-4.7776162,56.8903921],[-4.7786151,56.8901956],[-4.778943,56.8901029],[-4.7794248,56.8899464],[-4.7800761,56.8897273],[-4.7806773,56.8895106],[-4.7813553,56.8892767],[-4.7819065,56.8890854],[-4.7823642,56.8889259],[-4.7830194,56.8887087],[-4.7833269,56.8886086],[-4.7837279,56.8884987],[-4.7843438,56.8883635],[-4.7846661,56.888299],[-4.7851134,56.8882404],[-4.7854111,56.8882032],[-4.7857864,56.8881708],[-4.786163,56.8881577],[-4.7864492,56.8881502],[-4.7868449,56.8881575],[-4.7871396,56.8881763],[-4.7874936,56.8881979],[-4.7879047,56.8882363],[-4.7882058,56.8882704],[-4.7884592,56.8883096],[-4.7887979,56.8883671],[-4.7894141,56.8885056],[-4.7898097,56.8886177],[-4.790031,56.8886851],[-4.7902483,56.8887576],[-4.7904763,56.8888426],[-4.7910181,56.8890616],[-4.7915317,56.88927],[-4.7919649,56.8894437],[-4.7924383,56.8896041],[-4.792791,56.8896876],[-4.79307,56.8897385],[-4.7933603,56.8897784],[-4.7936004,56.889807],[-4.7938552,56.8898224],[-4.7947234,56.8898215],[-4.7952547,56.8897626],[-4.7964383,56.8895086],[-4.7970234,56.8893613],[-4.7973529,56.8892325],[-4.7976825,56.8890668],[-4.7981196,56.8888055],[-4.7986307,56.8883785],[-4.7991822,56.8878852],[-4.799774,56.8873367],[-4.8013477,56.885912],[-4.8018925,56.8855733],[-4.802491,56.8853082],[-4.8033518,56.8850947],[-4.804526,56.8849867],[-4.8066887,56.8851018],[-4.8081556,56.885138],[-4.8097375,56.8850799],[-4.8105618,56.8851319],[-4.8115197,56.8851923],[-4.8132218,56.8851429],[-4.8144032,56.8851429],[-4.8151442,56.8851841],[-4.8158951,56.8852663],[-4.8175221,56.8855677],[-4.819059,56.8858527],[-4.8221278,56.8864281],[-4.8231969,56.886597],[-4.8265382,56.8870201],[-4.8286709,56.8872996],[-4.8308486,56.8875709],[-4.8376217,56.8884403],[-4.8390457,56.8886091],[-4.8396233,56.8886611],[-4.8407332,56.8886921],[-4.8409473,56.8886889],[-4.8410909,56.8886868],[-4.841502,56.8886808],[-4.8418122,56.8886711],[-4.8439696,56.8886035],[-4.8480175,56.888433],[-4.8509908,56.8883002],[-4.8539074,56.888185],[-4.8568766,56.8880602],[-4.8586534,56.888009],[-4.8599653,56.8880584],[-4.8611904,56.8882399],[-4.8637629,56.8887719],[-4.8657552,56.8889792],[-4.8685227,56.8891989],[-4.8689773,56.889235],[-4.8730111,56.8895474],[-4.8739999,56.8896362],[-4.8749028,56.8897869],[-4.8759282,56.8900724],[-4.8770104,56.890514],[-4.8781714,56.8910121],[-4.8793667,56.891486],[-4.8804982,56.8918117],[-4.8813738,56.8919894],[-4.8823773,56.8921456],[-4.8842368,56.8923395],[-4.8861897,56.8925414],[-4.8879655,56.8928187],[-4.8899382,56.8932252],[-4.8907498,56.8933679],[-4.8915566,56.8934137],[-4.8924092,56.8933546],[-4.8934849,56.8932629],[-4.8977386,56.8928645],[-4.9038031,56.8922496],[-4.9074511,56.891921],[-4.9094675,56.8916514],[-4.9101838,56.8914986],[-4.9108712,56.8913225],[-4.912334,56.8909028],[-4.9131735,56.8906924],[-4.9140325,56.890533],[-4.915574,56.8903341],[-4.9169869,56.8902],[-4.9176619,56.8901603],[-4.9200123,56.8899821],[-4.9216634,56.8898571],[-4.9223375,56.8898099],[-4.9230298,56.8897556],[-4.9249182,56.8896254],[-4.9277694,56.8894028],[-4.9299297,56.8891091],[-4.9315228,56.8887988],[-4.9324216,56.8886237],[-4.9348402,56.8881744],[-4.93565,56.8880109],[-4.9386953,56.8873961],[-4.9420551,56.8866405],[-4.9423115,56.8865889],[-4.9476401,56.8853368],[-4.9488052,56.885052],[-4.9498208,56.8847945],[-4.9514487,56.88427],[-4.9537305,56.8834787],[-4.9563778,56.8825418],[-4.9594127,56.8814897],[-4.9631123,56.8801829],[-4.964621,56.8797264],[-4.9672051,56.8792399],[-4.9680469,56.8790519],[-4.9690384,56.8787824],[-4.9709489,56.8781301],[-4.9748756,56.8767413],[-4.97914,56.8751886],[-4.9837368,56.8735419],[-4.9846319,56.8732525],[-4.9856414,56.872996],[-4.9871705,56.8727049],[-4.9893526,56.8723107],[-4.990427,56.8720407],[-4.9913851,56.871695],[-4.9931795,56.8710065],[-4.996364,56.8697205],[-4.9997756,56.8682283],[-5.0030709,56.8668603],[-5.0047877,56.8662718],[-5.0054905,56.865963],[-5.0061889,56.8656561],[-5.0074405,56.8650312],[-5.0088251,56.8645307],[-5.0104521,56.8639326],[-5.0121259,56.8633173],[-5.0131948,56.8628744],[-5.0141529,56.8623708],[-5.015172,56.8618005],[-5.0161356,56.8613182],[-5.0174869,56.8607812],[-5.0188881,56.8602867],[-5.0215853,56.8593098],[-5.0241273,56.8583663],[-5.0250301,56.8579112],[-5.0258386,56.8573924],[-5.0265531,56.8568553],[-5.0273727,56.8563335],[-5.0284527,56.8558177],[-5.0298483,56.8552533],[-5.0335811,56.853718],[-5.0360346,56.8527227],[-5.0391939,56.8514256],[-5.0404525,56.8508004],[-5.0413,56.850244],[-5.0418958,56.8496739],[-5.0425586,56.8488693],[-5.0428667,56.8483145],[-5.0429486,56.8481524],[-5.0430202,56.8480049],[-5.0436901,56.8467358],[-5.0439012,56.8463358],[-5.0441026,56.8458806],[-5.0442033,56.8454346],[-5.044304,56.8446069],[-5.0445893,56.8439493],[-5.0450759,56.8433561],[-5.0457388,56.8427905],[-5.0467038,56.842165],[-5.0477946,56.841673],[-5.0483881,56.8414665],[-5.048675,56.8413763],[-5.0506979,56.8408682],[-5.0538361,56.8401416],[-5.0548026,56.8398902],[-5.0555509,56.8396408],[-5.0556877,56.8395967],[-5.0567478,56.8392402],[-5.0574794,56.839007],[-5.0581575,56.8388308],[-5.0589815,56.8386182],[-5.0598452,56.8384509],[-5.0606149,56.8383174],[-5.0613526,56.838222],[-5.0622377,56.8381443],[-5.0628975,56.838109],[-5.0637236,56.8380592],[-5.0644559,56.8379755],[-5.0650835,56.837864],[-5.0656521,56.8377232],[-5.0661913,56.8375574],[-5.0667974,56.8373182],[-5.0673191,56.8370593],[-5.0677764,56.8368003],[-5.0686677,56.8362431],[-5.0706769,56.8349904],[-5.0709202,56.834834],[-5.0715467,56.8344673],[-5.0727862,56.8337419],[-5.0744444,56.832663],[-5.0759128,56.831766],[-5.0768862,56.8311726],[-5.0770128,56.8310956],[-5.0781213,56.8304218],[-5.0807125,56.8287759],[-5.0819879,56.828038],[-5.0826279,56.8277289],[-5.0833608,56.82736],[-5.0841171,56.8270325],[-5.0867971,56.8259293],[-5.0896262,56.8247791],[-5.0903622,56.8244749],[-5.0907961,56.8242933],[-5.091465,56.8240211],[-5.0919464,56.8238261],[-5.0927893,56.8234796],[-5.0937858,56.8231299],[-5.0943959,56.8229498],[-5.0951163,56.8227653],[-5.0957762,56.8226241],[-5.0964446,56.822504],[-5.0968521,56.8224384],[-5.0980226,56.8222444],[-5.0989776,56.8220881],[-5.0992644,56.8220398],[-5.0997855,56.8219504],[-5.1000577,56.8218978],[-5.1001253,56.8218838],[-5.1005791,56.8217694],[-5.101007,56.8216399],[-5.101615,56.821433],[-5.1023155,56.8211778],[-5.1027155,56.8210611],[-5.1031742,56.8209555],[-5.103639,56.8208566],[-5.1056757,56.820425],[-5.103639,56.8208566],[-5.1031742,56.8209555],[-5.1027155,56.8210611],[-5.1023155,56.8211778],[-5.101615,56.821433],[-5.101007,56.8216399],[-5.1005791,56.8217694],[-5.1001253,56.8218838],[-5.1000577,56.8218978],[-5.0997855,56.8219504],[-5.0992644,56.8220398],[-5.0989776,56.8220881],[-5.0980226,56.8222444],[-5.0968521,56.8224384],[-5.0964446,56.822504],[-5.0957762,56.8226241],[-5.0951163,56.8227653],[-5.0943959,56.8229498],[-5.0937858,56.8231299],[-5.0927893,56.8234796],[-5.0919464,56.8238261],[-5.091465,56.8240211],[-5.0910555,56.8242119],[-5.0907381,56.8243776],[-5.0903538,56.8246152],[-5.0900541,56.8248383],[-5.0898673,56.8249961],[-5.0896905,56.8251576],[-5.0894866,56.8253814],[-5.0893165,56.8256003],[-5.0890933,56.8259671],[-5.0888137,56.8265746],[-5.0885026,56.8272357],[-5.0883348,56.8274999],[-5.0882044,56.8276825],[-5.0880468,56.8278773],[-5.0877784,56.8281745],[-5.0875073,56.8284388],[-5.0872743,56.8286474],[-5.0867279,56.8290449],[-5.0854975,56.8298723],[-5.0852257,56.8300536],[-5.0848927,56.8303057],[-5.0846826,56.8304896],[-5.0844204,56.8307598],[-5.0843044,56.8309015],[-5.0841831,56.8310498],[-5.0840254,56.8313188],[-5.0839608,56.8314432],[-5.0838939,56.8316103],[-5.0838685,56.8316855],[-5.083815,56.8319119],[-5.083781,56.8321446],[-5.0837709,56.8325114],[-5.083768,56.8325547],[-5.0837734,56.8326119],[-5.0837733,56.8334912],[-5.08381,56.834137],[-5.0838769,56.8344284],[-5.0840086,56.8348292],[-5.0841092,56.835065],[-5.08431,56.8354049],[-5.0845476,56.8357694],[-5.0848422,56.8361064],[-5.0851093,56.8363735],[-5.0854827,56.8367021],[-5.0856971,56.8368782],[-5.085929,56.8370464],[-5.0865809,56.8375054],[-5.0872385,56.8379629],[-5.0872847,56.8379953],[-5.0912679,56.8407724],[-5.092947,56.8419537],[-5.0943639,56.8429342],[-5.0948586,56.8432529],[-5.0948969,56.8432776],[-5.094956,56.8433147],[-5.0953979,56.8435664],[-5.0958832,56.8438007],[-5.0964481,56.8440443],[-5.0966912,56.8441311],[-5.0967482,56.8441536],[-5.0973713,56.8443649],[-5.097438,56.8443882],[-5.0976143,56.8444433],[-5.0978063,56.8444952],[-5.0982487,56.844606],[-5.0984725,56.8446589],[-5.0986984,56.8447087],[-5.0991657,56.8447985],[-5.0994901,56.844854],[-5.0999091,56.8449154],[-5.100304,56.8449626],[-5.1005118,56.8449838],[-5.100839,56.8450119],[-5.1011754,56.8450324],[-5.1014991,56.845047],[-5.101678,56.8450534],[-5.1018608,56.8450588],[-5.1022206,56.845063],[-5.1024156,56.8450634],[-5.1026145,56.8450606],[-5.1028094,56.8450561],[-5.1029819,56.8450495],[-5.1032762,56.8450347],[-5.1035705,56.8450123],[-5.103856,56.8449884],[-5.1041474,56.8449602],[-5.1047398,56.8449043],[-5.1053381,56.8448451],[-5.107691,56.8446188],[-5.1095136,56.8444279],[-5.1105528,56.8442796],[-5.1112271,56.8441479],[-5.1118915,56.8440114],[-5.1127676,56.8438054],[-5.113623,56.8436047],[-5.1143066,56.8434381],[-5.1150479,56.8432828],[-5.1157971,56.8431361],[-5.1165081,56.8430255],[-5.1172171,56.842933],[-5.1177622,56.8428713],[-5.1183013,56.8428234],[-5.118843,56.842783],[-5.1193924,56.8427523],[-5.1198971,56.8427329],[-5.1204018,56.8427209],[-5.1207608,56.8427187],[-5.1211256,56.8427187],[-5.1214925,56.8427261],[-5.1219672,56.8427419],[-5.1226667,56.8427685],[-5.12308,56.8427842],[-5.123488,56.8427999],[-5.1239377,56.8428173],[-5.1251181,56.8428623],[-5.1257065,56.8428834],[-5.127183,56.8429465],[-5.127612,56.8429721],[-5.1280409,56.843001],[-5.1289241,56.8430673],[-5.1290597,56.8430789],[-5.1293765,56.8431044],[-5.1296955,56.8431289],[-5.1300123,56.8431534],[-5.1303382,56.8431705],[-5.1306242,56.843181],[-5.1309154,56.8431886],[-5.1312067,56.8431926],[-5.1315006,56.8431937],[-5.1319864,56.8431881],[-5.1324854,56.8431768],[-5.1331687,56.8431632],[-5.1343423,56.8431345],[-5.1355106,56.8431059],[-5.1363914,56.8430834],[-5.140071,56.8429905],[-5.1424513,56.842933],[-5.1449135,56.8428744],[-5.1457541,56.8428505],[-5.1465876,56.8428364],[-5.1472582,56.8428502],[-5.1481329,56.8429148],[-5.148982,56.843025],[-5.149478,56.8431299],[-5.1499687,56.8432341],[-5.1503837,56.8433436],[-5.1508013,56.8434741],[-5.1511178,56.8435923],[-5.1512505,56.8436453],[-5.1519203,56.8439036],[-5.1575526,56.8461955],[-5.1606959,56.8474832],[-5.1608569,56.847549],[-5.1623393,56.8481551],[-5.1639994,56.8488026],[-5.1648658,56.8491044],[-5.1657384,56.8494012],[-5.1663564,56.8495858],[-5.166858,56.8497411],[-5.1673566,56.8498797],[-5.1682033,56.8501143],[-5.1690515,56.8503513],[-5.1696714,56.8505241],[-5.1703931,56.8507625],[-5.1707189,56.8508854],[-5.171097,56.8510463],[-5.1716638,56.8513126],[-5.1721703,56.8515824],[-5.1725973,56.8518246],[-5.1730489,56.8520619],[-5.1732547,56.8521649],[-5.1734789,56.8522612],[-5.1736902,56.8523483],[-5.1739076,56.8524254],[-5.174364,56.8525725],[-5.1746644,56.8526612],[-5.1749863,56.8527348],[-5.1754738,56.8528315],[-5.1758624,56.852896],[-5.176254,56.8529447],[-5.1768063,56.8529874],[-5.1771179,56.8530027],[-5.1774418,56.8530112],[-5.178047,56.8530172],[-5.1786584,56.8530149],[-5.1792757,56.8530219],[-5.1798839,56.8530288],[-5.1802574,56.8530462],[-5.1806156,56.8530719],[-5.1810742,56.8531218],[-5.1818456,56.8532216],[-5.1823425,56.853271],[-5.1826429,56.85329],[-5.1829464,56.853299],[-5.1833301,56.8533045],[-5.1837138,56.8532999],[-5.184031,56.8532958],[-5.1843574,56.8532978],[-5.1846776,56.8533074],[-5.1850001,56.8533232],[-5.1853219,56.8533532],[-5.1856438,56.8533895],[-5.1861178,56.8534559],[-5.1866047,56.8535584],[-5.1871492,56.8536916],[-5.1874232,56.853777],[-5.1876881,56.8538698],[-5.1882246,56.8540753],[-5.1887598,56.8542981],[-5.189018,56.8544054],[-5.1893797,56.8545573],[-5.1897969,56.854728],[-5.1900906,56.8548337],[-5.1903957,56.8549332],[-5.1906724,56.8550129],[-5.1909582,56.855084],[-5.1911963,56.8551382],[-5.191439,56.85519],[-5.1916816,56.8552355],[-5.1919311,56.855276],[-5.192221,56.8553146],[-5.1925216,56.8553441],[-5.1928846,56.8553715],[-5.1932032,56.8553898],[-5.193776,56.8554145],[-5.1948813,56.8554885],[-5.1955155,56.8555206],[-5.1959996,56.8555471],[-5.1970901,56.855584],[-5.1975821,56.8555875],[-5.1982001,56.8555887],[-5.1987353,56.8555762],[-5.1997595,56.8555659],[-5.2007972,56.8555562],[-5.2019129,56.8555517],[-5.2030052,56.8555399],[-5.2052336,56.855518],[-5.2063165,56.8555016],[-5.2073031,56.8554916],[-5.2078701,56.8554934],[-5.2143406,56.8554257],[-5.2173166,56.8553124],[-5.222886,56.8549492],[-5.2248702,56.8548389],[-5.2294479,56.8549123],[-5.2328377,56.8549656],[-5.2359695,56.8550286],[-5.2371875,56.8550552],[-5.238833,56.8550739],[-5.2401953,56.855102],[-5.2402184,56.8551023],[-5.2423032,56.8551287],[-5.2435853,56.8551552],[-5.2445213,56.8551484],[-5.2448987,56.8551336],[-5.2458476,56.8551013],[-5.2460245,56.8550953],[-5.2475274,56.8550202],[-5.2493221,56.8549389],[-5.2518306,56.8548],[-5.2531242,56.8547346],[-5.2540372,56.8547007],[-5.2550741,56.8546138],[-5.2559495,56.8545063],[-5.2567871,56.8543723],[-5.2574361,56.8542605],[-5.2587667,56.854013],[-5.2598871,56.8538569],[-5.2605073,56.8537856],[-5.2612804,56.853767],[-5.2619507,56.8537828],[-5.2624497,56.8538161],[-5.2632001,56.853889],[-5.2638324,56.8539848],[-5.264398,56.8540903],[-5.2648565,56.8541838],[-5.2665558,56.8545888],[-5.2673912,56.8547359],[-5.2684686,56.8548721],[-5.2691978,56.8549335],[-5.2703201,56.8549949],[-5.2730785,56.8550602],[-5.2732286,56.8550635],[-5.2763408,56.855131],[-5.2783617,56.8551673],[-5.2808407,56.8552118],[-5.2843632,56.8553343],[-5.2857417,56.8554382],[-5.2860669,56.8554784],[-5.2867588,56.8555358],[-5.2869719,56.8555621],[-5.2879263,56.8556802],[-5.2891343,56.8558297],[-5.2896849,56.8558896],[-5.2903646,56.8559494],[-5.2909652,56.8559993],[-5.2921062,56.8560565],[-5.2934176,56.8561085],[-5.297785,56.8562275],[-5.3023245,56.8563644],[-5.3033335,56.8564079],[-5.3043426,56.8564604],[-5.3056126,56.856555],[-5.3059065,56.856582],[-5.3077681,56.8567751],[-5.3094374,56.8570086],[-5.3110843,56.8572833],[-5.311843,56.8574267],[-5.3125766,56.8575915],[-5.3144897,56.8580276],[-5.3159505,56.8584272],[-5.317404,56.8588426],[-5.317804,56.8589422],[-5.3183413,56.8590598],[-5.3183971,56.8590763],[-5.3192299,56.8592456],[-5.3198478,56.8593435],[-5.3204684,56.8594231],[-5.3211625,56.8594813],[-5.3212321,56.8594879],[-5.3220356,56.8595391],[-5.3234258,56.8596311],[-5.3243747,56.8596774],[-5.3256313,56.8597454],[-5.3269984,56.8598122],[-5.3281841,56.8598762],[-5.3286465,56.8599012],[-5.3292707,56.8599448],[-5.33017,56.8600305],[-5.331181,56.8601522],[-5.3321057,56.8602504],[-5.3331116,56.8603125],[-5.3344104,56.8603244],[-5.3357244,56.8602947],[-5.3383651,56.8602394],[-5.3390516,56.8602107],[-5.3397635,56.8601654],[-5.3411873,56.8600471],[-5.3436886,56.8597766],[-5.3462051,56.8594867],[-5.3475465,56.8593313],[-5.348461,56.8592328],[-5.3497215,56.8590895],[-5.3499664,56.8590665],[-5.3519493,56.8588227],[-5.3571415,56.858241],[-5.3587274,56.8580936],[-5.3596569,56.8580352],[-5.3611789,56.8579959],[-5.3622903,56.8579903],[-5.3634982,56.8580471],[-5.3645266,56.858123],[-5.3655417,56.858228],[-5.3703769,56.8588556],[-5.3775108,56.8597982],[-5.3846194,56.8607249],[-5.3908623,56.8615398],[-5.3925738,56.861758],[-5.3931459,56.861831],[-5.3948738,56.8619735],[-5.3951963,56.8619723],[-5.3956872,56.8619559],[-5.3962676,56.8619231],[-5.3971703,56.8618445],[-5.3979626,56.861744],[-5.3989483,56.8615686],[-5.400849,56.8610768],[-5.4010973,56.8610443],[-5.4019118,56.8609663],[-5.4024314,56.8609479],[-5.4029962,56.8609557],[-5.4034192,56.8609837],[-5.4038049,56.8610321],[-5.4042718,56.8611184],[-5.4047908,56.861245],[-5.4052397,56.861392],[-5.4058528,56.8616779],[-5.4062359,56.8619078],[-5.4070883,56.8624696],[-5.4076217,56.8627874],[-5.4080711,56.8629925],[-5.408928,56.8633342],[-5.4097477,56.8636738],[-5.4113573,56.8642675],[-5.4140593,56.8650015],[-5.4143546,56.8650951],[-5.414697,56.8652135],[-5.41507,56.8654081],[-5.415376,56.8655786],[-5.4156668,56.8657776],[-5.4161121,56.8660903],[-5.4164822,56.8662794],[-5.4169996,56.8665421],[-5.4176404,56.8667645],[-5.4181845,56.8669307],[-5.4199044,56.8674139],[-5.4209916,56.8678206],[-5.4218176,56.8681778],[-5.4225898,56.8685628],[-5.4229385,56.8687753],[-5.4232389,56.8689498],[-5.4235821,56.8691789],[-5.4239711,56.8694526],[-5.4245394,56.8698888],[-5.4264029,56.8713464],[-5.4268962,56.8717477],[-5.4272025,56.8720924],[-5.4274372,56.8724148],[-5.4276005,56.8727401],[-5.4276986,56.8731276],[-5.4277263,56.8735137],[-5.427696,56.8739455],[-5.4277072,56.874217],[-5.4277358,56.874375],[-5.427811,56.8746074],[-5.4280489,56.8749645],[-5.42815,56.8750966],[-5.4282991,56.8752414],[-5.4284799,56.8753845],[-5.4288557,56.8756185],[-5.4292878,56.8758213],[-5.4297678,56.8759889],[-5.4302862,56.876118],[-5.4308326,56.876206],[-5.4313962,56.8762512],[-5.4319659,56.8762527],[-5.4325302,56.8762104],[-5.4330781,56.8761252],[-5.4335987,56.8759988],[-5.4340816,56.8758336],[-5.4344527,56.8756401],[-5.4355583,56.8749574],[-5.436165,56.8746698],[-5.4369563,56.8743826],[-5.4385175,56.8738964],[-5.4408859,56.8732311],[-5.4438931,56.8723875],[-5.4443937,56.8722913],[-5.4449024,56.8722165],[-5.4454722,56.8721477],[-5.4460357,56.8721078],[-5.446513,56.8721063],[-5.4470015,56.8721166],[-5.4473542,56.872136],[-5.4474384,56.8721397],[-5.4475458,56.8721472],[-5.4477224,56.8721577],[-5.4481088,56.8721867],[-5.448502,56.8722462],[-5.4488636,56.8723155],[-5.4489583,56.8723366],[-5.4492726,56.8724121],[-5.4497348,56.872544],[-5.4500777,56.8726505],[-5.4502818,56.8727267],[-5.450545,56.8728249],[-5.4509884,56.8730363],[-5.4513739,56.8731895],[-5.4516885,56.873296],[-5.4520004,56.8733779],[-5.4530572,56.8735907],[-5.4546026,56.8738837],[-5.4551598,56.8739575],[-5.4553351,56.8739866],[-5.4572037,56.8742946],[-5.458206,56.8745071],[-5.4589536,56.8747554],[-5.4597142,56.8751193],[-5.460405,56.8755272],[-5.4609254,56.8757779],[-5.4613594,56.875948],[-5.461757,56.8760805],[-5.4622983,56.8762158],[-5.4628433,56.8763275],[-5.463563,56.8764147],[-5.4642765,56.8764587],[-5.4650543,56.8764488],[-5.4661744,56.8763788],[-5.4666357,56.8763653],[-5.4672146,56.8763833],[-5.4677374,56.8764252],[-5.4682714,56.8765019],[-5.4687913,56.8766062],[-5.4692758,56.8767513],[-5.4697238,56.8769286],[-5.4700696,56.8770818],[-5.4709483,56.877571],[-5.4713586,56.8777505],[-5.471827,56.877912],[-5.4722541,56.8780361],[-5.4727083,56.8781305],[-5.4733572,56.8782186],[-5.4739726,56.8782583],[-5.4745644,56.878262],[-5.4750983,56.8782344],[-5.4759057,56.8781872],[-5.4764258,56.8781782],[-5.4769951,56.8781925],[-5.4774961,56.8782261],[-5.4787912,56.8783532],[-5.4794998,56.8783891],[-5.4800948,56.8783859],[-5.4806331,56.8783607],[-5.4811673,56.8783056],[-5.4834407,56.877951],[-5.4883544,56.8771463],[-5.4894388,56.8770501],[-5.4922038,56.8768743],[-5.4937545,56.8766743],[-5.4952063,56.8763495],[-5.4956506,56.8762527],[-5.4960756,56.8761609],[-5.4964547,56.876084],[-5.4971185,56.8759632],[-5.4976276,56.8758856],[-5.4981347,56.8758253],[-5.4999868,56.8756546],[-5.5032623,56.8753428],[-5.5068457,56.8750196],[-5.5082117,56.8747959],[-5.5093894,56.8745604],[-5.5104946,56.8742568],[-5.5128354,56.8734172],[-5.5136626,56.8731897],[-5.5148035,56.8729893],[-5.5158351,56.872945],[-5.5161183,56.8729499],[-5.5162536,56.8729578],[-5.5163242,56.8729619],[-5.5169684,56.873011],[-5.5174062,56.8730731],[-5.5177431,56.8731361],[-5.5186094,56.8733859],[-5.5192389,56.8736301],[-5.5193438,56.8736649],[-5.519582,56.8737463],[-5.5199987,56.8738665],[-5.5203906,56.8739538],[-5.5206606,56.8740123],[-5.5209416,56.8740561],[-5.5212078,56.8740844],[-5.5217951,56.8741062],[-5.5220414,56.8741043],[-5.5226105,56.8740831],[-5.5233045,56.8740252],[-5.5240834,56.8739843],[-5.5248951,56.8739425],[-5.5255546,56.8739361],[-5.526091,56.8739431],[-5.5266362,56.8739455],[-5.5271717,56.8739671],[-5.5285487,56.8741164],[-5.5298433,56.8741384],[-5.5303881,56.8740839],[-5.530958,56.8739448],[-5.5319547,56.8735389],[-5.5324719,56.8733656],[-5.5330989,56.8732174],[-5.5337474,56.8731396],[-5.5342867,56.8731093],[-5.5347181,56.8731205],[-5.53545,56.8731939],[-5.5366416,56.8733703],[-5.5385551,56.8734208],[-5.5408643,56.8734415],[-5.5422234,56.8732156],[-5.5433384,56.8729653],[-5.5440667,56.8729132],[-5.5446866,56.8728968],[-5.5453042,56.8728658],[-5.5458256,56.8728127],[-5.5461936,56.872761],[-5.5465033,56.8727042],[-5.5465923,56.8726826],[-5.5467574,56.8726311],[-5.5471867,56.872465],[-5.5475917,56.8723114],[-5.548402,56.8720999],[-5.5488626,56.8720042],[-5.5493023,56.8719416],[-5.5500661,56.8718647],[-5.5503628,56.8718592],[-5.5506679,56.87187],[-5.5511964,56.8719162],[-5.5515524,56.8719776],[-5.5519553,56.8720714],[-5.5524074,56.8722006],[-5.5527615,56.8723108],[-5.5531261,56.8724481],[-5.553394,56.8725745],[-5.5536572,56.8727177],[-5.5538411,56.8728295],[-5.554037,56.8729861],[-5.5543192,56.8732656],[-5.5546332,56.8735664],[-5.5550767,56.8740702],[-5.5553053,56.8742597],[-5.5556116,56.8744519],[-5.5559879,56.8746568],[-5.5563318,56.8748047],[-5.5567426,56.874949],[-5.5575596,56.8752081],[-5.5579495,56.8753438],[-5.5584992,56.8755607],[-5.5600013,56.8762461],[-5.5607719,56.876604],[-5.5612914,56.8768338],[-5.5616802,56.8769823],[-5.5620198,56.8770905],[-5.5630696,56.8773641],[-5.5635954,56.8774803],[-5.5640695,56.8775543],[-5.5645788,56.8776205],[-5.5651373,56.8776817],[-5.5656758,56.8777246],[-5.5661164,56.8777431],[-5.5665571,56.8777516],[-5.5673032,56.877737],[-5.5677487,56.877698],[-5.5682508,56.8776407],[-5.5687897,56.877559],[-5.5693574,56.8774555],[-5.5697152,56.8773709],[-5.5700761,56.877268],[-5.5704816,56.8771335],[-5.570964,56.8769494],[-5.5713995,56.8767654],[-5.5718364,56.8765781],[-5.5728185,56.8761089],[-5.5734875,56.8757942],[-5.5739373,56.8756149],[-5.5742907,56.8755009],[-5.5746366,56.8753938],[-5.5749318,56.8753239],[-5.5752909,56.8752468],[-5.5757351,56.8751832],[-5.5762328,56.8751478],[-5.5765759,56.8751387],[-5.5770235,56.875146],[-5.577343,56.8751592],[-5.5777637,56.8752102],[-5.5781611,56.8752678],[-5.5785924,56.8753495],[-5.5789603,56.8754282],[-5.579195,56.8754909],[-5.5808445,56.8760268],[-5.5826582,56.8766109],[-5.5840673,56.8770647],[-5.5868432,56.8778478],[-5.5886746,56.87814],[-5.5913064,56.8785364],[-5.5932356,56.8784789],[-5.5945059,56.8785175],[-5.5956628,56.8786132],[-5.5969235,56.8789129],[-5.5986191,56.8790853],[-5.6003817,56.878983],[-5.6018188,56.8788874],[-5.6029407,56.8789321],[-5.6040418,56.8791504],[-5.6057816,56.8793152],[-5.6069972,56.8791295],[-5.6082831,56.878765],[-5.6094732,56.8785552],[-5.610384,56.8785364],[-5.6113882,56.8786387],[-5.6136531,56.8792383],[-5.6162888,56.8800205],[-5.6178864,56.8803432],[-5.6187151,56.8803492],[-5.6206554,56.8803492],[-5.6223186,56.8804043],[-5.623215,56.880509],[-5.6238676,56.880662],[-5.6249999,56.8808457],[-5.626358,56.8808905],[-5.6280879,56.880841],[-5.6291481,56.8809854],[-5.6301106,56.881249],[-5.6308748,56.8816853],[-5.6312296,56.8820369],[-5.6315981,56.8826728],[-5.6316337,56.8832714],[-5.631562,56.8835728],[-5.6314718,56.8838499],[-5.6314137,56.88407],[-5.6313805,56.8844592],[-5.6313707,56.8845742],[-5.6314733,56.8850688],[-5.6315648,56.885205],[-5.6316563,56.8853412],[-5.6318698,56.8856589],[-5.6324022,56.8861113],[-5.6325861,56.8862462],[-5.6331478,56.8865688],[-5.6341726,56.8869502],[-5.6349598,56.8871185],[-5.6354281,56.8871879],[-5.6358206,56.887246],[-5.6364447,56.887283],[-5.6365502,56.8872835],[-5.6367284,56.8872883],[-5.6375578,56.88728],[-5.6394355,56.8870799],[-5.6412431,56.8868464],[-5.6445532,56.8864453],[-5.6474586,56.8860533],[-5.6487912,56.8858789],[-5.6495099,56.8857879],[-5.6499301,56.8857299],[-5.6509123,56.8855428],[-5.6526894,56.8851773],[-5.6535751,56.8849889],[-5.654141,56.8848604],[-5.6546058,56.8847181],[-5.6549721,56.8845716],[-5.6558551,56.8841355],[-5.6564332,56.8838561],[-5.6569606,56.883682],[-5.6574242,56.8835628],[-5.6579272,56.8834698],[-5.6583435,56.8834232],[-5.658914,56.8833664],[-5.6592684,56.8833475],[-5.659669,56.8833432],[-5.6602727,56.8833356],[-5.6607323,56.8832944],[-5.6611131,56.883238],[-5.6614877,56.8831557],[-5.6618843,56.8830067],[-5.6621639,56.8828635],[-5.6624431,56.8826968],[-5.6626668,56.882521],[-5.6628435,56.8823407],[-5.6630577,56.8821054],[-5.663136,56.8819656],[-5.6632095,56.8817882],[-5.6633405,56.8814441],[-5.6635948,56.8808092],[-5.663752,56.8804795],[-5.6639211,56.8802647],[-5.6641507,56.8800807],[-5.6644456,56.8798466],[-5.6650674,56.8795131],[-5.6658474,56.8792148],[-5.666347,56.8791077],[-5.6669471,56.8790111],[-5.667645,56.8789229],[-5.6681791,56.8789112],[-5.6684907,56.8789136],[-5.6689308,56.8789414],[-5.6693833,56.8789822],[-5.6695075,56.8789952],[-5.6714714,56.8791913],[-5.6719297,56.8792468],[-5.6725559,56.8793369],[-5.6729217,56.8794213],[-5.673319,56.8795662],[-5.6736559,56.8796871],[-5.6739823,56.879831],[-5.6743692,56.8800881],[-5.6747069,56.8803663],[-5.6750947,56.8807381],[-5.675372,56.8809528],[-5.6757019,56.8811484],[-5.6761378,56.8813206],[-5.6763616,56.88139],[-5.6766064,56.8814556],[-5.6768638,56.8815079],[-5.6771458,56.8815468],[-5.6775304,56.8815773],[-5.6779693,56.8815812],[-5.6788962,56.8815184],[-5.6799463,56.8814285],[-5.6809928,56.881329],[-5.6815755,56.8812279],[-5.682246,56.8810807],[-5.6825639,56.8810268],[-5.6828853,56.8809882],[-5.6833452,56.8809772],[-5.6836374,56.8809808],[-5.683979,56.8810058],[-5.6843224,56.8810569],[-5.6845632,56.8811099],[-5.685028,56.8812378],[-5.6854264,56.8813648],[-5.6856933,56.8814496],[-5.6861245,56.8815492],[-5.6866217,56.8816136],[-5.6870385,56.8816355],[-5.687475,56.8816341],[-5.6879763,56.8815866],[-5.688467,56.8815181],[-5.6890063,56.8814863],[-5.6892777,56.8814836],[-5.689549,56.8814944],[-5.6900425,56.8815473],[-5.6904448,56.8816232],[-5.6907134,56.88169],[-5.6910347,56.8818023],[-5.6920504,56.8821734],[-5.6931201,56.8825662],[-5.693673,56.8827449],[-5.6942258,56.8829068],[-5.6946865,56.8830015],[-5.6951786,56.8830865],[-5.6957138,56.8831647],[-5.6963414,56.8832125],[-5.6969185,56.8832421],[-5.6973928,56.8832271],[-5.69778,56.883199],[-5.6981841,56.8831495],[-5.6984339,56.8831093],[-5.69897,56.8829912],[-5.6996512,56.8827919],[-5.7002279,56.882597],[-5.7010608,56.8823571],[-5.7020485,56.8822203],[-5.703106,56.882254],[-5.7042043,56.8824917],[-5.7053893,56.8829187],[-5.7068455,56.8835977],[-5.7077744,56.8840174],[-5.7092066,56.8844033],[-5.7097739,56.8845973],[-5.7100716,56.8847424],[-5.710641,56.8850978],[-5.7109435,56.885399],[-5.7112652,56.8858633],[-5.7115442,56.8863469],[-5.7120806,56.8872099],[-5.7123461,56.887648],[-5.7126422,56.8880404],[-5.7128972,56.8882605],[-5.7131909,56.888419],[-5.7136385,56.8886001],[-5.7138656,56.8886825],[-5.7140809,56.8887584],[-5.7142397,56.8887977],[-5.7144986,56.8888605],[-5.7148196,56.888899],[-5.7152397,56.8889214],[-5.715626,56.8889376],[-5.716387,56.8889369],[-5.7169289,56.8889459],[-5.7175233,56.8889963],[-5.7190463,56.8892675],[-5.721921,56.8897567],[-5.7225631,56.8897957],[-5.7238039,56.8897652],[-5.7256457,56.8896729],[-5.7265618,56.8896738],[-5.7277298,56.8898877],[-5.7288197,56.8903033],[-5.7296522,56.8909423],[-5.7299322,56.8913163],[-5.7300702,56.8914912],[-5.7301936,56.8917007],[-5.7306824,56.8928813],[-5.7308961,56.8933793],[-5.7311412,56.8938748],[-5.7312805,56.8941981],[-5.7316817,56.8951022],[-5.7318969,56.895508],[-5.7320045,56.8956153],[-5.7322592,56.8958464],[-5.7324623,56.8959768],[-5.7330636,56.8962485],[-5.7335475,56.8964068],[-5.7339947,56.8964958],[-5.7343645,56.8965248],[-5.734876,56.8965443],[-5.7359488,56.8965861],[-5.7364214,56.8966628],[-5.7369656,56.8968023],[-5.7377881,56.8970259],[-5.738396,56.8971262],[-5.7393033,56.8971337],[-5.7400523,56.8970135],[-5.7415252,56.8966802],[-5.7424107,56.8965584],[-5.7433511,56.8965029],[-5.7440489,56.8964666],[-5.7446283,56.8963879],[-5.7453629,56.8962323],[-5.7463923,56.8959883],[-5.7470604,56.8958397],[-5.7476102,56.8957621],[-5.7479576,56.895744],[-5.7483371,56.8957424],[-5.7486463,56.8957588],[-5.7491482,56.8958038],[-5.7492998,56.8958439],[-5.750001,56.8960951],[-5.7504945,56.8962784],[-5.7508112,56.8964245],[-5.7512258,56.8967223],[-5.751693,56.8971032],[-5.7526263,56.8980718],[-5.7535648,56.8990977],[-5.7540754,56.899702],[-5.7541741,56.8998279],[-5.7543854,56.900046],[-5.7546452,56.9002175],[-5.7548578,56.9003425],[-5.7550303,56.9004309],[-5.755349,56.9005441],[-5.7556613,56.9006478],[-5.7560588,56.9007256],[-5.7563944,56.9007857],[-5.7568744,56.9008377],[-5.7573302,56.900834],[-5.7576356,56.9008179],[-5.7578621,56.9007915],[-5.7589219,56.9006076],[-5.7596779,56.900448],[-5.7604725,56.9002853],[-5.7609264,56.9002014],[-5.7616687,56.9001384],[-5.7624716,56.9001],[-5.7629284,56.9000906],[-5.7639659,56.9000453],[-5.7650323,56.9000068],[-5.7660139,56.899966],[-5.766623,56.8999558],[-5.7672211,56.8999692],[-5.7683803,56.9000543],[-5.7687781,56.9000882],[-5.769055,56.9001184],[-5.7698499,56.9001837],[-5.7701232,56.9002004],[-5.7704062,56.9002084],[-5.7709997,56.9002172],[-5.7717067,56.9002141],[-5.7723473,56.9002083],[-5.7741355,56.9001853],[-5.7747013,56.9002024],[-5.7752684,56.9002429],[-5.7756968,56.9002968],[-5.7761892,56.9003798],[-5.7766346,56.9004771],[-5.7770737,56.9005798],[-5.7776556,56.9007647],[-5.7781632,56.900969],[-5.7787074,56.9012177],[-5.7791745,56.9015213],[-5.779771,56.9020007],[-5.7801896,56.9023264],[-5.7806659,56.9026354],[-5.7813343,56.9029212],[-5.7819604,56.9031498],[-5.7825029,56.9032774],[-5.7830199,56.9033804],[-5.783558,56.9034299],[-5.7840242,56.9034486],[-5.7845647,56.903435],[-5.7850047,56.9034022],[-5.7855316,56.903346],[-5.7860185,56.9032552],[-5.7864985,56.9031316],[-5.7868838,56.9030001],[-5.7873114,56.9028347],[-5.7876509,56.9026942],[-5.788662,56.9022759],[-5.7891769,56.9020635],[-5.7894288,56.9019704],[-5.7897062,56.9018774],[-5.7908912,56.9015822],[-5.7923364,56.9013443],[-5.7940421,56.9013094],[-5.7954445,56.9014316],[-5.7969697,56.9016971],[-5.7993634,56.9023281],[-5.8018196,56.9030193],[-5.8046949,56.9036403],[-5.8077097,56.9039122],[-5.8094247,56.9043009],[-5.8110771,56.9047076],[-5.8111864,56.9047357],[-5.8124014,56.9051272],[-5.8143219,56.9057224],[-5.8160267,56.9062941],[-5.8188752,56.9071939],[-5.8202398,56.9076562],[-5.821264,56.9081069],[-5.8218614,56.9086525],[-5.8220431,56.9090545],[-5.822057,56.9094991],[-5.8219639,56.9097984],[-5.8217602,56.9100806],[-5.8214677,56.9104196],[-5.8212126,56.9107634],[-5.8210942,56.9111819],[-5.8211215,56.9115382],[-5.8213265,56.9119917],[-5.8217956,56.9123828],[-5.8222647,56.9126693],[-5.8228568,56.912891],[-5.8234169,56.9130156],[-5.8239589,56.9130629],[-5.8246922,56.9130429],[-5.8266597,56.9128735],[-5.8300254,56.9125846],[-5.8310787,56.912515],[-5.8315713,56.9124892],[-5.8318262,56.9124856],[-5.832358,56.9124865],[-5.8326445,56.9124914],[-5.8330509,56.9125139],[-5.8345172,56.9126109],[-5.8351536,56.9126527],[-5.835989,56.9127111],[-5.8363824,56.912749],[-5.836788,56.9127905],[-5.8373951,56.9128315],[-5.8387834,56.9129186],[-5.8395048,56.912968],[-5.8401909,56.913015],[-5.84056,56.9130398],[-5.84118,56.9130571],[-5.8414023,56.9130742],[-5.8416786,56.9130964],[-5.8419509,56.9131274],[-5.842185,56.9131663],[-5.8424807,56.9132286],[-5.8428458,56.9133281],[-5.8431539,56.9134322],[-5.8434067,56.9135397],[-5.8436268,56.9136485],[-5.8438529,56.9137764],[-5.8440434,56.9139016],[-5.8443008,56.914109],[-5.8443949,56.9142066],[-5.8445399,56.9143653],[-5.8446298,56.9144915],[-5.8447108,56.9146395],[-5.8447828,56.9148049],[-5.8448161,56.9149892],[-5.8448812,56.9156311],[-5.84491,56.916273],[-5.8449481,56.9167144],[-5.8450043,56.9171496],[-5.8451579,56.9176659],[-5.8454172,56.9183001],[-5.8458155,56.9191337],[-5.8458781,56.9195894],[-5.8458589,56.919883],[-5.8457677,56.9201005],[-5.8456834,56.9203168],[-5.8454028,56.9206429],[-5.8450763,56.920939],[-5.8443854,56.9213107],[-5.8438434,56.9214875],[-5.8432058,56.9216419],[-5.8424316,56.9217216],[-5.8416892,56.9217615],[-5.8407737,56.9218711],[-5.8399813,56.9220703],[-5.8389612,56.9224713],[-5.838613,56.9225829],[-5.8380751,56.9226959],[-5.8372454,56.9228025],[-5.8366603,56.9229034],[-5.8364913,56.9229314],[-5.8361006,56.9230305],[-5.8356604,56.9231816],[-5.835299,56.9233455],[-5.8348996,56.923573],[-5.8345032,56.9238752],[-5.833929,56.9242681],[-5.8336404,56.9244097],[-5.8332788,56.9245747],[-5.8323674,56.9248145],[-5.8314442,56.924926],[-5.8306937,56.9249316],[-5.8299033,56.9249026],[-5.8293039,56.9249643],[-5.8285055,56.9251276],[-5.8280241,56.9253171],[-5.8274416,56.9256857],[-5.8263296,56.9265254],[-5.8249288,56.9275493],[-5.8242837,56.9279205],[-5.8237359,56.9281676],[-5.8229541,56.9284044],[-5.8223051,56.9286365],[-5.8217707,56.9289134],[-5.8212635,56.9292076],[-5.821042,56.929381],[-5.8208467,56.9295814],[-5.8206106,56.9299202],[-5.8204065,56.9303322],[-5.8202899,56.9307791],[-5.8201615,56.9312943],[-5.8199635,56.9322403],[-5.8185791,56.9386794],[-5.8182037,56.9405555],[-5.8180689,56.9413423],[-5.8180593,56.9418212],[-5.8181604,56.9427316],[-5.8185791,56.9443365],[-5.8193012,56.9466571],[-5.8199463,56.9486249],[-5.8200913,56.9492542],[-5.8201918,56.9502243],[-5.8202063,56.9511187],[-5.8201533,56.9520367],[-5.8201051,56.9532363],[-5.819956,56.9537202],[-5.819436,56.9547355],[-5.8183529,56.9566661],[-5.8177996,56.9574598],[-5.8168994,56.9588128],[-5.8166382,56.9592986],[-5.8165625,56.9596772],[-5.8166579,56.9610312],[-5.8165881,56.9614447],[-5.8165507,56.9616298],[-5.8164628,56.9619041],[-5.8163475,56.9621376],[-5.8160162,56.9626806],[-5.8156382,56.9632412],[-5.8154897,56.9635361],[-5.8154426,56.9636832],[-5.8154233,56.9638657],[-5.8154518,56.9641737],[-5.8155268,56.9644893],[-5.8156299,56.9647126],[-5.8157509,56.964933],[-5.815897,56.9651321],[-5.8160246,56.9652792],[-5.8162342,56.9654875],[-5.8163985,56.9656319],[-5.8165924,56.9657803],[-5.8168374,56.9659288],[-5.8170812,56.9660658],[-5.8174077,56.9662249],[-5.8178062,56.9663975],[-5.8180126,56.966479],[-5.8184044,56.9666053],[-5.8188953,56.9667403],[-5.8194124,56.966883],[-5.8197384,56.9669862],[-5.8200572,56.9671025],[-5.8203804,56.967249],[-5.8205383,56.9673317],[-5.8207488,56.967453],[-5.8208935,56.9675453],[-5.8210147,56.9676289],[-5.8212041,56.9677797],[-5.821401,56.9679582],[-5.8215822,56.9681525],[-5.8217806,56.9684487],[-5.8218952,56.9686862],[-5.8220172,56.968939],[-5.8222355,56.969501],[-5.8223622,56.9700747],[-5.8224166,56.9706411],[-5.8223805,56.9711065],[-5.8222639,56.9722107],[-5.8221745,56.9730204],[-5.8221785,56.9736406],[-5.8221792,56.9737402],[-5.8222874,56.9743519],[-5.822513,56.9748898],[-5.8225779,56.975055],[-5.8230169,56.9758632],[-5.82353,56.9764132],[-5.8239488,56.9767602],[-5.8250691,56.9774207],[-5.8262282,56.9780819],[-5.8267887,56.978493],[-5.8271628,56.9788724],[-5.8275469,56.979487],[-5.827724,56.9800504],[-5.8277271,56.9804644],[-5.827637,56.9809732],[-5.8274634,56.9813706],[-5.8272429,56.9817007],[-5.8268789,56.9821584],[-5.8261141,56.9831156],[-5.825533,56.9837958],[-5.825149,56.984361],[-5.8248951,56.9848588],[-5.8246947,56.9853821],[-5.8245344,56.9861679],[-5.8245511,56.9871416],[-5.8247211,56.9878635],[-5.8249853,56.9885582],[-5.8254862,56.9894041],[-5.8256703,56.9896687],[-5.8259047,56.9899322],[-5.8264769,56.990609],[-5.8265777,56.9907765],[-5.826645,56.9909488],[-5.8266872,56.9910999],[-5.8267069,56.9912559],[-5.8267242,56.9915643],[-5.8267403,56.9917531],[-5.8267922,56.991948],[-5.8268822,56.9921488],[-5.8269834,56.9923392],[-5.8271323,56.9925486],[-5.8272768,56.9926875],[-5.827436,56.9928208],[-5.8275491,56.9928959],[-5.8277817,56.9930399],[-5.8287408,56.9935494],[-5.8292123,56.9938036],[-5.8295821,56.9940207],[-5.8298361,56.9941889],[-5.8300812,56.9943656],[-5.8304092,56.994634],[-5.8307081,56.9949096],[-5.8308529,56.9950715],[-5.8309909,56.9952383],[-5.8311127,56.9954053],[-5.8312256,56.9955784],[-5.8314057,56.9959317],[-5.8315791,56.996285],[-5.8317767,56.9966344],[-5.8319135,56.996849],[-5.8320659,56.9970598],[-5.8329449,56.9983657],[-5.8333084,56.9990632],[-5.8334667,56.9997448],[-5.8334609,57.0002024],[-5.8334015,57.000665],[-5.8333087,57.0011662],[-5.8331383,57.0015079],[-5.8323586,57.0027398],[-5.8316141,57.0038461],[-5.8314257,57.004136],[-5.8312298,57.0043575],[-5.8310334,57.0046341],[-5.8309103,57.0048104],[-5.8308273,57.0049134],[-5.830707,57.0050297],[-5.8304603,57.0052444],[-5.8302751,57.0054025],[-5.8300543,57.0055816],[-5.8298923,57.0056925]]}}]}
